<?xml version="1.0" encoding="UTF-8" standalone="no" ?>
<LEGOPrimitive versionMajor="1" versionMinor="0">
  <Annotations>
    <Annotation platformid="200"/>
    <Annotation platformname="SYSTEM"/>
    <Annotation maingroupid="236"/>
    <Annotation maingroupname="SIGNS AND FLAGS"/>
    <Annotation designname="SIGN"/>
    <Annotation aliases="2038"/>
  </Annotations>
  <Collision>
    <Box sX="0.215042" sY="0.15" sZ="0.215042" angle="45" ax="0" ay="1" az="0" tx="0" ty="0.16" tz="0"/>
    <Box sX="0.132132" sY="0.942229" sZ="0.132132" angle="45" ax="0" ay="1" az="0" tx="0" ty="1.26777" tz="0"/>
    <Box sX="0.201951" sY="0.05" sZ="0.201951" angle="45" ax="0" ay="1" az="0" tx="0" ty="3.14" tz="0"/>
    <Box sX="0.561596" sY="1.1348" sZ="0.13" angle="0" ax="0" ay="1" az="0" tx="0.616822" ty="1.8652" tz="0"/>
    <Box sX="0.7558" sY="1.19384" sZ="0.13" angle="0" ax="0" ay="1" az="0" tx="1.8657" ty="1.94616" tz="0"/>
    <Box sX="0.53128" sY="1.3916" sZ="0.13" angle="45" ax="0" ay="0" az="-1" tx="2.40143" ty="1.49002" tz="0"/>
    <Box sX="0.53128" sY="1.3916" sZ="0.13" angle="135" ax="0" ay="0" az="-1" tx="2.40143" ty="1.49002" tz="0"/>
    <Box sX="0.53128" sY="1.3916" sZ="0.13" angle="90" ax="0" ay="0" az="1" tx="2.40143" ty="1.49002" tz="0"/>
    <Box sX="0.53128" sY="1.82641" sZ="0.13" angle="180" ax="0" ay="0" az="1" tx="2.40143" ty="1.92483" tz="0"/>
    <Box sX="0.095" sY="1.37223" sZ="0.095" angle="45" ax="0" ay="1" az="0" tx="0" ty="1.69777" tz="0"/>
  </Collision>
  <Connectivity>
    <Custom2DField type="23" width="2" height="2" angle="0" ax="0" ay="1" az="0" tx="-0.4" ty="3.2" tz="-0.4">
      29:0,29:0,29:0,
      29:0,1:4:32,29:0,
      29:0,29:0,29:0
    </Custom2DField>
    <Axel type="7" length="0.86" requireGrabbing="1" startCapped="1" endCapped="1" angle="90" ax="0" ay="1" az="0" tx="0" ty="2.22" tz="0"/>
    <Custom2DField type="22" width="2" height="2" angle="0" ax="0" ay="1" az="0" tx="-0.4" ty="0" tz="-0.4">
      29:0,29:0,29:0,
      29:0,15:4:34,29:0,
      29:0,29:0,29:0
    </Custom2DField>
  </Connectivity>
  <PhysicsAttributes inertiaTensor="1.23071,0,0,0,1.52875,0,0,0,2.68685" centerOfMass="1.78597,1.89011,0" mass="1" frictionType="0"/>
  <Bounding>
    <AABB minX="-0.329999" minY="-0.00283" minZ="-0.33" maxX="3.90195" maxY="3.78305" maxZ="0.33"/>
  </Bounding>
  <GeometryBounding>
    <AABB minX="-0.329999" minY="-0.00283" minZ="-0.33" maxX="3.90195" maxY="3.78305" maxZ="0.33"/>
  </GeometryBounding>
</LEGOPrimitive>
