<?xml version="1.0" encoding="UTF-8" standalone="no" ?>
<LEGOPrimitive versionMajor="1" versionMinor="0">
  <Annotations>
    <Annotation platformid="200"/>
    <Annotation platformname="SYSTEM"/>
    <Annotation maingroupid="236"/>
    <Annotation maingroupname="SIGNS AND FLAGS"/>
    <Annotation designname="FABULAND STANDARD"/>
    <Annotation aliases="2039"/>
  </Annotations>
  <Collision>
    <Box sX="0.79" sY="0.15" sZ="0.79" angle="0" ax="0" ay="1" az="0" tx="0.4" ty="0.16" tz="-0.4"/>
    <Box sX="0.279918" sY="3.19" sZ="0.279918" angle="0" ax="0" ay="1" az="0" tx="0.4" ty="3.52" tz="-0.4"/>
  </Collision>
  <Connectivity>
    <Custom2DField type="22" width="4" height="4" angle="0" ax="0" ay="1" az="0" tx="-0.4" ty="0" tz="-1.2">
      22:1:1,22:2:1,22:2:1,22:2:1,22:1:1,
      22:2:1,15:4:2,23:4:1,15:4:2,22:2:1,
      22:2:1,23:4:1,7:4:2,23:4:1,22:2:1,
      22:2:1,15:4:2,23:4:1,15:4:2,22:2:1,
      22:1:1,22:2:1,22:2:1,22:2:1,22:1:1
    </Custom2DField>
    <Custom2DField type="23" width="2" height="2" angle="0" ax="0" ay="1" az="0" tx="0" ty="6.72" tz="-0.8">
      29:0,29:0,29:0,
      29:0,1:4:32,29:0,
      29:0,29:0,29:0
    </Custom2DField>
  </Connectivity>
  <PhysicsAttributes inertiaTensor="4.17853,0,0,0,0.426667,0,0,0,4.17853" centerOfMass="0.4,3.449,-0.4" mass="1" frictionType="0"/>
  <Bounding>
    <AABB minX="-0.4" minY="0" minZ="-1.2" maxX="1.2" maxY="6.898" maxZ="0.4"/>
  </Bounding>
  <GeometryBounding>
    <AABB minX="-0.4" minY="0" minZ="-1.2" maxX="1.2" maxY="6.898" maxZ="0.4"/>
  </GeometryBounding>
</LEGOPrimitive>
