<?xml version="1.0" encoding="UTF-8" standalone="no" ?>
<LEGOPrimitive versionMajor="1" versionMinor="0">
  <Annotations>
    <Annotation platformid="200"/>
    <Annotation platformname="SYSTEM"/>
    <Annotation maingroupid="202"/>
    <Annotation maingroupname="BRICKS, SPECIAL"/>
    <Annotation designname="FRONT 2X2X6"/>
    <Annotation aliases="2336"/>
  </Annotations>
  <Collision>
    <Box sX="1.59" sY="0.19" sZ="0.79" angle="0" ax="0" ay="1" az="0" tx="1.2" ty="0.197" tz="-0.4"/>
    <Box sX="0.11" sY="0.47" sZ="0.79" angle="0" ax="0" ay="1" az="0" tx="2.68" ty="0.477" tz="-0.4"/>
    <Box sX="0.79" sY="0.11" sZ="1.59" angle="90" ax="0" ay="1" az="0" tx="1.2" ty="0.837" tz="-0.4"/>
    <Box sX="0.06575" sY="0.1925" sZ="0.11" angle="0" ax="0" ay="1" az="0" tx="-0.32425" ty="0.5145" tz="-1.08"/>
    <Box sX="1.59" sY="0.1925" sZ="0.168" angle="0" ax="0" ay="1" az="0" tx="1.2" ty="0.5145" tz="-0.4"/>
    <Box sX="0.06575" sY="0.1925" sZ="0.11" angle="0" ax="0" ay="1" az="0" tx="-0.32425" ty="0.5145" tz="0.2815"/>
    <Box sX="0.79075" sY="0.47" sZ="0.23" angle="90" ax="0" ay="1" az="0" tx="2" ty="0.477" tz="-0.40075"/>
    <Box sX="0.04" sY="0.47" sZ="0.79" angle="0" ax="0" ay="1" az="0" tx="1.95" ty="1.437" tz="-0.4"/>
    <Box sX="1.24443" sY="0.110478" sZ="0.39" angle="22.65" ax="0" ay="0" az="1" tx="0.80408" ty="1.3289" tz="-0.4"/>
    <Box sX="0.669766" sY="0.29433" sZ="0.526158" angle="6.58243" ax="0" ay="0" az="1" tx="1.27918" ty="1.10721" tz="-0.4"/>
    <Box sX="0.79075" sY="0.15" sZ="0.79" angle="90" ax="0" ay="1" az="0" tx="3.6" ty="0.477" tz="-0.39925"/>
    <Box sX="0.79075" sY="0.47" sZ="0.23" angle="90" ax="0" ay="1" az="0" tx="1.2" ty="0.477" tz="-0.40075"/>
    <Box sX="1.1096" sY="0.147808" sZ="0.175039" angle="24.39322" ax="-0.061464" ay="-0.396023" az="0.916181" tx="0.846818" ty="1.29533" tz="0.027923"/>
    <Box sX="1.13632" sY="0.151093" sZ="0.164584" angle="24.39323" ax="0.061464" ay="0.396023" az="0.916181" tx="0.857722" ty="1.297" tz="-0.840408"/>
    <Box sX="0.79075" sY="0.47" sZ="0.199" angle="90" ax="0" ay="1" az="0" tx="0.431" ty="0.477" tz="-0.40075"/>
  </Collision>
  <Connectivity>
    <Custom2DField type="23" width="2" height="4" angle="0" ax="0" ay="1" az="0" tx="2" ty="0.96" tz="-1.2">
      29:0:1,23:4:1,18:1:1,
      29:0:1,0:4:1,23:4:1,
      29:0:1,23:4:1,18:2:1,
      29:0:1,0:4:1,23:4:1,
      29:0:1,23:4:1,18:1:1
    </Custom2DField>
    <Custom2DField type="23" width="4" height="4" angle="0" ax="0" ay="1" az="0" tx="2.8" ty="0.64" tz="-1.2">
      29:0:1,23:4:1,18:2:1,23:4:1,18:1:1,
      23:4:1,0:4:1,23:4:1,0:4:1,23:4:1,
      18:2:1,23:4:1,18:4:1,23:4:1,18:2:1,
      23:4:1,0:4:1,23:4:1,0:4:1,23:4:1,
      29:0:1,23:4:1,18:2:1,23:4:1,18:1:1
    </Custom2DField>
    <Custom2DField type="22" width="4" height="4" angle="0" ax="0" ay="1" az="0" tx="2.8" ty="0.32" tz="-1.2">
      29:0:1,22:2:1,22:2:1,22:2:1,22:1:1,
      22:2:1,15:4:1,23:4:1,15:4:1,22:2:1,
      22:2:1,22:2:1,8:4:2,23:4:1,22:2:1,
      22:2:1,15:4:1,23:4:1,15:4:1,22:2:1,
      29:0:1,22:2:1,22:2:1,22:2:1,22:1:1
    </Custom2DField>
    <Custom2DField type="22" width="8" height="4" angle="0" ax="0" ay="1" az="0" tx="-0.4" ty="0" tz="-1.2">
      22:1:1,22:2:1,22:2:1,22:2:1,22:2:1,22:2:1,22:2:1,22:2:1,22:1:1,
      22:2:1,15:4,23:4:1,15:4,23:4:1,15:4,22:2:1,15:4,22:2:1,
      22:2:1,23:4:1,7:4:2,23:4:1,7:4:2,23:4:1,22:2:1,22:2:1,22:2:1,
      22:2:1,15:4,23:4:1,15:4,23:4:1,15:4,22:2:1,15:4,22:2:1,
      22:1:1,22:2:1,22:2:1,22:2:1,22:2:1,22:2:1,22:2:1,22:2:1,22:1:1
    </Custom2DField>
    <Custom2DField type="23" width="8" height="2" angle="90" ax="-1" ay="0" az="0" tx="-0.4" ty="0.157" tz="-1.2">
      18:1:1,23:4:1,18:2:1,23:4:1,18:2:1,23:4:1,18:2:1,23:4:1,18:1:1,
      23:4:1,1:4:4,23:4:1,1:4:4,23:4:1,1:4:4,23:4:1,1:4:4,23:4:1,
      18:1:1,23:4:1,18:2:1,23:4:1,18:2:1,23:4:1,18:2:1,23:4:1,18:1:1
    </Custom2DField>
    <Custom2DField type="23" width="8" height="2" angle="180" ax="0" ay="0.707107" az="0.707107" tx="2.8" ty="0.157" tz="0.4">
      18:1:1,23:4:1,18:2:1,23:4:1,18:2:1,23:4:1,18:2:1,23:4:1,18:1:1,
      23:4:1,1:4:4,23:4:1,1:4:4,23:4:1,1:4:4,23:4:1,1:4:4,23:4:1,
      18:1:1,23:4:1,18:2:1,23:4:1,18:2:1,23:4:1,18:2:1,23:4:1,18:1:1
    </Custom2DField>
    <Custom2DField type="23" width="2" height="4" angle="90" ax="0" ay="0" az="1" tx="-0.4" ty="0.157" tz="-1.2">
      18:1:1,23:4:1,18:1:1,
      23:4:1,1:4:4,23:4:1,
      18:2:1,23:4:1,18:2:1,
      23:4:1,1:4:4,23:4:1,
      18:1:1,23:4:1,18:1:1
    </Custom2DField>
    <Axel type="6" length="0.8" grabbing="0" startCapped="0" endCapped="1" angle="120" ax="-0.57735" ay="0.57735" az="-0.57735" tx="0" ty="0.557" tz="0.578"/>
    <Axel type="6" length="0.8" grabbing="0" startCapped="0" endCapped="1" angle="120" ax="-0.57735" ay="0.57735" az="-0.57735" tx="0.8" ty="0.557" tz="0.578"/>
    <Axel type="6" length="0.8" grabbing="0" startCapped="0" endCapped="1" angle="120" ax="-0.57735" ay="0.57735" az="-0.57735" tx="1.6" ty="0.557" tz="0.578"/>
    <Axel type="6" length="0.8" grabbing="0" startCapped="0" endCapped="1" angle="120" ax="-0.57735" ay="0.57735" az="-0.57735" tx="2.4" ty="0.557" tz="0.578"/>
    <Axel type="6" length="0.8" grabbing="0" startCapped="0" endCapped="1" angle="120" ax="0.57735" ay="-0.57735" az="-0.57735" tx="0" ty="0.557" tz="-1.378"/>
    <Axel type="6" length="0.8" grabbing="0" startCapped="0" endCapped="1" angle="120" ax="0.57735" ay="-0.57735" az="-0.57735" tx="0.8" ty="0.557" tz="-1.378"/>
    <Axel type="6" length="0.8" grabbing="0" startCapped="0" endCapped="1" angle="120" ax="0.57735" ay="-0.57735" az="-0.57735" tx="1.6" ty="0.557" tz="-1.378"/>
    <Axel type="6" length="0.8" grabbing="0" startCapped="0" endCapped="1" angle="120" ax="0.57735" ay="-0.57735" az="-0.57735" tx="2.4" ty="0.557" tz="-1.378"/>
    <Axel type="6" length="0.8" grabbing="0" startCapped="0" endCapped="1" angle="90" ax="0" ay="0" az="-1" tx="-0.578" ty="0.557832" tz="-0.012116"/>
    <Axel type="6" length="0.8" grabbing="0" startCapped="0" endCapped="1" angle="90" ax="0" ay="0" az="-1" tx="-0.578" ty="0.557832" tz="-0.8"/>
  </Connectivity>
  <PhysicsAttributes inertiaTensor="0.626028,0,0,0,2.38387,0,0,0,2.37224" centerOfMass="1.911,0.957,-0.4" mass="1" frictionType="0"/>
  <Bounding>
    <AABB minX="-0.578" minY="-0.003" minZ="-1.378" maxX="4.4" maxY="1.917" maxZ="0.578"/>
  </Bounding>
  <GeometryBounding>
    <AABB minX="-0.578" minY="-0.003" minZ="-1.378" maxX="4.4" maxY="1.917" maxZ="0.578"/>
  </GeometryBounding>
</LEGOPrimitive>
