<?xml version="1.0" encoding="UTF-8" standalone="no" ?>
<LEGOPrimitive versionMajor="1" versionMinor="0">
  <Annotations>
    <Annotation platformid="200"/>
    <Annotation platformname="SYSTEM"/>
    <Annotation maingroupid="207"/>
    <Annotation maingroupname="BRICKS WITH BOWS"/>
    <Annotation designname="BRICK W. BOW 1X5X4"/>
    <Annotation aliases="2339"/>
  </Annotations>
  <Collision>
    <Box sX="0.39" sY="0.39" sZ="0.95" angle="180" ax="0" ay="0.707107" az="-0.707107" tx="0" ty="0.96" tz="0"/>
    <Box sX="0.39" sY="0.39" sZ="0.376242" angle="180" ax="0" ay="-0.707107" az="0.707107" tx="0.8" ty="2.49376" tz="0"/>
    <Box sX="0.39" sY="0.39" sZ="0.50484" angle="180" ax="0" ay="0.707107" az="-0.707107" tx="1.6" ty="3.32516" tz="0"/>
    <Box sX="0.79" sY="0.39" sZ="0.148747" angle="180" ax="0" ay="0.707107" az="-0.707107" tx="2.8" ty="3.36125" tz="0"/>
    <Box sX="0.866795" sY="0.39" sZ="0.188007" angle="159.77971" ax="-0.17831" ay="0.695775" az="-0.695775" tx="1.85519" ty="2.91459" tz="0"/>
    <Box sX="0.99661" sY="0.39" sZ="0.251081" angle="136.61377" ax="-0.397809" ay="0.648748" az="-0.648748" tx="0.585733" ty="1.68827" tz="0"/>
  </Collision>
  <Connectivity>
    <Custom2DField type="23" width="2" height="2" angle="0" ax="0" ay="1" az="0" tx="-0.4" ty="1.92" tz="-0.4">
      18:1:1,23:4:1,29:0:1,
      23:4:1,0:4:1,23:4:1,
      18:1:1,23:4:1,29:0:1
    </Custom2DField>
    <Custom2DField type="23" width="2" height="2" angle="0" ax="0" ay="1" az="0" tx="0.4" ty="2.88" tz="-0.4">
      18:1:1,23:4:1,29:0:1,
      23:4:1,0:4:1,23:4:1,
      18:1:1,23:4:1,29:0:1
    </Custom2DField>
    <Custom2DField type="23" width="2" height="2" angle="0" ax="0" ay="1" az="0" tx="1.2" ty="3.84" tz="-0.4">
      18:1:1,23:4:1,18:1:1,
      23:4:1,0:4:1,23:4:1,
      18:1:1,23:4:1,18:1:1
    </Custom2DField>
    <Custom2DField type="23" width="4" height="2" angle="0" ax="0" ay="1" az="0" tx="2" ty="3.52" tz="-0.4">
      29:0:1,23:4:1,18:2:1,23:4:1,18:1:1,
      23:4:1,0:4:1,23:4:1,0:4:1,23:4:1,
      29:0:1,23:4:1,18:2:1,23:4:1,18:1:1
    </Custom2DField>
    <Custom2DField type="22" width="2" height="2" angle="0" ax="0" ay="1" az="0" tx="-0.4" ty="0" tz="-0.4">
      22:1:1,22:2:1,22:1:1,
      22:2:1,15:4:1,22:2:1,
      22:1:1,22:2:1,22:1:1
    </Custom2DField>
  </Connectivity>
  <PhysicsAttributes inertiaTensor="1.39869,0,0,0,1.38667,0,0,0,2.67869" centerOfMass="1.6,2.009,0" mass="1" frictionType="0"/>
  <Bounding>
    <AABB minX="-0.4" minY="0" minZ="-0.4" maxX="3.6" maxY="4.018" maxZ="0.4"/>
  </Bounding>
  <GeometryBounding>
    <AABB minX="-0.4" minY="0" minZ="-0.4" maxX="3.6" maxY="4.018" maxZ="0.4"/>
  </GeometryBounding>
</LEGOPrimitive>
