<?xml version="1.0" encoding="UTF-8" standalone="no" ?>
<LEGOPrimitive versionMajor="1" versionMinor="0">
  <Annotations>
    <Annotation platformid="200"/>
    <Annotation platformname="SYSTEM"/>
    <Annotation maingroupid="275"/>
    <Annotation maingroupname="TRANSPORTATION MEANS, AVIATION"/>
    <Annotation designname="RUDDER 1X4X3"/>
    <Annotation aliases="2340"/>
  </Annotations>
  <Collision>
    <Box sX="1.59" sY="0.15" sZ="0.39" angle="0" ax="0" ay="1" az="0" tx="1.2" ty="0.16" tz="0"/>
    <Box sX="0.79" sY="0.065" sZ="0.39" angle="0" ax="0" ay="1" az="0" tx="-0.4" ty="2.805" tz="0"/>
    <Box sX="0.419505" sY="1.355" sZ="0.065" angle="18.36173" ax="0" ay="0" az="1" tx="-0.312195" ty="1.4308" tz="0"/>
    <Box sX="0.126556" sY="1.79533" sZ="0.065" angle="44.9" ax="0" ay="0" az="1" tx="1.42974" ty="1.5032" tz="0"/>
    <Box sX="0.646565" sY="1.3103" sZ="0.065" angle="44.87983" ax="0" ay="0" az="1" tx="0.601901" ty="1.43387" tz="0"/>
    <Box sX="0.437386" sY="1.07974" sZ="0.065" angle="90" ax="0" ay="0" az="1" tx="1.04108" ty="0.511842" tz="0"/>
  </Collision>
  <Connectivity>
    <Custom2DField type="23" width="4" height="2" angle="0" ax="0" ay="1" az="0" tx="-1.2" ty="2.88" tz="-0.4">
      18:1:1,23:4:1,18:2:1,23:4:1,18:1:1,
      23:4:1,1:4:1,23:4:1,1:4:1,23:4:1,
      18:1:1,23:4:1,18:2:1,23:4:1,18:1:1
    </Custom2DField>
    <Custom2DField type="22" width="8" height="2" angle="0" ax="0" ay="1" az="0" tx="-0.4" ty="0" tz="-0.4">
      22:1:1,22:2:1,22:2:1,22:2:1,22:2:1,22:2:1,22:2:1,22:2:1,22:1:1,
      22:2:1,15:4:1,9:4:1,15:4:1,9:4:1,15:4:1,9:4:1,15:4:1,22:2:1,
      22:1:1,22:2:1,22:2:1,22:2:1,22:2:1,22:2:1,22:2:1,22:2:1,22:1:1
    </Custom2DField>
  </Connectivity>
  <PhysicsAttributes inertiaTensor="0.832614,0,0,0,1.38667,0,0,0,2.11261" centerOfMass="0.8,1.529,0" mass="1" frictionType="0"/>
  <Bounding>
    <AABB minX="-1.2" minY="0" minZ="-0.4" maxX="2.8" maxY="3.058" maxZ="0.4"/>
  </Bounding>
  <GeometryBounding>
    <AABB minX="-1.2" minY="0" minZ="-0.4" maxX="2.8" maxY="3.058" maxZ="0.4"/>
  </GeometryBounding>
</LEGOPrimitive>
