<?xml version="1.0" encoding="UTF-8" standalone="no" ?>
<LEGOPrimitive versionMajor="1" versionMinor="0">
  <Annotations>
    <Annotation platformid="200"/>
    <Annotation platformname="SYSTEM"/>
    <Annotation maingroupid="205"/>
    <Annotation maingroupname="BRICKS WITH SLOPE"/>
    <Annotation designname="DOUB. INVERT.ROOF TILE 1X3/45°"/>
    <Annotation aliases="2341"/>
  </Annotations>
  <Collision>
    <Box sX="0.39" sY="0.39" sZ="0.47" angle="180" ax="0" ay="0.707107" az="-0.707107" tx="0" ty="0.48" tz="0"/>
    <Box sX="0.39" sY="0.082007" sZ="0.56603" angle="180" ax="0" ay="-0.390731" az="0.920505" tx="0" ty="0.478275" tz="-0.733959"/>
    <Box sX="0.39" sY="0.08295" sZ="0.56603" angle="180" ax="0" ay="0.920505" az="-0.390731" tx="0" ty="0.47893" tz="0.733281"/>
    <Box sX="0.39" sY="0.921541" sZ="0.198314" angle="180" ax="0" ay="0.707107" az="-0.707107" tx="0" ty="0.751685" tz="-0.006666"/>
  </Collision>
  <Connectivity>
    <Custom2DField type="23" width="2" height="6" angle="0" ax="0" ay="1" az="0" tx="-0.4" ty="0.96" tz="-1.2">
      18:1:1,23:4:1,18:1:1,
      23:4:1,1:4,23:4:1,
      18:2:1,23:4:1,18:2:1,
      23:4:1,0:4:1,23:4:1,
      18:2:1,23:4:1,18:2:1,
      23:4:1,1:4,23:4:1,
      18:1:1,23:4:1,18:1:1
    </Custom2DField>
    <Custom2DField type="22" width="2" height="2" angle="0" ax="0" ay="1" az="0" tx="-0.4" ty="0" tz="-0.4">
      22:1:1,22:2:1,22:1:1,
      22:2:1,15:4:1,22:2:1,
      22:1:1,22:2:1,22:1:1
    </Custom2DField>
  </Connectivity>
  <PhysicsAttributes inertiaTensor="0.591747,0,0,0,0.533333,0,0,0,0.16508" centerOfMass="0,0.579,0" mass="1" frictionType="0"/>
  <Bounding>
    <AABB minX="-0.4" minY="0" minZ="-1.2" maxX="0.4" maxY="1.158" maxZ="1.2"/>
  </Bounding>
  <GeometryBounding>
    <AABB minX="-0.4" minY="0" minZ="-1.2" maxX="0.4" maxY="1.158" maxZ="1.2"/>
  </GeometryBounding>
</LEGOPrimitive>
