<?xml version="1.0" encoding="UTF-8" standalone="no" ?>
<LEGOPrimitive versionMajor="1" versionMinor="0">
  <Annotations>
    <Annotation platformid="200"/>
    <Annotation platformname="SYSTEM"/>
    <Annotation maingroupid="216"/>
    <Annotation maingroupname="PLATES, SPECIAL"/>
    <Annotation designname="CONSOLE 1X2"/>
    <Annotation aliases="2342"/>
  </Annotations>
  <Collision>
    <Box sX="0.79" sY="0.15" sZ="0.39" angle="0" ax="0" ay="1" az="0" tx="0.4" ty="0.16" tz="0"/>
    <Box sX="0.065" sY="0.47" sZ="0.245778" angle="0" ax="0" ay="1" az="0" tx="0.075" ty="0.8" tz="0.144223"/>
    <Box sX="0.39" sY="0.042473" sZ="0.528444" angle="20" ax="-1" ay="0" az="0" tx="0.4" ty="1.52653" tz="-0.366077"/>
    <Box sX="0.074685" sY="0.042473" sZ="0.075019" angle="49.03247" ax="-0.386624" ay="0.908227" az="-0.160145" tx="0.199764" ty="1.5371" tz="-0.775623"/>
    <Box sX="0.074685" sY="0.042473" sZ="0.075019" angle="49.03247" ax="-0.386624" ay="0.908227" az="-0.160145" tx="0.599764" ty="1.5371" tz="-0.775623"/>
    <Box sX="0.39" sY="0.198704" sZ="0.329429" angle="11.8155" ax="1" ay="0" az="0" tx="0.4" ty="1.29998" tz="-0.068008"/>
    <Box sX="0.065" sY="0.47" sZ="0.245778" angle="0" ax="0" ay="1" az="0" tx="0.725" ty="0.8" tz="0.144223"/>
    <Box sX="0.387" sY="0.267348" sZ="0.065" angle="29.55515" ax="-1" ay="0" az="0" tx="0.397" ty="1.48175" tz="0.193512"/>
  </Collision>
  <Connectivity>
    <Custom2DField type="22" width="4" height="2" angle="0" ax="0" ay="1" az="0" tx="-0.4" ty="0" tz="-0.4">
      22:1:1,22:2:1,22:2:1,22:2:1,22:1:1,
      22:2:1,15:4:1,15:4:1,15:4:1,22:2:1,
      22:1:1,22:2:1,22:2:1,22:2:1,22:1:1
    </Custom2DField>
    <Custom2DField type="23" width="2" height="2" angle="20" ax="-1" ay="0" az="0" tx="0" ty="1.48638" tz="-0.629806">
      29:0,29:0,29:0,
      29:0,1:4:33,29:0,
      29:0,29:0,29:0
    </Custom2DField>
    <Custom2DField type="23" width="2" height="2" angle="90" ax="0" ay="0" az="1" tx="0" ty="0.8" tz="-0.4">
      29:0,29:0,29:0,
      29:0,1:4:32,29:0,
      29:0,29:0,29:0
    </Custom2DField>
    <Custom2DField type="23" width="2" height="2" angle="90" ax="0" ay="0" az="-1" tx="0.799" ty="1.6" tz="-0.4">
      29:0,29:0,29:0,
      29:0,1:4:32,29:0,
      29:0,29:0,29:0
    </Custom2DField>
    <Custom2DField type="22" width="2" height="2" angle="90" ax="-1" ay="0" az="0" tx="0" ty="0.48" tz="0.4">
      29:0,29:0,29:0,
      29:0,15:4:32,29:0,
      29:0,29:0,29:0
    </Custom2DField>
  </Connectivity>
  <PhysicsAttributes inertiaTensor="0.434944,0,0,0,0.355542,0,0,0,0.506069" centerOfMass="0.4,0.937126,-0.253167" mass="1" frictionType="0"/>
  <Bounding>
    <AABB minX="-0.4" minY="0" minZ="-0.906334" maxX="1.2" maxY="1.87425" maxZ="0.4"/>
  </Bounding>
  <GeometryBounding>
    <AABB minX="-0.4" minY="0" minZ="-0.906334" maxX="1.2" maxY="1.87425" maxZ="0.4"/>
  </GeometryBounding>
</LEGOPrimitive>
