<?xml version="1.0" encoding="UTF-8" standalone="no" ?>
<LEGOPrimitive versionMajor="1" versionMinor="0">
  <Annotations>
    <Annotation platformid="200"/>
    <Annotation platformname="SYSTEM"/>
    <Annotation maingroupid="225"/>
    <Annotation maingroupname="FRAMES, WINDOWS, WALLS AND DOORS"/>
    <Annotation designname="WALLELEMENT CORNER"/>
    <Annotation aliases="2345"/>
  </Annotations>
  <Collision>
    <Box sX="0.79" sY="0.79" sZ="0.15" angle="180" ax="0" ay="0.707107" az="-0.707107" tx="0.4" ty="0.16" tz="0.4"/>
    <Box sX="0.07" sY="0.767014" sZ="0.63" angle="180" ax="0" ay="-0.707107" az="0.707107" tx="1.12" ty="0.64" tz="0.377014"/>
    <Box sX="0.39" sY="1.19" sZ="0.045" angle="180" ax="0" ay="0.707107" az="-0.707107" tx="0" ty="4.745" tz="0.8"/>
    <Box sX="0.39" sY="0.79" sZ="0.045" angle="120" ax="0.57735" ay="-0.57735" az="0.57735" tx="1.2" ty="4.745" tz="0"/>
    <Box sX="0.553093" sY="1.12137" sZ="0.045" angle="98.42106" ax="0.862856" ay="-0.357407" az="0.357407" tx="0.801834" ty="4.745" tz="0.801833"/>
    <Box sX="0.065001" sY="0.971371" sZ="2.765" angle="98.42105" ax="0.862856" ay="-0.357407" az="0.357407" tx="1.14697" ty="2.985" tz="1.14697"/>
    <Box sX="0.39" sY="0.065" sZ="1.91" angle="120" ax="0.57735" ay="-0.57735" az="0.57735" tx="1.925" ty="2.88" tz="0"/>
    <Box sX="0.39" sY="0.065" sZ="1.91" angle="180" ax="0" ay="0.707107" az="-0.707107" tx="0" ty="2.88" tz="1.925"/>
    <Box sX="0.39" sY="0.465" sZ="0.15" angle="180" ax="0" ay="0.707107" az="-0.707107" tx="0" ty="1.12" tz="1.525"/>
    <Box sX="0.39" sY="0.465" sZ="0.15" angle="180" ax="0" ay="0.707107" az="-0.707107" tx="1.44" ty="1.12" tz="0.075"/>
    <Box sX="0.065" sY="0.389425" sZ="0.63" angle="180" ax="0" ay="0.707107" az="-0.707107" tx="0.475" ty="0.64" tz="1.44943"/>
    <Box sX="0.065001" sY="0.386977" sZ="0.63" angle="119.99997" ax="0.57735" ay="-0.57735" az="0.577351" tx="1.44698" ty="0.64" tz="0.475"/>
    <Box sX="0.070001" sY="0.767014" sZ="0.63" angle="119.99997" ax="0.57735" ay="-0.57735" az="0.577351" tx="0.377014" ty="0.64" tz="1.12"/>
  </Collision>
  <Connectivity>
    <Custom2DField type="23" width="6" height="6" angle="0" ax="0" ay="1" az="0" tx="-0.4" ty="4.8" tz="-0.4">
      18:1:1,23:4:1,18:2:1,23:4:1,18:2:1,23:4:1,18:1:1,
      23:4:1,1:4:1,23:4:1,1:4:1,23:4:1,1:4:1,23:4:1,
      18:2:1,23:4:1,29:0:1,23:4:1,29:0:1,23:4:1,29:0:1,
      23:4:1,1:4:1,23:4:1,29:0:1,29:0:1,29:0:1,29:0:1,
      18:2:1,23:4:1,29:0:1,29:0:1,29:0:1,29:0:1,29:0:1,
      23:4:1,1:4:1,23:4:1,29:0:1,29:0:1,29:0:1,29:0:1,
      18:1:1,23:4:1,29:0:1,29:0:1,29:0:1,29:0:1,29:0:1
    </Custom2DField>
    <Custom2DField type="22" width="4" height="4" angle="0" ax="0" ay="1" az="0" tx="-0.4" ty="0" tz="-0.4">
      22:1:1,22:2:1,22:2:1,22:2:1,22:1:1,
      22:2:1,15:4:1,23:4:1,15:4:1,22:2:1,
      22:2:1,23:4:1,7:4:2,23:4:1,22:2:1,
      22:2:1,15:4:1,23:4:1,15:4:1,22:2:1,
      22:1:1,22:2:1,22:2:1,22:2:1,22:1:1
    </Custom2DField>
    <Custom2DField type="22" width="6" height="6" angle="0" ax="0" ay="1" az="0" tx="-0.4" ty="0.96" tz="-0.4">
      29:0:1,29:0:1,29:0:1,29:0:1,29:0:1,22:2:1,22:1:1,
      29:0:1,29:0:1,29:0:1,29:0:1,29:0:1,15:4:1,22:2:1,
      29:0:1,29:0:1,29:0:1,29:0:1,29:0:1,29:0:1,29:0:1,
      29:0:1,29:0:1,29:0:1,29:0:1,29:0:1,29:0:1,29:0:1,
      29:0:1,29:0:1,29:0:1,29:0:1,29:0:1,29:0:1,29:0:1,
      22:2:1,15:4:1,29:0:1,29:0:1,29:0:1,29:0:1,29:0:1,
      22:1:1,22:2:1,29:0:1,29:0:1,29:0:1,29:0:1,29:0:1
    </Custom2DField>
  </Connectivity>
  <PhysicsAttributes inertiaTensor="3.2448,0,0,0,0.96,0,0,0,3.2448" centerOfMass="0.8,2.88,0.8" mass="1" frictionType="0"/>
  <Bounding>
    <AABB minX="-0.4" minY="0" minZ="-0.4" maxX="2" maxY="5.76" maxZ="2"/>
  </Bounding>
  <GeometryBounding>
    <AABB minX="-0.4" minY="0" minZ="-0.4" maxX="2" maxY="5.76" maxZ="2"/>
  </GeometryBounding>
</LEGOPrimitive>
