<?xml version="1.0" encoding="UTF-8" standalone="no" ?>
<LEGOPrimitive versionMajor="1" versionMinor="0">
  <Annotations>
    <Annotation platformid="200"/>
    <Annotation platformname="SYSTEM"/>
    <Annotation maingroupid="266"/>
    <Annotation maingroupname="TYRES AND RIMS FOR/TO SNAP Ø4,85 W. CROSS"/>
    <Annotation designname="TYRE HIGH NARROW Ø30.4 X 11"/>
    <Annotation aliases="2346"/>
  </Annotations>
  <Collision>
    <Box sX="0.49" sY="0.296283" sZ="0.54" angle="0" ax="0" ay="1" az="0" tx="0" ty="1.15628" tz="-0.59"/>
    <Box sX="0.49" sY="0.296283" sZ="0.54" angle="36" ax="0" ay="0" az="-1" tx="0.679646" ty="0.935452" tz="-0.59"/>
    <Box sX="0.49" sY="0.296283" sZ="0.54" angle="72" ax="0" ay="0" az="-1" tx="1.09969" ty="0.357311" tz="-0.59"/>
    <Box sX="0.49" sY="0.296283" sZ="0.54" angle="108" ax="0" ay="0" az="-1" tx="1.09969" ty="-0.357311" tz="-0.59"/>
    <Box sX="0.49" sY="0.296283" sZ="0.54" angle="144" ax="0" ay="0" az="-1" tx="0.679646" ty="-0.935452" tz="-0.59"/>
    <Box sX="0.49" sY="0.296283" sZ="0.54" angle="180" ax="0" ay="0" az="1" tx="0" ty="-1.15628" tz="-0.59"/>
    <Box sX="0.49" sY="0.296283" sZ="0.54" angle="144" ax="0" ay="0" az="1" tx="-0.679646" ty="-0.935452" tz="-0.59"/>
    <Box sX="0.49" sY="0.296283" sZ="0.54" angle="108" ax="0" ay="0" az="1" tx="-1.09969" ty="-0.357311" tz="-0.59"/>
    <Box sX="0.49" sY="0.296283" sZ="0.54" angle="72" ax="0" ay="0" az="1" tx="-1.09969" ty="0.357311" tz="-0.59"/>
    <Box sX="0.49" sY="0.296283" sZ="0.54" angle="36" ax="0" ay="0" az="1" tx="-0.679646" ty="0.935452" tz="-0.59"/>
  </Collision>
  <Connectivity>
    <Fixed type="40" axes="1" angle="90" ax="1" ay="0" az="0" tx="0" ty="0" tz="-0.4"/>
    <Fixed type="40" axes="1" angle="89.99999" ax="-1" ay="0" az="0" tx="0" ty="0" tz="-0.4"/>
  </Connectivity>
  <PhysicsAttributes inertiaTensor="0.866285,0,0,0,0.884084,0,0,0,1.5487" centerOfMass="0,0,-0.59" mass="1" frictionType="0"/>
  <Bounding>
    <AABB minX="-1.53289" minY="-1.51537" minZ="-1.14" maxX="1.53289" maxY="1.51537" maxZ="-0.04"/>
  </Bounding>
  <GeometryBounding>
    <AABB minX="-1.51537" minY="-1.51537" minZ="-1.14" maxX="1.51537" maxY="1.51537" maxZ="-0.04"/>
  </GeometryBounding>
</LEGOPrimitive>
