<?xml version="1.0" encoding="UTF-8" standalone="no" ?>
<LEGOPrimitive versionMajor="1" versionMinor="0">
  <Annotations>
    <Annotation platformid="200"/>
    <Annotation platformname="SYSTEM"/>
    <Annotation maingroupid="286"/>
    <Annotation maingroupname="FUNCTIONAL ELEMENTS"/>
    <Annotation designname="TELESCOPE, LEVER"/>
    <Annotation aliases="2351"/>
  </Annotations>
  <Collision>
    <Box sX="5.85651" sY="0.39" sZ="0.035" angle="0" ax="0" ay="1" az="0" tx="6.26651" ty="-0.4" tz="-0.755"/>
    <Box sX="5.85651" sY="0.39" sZ="0.035" angle="0" ax="0" ay="1" az="0" tx="6.26651" ty="-0.4" tz="-0.045"/>
    <Box sX="0.39" sY="0.39" sZ="0.56366" angle="0" ax="0" ay="1" az="0" tx="0" ty="-0.4" tz="-0.386795"/>
    <Box sX="0.035" sY="0.39" sZ="0.39" angle="0" ax="0" ay="1" az="0" tx="0.445" ty="-0.4" tz="-0.4"/>
    <Box sX="0.008205" sY="0.39" sZ="0.189982" angle="0" ax="0" ay="1" az="0" tx="12.32821" ty="-0.4" tz="-0.400018"/>
    <Box sX="0.08" sY="0.39" sZ="0.39" angle="0" ax="0" ay="1" az="0" tx="1.2" ty="-0.4" tz="-0.4"/>
    <Box sX="0.08" sY="0.39" sZ="0.39" angle="0" ax="0" ay="1" az="0" tx="2" ty="-0.4" tz="-0.4"/>
    <Box sX="0.08" sY="0.39" sZ="0.39" angle="0" ax="0" ay="1" az="0" tx="2.8" ty="-0.4" tz="-0.4"/>
    <Box sX="0.08" sY="0.39" sZ="0.39" angle="0" ax="0" ay="1" az="0" tx="3.6" ty="-0.4" tz="-0.4"/>
    <Box sX="0.08" sY="0.39" sZ="0.39" angle="0" ax="0" ay="1" az="0" tx="4.4" ty="-0.4" tz="-0.4"/>
    <Box sX="0.08" sY="0.39" sZ="0.39" angle="0" ax="0" ay="1" az="0" tx="5.2" ty="-0.4" tz="-0.4"/>
    <Box sX="0.08" sY="0.39" sZ="0.39" angle="0" ax="0" ay="1" az="0" tx="6" ty="-0.4" tz="-0.4"/>
    <Box sX="0.08" sY="0.39" sZ="0.39" angle="0" ax="0" ay="1" az="0" tx="6.8" ty="-0.4" tz="-0.4"/>
    <Box sX="0.08" sY="0.39" sZ="0.39" angle="0" ax="0" ay="1" az="0" tx="7.6" ty="-0.4" tz="-0.4"/>
    <Box sX="0.08" sY="0.39" sZ="0.39" angle="0" ax="0" ay="1" az="0" tx="8.4" ty="-0.4" tz="-0.4"/>
    <Box sX="0.08" sY="0.39" sZ="0.39" angle="0" ax="0" ay="1" az="0" tx="9.2" ty="-0.4" tz="-0.4"/>
    <Box sX="0.08" sY="0.39" sZ="0.39" angle="0" ax="0" ay="1" az="0" tx="10" ty="-0.4" tz="-0.4"/>
    <Box sX="0.08" sY="0.39" sZ="0.39" angle="0" ax="0" ay="1" az="0" tx="10.8" ty="-0.4" tz="-0.4"/>
    <Box sX="0.08" sY="0.39" sZ="0.39" angle="0" ax="0" ay="1" az="0" tx="11.6" ty="-0.4" tz="-0.4"/>
  </Collision>
  <Connectivity>
    <Custom2DField type="23" width="2" height="4" angle="0" ax="0" ay="1" az="0" tx="-0.4" ty="0" tz="-1.2">
      18:1:1,23:4:1,18:1:1,
      23:4:1,0:4,23:4:1,
      18:2:1,23:4:1,18:2:1,
      23:4:1,0:4,23:4:1,
      18:1:1,23:4:1,18:1:1
    </Custom2DField>
    <Custom2DField type="23" width="2" height="4" angle="180" ax="0" ay="0" az="1" tx="0.4" ty="-0.8" tz="-1.2">
      18:1:1,23:4:1,18:1:1,
      23:4:1,0:4,23:4:1,
      18:2:1,23:4:1,18:2:1,
      23:4:1,0:4,23:4:1,
      18:1:1,23:4:1,18:1:1
    </Custom2DField>
    <Axel type="2" length="0.8" grabbing="0" startCapped="0" endCapped="0" angle="90" ax="0" ay="1" az="0" tx="0.8" ty="-0.8" tz="-0.4"/>
    <Axel type="2" length="0.8" grabbing="0" startCapped="0" endCapped="0" angle="90" ax="0" ay="1" az="0" tx="1.6" ty="-0.8" tz="-0.4"/>
    <Axel type="2" length="0.8" grabbing="0" startCapped="0" endCapped="0" angle="90" ax="0" ay="1" az="0" tx="2.4" ty="-0.8" tz="-0.4"/>
    <Axel type="2" length="0.8" grabbing="0" startCapped="0" endCapped="0" angle="90" ax="0" ay="1" az="0" tx="3.2" ty="-0.8" tz="-0.4"/>
    <Axel type="2" length="0.8" grabbing="0" startCapped="0" endCapped="0" angle="90" ax="0" ay="1" az="0" tx="4" ty="-0.8" tz="-0.4"/>
    <Axel type="2" length="0.8" grabbing="0" startCapped="0" endCapped="0" angle="90" ax="0" ay="1" az="0" tx="4.8" ty="-0.8" tz="-0.4"/>
    <Axel type="2" length="0.8" grabbing="0" startCapped="0" endCapped="0" angle="90" ax="0" ay="1" az="0" tx="5.6" ty="-0.8" tz="-0.4"/>
    <Axel type="2" length="0.8" grabbing="0" startCapped="0" endCapped="0" angle="90" ax="0" ay="1" az="0" tx="6.4" ty="-0.8" tz="-0.4"/>
    <Axel type="2" length="0.8" grabbing="0" startCapped="0" endCapped="0" angle="90" ax="0" ay="1" az="0" tx="7.2" ty="-0.8" tz="-0.4"/>
    <Axel type="2" length="0.8" grabbing="0" startCapped="0" endCapped="0" angle="90" ax="0" ay="1" az="0" tx="8" ty="-0.8" tz="-0.4"/>
    <Axel type="2" length="0.8" grabbing="0" startCapped="0" endCapped="0" angle="90" ax="0" ay="1" az="0" tx="8.8" ty="-0.8" tz="-0.4"/>
    <Axel type="2" length="0.8" grabbing="0" startCapped="0" endCapped="0" angle="90" ax="0" ay="1" az="0" tx="9.6" ty="-0.8" tz="-0.4"/>
    <Axel type="2" length="0.8" grabbing="0" startCapped="0" endCapped="0" angle="90" ax="0" ay="1" az="0" tx="10.4" ty="-0.8" tz="-0.4"/>
    <Axel type="2" length="0.8" grabbing="0" startCapped="0" endCapped="0" angle="90" ax="0" ay="1" az="0" tx="11.2" ty="-0.8" tz="-0.4"/>
    <Axel type="2" length="0.8" grabbing="0" startCapped="0" endCapped="0" angle="90" ax="0" ay="1" az="0" tx="12" ty="-0.8" tz="-0.4"/>
    <Custom2DField type="22" width="30" height="2" angle="0" ax="0" ay="1" az="0" tx="0.4" ty="-0.8" tz="-0.8">
      22:1:1,22:2:1,22:2:1,22:2:1,22:2:1,22:2:1,22:2:1,22:2:1,22:2:1,22:2:1,22:2:1,22:2:1,22:2:1,22:2:1,22:2:1,22:2:1,22:2:1,22:2:1,22:2:1,22:2:1,22:2:1,22:2:1,22:2:1,22:2:1,22:2:1,22:2:1,22:2:1,22:2:1,22:2:1,22:2:1,22:1:1,
      22:2:1,15:4:1,9:4:1,15:4:1,9:4:1,15:4:1,9:4:1,15:4:1,9:4:1,15:4:1,9:4:1,15:4:1,9:4:1,15:4:1,9:4:1,15:4:1,9:4:1,15:4:1,9:4:1,15:4:1,9:4:1,15:4:1,9:4:1,15:4:1,9:4:1,15:4:1,9:4:1,15:4:1,9:4:1,15:4:1,22:2:1,
      22:1:1,22:2:1,22:2:1,22:2:1,22:2:1,22:2:1,22:2:1,22:2:1,22:2:1,22:2:1,22:2:1,22:2:1,22:2:1,22:2:1,22:2:1,22:2:1,22:2:1,22:2:1,22:2:1,22:2:1,22:2:1,22:2:1,22:2:1,22:2:1,22:2:1,22:2:1,22:2:1,22:2:1,22:2:1,22:2:1,22:1:1
    </Custom2DField>
    <Custom2DField type="22" width="30" height="2" angle="180" ax="1" ay="0" az="0" tx="0.4" ty="0" tz="0">
      22:1:1,22:2:1,22:2:1,22:2:1,22:2:1,22:2:1,22:2:1,22:2:1,22:2:1,22:2:1,22:2:1,22:2:1,22:2:1,22:2:1,22:2:1,22:2:1,22:2:1,22:2:1,22:2:1,22:2:1,22:2:1,22:2:1,22:2:1,22:2:1,22:2:1,22:2:1,22:2:1,22:2:1,22:2:1,22:2:1,22:1:1,
      22:2:1,15:4:1,9:4:1,15:4:1,9:4:1,15:4:1,9:4:1,15:4:1,9:4:1,15:4:1,9:4:1,15:4:1,9:4:1,15:4:1,9:4:1,15:4:1,9:4:1,15:4:1,9:4:1,15:4:1,9:4:1,15:4:1,9:4:1,15:4:1,9:4:1,15:4:1,9:4:1,15:4:1,9:4:1,15:4:1,22:2:1,
      22:1:1,22:2:1,22:2:1,22:2:1,22:2:1,22:2:1,22:2:1,22:2:1,22:2:1,22:2:1,22:2:1,22:2:1,22:2:1,22:2:1,22:2:1,22:2:1,22:2:1,22:2:1,22:2:1,22:2:1,22:2:1,22:2:1,22:2:1,22:2:1,22:2:1,22:2:1,22:2:1,22:2:1,22:2:1,22:2:1,22:1:1
    </Custom2DField>
  </Connectivity>
  <PhysicsAttributes inertiaTensor="0.324695,0,0,0,13.86667,0,0,0,13.7647" centerOfMass="6,-0.4,-0.4" mass="1" frictionType="0"/>
  <Bounding>
    <AABB minX="-0.4" minY="-0.978" minZ="-1.2" maxX="12.4" maxY="0.178" maxZ="0.4"/>
  </Bounding>
  <GeometryBounding>
    <AABB minX="-0.4" minY="-0.978" minZ="-1.2" maxX="12.4" maxY="0.178" maxZ="0.4"/>
  </GeometryBounding>
</LEGOPrimitive>
