<?xml version="1.0" encoding="UTF-8" standalone="no" ?>
<LEGOPrimitive versionMajor="1" versionMinor="0">
  <Annotations>
    <Annotation platformid="200"/>
    <Annotation platformname="SYSTEM"/>
    <Annotation maingroupid="277"/>
    <Annotation maingroupname="WINDSCREENS AND COCKPITS"/>
    <Annotation designname="WINDOW 2X4/1X4"/>
    <Annotation aliases="2352"/>
  </Annotations>
  <Collision>
    <Box sX="1.59" sY="0.15" sZ="0.79" angle="0" ax="0" ay="1" az="0" tx="1.2" ty="0.16" tz="-0.4"/>
    <Box sX="1.59" sY="0.065" sZ="0.39" angle="0" ax="0" ay="1" az="0" tx="1.2" ty="2.805" tz="-0.8"/>
    <Box sX="0.065" sY="1.195" sZ="0.413027" angle="0" ax="0" ay="1" az="0" tx="-0.325" ty="1.525" tz="-0.776973"/>
    <Box sX="0.065" sY="1.195" sZ="0.413027" angle="0" ax="0" ay="1" az="0" tx="2.725" ty="1.525" tz="-0.776973"/>
    <Box sX="0.15" sY="1.33025" sZ="0.061594" angle="17.33527" ax="-1" ay="0" az="0" tx="2.64" ty="1.57804" tz="-0.067685"/>
    <Box sX="0.15" sY="1.33025" sZ="0.061594" angle="17.33527" ax="-1" ay="0" az="0" tx="-0.24" ty="1.57804" tz="-0.067685"/>
    <Box sX="0.065" sY="1.33025" sZ="0.360794" angle="17.33527" ax="-1" ay="0" az="0" tx="-0.325" ty="1.48889" tz="-0.353295"/>
    <Box sX="0.065" sY="1.33025" sZ="0.360794" angle="17.33527" ax="-1" ay="0" az="0" tx="2.725" ty="1.48889" tz="-0.353295"/>
  </Collision>
  <Connectivity>
    <Custom2DField type="23" width="8" height="2" angle="0" ax="0" ay="1" az="0" tx="-0.4" ty="2.88" tz="-1.2">
      18:1:1,23:4:1,18:2:1,23:4:1,18:2:1,23:4:1,18:2:1,23:4:1,18:1:1,
      23:4:1,1:4:1,23:4:1,1:4:1,23:4:1,1:4:1,23:4:1,1:4:1,23:4:1,
      18:1:1,23:4:1,18:2:1,23:4:1,18:2:1,23:4:1,18:2:1,23:4:1,18:1:1
    </Custom2DField>
    <Custom2DField type="22" width="8" height="4" angle="0" ax="0" ay="1" az="0" tx="-0.4" ty="0" tz="-1.2">
      22:1:1,22:2:1,22:2:1,22:2:1,22:2:1,22:2:1,22:2:1,22:2:1,22:1:1,
      22:2:1,15:4:1,23:4:1,15:4:1,23:4:1,15:4:1,23:4:1,15:4:1,22:2:1,
      22:2:1,23:4:1,7:4:2,23:4:1,7:4:2,23:4:1,7:4:2,23:4:1,22:2:1,
      22:2:1,15:4:1,23:4:1,15:4:1,23:4:1,15:4:1,23:4:1,15:4:1,22:2:1,
      22:1:1,22:2:1,22:2:1,22:2:1,22:2:1,22:2:1,22:2:1,22:2:1,22:1:1
    </Custom2DField>
  </Connectivity>
  <PhysicsAttributes inertiaTensor="0.992614,0,0,0,1.06667,0,0,0,1.63261" centerOfMass="1.2,1.529,-0.4" mass="1" frictionType="0"/>
  <Bounding>
    <AABB minX="-0.4" minY="0" minZ="-1.2" maxX="2.8" maxY="3.058" maxZ="0.4"/>
  </Bounding>
  <GeometryBounding>
    <AABB minX="-0.4" minY="0" minZ="-1.2" maxX="2.8" maxY="3.058" maxZ="0.4"/>
  </GeometryBounding>
</LEGOPrimitive>
