<?xml version="1.0" encoding="UTF-8" standalone="no" ?>
<LEGOPrimitive versionMajor="1" versionMinor="0">
  <Annotations>
    <Annotation platformid="200"/>
    <Annotation platformname="SYSTEM"/>
    <Annotation maingroupid="225"/>
    <Annotation maingroupname="FRAMES, WINDOWS, WALLS AND DOORS"/>
    <Annotation designname="WALL ELEMENT 1X2X3"/>
    <Annotation aliases="30009;2362"/>
  </Annotations>
  <Collision>
    <Box sX="0.79" sY="0.39" sZ="0.15" angle="180" ax="0" ay="0.707107" az="-0.707107" tx="0.4" ty="0.16" tz="0"/>
    <Box sX="0.79" sY="0.39" sZ="0.055" angle="180" ax="0" ay="0.707107" az="-0.707107" tx="0.4" ty="2.815" tz="0"/>
    <Box sX="0.79" sY="0.065" sZ="1.43" angle="180" ax="0" ay="0.707107" az="-0.707107" tx="0.4" ty="1.44" tz="0.325"/>
  </Collision>
  <Connectivity>
    <Custom2DField type="23" width="4" height="2" angle="0" ax="0" ay="1" az="0" tx="-0.4" ty="2.88" tz="-0.4">
      18:1:1,23:4:1,18:2:1,23:4:1,18:1:1,
      23:4:1,1:4:1,23:4:1,1:4:1,23:4:1,
      18:1:1,23:4:1,18:2:1,23:4:1,18:1:1
    </Custom2DField>
    <Custom2DField type="22" width="4" height="2" angle="0" ax="0" ay="1" az="0" tx="-0.4" ty="0" tz="-0.4">
      22:1:1,22:2:1,22:2:1,22:2:1,22:1:1,
      22:2:1,15:4:1,9:4:1,15:4:1,22:2:1,
      22:1:1,22:2:1,22:2:1,22:2:1,22:1:1
    </Custom2DField>
  </Connectivity>
  <PhysicsAttributes inertiaTensor="0.832614,0,0,0,0.266667,0,0,0,0.992614" centerOfMass="0.4,1.529,0" mass="1" frictionType="0"/>
  <Bounding>
    <AABB minX="-0.4" minY="0" minZ="-0.4" maxX="1.2" maxY="3.058" maxZ="0.4"/>
  </Bounding>
  <GeometryBounding>
    <AABB minX="-0.4" minY="0" minZ="-0.4" maxX="1.2" maxY="3.058" maxZ="0.4"/>
  </GeometryBounding>
</LEGOPrimitive>
