<?xml version="1.0" encoding="UTF-8" standalone="no" ?>
<LEGOPrimitive versionMajor="1" versionMinor="0">
  <Annotations>
    <Annotation platformid="200"/>
    <Annotation platformname="SYSTEM"/>
    <Annotation maingroupid="225"/>
    <Annotation maingroupname="FRAMES, WINDOWS, WALLS AND DOORS"/>
    <Annotation designname="WALL ELEMENT 1X2X2 W. WINDOW"/>
    <Annotation aliases="2377"/>
  </Annotations>
  <Collision>
    <Box sX="0.790019" sY="0.066497" sZ="0.390057" angle="0" ax="0" ay="1" az="0" tx="0.400026" ty="1.84451" tz="3.3E-005"/>
    <Box sX="0.790019" sY="0.150317" sZ="0.390057" angle="0" ax="0" ay="1" az="0" tx="0.400025" ty="0.160064" tz="3.3E-005"/>
    <Box sX="0.040634" sY="0.95063" sZ="0.140244" angle="0" ax="0" ay="1" az="0" tx="-0.34936" ty="0.960376" tz="0.249846"/>
    <Box sX="0.040634" sY="0.95063" sZ="0.140244" angle="0" ax="0" ay="1" az="0" tx="1.14941" ty="0.960376" tz="0.249846"/>
    <Box sX="0.790019" sY="0.310103" sZ="0.065519" angle="0" ax="0" ay="1" az="0" tx="0.400025" ty="0.319849" tz="0.324571"/>
  </Collision>
  <Connectivity>
    <Custom2DField type="23" width="4" height="2" angle="0" ax="0" ay="1" az="0" tx="-0.4" ty="1.92" tz="-0.4">
      18:1:1,23:4:1,18:2:1,23:4:1,18:1:1,
      23:4:1,0:4:1,23:4:1,0:4:1,23:4:1,
      18:1:1,23:4:1,18:2:1,23:4:1,18:1:1
    </Custom2DField>
    <Custom2DField type="22" width="4" height="2" angle="0" ax="0" ay="1" az="0" tx="-0.4" ty="0" tz="-0.4">
      22:1:1,22:2:1,22:2:1,22:2:1,22:1:1,
      22:2:1,15:4:1,9:4:1,15:4:1,22:2:1,
      22:1:1,22:2:1,22:2:1,22:2:1,22:1:1
    </Custom2DField>
    <Fixed type="22" axes="2" angle="180" ax="0" ay="1" az="0" tx="0.9" ty="0.32" tz="0.170628"/>
    <Fixed type="22" axes="2" angle="0" ax="0" ay="1" az="0" tx="-0.1" ty="0.32" tz="0.170628"/>
  </Connectivity>
  <PhysicsAttributes inertiaTensor="0.420134,0,0,0,0.266667,0,0,0,0.580134" centerOfMass="0.4,1.049,0" mass="1" frictionType="0"/>
  <Bounding>
    <AABB minX="-0.4" minY="0" minZ="-0.4" maxX="1.2" maxY="2.098" maxZ="0.4"/>
  </Bounding>
  <GeometryBounding>
    <AABB minX="-0.4" minY="0" minZ="-0.4" maxX="1.2" maxY="2.098" maxZ="0.4"/>
  </GeometryBounding>
</LEGOPrimitive>
