<?xml version="1.0" encoding="UTF-8" standalone="no" ?>
<LEGOPrimitive versionMajor="1" versionMinor="0">
  <Annotations>
    <Annotation platformid="200"/>
    <Annotation platformname="SYSTEM"/>
    <Annotation maingroupid="216"/>
    <Annotation maingroupname="PLATES, SPECIAL"/>
    <Annotation designname="THILL FOR GIG"/>
    <Annotation aliases="2397"/>
  </Annotations>
  <Collision>
    <Box sX="0.79" sY="0.79" sZ="0.15" angle="180" ax="0" ay="-0.707107" az="0.707107" tx="0.4" ty="0.16" tz="-0.4"/>
    <Box sX="0.39" sY="0.79" sZ="0.15" angle="180" ax="0" ay="0.707107" az="-0.707107" tx="4.8" ty="0.8" tz="-0.4"/>
    <Box sX="0.39" sY="0.90698" sZ="0.065" angle="180" ax="0" ay="0.707107" az="-0.707107" tx="4.8" ty="0.8" tz="-0.383386"/>
    <Box sX="0.385" sY="0.90698" sZ="0.065" angle="180" ax="0" ay="0.707107" az="-0.707107" tx="0.805" ty="0.16" tz="-0.383386"/>
    <Box sX="0.401652" sY="0.103076" sZ="0.102926" angle="180" ax="0" ay="0.92388" az="-0.382683" tx="0.811652" ty="0.160102" tz="-1.43989"/>
    <Box sX="0.808649" sY="0.103076" sZ="0.102926" angle="180" ax="0" ay="0.92388" az="-0.382683" tx="5.18135" ty="0.799105" tz="-1.43989"/>
    <Box sX="1.62565" sY="0.103082" sZ="0.102939" angle="175.66975" ax="-0.091263" ay="0.920024" az="-0.381086" tx="2.79568" ty="0.478326" tz="-1.44011"/>
    <Box sX="1.62565" sY="0.103082" sZ="0.10294" angle="175.66975" ax="0.091263" ay="-0.920024" az="-0.381086" tx="2.79568" ty="0.478326" tz="0.640106"/>
    <Box sX="0.808649" sY="0.103076" sZ="0.102926" angle="180" ax="0" ay="0.92388" az="0.382683" tx="5.18135" ty="0.799105" tz="0.639893"/>
    <Box sX="0.401652" sY="0.103077" sZ="0.102927" angle="180" ax="0" ay="0.92388" az="0.382683" tx="0.811652" ty="0.160102" tz="0.639893"/>
  </Collision>
  <Connectivity>
    <Custom2DField type="23" width="4" height="4" angle="0" ax="0" ay="1" az="0" tx="-0.4" ty="0.32" tz="-1.2">
      18:1:1,23:4:1,29:0:1,23:4:1,29:0:1,
      23:4:1,0:4:1,23:4:1,0:4:1,23:4:1,
      18:2:1,23:4:1,18:4:1,23:4:1,18:2:1,
      23:4:1,0:4:1,23:4:1,0:4:1,23:4:1,
      18:1:1,23:4:1,29:0:1,23:4:1,29:0:1
    </Custom2DField>
    <Custom2DField type="23" width="2" height="4" angle="0" ax="0" ay="1" az="0" tx="4.4" ty="0.96" tz="-1.2">
      29:0:1,23:4:1,29:0:1,
      23:4:1,0:4:1,23:4:1,
      18:2:1,23:4:1,18:2:1,
      23:4:1,0:4:1,23:4:1,
      29:0:1,23:4:1,29:0:1
    </Custom2DField>
    <Custom2DField type="22" width="2" height="4" angle="0" ax="0" ay="1" az="0" tx="4.4" ty="0.64" tz="-1.2">
      22:1:1,22:2:1,22:1:1,
      22:2:1,15:4:1,22:2:1,
      22:2:1,9:4:1,22:2:1,
      22:2:1,15:4:1,22:2:1,
      22:1:1,22:2:1,22:1:1
    </Custom2DField>
    <Custom2DField type="22" width="4" height="4" angle="0" ax="0" ay="1" az="0" tx="-0.4" ty="0" tz="-1.2">
      22:1:1,22:2:1,22:2:1,22:2:1,22:1:1,
      22:2:1,15:4:1,23:4:1,15:4:1,22:2:1,
      22:2:1,23:4:1,7:4:2,23:4:1,22:2:1,
      22:2:1,15:4:1,23:4:1,15:4:1,22:2:1,
      22:1:1,22:2:1,22:2:1,22:2:1,22:1:1
    </Custom2DField>
    <Axel type="7" length="0.8" requireGrabbing="0" startCapped="0" endCapped="0" angle="90" ax="0" ay="0" az="-1" tx="0.4" ty="0.159998" tz="0.64"/>
    <Axel type="7" length="3.23813" requireGrabbing="0" startCapped="0" endCapped="0" angle="78.87822" ax="0" ay="0" az="-1" tx="1.2" ty="0.159998" tz="0.64"/>
    <Axel type="7" length="1.59408" requireGrabbing="0" startCapped="0" endCapped="0" angle="180" ax="0.707107" ay="-0.707107" az="0" tx="6" ty="0.798998" tz="0.64"/>
    <Axel type="7" length="0.8" requireGrabbing="0" startCapped="0" endCapped="0" angle="90" ax="0" ay="0" az="-1" tx="0.4" ty="0.159998" tz="-1.44"/>
    <Axel type="7" length="3.23813" requireGrabbing="0" startCapped="0" endCapped="0" angle="78.87822" ax="0" ay="0" az="-1" tx="1.2" ty="0.159998" tz="-1.44"/>
    <Axel type="7" length="1.59408" requireGrabbing="0" startCapped="0" endCapped="0" angle="180" ax="0.707107" ay="-0.707107" az="0" tx="6" ty="0.798998" tz="-1.44"/>
  </Connectivity>
  <PhysicsAttributes inertiaTensor="0.58792,0,0,0,3.89333,0,0,0,3.52125" centerOfMass="2.8,0.569,-0.4" mass="1" frictionType="0"/>
  <Bounding>
    <AABB minX="-0.4" minY="0" minZ="-1.6" maxX="6" maxY="1.138" maxZ="0.8"/>
  </Bounding>
  <GeometryBounding>
    <AABB minX="-0.4" minY="0" minZ="-1.6" maxX="6" maxY="1.138" maxZ="0.8"/>
  </GeometryBounding>
</LEGOPrimitive>
