<?xml version="1.0" encoding="UTF-8" standalone="no" ?>
<LEGOPrimitive versionMajor="1" versionMinor="0">
  <Annotations>
    <Annotation platformid="200"/>
    <Annotation platformname="SYSTEM"/>
    <Annotation maingroupid="226"/>
    <Annotation maingroupname="GATES AND ROOFS"/>
    <Annotation designname="MIDDLEPIECE 6X10X11"/>
    <Annotation aliases="2408"/>
  </Annotations>
  <Collision>
    <Box sX="2.39" sY="0.15" sZ="0.39" angle="0" ax="0" ay="1" az="0" tx="2" ty="0.16" tz="0"/>
    <Box sX="2.39" sY="2.23" sZ="0.09" angle="0" ax="0" ay="1" az="0" tx="2" ty="2.56" tz="0.3"/>
    <Box sX="2.39" sY="2.25413" sZ="0.09" angle="32" ax="-1" ay="0" az="0" tx="2" ty="6.6671" tz="-0.884613"/>
    <Box sX="2.39" sY="1.856" sZ="0.09" angle="59.10537" ax="-1" ay="0" az="0" tx="2" ty="9.51253" tz="-3.65222"/>
    <Box sX="2.39" sY="1.18894" sZ="0.15" angle="90" ax="-1" ay="0" az="0" tx="2" ty="10.4" tz="-6.40106"/>
  </Collision>
  <Connectivity>
    <Custom2DField type="23" width="12" height="6" angle="0" ax="0" ay="1" az="0" tx="-0.4" ty="10.56" tz="-7.6">
      18:1:1,23:4:1,18:2:1,23:4:1,18:2:1,23:4:1,18:2:1,23:4:1,18:2:1,23:4:1,18:2:1,23:4:1,18:1:1,
      23:4:1,0:4:1,23:4:1,0:4:1,23:4:1,0:4:1,23:4:1,0:4:1,23:4:1,0:4:1,23:4:1,0:4:1,23:4:1,
      18:2:1,23:4:1,18:4:1,23:4:1,18:4:1,23:4:1,18:4:1,23:4:1,18:4:1,23:4:1,18:4:1,23:4:1,18:2:1,
      23:4:1,0:4:1,23:4:1,0:4:1,23:4:1,0:4:1,23:4:1,0:4:1,23:4:1,0:4:1,23:4:1,0:4:1,23:4:1,
      18:2:1,23:4:1,18:4:1,23:4:1,18:4:1,23:4:1,18:4:1,23:4:1,18:4:1,23:4:1,18:4:1,23:4:1,18:2:1,
      23:4:1,0:4:1,23:4:1,0:4:1,23:4:1,0:4:1,23:4:1,0:4:1,23:4:1,0:4:1,23:4:1,0:4:1,23:4:1,
      18:1:1,23:4:1,18:2:1,23:4:1,18:2:1,23:4:1,18:2:1,23:4:1,18:2:1,23:4:1,18:2:1,23:4:1,18:1:1
    </Custom2DField>
    <Custom2DField type="22" width="12" height="6" angle="0" ax="0" ay="1" az="0" tx="-0.4" ty="10.24" tz="-7.6">
      22:1:1,22:2:1,22:2:1,22:2:1,22:2:1,22:2:1,22:2:1,22:2:1,22:2:1,22:2:1,22:2:1,22:2:1,22:1:1,
      22:2:1,15:4:1,23:4:1,15:4:1,23:4:1,15:4:1,23:4:1,15:4:1,23:4:1,15:4:1,23:4:1,15:4:1,22:2:1,
      22:2:1,23:4:1,7:4:2,23:4:1,7:4:2,23:4:1,7:4:2,23:4:1,7:4:2,23:4:1,7:4:2,23:4:1,22:2:1,
      22:2:1,15:4:1,23:4:1,15:4:1,23:4:1,15:4:1,23:4:1,15:4:1,23:4:1,15:4:1,23:4:1,15:4:1,22:2:1,
      22:2:1,23:4:1,7:4:2,23:4:1,7:4:2,23:4:1,7:4:2,23:4:1,7:4:2,23:4:1,7:4:2,23:4:1,22:2:1,
      22:2:1,15:4:1,23:4:1,15:4:1,23:4:1,15:4:1,23:4:1,15:4:1,23:4:1,15:4:1,23:4:1,15:4:1,22:2:1,
      22:1:1,22:2:1,22:2:1,22:2:1,22:2:1,22:2:1,22:2:1,22:2:1,22:2:1,22:2:1,22:2:1,22:2:1,22:1:1
    </Custom2DField>
    <Custom2DField type="22" width="12" height="2" angle="0" ax="0" ay="1" az="0" tx="-0.4" ty="0" tz="-0.4">
      22:1:1,22:2:1,22:2:1,22:2:1,22:2:1,22:2:1,22:2:1,22:2:1,22:2:1,22:2:1,22:2:1,22:2:1,22:1:1,
      22:2:1,15:4:1,9:4:1,15:4:1,9:4:1,15:4:1,9:4:1,15:4:1,9:4:1,15:4:1,9:4:1,15:4:1,22:2:1,
      22:1:1,22:2:1,22:2:1,22:2:1,22:2:1,22:2:1,22:2:1,22:2:1,22:2:1,22:2:1,22:2:1,22:2:1,22:1:1
    </Custom2DField>
  </Connectivity>
  <PhysicsAttributes inertiaTensor="14.94206,0,0,0,7.25333,0,0,0,11.52872" centerOfMass="2,5.369,-3.6" mass="1" frictionType="0"/>
  <Bounding>
    <AABB minX="-0.4" minY="0" minZ="-7.6" maxX="4.4" maxY="10.738" maxZ="0.4"/>
  </Bounding>
  <GeometryBounding>
    <AABB minX="-0.4" minY="0" minZ="-7.6" maxX="4.4" maxY="10.738" maxZ="0.4"/>
  </GeometryBounding>
</LEGOPrimitive>
