<?xml version="1.0" encoding="UTF-8" standalone="no" ?>
<LEGOPrimitive versionMajor="1" versionMinor="0">
  <Annotations>
    <Annotation platformid="200"/>
    <Annotation platformname="SYSTEM"/>
    <Annotation maingroupid="226"/>
    <Annotation maingroupname="GATES AND ROOFS"/>
    <Annotation designname="1/4 GLOBE 10X10X12"/>
    <Annotation aliases="2409"/>
  </Annotations>
  <Collision>
    <Box sX="0.79" sY="0.15" sZ="0.39" angle="0" ax="0" ay="1" az="0" tx="0.4" ty="0.16" tz="0"/>
    <Box sX="0.39" sY="0.15" sZ="0.79" angle="0" ax="0" ay="1" az="0" tx="7.2" ty="0.16" tz="-6.8"/>
    <Box sX="0.065011" sY="2.86988" sZ="0.79" angle="0" ax="0" ay="1" az="0" tx="7.52499" ty="1.91988" tz="-5.2"/>
    <Box sX="0.09" sY="2.23012" sZ="0.79" angle="0" ax="0" ay="1" az="0" tx="7.5" ty="2.56012" tz="-6.8"/>
    <Box sX="0.09" sY="2.76512" sZ="3.38411" angle="45" ax="0" ay="-1" az="0" tx="5.12929" ty="2.02512" tz="-2.07071"/>
    <Box sX="0.09" sY="2.26064" sZ="2.41437" angle="54.87938" ax="-0.230756" ay="-0.797746" az="0.557094" tx="4.28307" ty="6.66662" tz="-2.91693"/>
    <Box sX="0.09" sY="1.86984" sZ="1.12137" angle="73.1748" ax="-0.317568" ay="-0.557995" az="0.766676" tx="2.30676" ty="9.51403" tz="-4.89324"/>
    <Box sX="0.065011" sY="2.86988" sZ="0.79" angle="90" ax="0" ay="-1" az="0" tx="2" ty="1.91988" tz="0.324989"/>
    <Box sX="0.09" sY="2.23012" sZ="0.79" angle="90" ax="0" ay="-1" az="0" tx="0.4" ty="2.56012" tz="0.3"/>
    <Box sX="0.09" sY="0.095" sZ="0.305685" angle="45" ax="0" ay="-1" az="0" tx="3.52929" ty="-0.855" tz="-0.47071"/>
    <Box sX="0.09" sY="0.095" sZ="0.147843" angle="45" ax="0" ay="-1" az="0" tx="2.8409" ty="-0.855" tz="0.217678"/>
    <Box sX="0.09" sY="0.095" sZ="0.305685" angle="45" ax="0" ay="-1" az="0" tx="4.32929" ty="-0.855" tz="-1.27071"/>
    <Box sX="0.09" sY="0.095" sZ="0.305685" angle="45" ax="0" ay="-1" az="0" tx="5.12929" ty="-0.855" tz="-2.07071"/>
    <Box sX="0.09" sY="0.095" sZ="0.305685" angle="45" ax="0" ay="-1" az="0" tx="5.92929" ty="-0.855" tz="-2.87071"/>
    <Box sX="0.09" sY="0.095" sZ="0.305685" angle="45" ax="0" ay="-1" az="0" tx="6.72929" ty="-0.855" tz="-3.67071"/>
    <Box sX="0.09" sY="0.095" sZ="0.147843" angle="45" ax="0" ay="-1" az="0" tx="7.41768" ty="-0.855" tz="-4.3591"/>
    <Box sX="0.09" sY="1.8216" sZ="0.385461" angle="80.92516" ax="-0.491399" ay="-0.621444" az="0.610193" tx="1.339" ty="9.52379" tz="-3.94869"/>
    <Box sX="0.091095" sY="1.83489" sZ="0.389793" angle="69.19723" ax="-0.096127" ay="-0.445323" az="0.890195" tx="3.25932" ty="9.51566" tz="-5.85282"/>
    <Box sX="0.09" sY="2.1981" sZ="0.469854" angle="58.74519" ax="-0.405379" ay="-0.800247" az="0.441896" tx="2.57075" ty="6.67593" tz="-1.21293"/>
    <Box sX="0.09" sY="2.188" sZ="0.487631" angle="34.40354" ax="-0.362007" ay="-0.103821" az="0.926376" tx="6.30963" ty="6.67593" tz="-5.4273"/>
    <Box sX="0.09" sY="1.82201" sZ="0.39" angle="62.08644" ax="-0.295049" ay="-0.167067" az="0.940763" tx="3.54147" ty="9.51836" tz="-6.54475"/>
    <Box sX="0.09" sY="1.8559" sZ="0.39" angle="59.04" ax="0" ay="0" az="1" tx="3.54849" ty="9.51414" tz="-7.2"/>
    <Box sX="0.09" sY="2.25416" sZ="1.07571" angle="32.005" ax="0" ay="0" az="1" tx="6.31521" ty="6.66701" tz="-6.51429"/>
    <Box sX="0.09" sY="2.2002" sZ="0.48473" angle="91.59631" ax="-0.164628" ay="-0.911951" az="0.375824" tx="1.77823" ty="6.66639" tz="-0.884403"/>
    <Box sX="0.09" sY="1.82201" sZ="0.39" angle="96.36597" ax="-0.31593" ay="-0.731155" az="0.604649" tx="0.655245" ty="9.51836" tz="-3.65853"/>
    <Box sX="0.09" sY="1.8559" sZ="0.39" angle="104.05069" ax="-0.441987" ay="-0.780573" az="0.441987" tx="0" ty="9.51414" tz="-3.65151"/>
    <Box sX="0.09" sY="2.25416" sZ="1.07571" angle="94.35863" ax="-0.265765" ay="-0.926681" az="0.265765" tx="0.685714" ty="6.66701" tz="-0.884787"/>
    <Box sX="0.09" sY="2.19386" sZ="0.476285" angle="53.3021" ax="-0.028131" ay="-0.754967" az="0.655159" tx="5.98111" ty="6.6783" tz="-4.6254"/>
    <Box sX="1.19" sY="0.15" sZ="0.39" angle="0" ax="0" ay="1" az="0" tx="0.8" ty="10.39979" tz="-7.2"/>
    <Box sX="0.39" sY="0.15" sZ="1.19" angle="0" ax="0" ay="1" az="0" tx="0" ty="10.39979" tz="-6.4"/>
    <Box sX="1.12064" sY="0.15" sZ="0.549416" angle="45" ax="0" ay="1" az="0" tx="0.804949" ty="10.39979" tz="-6.39608"/>
  </Collision>
  <Connectivity>
    <Custom2DField type="23" width="6" height="6" angle="0" ax="0" ay="1" az="0" tx="-0.4" ty="10.56" tz="-7.6">
      18:1:1,23:4:1,18:2:1,23:4:1,18:2:1,23:4:1,18:1:1,
      23:4:1,0:4:1,23:4:1,0:4:1,23:4:1,0:4:1,23:4:1,
      18:2:1,23:4:1,18:4:1,23:4:1,18:3:1,23:4:1,18:2:1,
      23:4:1,0:4:1,23:4:1,0:4:1,23:4:1,29:0:1,29:0:1,
      18:2:1,23:4:1,18:3:1,23:4:1,18:1:1,29:0:1,29:0:1,
      23:4:1,0:4:1,23:4:1,29:0:1,29:0:1,29:0:1,29:0:1,
      18:1:1,23:4:1,18:2:1,29:0:1,29:0:1,29:0:1,29:0:1
    </Custom2DField>
    <Custom2DField type="22" width="6" height="6" angle="0" ax="0" ay="1" az="0" tx="-0.4" ty="10.24" tz="-7.6">
      22:1:1,22:2:1,22:2:1,22:2:1,22:2:1,22:2:1,22:1:1,
      22:2:1,15:4:1,23:4:1,15:4:1,23:4:1,15:4:1,22:2:1,
      22:2:1,23:4:1,7:4:2,23:4:1,7:4:2,22:2:1,22:2:1,
      22:2:1,15:4:1,23:4:1,15:4:1,22:2:1,22:2:1,29:0:1,
      22:2:1,23:4:1,7:4:2,22:2:1,22:2:1,29:0:1,29:0:1,
      22:2:1,15:4:1,22:2:1,22:2:1,29:0:1,29:0:1,29:0:1,
      22:1:1,22:2:1,22:2:1,29:0:1,29:0:1,29:0:1,29:0:1
    </Custom2DField>
    <Custom2DField type="22" width="4" height="2" angle="0" ax="0" ay="1" az="0" tx="-0.4" ty="0" tz="-0.4">
      22:1:1,22:2:1,22:2:1,22:2:1,22:1:1,
      22:2:1,15:4:1,9:4:1,15:4:1,22:2:1,
      22:1:1,22:2:1,22:2:1,22:2:1,22:1:1
    </Custom2DField>
    <Custom2DField type="22" width="2" height="4" angle="0" ax="0" ay="1" az="0" tx="6.8" ty="0" tz="-7.6">
      22:1:1,22:2:1,22:1:1,
      22:2:1,15:4:1,22:2:1,
      22:2:1,9:4:1,22:2:1,
      22:2:1,15:4:1,22:2:1,
      22:1:1,22:2:1,22:1:1
    </Custom2DField>
  </Connectivity>
  <PhysicsAttributes inertiaTensor="16.73694,0,0,0,10.66667,0,0,0,16.73694" centerOfMass="3.6,4.889,-3.6" mass="1" frictionType="0"/>
  <Bounding>
    <AABB minX="-0.4" minY="-0.96" minZ="-7.6" maxX="7.6" maxY="10.738" maxZ="0.4"/>
  </Bounding>
  <GeometryBounding>
    <AABB minX="-0.4" minY="-0.96" minZ="-7.6" maxX="7.6" maxY="10.738" maxZ="0.4"/>
  </GeometryBounding>
</LEGOPrimitive>
