<?xml version="1.0" encoding="UTF-8" standalone="no" ?>
<LEGOPrimitive versionMajor="1" versionMinor="0">
  <Annotations>
    <Annotation platformid="200"/>
    <Annotation platformname="SYSTEM"/>
    <Annotation maingroupid="268"/>
    <Annotation maingroupname="WHEEL BASE"/>
    <Annotation designname="WHEEL FORK 2X2"/>
    <Annotation aliases="2415"/>
  </Annotations>
  <Collision>
    <Box sX="0.79" sY="0.79" sZ="0.025" angle="180" ax="0" ay="-0.707107" az="0.707107" tx="0.4" ty="-0.035" tz="-0.4"/>
    <Box sX="0.065" sY="0.206444" sZ="0.34781" angle="180" ax="0" ay="-0.546314" az="0.837581" tx="0" ty="-0.432361" tz="0.203757"/>
    <Box sX="0.79" sY="0.617954" sZ="0.065" angle="180" ax="0" ay="-0.707107" az="0.707107" tx="0.4" ty="-0.075" tz="-0.572047"/>
    <Box sX="0.065" sY="0.045153" sZ="0.099084" angle="180" ax="0" ay="-0.583575" az="0.812059" tx="0" ty="-0.899452" tz="0.225216"/>
    <Box sX="0.065" sY="0.045153" sZ="0.099084" angle="180" ax="0" ay="-0.583575" az="0.812059" tx="0.8" ty="-0.899452" tz="0.225216"/>
    <Box sX="0.065" sY="0.028717" sZ="0.154993" angle="180" ax="0" ay="-0.700028" az="0.714116" tx="0" ty="-0.838376" tz="0.551473"/>
    <Box sX="0.065" sY="0.206444" sZ="0.34781" angle="180" ax="0" ay="-0.546314" az="0.837581" tx="0.8" ty="-0.432361" tz="0.203757"/>
    <Box sX="0.065" sY="0.028717" sZ="0.154993" angle="180" ax="0" ay="-0.700028" az="0.714116" tx="0.8" ty="-0.838376" tz="0.551473"/>
  </Collision>
  <Connectivity>
    <Custom2DField type="23" width="4" height="4" angle="0" ax="0" ay="1" az="0" tx="-0.4" ty="0" tz="-1.2">
      18:1:1,23:4:1,18:2:1,23:4:1,18:1:1,
      23:4:1,1:4:1,23:4:1,1:4:1,23:4:1,
      18:2:1,23:4:1,18:4:1,23:4:1,18:2:1,
      23:4:1,1:4:1,23:4:1,1:4:1,23:4:1,
      18:1:1,23:4:1,18:2:1,23:4:1,18:1:1
    </Custom2DField>
    <Hinge type="60" oriented="0" angle="180" ax="0.707107" ay="0.707107" az="0" tx="0.4" ty="-0.848429" tz="0.4"/>
  </Connectivity>
  <PhysicsAttributes inertiaTensor="0.413093,0,0,0,0.501126,0,0,0,0.338634" centerOfMass="0.4,-0.435109,-0.270819" mass="1" frictionType="0"/>
  <Bounding>
    <AABB minX="-0.4" minY="-1.04822" minZ="-1.2" maxX="1.2" maxY="0.178" maxZ="0.658362"/>
  </Bounding>
  <GeometryBounding>
    <AABB minX="-0.4" minY="-1.04594" minZ="-1.2" maxX="1.2" maxY="0.178" maxZ="0.658362"/>
  </GeometryBounding>
</LEGOPrimitive>
