<?xml version="1.0" encoding="UTF-8" standalone="no" ?>
<LEGOPrimitive versionMajor="1" versionMinor="0">
  <Annotations>
    <Annotation platformid="200"/>
    <Annotation platformname="SYSTEM"/>
    <Annotation maingroupid="228"/>
    <Annotation maingroupname="PLANTS"/>
    <Annotation designname="LIMB ELEMENT"/>
    <Annotation aliases="2417"/>
  </Annotations>
  <Collision>
    <Box sX="0.140162" sY="0.045" sZ="0.63" angle="0" ax="0" ay="1" az="0" tx="1.59984" ty="0.265" tz="-0.8"/>
    <Box sX="0.008252" sY="0.15" sZ="0.143654" angle="45" ax="0" ay="-1" az="0" tx="1.78414" ty="0.16" tz="-1.41586"/>
    <Box sX="0.140162" sY="0.045" sZ="1.03" angle="90" ax="0" ay="1" az="0" tx="2.8" ty="0.265" tz="-1.59984"/>
    <Box sX="0.140162" sY="0.045" sZ="0.966823" angle="45" ax="0" ay="-1" az="0" tx="0.800136" ty="0.265" tz="-0.799864"/>
    <Box sX="0.140162" sY="0.045" sZ="0.966823" angle="45" ax="0" ay="1" az="0" tx="0.802055" ty="0.265" tz="-2.40206"/>
    <Box sX="0.140162" sY="0.045" sZ="0.277269" angle="0" ax="0" ay="1" az="0" tx="0.800846" ty="0.265" tz="-2.75273"/>
    <Box sX="0.140162" sY="0.045" sZ="0.277259" angle="90" ax="0" ay="-1" az="0" tx="0.447278" ty="0.265" tz="-0.800162"/>
    <Box sX="0.140162" sY="0.045" sZ="0.277269" angle="0" ax="0" ay="1" az="0" tx="0.800846" ty="0.265" tz="-0.447269"/>
    <Box sX="0.140162" sY="0.045" sZ="0.277259" angle="90" ax="0" ay="-1" az="0" tx="0.447278" ty="0.265" tz="-2.40016"/>
    <Box sX="0.140162" sY="0.045" sZ="0.401153" angle="45" ax="0" ay="1" az="0" tx="2.00424" ty="0.265" tz="-1.20421"/>
    <Box sX="0.140162" sY="0.045" sZ="0.401153" angle="45" ax="0" ay="-1" az="0" tx="2.00424" ty="0.265" tz="-1.99579"/>
    <Box sX="0.140162" sY="0.045" sZ="0.442909" angle="45" ax="0" ay="1" az="0" tx="2.77035" ty="0.265" tz="-1.22942"/>
    <Box sX="0.140162" sY="0.045" sZ="0.447346" angle="45" ax="0" ay="-1" az="0" tx="2.76721" ty="0.265" tz="-1.96744"/>
    <Box sX="0.140162" sY="0.045" sZ="0.63" angle="0" ax="0" ay="1" az="0" tx="1.59984" ty="0.265" tz="-2.4"/>
    <Box sX="0.008252" sY="0.15" sZ="0.143654" angle="45" ax="0" ay="1" az="0" tx="-0.182546" ty="0.16" tz="0.183338"/>
    <Box sX="0.008252" sY="0.15" sZ="0.143654" angle="45" ax="0" ay="1" az="0" tx="0.185743" ty="0.16" tz="-0.184951"/>
    <Box sX="0.008252" sY="0.15" sZ="0.143654" angle="45" ax="0" ay="-1" az="0" tx="-0.182546" ty="0.16" tz="-0.184951"/>
    <Box sX="0.008252" sY="0.15" sZ="0.143654" angle="45" ax="0" ay="-1" az="0" tx="0.185743" ty="0.16" tz="0.183338"/>
    <Box sX="0.008252" sY="0.15" sZ="0.143654" angle="45" ax="0" ay="1" az="0" tx="1.41586" ty="0.16" tz="0.184144"/>
    <Box sX="0.008252" sY="0.15" sZ="0.143654" angle="45" ax="0" ay="1" az="0" tx="1.78414" ty="0.16" tz="-0.184145"/>
    <Box sX="0.008252" sY="0.15" sZ="0.143654" angle="45" ax="0" ay="-1" az="0" tx="1.41586" ty="0.16" tz="-0.184145"/>
    <Box sX="0.008252" sY="0.15" sZ="0.143654" angle="45" ax="0" ay="1" az="0" tx="1.41586" ty="0.16" tz="-3.01586"/>
    <Box sX="0.008252" sY="0.15" sZ="0.143654" angle="45" ax="0" ay="1" az="0" tx="1.78414" ty="0.16" tz="-3.38414"/>
    <Box sX="0.008252" sY="0.15" sZ="0.143654" angle="45" ax="0" ay="-1" az="0" tx="1.41586" ty="0.16" tz="-3.38414"/>
    <Box sX="0.008252" sY="0.15" sZ="0.143654" angle="45" ax="0" ay="-1" az="0" tx="1.78414" ty="0.16" tz="-3.01586"/>
    <Box sX="0.008252" sY="0.15" sZ="0.143654" angle="45" ax="0" ay="-1" az="0" tx="1.78414" ty="0.16" tz="0.184144"/>
    <Box sX="0.008252" sY="0.15" sZ="0.143654" angle="45" ax="0" ay="1" az="0" tx="-0.184144" ty="0.16" tz="-3.01586"/>
    <Box sX="0.008252" sY="0.15" sZ="0.143654" angle="45" ax="0" ay="1" az="0" tx="0.184144" ty="0.16" tz="-3.38414"/>
    <Box sX="0.008252" sY="0.15" sZ="0.143654" angle="45" ax="0" ay="-1" az="0" tx="-0.184144" ty="0.16" tz="-3.38414"/>
    <Box sX="0.008252" sY="0.15" sZ="0.143654" angle="45" ax="0" ay="-1" az="0" tx="0.184144" ty="0.16" tz="-3.01586"/>
    <Box sX="0.008252" sY="0.15" sZ="0.143654" angle="45" ax="0" ay="1" az="0" tx="3.81586" ty="0.16" tz="-1.41586"/>
    <Box sX="0.008252" sY="0.15" sZ="0.143654" angle="45" ax="0" ay="1" az="0" tx="4.18414" ty="0.16" tz="-1.78414"/>
    <Box sX="0.008252" sY="0.15" sZ="0.143654" angle="45" ax="0" ay="-1" az="0" tx="3.81586" ty="0.16" tz="-1.78414"/>
    <Box sX="0.008252" sY="0.15" sZ="0.143654" angle="45" ax="0" ay="-1" az="0" tx="4.18414" ty="0.16" tz="-1.41586"/>
    <Box sX="0.008252" sY="0.15" sZ="0.143654" angle="45" ax="0" ay="1" az="0" tx="1.41586" ty="0.16" tz="-1.41586"/>
    <Box sX="0.008252" sY="0.15" sZ="0.143654" angle="45" ax="0" ay="1" az="0" tx="1.78414" ty="0.16" tz="-1.78414"/>
    <Box sX="0.008252" sY="0.15" sZ="0.143654" angle="45" ax="0" ay="-1" az="0" tx="1.41586" ty="0.16" tz="-1.78414"/>
    <Box sX="0.0055" sY="0.045" sZ="0.134119" angle="135" ax="0" ay="-1" az="0" tx="2.5241" ty="0.265" tz="-0.924099"/>
    <Box sX="0.0055" sY="0.045" sZ="0.134119" angle="45" ax="0" ay="1" az="0" tx="2.2759" ty="0.265" tz="-0.675901"/>
    <Box sX="0.0055" sY="0.045" sZ="0.134119" angle="135" ax="0" ay="1" az="0" tx="2.5241" ty="0.265" tz="-0.675904"/>
    <Box sX="0.0055" sY="0.045" sZ="0.134119" angle="135" ax="0" ay="-1" az="0" tx="3.3241" ty="0.265" tz="-0.924099"/>
    <Box sX="0.0055" sY="0.045" sZ="0.134119" angle="45" ax="0" ay="1" az="0" tx="3.0759" ty="0.265" tz="-0.675901"/>
    <Box sX="0.0055" sY="0.045" sZ="0.134119" angle="135" ax="0" ay="1" az="0" tx="3.3241" ty="0.265" tz="-0.675904"/>
    <Box sX="0.0055" sY="0.045" sZ="0.134119" angle="45" ax="0" ay="-1" az="0" tx="3.0759" ty="0.265" tz="-2.5241"/>
    <Box sX="0.0055" sY="0.045" sZ="0.134119" angle="135" ax="0" ay="1" az="0" tx="3.3241" ty="0.265" tz="-2.2759"/>
    <Box sX="0.0055" sY="0.045" sZ="0.134119" angle="135" ax="0" ay="-1" az="0" tx="3.3241" ty="0.265" tz="-2.5241"/>
    <Box sX="0.0055" sY="0.045" sZ="0.134119" angle="45" ax="0" ay="-1" az="0" tx="2.2759" ty="0.265" tz="-2.5241"/>
    <Box sX="0.0055" sY="0.045" sZ="0.134119" angle="135" ax="0" ay="1" az="0" tx="2.5241" ty="0.265" tz="-2.2759"/>
    <Box sX="0.0055" sY="0.045" sZ="0.134119" angle="135" ax="0" ay="-1" az="0" tx="2.5241" ty="0.265" tz="-2.5241"/>
    <Box sX="0.0055" sY="0.045" sZ="0.134119" angle="0" ax="0" ay="1" az="0" tx="0.6245" ty="0.265" tz="-3.2"/>
    <Box sX="0.0055" sY="0.045" sZ="0.134119" angle="180" ax="0" ay="1" az="0" tx="0.9755" ty="0.265" tz="-3.2"/>
    <Box sX="0.0055" sY="0.045" sZ="0.134119" angle="90" ax="0" ay="-1" az="0" tx="0.799998" ty="0.265" tz="-3.3755"/>
    <Box sX="0.0055" sY="0.045" sZ="0.134119" angle="90" ax="0" ay="1" az="0" tx="0" ty="0.265" tz="-2.2245"/>
    <Box sX="0.0055" sY="0.045" sZ="0.134119" angle="90" ax="0" ay="-1" az="0" tx="0" ty="0.265" tz="-2.5755"/>
    <Box sX="0.0055" sY="0.045" sZ="0.134119" angle="0" ax="0" ay="1" az="0" tx="-0.1755" ty="0.265" tz="-2.4"/>
    <Box sX="0.0055" sY="0.045" sZ="0.134119" angle="90" ax="0" ay="1" az="0" tx="0" ty="0.265" tz="-0.6245"/>
    <Box sX="0.0055" sY="0.045" sZ="0.134119" angle="90" ax="0" ay="-1" az="0" tx="0" ty="0.265" tz="-0.9755"/>
    <Box sX="0.0055" sY="0.045" sZ="0.134119" angle="0" ax="0" ay="1" az="0" tx="-0.1755" ty="0.265" tz="-0.799998"/>
    <Box sX="0.0055" sY="0.045" sZ="0.134119" angle="180" ax="0" ay="1" az="0" tx="0.973284" ty="0.265" tz="0"/>
    <Box sX="0.0055" sY="0.045" sZ="0.134119" angle="0" ax="0" ay="1" az="0" tx="0.622284" ty="0.265" tz="0"/>
    <Box sX="0.0055" sY="0.045" sZ="0.134119" angle="90" ax="0" ay="1" az="0" tx="0.797787" ty="0.265" tz="0.1755"/>
  </Collision>
  <Connectivity>
    <Custom2DField type="23" width="12" height="10" angle="0" ax="0" ay="1" az="0" tx="-0.4" ty="0.32" tz="-3.6">
      29:0:1,29:0:1,29:0:1,29:0:1,29:0:1,29:0:1,29:0:1,29:0:1,29:0:1,29:0:1,29:0:1,29:0:1,29:0:1,
      29:0:1,1:4:4,29:0:1,1:4:4,29:0:1,1:4:4,29:0:1,29:0:1,29:0:1,29:0:1,29:0:1,29:0:1,29:0:1,
      29:0:1,29:0:1,29:0:1,29:0:1,29:0:1,29:0:1,29:0:1,29:0:1,29:0:1,29:0:1,29:0:1,29:0:1,29:0:1,
      29:0:1,1:4:4,29:0:1,29:0:1,29:0:1,29:0:1,29:0:1,1:4:4,29:0:1,1:4:4,29:0:1,29:0:1,29:0:1,
      29:0:1,29:0:1,29:0:1,29:0:1,29:0:1,29:0:1,29:0:1,29:0:1,29:0:1,29:0:1,29:0:1,29:0:1,29:0:1,
      29:0:1,29:0:1,29:0:1,29:0:1,29:0:1,1:4:4,29:0:1,29:0:1,29:0:1,29:0:1,29:0:1,1:4:4,29:0:1,
      29:0:1,29:0:1,29:0:1,29:0:1,29:0:1,29:0:1,29:0:1,29:0:1,29:0:1,29:0:1,29:0:1,29:0:1,29:0:1,
      29:0:1,1:4:4,29:0:1,29:0:1,29:0:1,29:0:1,29:0:1,1:4:4,29:0:1,1:4:4,29:0:1,29:0:1,29:0:1,
      29:0:1,29:0:1,29:0:1,29:0:1,29:0:1,29:0:1,29:0:1,29:0:1,29:0:1,29:0:1,29:0:1,29:0:1,29:0:1,
      29:0:1,1:4:4,29:0:1,1:4:4,29:0:1,1:4:4,29:0:1,29:0:1,29:0:1,29:0:1,29:0:1,29:0:1,29:0:1,
      29:0:1,29:0:1,29:0:1,29:0:1,29:0:1,29:0:1,29:0:1,29:0:1,29:0:1,29:0:1,29:0:1,29:0:1,29:0:1
    </Custom2DField>
    <Axel type="6" length="0.288" grabbing="0" startCapped="0" endCapped="0" angle="90" ax="0" ay="1" az="0" tx="0" ty="0.21" tz="0"/>
    <Axel type="6" length="0.288" grabbing="0" startCapped="0" endCapped="0" angle="90" ax="0" ay="1" az="0" tx="0.797784" ty="0.21" tz="0"/>
    <Axel type="6" length="0.288" grabbing="0" startCapped="0" endCapped="0" angle="90" ax="0" ay="1" az="0" tx="1.6" ty="0.21" tz="0"/>
    <Axel type="6" length="0.288" grabbing="0" startCapped="0" endCapped="0" angle="90" ax="0" ay="1" az="0" tx="1.6" ty="0.21" tz="-3.2"/>
    <Axel type="6" length="0.288" grabbing="0" startCapped="0" endCapped="0" angle="90" ax="0" ay="1" az="0" tx="0" ty="0.21" tz="-3.2"/>
    <Axel type="6" length="0.288" grabbing="0" startCapped="0" endCapped="0" angle="90" ax="0" ay="1" az="0" tx="0.797784" ty="0.21" tz="-3.2"/>
    <Axel type="6" length="0.288" grabbing="0" startCapped="0" endCapped="0" angle="90" ax="0" ay="1" az="0" tx="3.20226" ty="0.21" tz="-2.4"/>
    <Axel type="6" length="0.288" grabbing="0" startCapped="0" endCapped="0" angle="90" ax="0" ay="1" az="0" tx="2.40004" ty="0.21" tz="-2.4"/>
    <Axel type="6" length="0.288" grabbing="0" startCapped="0" endCapped="0" angle="90" ax="0" ay="1" az="0" tx="3.20226" ty="0.21" tz="-0.8"/>
    <Axel type="6" length="0.288" grabbing="0" startCapped="0" endCapped="0" angle="90" ax="0" ay="1" az="0" tx="2.40004" ty="0.21" tz="-0.8"/>
    <Axel type="6" length="0.288" grabbing="0" startCapped="0" endCapped="0" angle="90" ax="0" ay="1" az="0" tx="2E-005" ty="0.21" tz="-0.8"/>
    <Axel type="6" length="0.288" grabbing="0" startCapped="0" endCapped="0" angle="90" ax="0" ay="1" az="0" tx="2E-005" ty="0.21" tz="-2.4"/>
    <Axel type="6" length="0.288" grabbing="0" startCapped="0" endCapped="0" angle="90" ax="0" ay="1" az="0" tx="1.6" ty="0.21" tz="-1.6"/>
    <Axel type="6" length="0.288" grabbing="0" startCapped="0" endCapped="0" angle="90" ax="0" ay="1" az="0" tx="4" ty="0.21" tz="-1.6"/>
    <Custom2DField type="22" width="2" height="2" angle="0" ax="0" ay="1" az="0" tx="-0.4" ty="0" tz="-0.4">
      29:0,29:0,29:0,
      29:0,5:4:32,29:0,
      29:0,29:0,29:0
    </Custom2DField>
    <Custom2DField type="22" width="2" height="2" angle="0" ax="0" ay="1" az="0" tx="1.2" ty="0" tz="-0.4">
      29:0,29:0,29:0,
      29:0,5:4:32,29:0,
      29:0,29:0,29:0
    </Custom2DField>
    <Custom2DField type="22" width="2" height="2" angle="0" ax="0" ay="1" az="0" tx="-0.4" ty="0" tz="-3.6">
      29:0,29:0,29:0,
      29:0,5:4:32,29:0,
      29:0,29:0,29:0
    </Custom2DField>
    <Custom2DField type="22" width="2" height="2" angle="0" ax="0" ay="1" az="0" tx="1.2" ty="0" tz="-3.6">
      29:0,29:0,29:0,
      29:0,5:4:32,29:0,
      29:0,29:0,29:0
    </Custom2DField>
    <Custom2DField type="22" width="2" height="2" angle="0" ax="0" ay="1" az="0" tx="3.6" ty="0" tz="-2">
      29:0,29:0,29:0,
      29:0,5:4:32,29:0,
      29:0,29:0,29:0
    </Custom2DField>
    <Custom2DField type="22" width="2" height="2" angle="0" ax="0" ay="1" az="0" tx="1.2" ty="0" tz="-2">
      29:0,29:0,29:0,
      29:0,5:4:32,29:0,
      29:0,29:0,29:0
    </Custom2DField>
  </Connectivity>
  <PhysicsAttributes inertiaTensor="1.2623,0,0,0,3.05127,0,0,0,1.8303" centerOfMass="2,0.249,-1.6" mass="1" frictionType="0"/>
  <Bounding>
    <AABB minX="-0.33" minY="0" minZ="-3.53" maxX="4.33" maxY="0.498" maxZ="0.33"/>
  </Bounding>
  <GeometryBounding>
    <AABB minX="-0.33" minY="0" minZ="-3.53" maxX="4.33" maxY="0.498" maxZ="0.33"/>
  </GeometryBounding>
</LEGOPrimitive>
