<?xml version="1.0" encoding="UTF-8" standalone="no" ?>
<LEGOPrimitive versionMajor="1" versionMinor="0">
  <Annotations>
    <Annotation platformid="200"/>
    <Annotation platformname="SYSTEM"/>
    <Annotation maingroupid="226"/>
    <Annotation maingroupname="GATES AND ROOFS"/>
    <Annotation designname="GLOBE 6X6"/>
    <Annotation aliases="2418"/>
  </Annotations>
  <Collision>
    <Box sX="0.065" sY="0.47" sZ="0.79" angle="0" ax="0" ay="1" az="0" tx="-0.325" ty="0.48" tz="-0.4"/>
    <Box sX="0.065" sY="0.47" sZ="0.79" angle="0" ax="0" ay="1" az="0" tx="4.325" ty="0.48" tz="-0.4"/>
    <Box sX="0.065" sY="0.47" sZ="0.79" angle="90" ax="0" ay="1" az="0" tx="2" ty="0.48" tz="-2.725"/>
    <Box sX="0.065" sY="0.365" sZ="1.12137" angle="45" ax="0" ay="1" az="0" tx="3.54697" ty="0.585" tz="-1.94697"/>
    <Box sX="0.065" sY="0.47" sZ="0.147843" angle="135" ax="0" ay="1" az="0" tx="1.14142" ty="0.48" tz="-2.63536"/>
    <Box sX="0.065" sY="0.365" sZ="0.661751" angle="135" ax="0" ay="-1" az="0" tx="0.128033" ty="0.585" tz="0.821967"/>
    <Box sX="0.065" sY="0.365" sZ="0.661751" angle="45" ax="0" ay="-1" az="0" tx="3.87197" ty="0.585" tz="0.821967"/>
    <Box sX="0.04847" sY="0.172807" sZ="0.53" angle="90" ax="0" ay="-1" az="0" tx="2" ty="0.873651" tz="1.60153"/>
    <Box sX="0.04847" sY="0.298748" sZ="0.21" angle="90" ax="0" ay="-1" az="0" tx="1.68" ty="0.657088" tz="1.60459"/>
    <Box sX="0.04847" sY="0.298748" sZ="0.21" angle="90" ax="0" ay="-1" az="0" tx="2.32" ty="0.657088" tz="1.60459"/>
    <Box sX="0.04" sY="0.298748" sZ="0.145564" angle="180" ax="0" ay="1" az="0" tx="2.59" ty="0.714028" tz="1.60306"/>
    <Box sX="0.04" sY="0.298748" sZ="0.145564" angle="180" ax="0" ay="1" az="0" tx="1.41" ty="0.714028" tz="1.60306"/>
    <Box sX="0.04" sY="0.991049" sZ="0.582536" angle="180" ax="0.506982" ay="0.861957" az="0" tx="0.503018" ty="1.40487" tz="-0.4"/>
    <Box sX="0.04" sY="0.991049" sZ="0.582536" angle="60.92596" ax="0" ay="0" az="1" tx="3.49698" ty="1.40487" tz="-0.4"/>
    <Box sX="0.04" sY="0.991049" sZ="0.582536" angle="104.89392" ax="-0.452188" ay="-0.768799" az="0.452188" tx="2" ty="1.40487" tz="1.09698"/>
    <Box sX="0.04" sY="0.991049" sZ="0.582536" angle="104.89392" ax="0.452188" ay="0.768799" az="0.452188" tx="2" ty="1.40487" tz="-1.89698"/>
    <Box sX="0.04" sY="0.773423" sZ="0.827973" angle="74.79591" ax="0.321646" ay="0.541809" az="0.776522" tx="3.09585" ty="1.29191" tz="-1.49585"/>
    <Box sX="0.04" sY="0.773423" sZ="0.827973" angle="74.7959" ax="-0.321646" ay="-0.541809" az="0.776522" tx="3.09585" ty="1.29191" tz="0.695852"/>
    <Box sX="0.04" sY="0.773423" sZ="0.827973" angle="141.57576" ax="-0.499434" ay="-0.84129" az="0.206872" tx="0.904148" ty="1.29191" tz="0.695852"/>
    <Box sX="0.04" sY="0.773423" sZ="0.827973" angle="141.57576" ax="0.499434" ay="0.84129" az="0.206872" tx="0.904148" ty="1.29191" tz="-1.49585"/>
    <Box sX="0.173588" sY="0.045" sZ="0.597143" angle="0" ax="0" ay="1" az="0" tx="2.42859" ty="1.865" tz="-0.484643"/>
    <Box sX="0.173588" sY="0.045" sZ="0.597143" angle="90" ax="0" ay="1" az="0" tx="2.00503" ty="1.865" tz="-0.828588"/>
    <Box sX="0.173588" sY="0.045" sZ="0.597143" angle="90" ax="0" ay="-1" az="0" tx="1.99497" ty="1.865" tz="0.028588"/>
    <Box sX="0.173588" sY="0.045" sZ="0.597143" angle="0" ax="0" ay="1" az="0" tx="1.57141" ty="1.865" tz="-0.394967"/>
    <Box sX="0.065" sY="0.365" sZ="1.12137" angle="135" ax="0" ay="1" az="0" tx="0.453033" ty="0.585" tz="-1.94697"/>
    <Box sX="0.065" sY="0.47" sZ="0.147843" angle="135" ax="0" ay="1" az="0" tx="-0.235356" ty="0.48" tz="-1.25858"/>
    <Box sX="0.065" sY="0.47" sZ="0.305685" angle="135" ax="0" ay="1" az="0" tx="0.453033" ty="0.48" tz="-1.94697"/>
    <Box sX="0.065" sY="0.47" sZ="0.147843" angle="135" ax="0" ay="-1" az="0" tx="-0.235355" ty="0.48" tz="0.458579"/>
    <Box sX="0.030494" sY="0.47" sZ="0.328909" angle="135" ax="0" ay="-1" az="0" tx="0.493854" ty="0.48" tz="1.13899"/>
    <Box sX="0.031713" sY="0.47" sZ="0.328909" angle="45" ax="0" ay="-1" az="0" tx="3.50701" ty="0.48" tz="1.13985"/>
    <Box sX="0.065" sY="0.47" sZ="0.147842" angle="45" ax="0" ay="-1" az="0" tx="4.23536" ty="0.48" tz="0.458579"/>
    <Box sX="0.065" sY="0.47" sZ="0.147842" angle="45" ax="0" ay="1" az="0" tx="4.23536" ty="0.48" tz="-1.25858"/>
    <Box sX="0.065" sY="0.47" sZ="0.147843" angle="45" ax="0" ay="1" az="0" tx="2.85858" ty="0.48" tz="-2.63536"/>
    <Box sX="0.065" sY="0.47" sZ="0.305685" angle="45" ax="0" ay="1" az="0" tx="3.54697" ty="0.48" tz="-1.94697"/>
  </Collision>
  <Connectivity>
    <Custom2DField type="23" width="4" height="4" angle="0" ax="0" ay="1" az="0" tx="1.2" ty="1.92" tz="-1.2">
      29:0:1,23:4:1,29:0:1,23:4:1,29:0:1,
      23:4:1,0:4,23:4:1,0:4,23:4:1,
      29:0:1,23:4:1,18:4,23:4:1,29:0:1,
      23:4:1,0:4,23:4:1,0:4,23:4:1,
      29:0:1,23:4:1,29:0:1,23:4:1,29:0:1
    </Custom2DField>
    <Axel type="4" length="0.11" grabbing="0" startCapped="0" endCapped="0" angle="180" ax="0.707107" ay="0" az="0.707107" tx="2" ty="1.92" tz="-0.4"/>
    <Hinge type="5" oriented="0" angle="90" ax="0" ay="0" az="-1" tx="2" ty="0.56" tz="1.6"/>
  </Connectivity>
  <PhysicsAttributes inertiaTensor="2.2868,0,0,0,3.84,0,0,0,2.2868" centerOfMass="2,1.049,-0.4" mass="1" frictionType="0"/>
  <Bounding>
    <AABB minX="-0.4" minY="0" minZ="-2.8" maxX="4.4" maxY="2.098" maxZ="2"/>
  </Bounding>
  <GeometryBounding>
    <AABB minX="-0.4" minY="0" minZ="-2.8" maxX="4.4" maxY="2.098" maxZ="2"/>
  </GeometryBounding>
</LEGOPrimitive>
