<?xml version="1.0" encoding="UTF-8" standalone="no" ?>
<LEGOPrimitive versionMajor="1" versionMinor="0">
  <Annotations>
    <Annotation platformid="200"/>
    <Annotation platformname="SYSTEM"/>
    <Annotation maingroupid="217"/>
    <Annotation maingroupname="PLATES, SPECIAL CIRCLES AND ANGLES"/>
    <Annotation designname="CORNER PLATE 3X6"/>
    <Annotation aliases="43127;2419"/>
  </Annotations>
  <Collision>
    <Box sX="2.39" sY="0.15" sZ="0.39" angle="0" ax="0" ay="1" az="0" tx="2" ty="0.16" tz="0"/>
    <Box sX="0.147843" sY="0.15" sZ="0.552019" angle="45" ax="0" ay="-1" az="0" tx="0.109019" ty="0.16" tz="0.114204"/>
    <Box sX="0.79" sY="0.15" sZ="1.19" angle="0" ax="0" ay="1" az="0" tx="2" ty="0.16" tz="0.8"/>
    <Box sX="0.147843" sY="0.15" sZ="0.552019" angle="135" ax="0" ay="-1" az="0" tx="3.89098" ty="0.16" tz="0.114204"/>
    <Box sX="1.12474" sY="0.045" sZ="0.552019" angle="45" ax="0" ay="-1" az="0" tx="0.799793" ty="0.265" tz="0.804978"/>
    <Box sX="0.305686" sY="0.15" sZ="0.552019" angle="45" ax="0" ay="-1" az="0" tx="0.797408" ty="0.16" tz="0.802593"/>
    <Box sX="0.145938" sY="0.15" sZ="0.552019" angle="45" ax="0" ay="-1" az="0" tx="1.48445" ty="0.16" tz="1.48963"/>
    <Box sX="1.12409" sY="0.045" sZ="0.552019" angle="135" ax="0" ay="-1" az="0" tx="3.20067" ty="0.265" tz="0.804514"/>
    <Box sX="0.305685" sY="0.15" sZ="0.552019" angle="135" ax="0" ay="-1" az="0" tx="3.20259" ty="0.16" tz="0.802593"/>
    <Box sX="0.148378" sY="0.15" sZ="0.552019" angle="135" ax="0" ay="-1" az="0" tx="2.51383" ty="0.16" tz="1.49136"/>
  </Collision>
  <Connectivity>
    <Custom2DField type="23" width="12" height="6" angle="0" ax="0" ay="1" az="0" tx="-0.4" ty="0.32" tz="-0.4">
      18:1:1,23:4:1,18:2:1,23:4:1,18:2:1,23:4:1,18:2:1,23:4:1,18:2:1,23:4:1,18:2:1,23:4:1,18:1:1,
      23:4:1,0:4:1,23:4:1,0:4:1,23:4:1,0:4:1,23:4:1,0:4:1,23:4:1,0:4:1,23:4:1,0:4:1,23:4:1,
      18:1:1,23:4:1,18:3:1,23:4:1,18:4:1,23:4:1,18:4:1,23:4:1,18:4:1,23:4:1,18:3:1,23:4:1,18:1:1,
      29:0:1,29:0:1,23:4:1,0:4:1,23:4:1,0:4:1,23:4:1,0:4:1,23:4:1,0:4:1,23:4:1,29:0:1,29:0:1,
      29:0:1,29:0:1,18:1:1,23:4:1,18:3:1,23:4:1,18:4:1,23:4:1,18:3:1,23:4:1,18:1:1,29:0:1,29:0:1,
      29:0:1,29:0:1,29:0:1,29:0:1,23:4:1,0:4:1,23:4:1,0:4:1,23:4:1,29:0:1,29:0:1,29:0:1,29:0:1,
      29:0:1,29:0:1,29:0:1,29:0:1,18:1:1,23:4:1,18:2:1,23:4:1,18:1:1,29:0:1,29:0:1,29:0:1,29:0:1
    </Custom2DField>
    <Custom2DField type="22" width="12" height="6" angle="0" ax="0" ay="1" az="0" tx="-0.4" ty="0" tz="-0.4">
      22:1:1,22:2:1,22:2:1,22:2:1,22:2:1,22:2:1,22:2:1,22:2:1,22:2:1,22:2:1,22:2:1,22:2:1,22:1:1,
      22:2:1,15:4:1,23:4:1,15:4:1,23:4:1,15:4:1,23:4:1,15:4:1,23:4:1,15:4:1,23:4:1,15:4:1,22:2:1,
      22:2:1,22:2:1,7:4:2,23:4:1,7:4:2,23:4:1,7:4:2,23:4:1,7:4:2,23:4:1,7:4:2,22:2:1,22:2:1,
      29:0:1,29:0:1,22:2:1,15:4:1,23:4:1,15:4:1,23:4:1,15:4:1,23:4:1,15:4:1,22:2:1,29:0:1,29:0:1,
      29:0:1,29:0:1,22:2:1,22:2:1,7:4:2,23:4:1,7:4:2,23:4:1,7:4:2,22:2:1,22:2:1,29:0:1,29:0:1,
      29:0:1,29:0:1,29:0:1,29:0:1,22:2:1,15:4:1,23:4:1,15:4:1,22:2:1,29:0:1,29:0:1,29:0:1,29:0:1,
      29:0:1,29:0:1,29:0:1,29:0:1,22:2:1,22:2:1,22:2:1,22:2:1,22:2:1,29:0:1,29:0:1,29:0:1,29:0:1
    </Custom2DField>
  </Connectivity>
  <PhysicsAttributes inertiaTensor="0.500667,0,0,0,2.4,0,0,0,1.94067" centerOfMass="2,0.249,0.8" mass="1" frictionType="0"/>
  <Bounding>
    <AABB minX="-0.4" minY="0" minZ="-0.4" maxX="4.4" maxY="0.498" maxZ="2"/>
  </Bounding>
  <GeometryBounding>
    <AABB minX="-0.4" minY="0" minZ="-0.4" maxX="4.4" maxY="0.498" maxZ="2"/>
  </GeometryBounding>
</LEGOPrimitive>
