<?xml version="1.0" encoding="UTF-8" standalone="no" ?>
<LEGOPrimitive versionMajor="1" versionMinor="0">
  <Annotations>
    <Annotation platformid="200"/>
    <Annotation platformname="SYSTEM"/>
    <Annotation maingroupid="235"/>
    <Annotation maingroupname="FENCES AND LADDERS"/>
    <Annotation designname="CLAMP 1X2"/>
    <Annotation aliases="2432"/>
  </Annotations>
  <Collision>
    <Box sX="0.78995" sY="0.38995" sZ="0.15" angle="180" ax="0" ay="0.707107" az="-0.707107" tx="0.40005" ty="0.16" tz="5E-005"/>
    <Box sX="0.065" sY="0.13995" sZ="0.395" angle="180" ax="0" ay="0.707107" az="-0.707107" tx="1.125" ty="0.725" tz="-0.24995"/>
    <Box sX="0.065" sY="0.13995" sZ="0.503255" angle="180" ax="0" ay="-0.496974" az="0.867766" tx="1.125" ty="0.68643" tz="0.010295"/>
    <Box sX="0.065" sY="0.13995" sZ="0.395" angle="180" ax="0" ay="0.707107" az="-0.707107" tx="-0.325" ty="0.725" tz="-0.24995"/>
    <Box sX="0.065" sY="0.13995" sZ="0.503255" angle="180" ax="0" ay="-0.496974" az="0.867766" tx="-0.325" ty="0.68643" tz="0.010295"/>
    <Box sX="0.79" sY="0.091696" sZ="0.091696" angle="180" ax="0" ay="0.707107" az="-0.707107" tx="0.4" ty="1.13" tz="-0.25"/>
  </Collision>
  <Connectivity>
    <Custom2DField type="22" width="4" height="2" angle="0" ax="0" ay="1" az="0" tx="-0.4" ty="0" tz="-0.4">
      22:1:1,22:2:1,22:2:1,22:2:1,22:1:1,
      22:2:1,15:4:1,9:4:1,15:4:1,22:2:1,
      22:1:1,22:2:1,22:2:1,22:2:1,22:1:1
    </Custom2DField>
    <Axel type="7" length="1.3" requireGrabbing="1" startCapped="1" endCapped="1" angle="90" ax="0" ay="0" az="-1" tx="-0.25" ty="1.12" tz="-0.249959"/>
  </Connectivity>
  <PhysicsAttributes inertiaTensor="0.189973,0,0,0,0.266773,0,0,0,0.349867" centerOfMass="0.4,0.64,0.0004" mass="1" frictionType="0"/>
  <Bounding>
    <AABB minX="-0.4" minY="0" minZ="-0.4" maxX="1.2" maxY="1.28" maxZ="0.4008"/>
  </Bounding>
  <GeometryBounding>
    <AABB minX="-0.4" minY="0" minZ="-0.4" maxX="1.2" maxY="1.28" maxZ="0.4008"/>
  </GeometryBounding>
</LEGOPrimitive>
