<?xml version="1.0" encoding="UTF-8" standalone="no" ?>
<LEGOPrimitive versionMajor="1" versionMinor="0">
  <Annotations>
    <Annotation platformid="200"/>
    <Annotation platformname="SYSTEM"/>
    <Annotation maingroupid="285"/>
    <Annotation maingroupname="CONNECTORS"/>
    <Annotation designname="STEERING LEVER"/>
    <Annotation aliases="2433"/>
  </Annotations>
  <Collision>
    <Box sX="0.151745" sY="0.045" sZ="0.270151" angle="0" ax="0" ay="1" az="0" tx="0.001509" ty="1.385" tz="0"/>
    <Box sX="0.128564" sY="0.455" sZ="0.07" angle="0" ax="0" ay="1" az="0" tx="0" ty="0.865" tz="0"/>
    <Box sX="0.14" sY="0.15" sZ="0.065" angle="120" ax="0.57735" ay="0.57735" az="0.57735" tx="-0.325" ty="0.15" tz="0"/>
    <Box sX="0.14" sY="0.15" sZ="0.065" angle="120" ax="0.57735" ay="0.57735" az="0.57735" tx="0.325" ty="0.15" tz="0"/>
    <Box sX="0.053693" sY="0.077518" sZ="0.39" angle="120" ax="0.57735" ay="0.57735" az="0.57735" tx="0" ty="0.336307" tz="0"/>
    <Box sX="0.254302" sY="0.077518" sZ="0.065" angle="120" ax="0.57735" ay="0.57735" az="0.57735" tx="0.325" ty="0.135698" tz="0"/>
    <Box sX="0.254302" sY="0.077518" sZ="0.065" angle="120" ax="0.57735" ay="0.57735" az="0.57735" tx="-0.325" ty="0.135698" tz="0"/>
    <Box sX="0.14" sY="0.15" sZ="0.065" angle="120" ax="0.57735" ay="0.57735" az="0.57735" tx="0" ty="0.15" tz="0"/>
    <Box sX="0.254302" sY="0.077518" sZ="0.065" angle="120" ax="0.57735" ay="0.57735" az="0.57735" tx="0" ty="0.135698" tz="0"/>
  </Collision>
  <Connectivity>
    <Custom2DField type="23" width="2" height="2" angle="0" ax="0" ay="1" az="0" tx="-0.4" ty="1.44" tz="-0.4">
      29:0,29:0,29:0,
      29:0,1:4:36,29:0,
      29:0,29:0,29:0
    </Custom2DField>
    <Axel type="7" length="0.93" requireGrabbing="1" startCapped="1" endCapped="1" angle="0" ax="0" ay="0" az="1" tx="0" ty="0.4" tz="0"/>
    <Hinge type="170" oriented="0" angle="90" ax="0" ay="0" az="-1" tx="0" ty="0" tz="0"/>
  </Connectivity>
  <PhysicsAttributes inertiaTensor="0.298323,0,0,0,0.088215,0,0,0,0.316774" centerOfMass="0,0.729,0" mass="1" frictionType="0"/>
  <Bounding>
    <AABB minX="-0.4" minY="-0.16" minZ="-0.323491" maxX="0.4" maxY="1.618" maxZ="0.323491"/>
  </Bounding>
  <GeometryBounding>
    <AABB minX="-0.4" minY="-0.16" minZ="-0.323491" maxX="0.4" maxY="1.618" maxZ="0.323491"/>
  </GeometryBounding>
</LEGOPrimitive>
