<?xml version="1.0" encoding="UTF-8" standalone="no" ?>
<LEGOPrimitive versionMajor="1" versionMinor="0">
  <Annotations>
    <Annotation platformid="200"/>
    <Annotation platformname="SYSTEM"/>
    <Annotation maingroupid="228"/>
    <Annotation maingroupname="PLANTS"/>
    <Annotation designname="SPRUCE TREE, SMALL"/>
    <Annotation aliases="2435"/>
  </Annotations>
  <Collision>
    <Box sX="0.605285" sY="0.663116" sZ="0.59456" angle="0" ax="0" ay="1" az="0" tx="0.4" ty="3.41312" tz="-0.4"/>
    <Box sX="0.932267" sY="0.49" sZ="0.923939" angle="0" ax="0" ay="1" az="0" tx="0.4" ty="2.24" tz="-0.4"/>
    <Box sX="1.2562" sY="0.49" sZ="1.25101" angle="0" ax="0" ay="1" az="0" tx="0.4" ty="1.24" tz="-0.4"/>
    <Box sX="0.166777" sY="0.18" sZ="0.166776" angle="45" ax="0" ay="1" az="0" tx="0.4" ty="0.55" tz="-0.4"/>
    <Box sX="0.661751" sY="0.099987" sZ="0.661751" angle="45" ax="0" ay="1" az="0" tx="0.4" ty="0.109987" tz="-0.4"/>
  </Collision>
  <Connectivity>
    <Custom2DField type="22" width="4" height="4" angle="0" ax="0" ay="1" az="0" tx="-0.4" ty="0" tz="-1.2">
      22:1:1,22:2:1,22:2:1,22:2:1,22:1:1,
      22:2:1,15:4,23:4:1,15:4,22:2:1,
      22:2:1,23:4:1,7:4:2,23:4:1,22:2:1,
      22:2:1,15:4,23:4:1,15:4,22:2:1,
      22:1:1,22:2:1,22:2:1,22:2:1,22:1:1
    </Custom2DField>
  </Connectivity>
  <PhysicsAttributes inertiaTensor="1.92149,0,0,0,1.06446,0,0,0,1.92586" centerOfMass="0.4,2.04312,-0.4" mass="1" frictionType="0"/>
  <Bounding>
    <AABB minX="-0.866196" minY="0" minZ="-1.66101" maxX="1.6662" maxY="4.08623" maxZ="0.861006"/>
  </Bounding>
  <GeometryBounding>
    <AABB minX="-0.866196" minY="0" minZ="-1.66101" maxX="1.6662" maxY="4.08623" maxZ="0.861006"/>
  </GeometryBounding>
</LEGOPrimitive>
