<?xml version="1.0" encoding="UTF-8" standalone="no" ?>
<LEGOPrimitive versionMajor="1" versionMinor="0">
  <Annotations>
    <Annotation platformid="200"/>
    <Annotation platformname="SYSTEM"/>
    <Annotation maingroupid="216"/>
    <Annotation maingroupname="PLATES, SPECIAL"/>
    <Annotation designname="ANGLE PLATE 1X2/1X4"/>
    <Annotation aliases="2436"/>
  </Annotations>
  <Collision>
    <Box sX="0.79" sY="0.39" sZ="0.15" angle="180" ax="0" ay="0.707107" az="-0.707107" tx="0.4" ty="0.16" tz="0"/>
    <Box sX="1.59" sY="0.07" sZ="0.39" angle="180" ax="0" ay="0.707107" az="-0.707107" tx="0.4" ty="-0.08" tz="0.48"/>
  </Collision>
  <Connectivity>
    <Custom2DField type="23" width="8" height="2" angle="90" ax="1" ay="0" az="0" tx="-1.2" ty="0.32" tz="0.56">
      18:1:1,23:4:1,18:2:1,23:4:1,18:2:1,23:4:1,18:2:1,23:4:1,18:1:1,
      23:4:1,1:4:1,23:4:1,1:4:1,23:4:1,1:4:1,23:4:1,1:4:1,23:4:1,
      18:1:1,23:4:1,18:2:1,23:4:1,18:2:1,23:4:1,18:2:1,23:4:1,18:1:1
    </Custom2DField>
    <Custom2DField type="23" width="4" height="2" angle="0" ax="0" ay="1" az="0" tx="-0.4" ty="0.32" tz="-0.4">
      18:1:1,23:4:1,18:2:1,23:4:1,18:1:1,
      23:4:1,0:4:1,23:4:1,0:4:1,23:4:1,
      18:1:1,23:4:1,18:2:1,23:4:1,18:1:1
    </Custom2DField>
    <Custom2DField type="22" width="4" height="2" angle="0" ax="0" ay="1" az="0" tx="-0.4" ty="0" tz="-0.4">
      22:1:1,22:2:1,22:2:1,22:2:1,22:1:1,
      22:2:1,15:4:1,9:4:1,15:4:1,22:2:1,
      22:1:1,22:2:1,22:2:1,22:2:1,22:1:1
    </Custom2DField>
  </Connectivity>
  <PhysicsAttributes inertiaTensor="0.187627,0,0,0,0.961254,0,0,0,0.93304" centerOfMass="0.4,0.009,0.169" mass="1" frictionType="0"/>
  <Bounding>
    <AABB minX="-1.2" minY="-0.48" minZ="-0.4" maxX="2" maxY="0.498" maxZ="0.738"/>
  </Bounding>
  <GeometryBounding>
    <AABB minX="-1.2" minY="-0.48" minZ="-0.4" maxX="2" maxY="0.498" maxZ="0.738"/>
  </GeometryBounding>
</LEGOPrimitive>
