<?xml version="1.0" encoding="UTF-8" standalone="no" ?>
<LEGOPrimitive versionMajor="1" versionMinor="0">
  <Annotations>
    <Annotation platformid="200"/>
    <Annotation platformname="SYSTEM"/>
    <Annotation maingroupid="277"/>
    <Annotation maingroupname="WINDSCREENS AND COCKPITS"/>
    <Annotation designname="WINDSCREEN 36 GR. 3X4X1 1/3"/>
    <Annotation aliases="4866;2437"/>
  </Annotations>
  <Collision>
    <Box sX="0.245" sY="0.385" sZ="0.065001" angle="180" ax="0" ay="0.707107" az="-0.707107" tx="0.005" ty="1.205" tz="-0.805"/>
    <Box sX="0.065" sY="0.535" sZ="0.63" angle="180" ax="0" ay="0.707107" az="-0.707107" tx="-0.325" ty="0.64" tz="-1.455"/>
    <Box sX="0.247844" sY="0.385" sZ="0.065001" angle="180" ax="0" ay="0.707107" az="-0.707107" tx="2.39216" ty="1.205" tz="-0.805"/>
    <Box sX="0.065001" sY="0.535" sZ="0.63" angle="180" ax="0" ay="-0.707107" az="0.707107" tx="2.725" ty="0.64" tz="-1.455"/>
    <Box sX="0.065001" sY="0.203309" sZ="0.63" angle="180" ax="0" ay="-0.447213" az="0.894428" tx="2.725" ty="0.640015" tz="-0.696646"/>
    <Box sX="0.065002" sY="0.203309" sZ="0.63" angle="130.18118" ax="0.23219" ay="-0.43499" az="0.869983" tx="-0.135487" ty="0.659387" tz="-0.170816"/>
    <Box sX="1.19" sY="0.058" sZ="0.665" angle="180" ax="0" ay="-0.447213" az="0.894428" tx="1.2" ty="0.699201" tz="-0.059399"/>
    <Box sX="0.065" sY="0.203309" sZ="0.63" angle="67.91924" ax="0.742407" ay="-0.29961" az="0.599222" tx="2.49406" ty="0.644631" tz="-0.190491"/>
    <Box sX="0.065" sY="0.203309" sZ="0.63" angle="180" ax="0" ay="-0.447213" az="0.894428" tx="-0.325" ty="0.640015" tz="-0.696646"/>
    <Box sX="1.19" sY="0.395" sZ="0.15" angle="180" ax="0" ay="-0.707107" az="0.707107" tx="1.2" ty="0.16" tz="-0.005"/>
    <Box sX="0.065" sY="0.479184" sZ="0.15" angle="180" ax="0" ay="-0.707107" az="0.707107" tx="-0.325" ty="0.16" tz="-0.420816"/>
    <Box sX="0.065" sY="0.479184" sZ="0.15" angle="180" ax="0" ay="-0.707107" az="0.707107" tx="2.725" ty="0.16" tz="-0.420816"/>
  </Collision>
  <Connectivity>
    <Custom2DField type="22" width="8" height="2" angle="0" ax="0" ay="1" az="0" tx="-0.4" ty="0" tz="-0.4">
      22:1:1,22:2:1,22:2:1,22:2:1,22:2:1,22:2:1,22:2:1,22:2:1,22:1:1,
      22:2:1,15:4:2,9:4:1,15:4:1,9:4:1,15:4:1,9:4:1,15:4:2,22:2:1,
      22:1:1,22:2:1,22:2:1,22:2:1,22:2:1,22:2:1,22:2:1,22:2:1,22:1:1
    </Custom2DField>
    <Custom2DField type="23" width="2" height="2" angle="0" ax="0" ay="1" az="0" tx="2" ty="1.28" tz="-1.2">
      29:0,29:0,29:0,
      29:0,1:4:32,29:0,
      29:0,29:0,29:0
    </Custom2DField>
    <Custom2DField type="23" width="2" height="2" angle="0" ax="0" ay="1" az="0" tx="-0.4" ty="1.28" tz="-1.2">
      29:0,29:0,29:0,
      29:0,1:4:32,29:0,
      29:0,29:0,29:0
    </Custom2DField>
  </Connectivity>
  <PhysicsAttributes inertiaTensor="0.657147,0,0,0,1.33333,0,0,0,1.03048" centerOfMass="1.2,0.729001,-0.8" mass="1" frictionType="0"/>
  <Bounding>
    <AABB minX="-0.4" minY="0" minZ="-2" maxX="2.8" maxY="1.458" maxZ="0.4"/>
  </Bounding>
  <GeometryBounding>
    <AABB minX="-0.4" minY="0" minZ="-2" maxX="2.8" maxY="1.458" maxZ="0.4"/>
  </GeometryBounding>
</LEGOPrimitive>
