<?xml version="1.0" encoding="UTF-8" standalone="no" ?>
<LEGOPrimitive versionMajor="1" versionMinor="0">
  <Annotations>
    <Annotation platformid="200"/>
    <Annotation platformname="SYSTEM"/>
    <Annotation maingroupid="227"/>
    <Annotation maingroupname="INTERIOR"/>
    <Annotation designname="DUSTBIN"/>
    <Annotation aliases="2439"/>
  </Annotations>
  <Collision>
    <Box sX="0.364166" sY="0.15" sZ="0.041581" angle="0" ax="0" ay="1" az="0" tx="0.4" ty="0.16" tz="0.296332"/>
    <Box sX="0.016534" sY="0.250282" sZ="0.24" angle="0" ax="0" ay="1" az="0" tx="-0.436966" ty="1.75972" tz="-0.4"/>
    <Box sX="0.23838" sY="0.089931" sZ="0.065" angle="0" ax="0" ay="1" az="0" tx="-0.44512" ty="1.59993" tz="-0.075"/>
    <Box sX="0.23838" sY="0.089931" sZ="0.065" angle="0" ax="0" ay="1" az="0" tx="-0.44512" ty="1.59993" tz="-0.725"/>
    <Box sX="0.098631" sY="0.098631" sZ="0.29" angle="45" ax="0" ay="0" az="1" tx="-0.796046" ty="1.59557" tz="-0.4"/>
    <Box sX="0.01715" sY="0.250326" sZ="0.24" angle="0" ax="0" ay="1" az="0" tx="1.23635" ty="1.75967" tz="-0.4"/>
    <Box sX="0.23838" sY="0.089931" sZ="0.065" angle="180" ax="0" ay="1" az="0" tx="1.24512" ty="1.59993" tz="-0.075"/>
    <Box sX="0.23838" sY="0.089931" sZ="0.065" angle="180" ax="0" ay="1" az="0" tx="1.24512" ty="1.59993" tz="-0.725"/>
    <Box sX="0.098631" sY="0.098631" sZ="0.29" angle="180" ax="-0.382683" ay="0.92388" az="0" tx="1.5898" ty="1.60181" tz="-0.4"/>
    <Box sX="0.364166" sY="0.15" sZ="0.041581" angle="90" ax="0" ay="1" az="0" tx="1.09633" ty="0.16" tz="-0.4"/>
    <Box sX="0.172597" sY="0.845" sZ="0.062299" angle="0" ax="0" ay="1" az="0" tx="0.400842" ty="1.06508" tz="0.321693"/>
    <Box sX="0.172597" sY="0.845" sZ="0.062299" angle="30" ax="0" ay="1" az="0" tx="0.761576" ty="1.06508" tz="0.224584"/>
    <Box sX="0.172597" sY="0.845" sZ="0.062299" angle="60" ax="0" ay="1" az="0" tx="1.02543" ty="1.06508" tz="-0.039883"/>
    <Box sX="0.172597" sY="0.845" sZ="0.062299" angle="90" ax="0" ay="1" az="0" tx="1.12169" ty="1.06508" tz="-0.400842"/>
    <Box sX="0.172597" sY="0.845" sZ="0.062299" angle="120" ax="0" ay="1" az="0" tx="1.02458" ty="1.06508" tz="-0.761576"/>
    <Box sX="0.172597" sY="0.845" sZ="0.062299" angle="150" ax="0" ay="1" az="0" tx="0.760117" ty="1.06508" tz="-1.02543"/>
    <Box sX="0.172597" sY="0.845" sZ="0.062299" angle="180" ax="0" ay="1" az="0" tx="0.399158" ty="1.06508" tz="-1.12169"/>
    <Box sX="0.172597" sY="0.845" sZ="0.062299" angle="150" ax="0" ay="-1" az="0" tx="0.038424" ty="1.06508" tz="-1.02458"/>
    <Box sX="0.172597" sY="0.845" sZ="0.062299" angle="120" ax="0" ay="-1" az="0" tx="-0.225425" ty="1.06508" tz="-0.760117"/>
    <Box sX="0.172597" sY="0.845" sZ="0.062299" angle="90" ax="0" ay="-1" az="0" tx="-0.321693" ty="1.06508" tz="-0.399158"/>
    <Box sX="0.172597" sY="0.845" sZ="0.062299" angle="60" ax="0" ay="-1" az="0" tx="-0.224583" ty="1.06508" tz="-0.038424"/>
    <Box sX="0.172597" sY="0.845" sZ="0.062299" angle="30" ax="0" ay="-1" az="0" tx="0.039883" ty="1.06508" tz="0.225426"/>
    <Box sX="0.364166" sY="0.15" sZ="0.041975" angle="90" ax="0" ay="1" az="0" tx="-0.295938" ty="0.16" tz="-0.4"/>
    <Box sX="0.364166" sY="0.15" sZ="0.041581" angle="0" ax="0" ay="1" az="0" tx="0.4" ty="0.16" tz="-1.09633"/>
    <Box sX="0.255394" sY="0.15" sZ="0.275788" angle="0" ax="0" ay="1" az="0" tx="0.420394" ty="0.16" tz="-0.4"/>
  </Collision>
  <Connectivity>
    <Custom2DField type="22" width="4" height="4" angle="0" ax="0" ay="1" az="0" tx="-0.4" ty="0" tz="-1.2">
      29:0:1,22:2:1,22:2:1,22:2:1,29:0:1,
      22:2:1,15:4,23:4:1,15:4,22:2:1,
      22:2:1,23:4:1,7:4:2,23:4:1,22:2:1,
      22:2:1,15:4,23:4:1,15:4,22:2:1,
      29:0:1,22:2:1,22:2:1,22:2:1,29:0:1
    </Custom2DField>
    <Axel type="7" length="0.5" requireGrabbing="1" startCapped="1" endCapped="1" angle="180" ax="0" ay="-0.707107" az="0.707107" tx="1.6" ty="1.6" tz="-0.15"/>
    <Axel type="7" length="0.5" requireGrabbing="1" startCapped="1" endCapped="1" angle="90" ax="-1" ay="0" az="0" tx="-0.8" ty="1.6" tz="-0.15"/>
    <Hinge type="138" oriented="1" angle="0" ax="0" ay="0" az="1" tx="0.4" ty="2.02" tz="-0.4"/>
    <Hinge type="136" oriented="1" angle="0" ax="0" ay="0" az="1" tx="0.4" ty="1.92" tz="-0.4"/>
    <Hinge type="137" oriented="1" angle="0" ax="0" ay="0" az="1" tx="0.4" ty="0" tz="-0.4"/>
  </Connectivity>
  <PhysicsAttributes inertiaTensor="0.553367,0,0,0,0.829866,0,0,0,0.956567" centerOfMass="0.4,1.01,-0.4" mass="1" frictionType="0"/>
  <Bounding>
    <AABB minX="-0.96" minY="0" minZ="-1.2" maxX="1.76" maxY="2.02" maxZ="0.4"/>
  </Bounding>
  <GeometryBounding>
    <AABB minX="-0.9535" minY="0" minZ="-1.19337" maxX="1.7535" maxY="2.02" maxZ="0.3934"/>
  </GeometryBounding>
</LEGOPrimitive>
