<?xml version="1.0" encoding="UTF-8" standalone="no" ?>
<LEGOPrimitive versionMajor="1" versionMinor="0">
  <Annotations>
    <Annotation platformid="200"/>
    <Annotation platformname="SYSTEM"/>
    <Annotation maingroupid="272"/>
    <Annotation maingroupname="TRANSPORTATION MEANS, VEHICLES"/>
    <Annotation designname="SNOW PLOUGH LL"/>
    <Annotation aliases="2440"/>
  </Annotations>
  <Collision>
    <Box sX="0.067403" sY="0.065" sZ="0.163172" angle="0" ax="0" ay="1" az="0" tx="0.236876" ty="1.45" tz="-0.031828"/>
    <Box sX="0.067403" sY="0.065" sZ="0.163172" angle="0" ax="0" ay="1" az="0" tx="-0.236876" ty="1.45" tz="-0.031828"/>
    <Box sX="2.18" sY="0.065" sZ="0.1375" angle="0" ax="0" ay="1" az="0" tx="0" ty="1.45" tz="-0.3525"/>
    <Box sX="2.18" sY="0.065" sZ="0.1375" angle="0" ax="0" ay="1" az="0" tx="0" ty="0" tz="-0.3525"/>
    <Box sX="2.39" sY="0.643328" sZ="0.045" angle="0" ax="0" ay="1" az="0" tx="0" ty="0.725" tz="-0.455"/>
    <Box sX="0.47" sY="0.065" sZ="0.244701" angle="0" ax="0" ay="1" az="0" tx="0" ty="0.725" tz="-0.245299"/>
    <Box sX="0.078824" sY="0.065" sZ="0.086571" angle="24.56989" ax="0" ay="1" az="0" tx="0.196906" ty="0.725" tz="0.027173"/>
    <Box sX="0.078808" sY="0.065" sZ="0.092169" angle="24.80915" ax="0" ay="-1" az="0" tx="-0.196605" ty="0.725" tz="0.02639"/>
    <Box sX="2.39" sY="0.20069" sZ="0.07326" angle="10.91971" ax="1" ay="0" az="0" tx="0" ty="-0.171465" tz="-0.531703"/>
    <Box sX="2.39" sY="0.20069" sZ="0.07326" angle="10.91971" ax="1" ay="0" az="0" tx="0" ty="-0.171465" tz="-0.531703"/>
    <Box sX="2.39" sY="0.20069" sZ="0.07326" angle="10.6122" ax="-1" ay="0" az="0" tx="0" ty="1.61742" tz="-0.529187"/>
    <Box sX="0.103536" sY="0.065" sZ="0.273071" angle="54.0275" ax="0" ay="1" az="0" tx="-0.452575" ty="1.45" tz="-0.099322"/>
    <Box sX="0.103536" sY="0.065" sZ="0.273071" angle="54.0275" ax="0" ay="1" az="0" tx="-0.452575" ty="0" tz="-0.099322"/>
    <Box sX="0.103536" sY="0.065" sZ="0.273071" angle="125.9725" ax="0" ay="1" az="0" tx="0.452575" ty="1.45" tz="-0.099322"/>
    <Box sX="0.103536" sY="0.065" sZ="0.273071" angle="125.9725" ax="0" ay="1" az="0" tx="0.452575" ty="0" tz="-0.099322"/>
    <Box sX="0.067403" sY="0.065" sZ="0.163172" angle="0" ax="0" ay="1" az="0" tx="-0.236876" ty="0" tz="-0.031828"/>
    <Box sX="0.067403" sY="0.065" sZ="0.163172" angle="0" ax="0" ay="1" az="0" tx="0.236876" ty="0" tz="-0.031828"/>
    <Box sX="0.235" sY="0.235" sZ="0.15" angle="0" ax="0" ay="1" az="0" tx="-1.6" ty="0.725" tz="-0.35"/>
    <Box sX="0.235" sY="0.235" sZ="0.15" angle="0" ax="0" ay="1" az="0" tx="1.6" ty="0.725" tz="-0.35"/>
  </Collision>
  <Connectivity>
    <Custom2DField type="22" width="2" height="2" angle="90" ax="-1" ay="0" az="0" tx="-2" ty="0.325" tz="-0.19">
      29:0,29:0,29:0,
      29:0,5:4:32,29:0,
      29:0,29:0,29:0
    </Custom2DField>
    <Custom2DField type="22" width="2" height="2" angle="90" ax="-1" ay="0" az="0" tx="1.2" ty="0.325" tz="-0.19">
      29:0,29:0,29:0,
      29:0,5:4:32,29:0,
      29:0,29:0,29:0
    </Custom2DField>
    <Hinge type="4" oriented="0" angle="90" ax="0" ay="1" az="0" tx="0" ty="0.725" tz="0" LimMin="-1.5707963705062866" LimMax="0" FlipLimMin="-1.5707963705062866" FlipLimMax="0" />
  </Connectivity>
  <PhysicsAttributes inertiaTensor="0.483529,0,0,0,1.9854,0,0,0,2.33813" centerOfMass="0,0.725,-0.249868" mass="1" frictionType="0"/>
  <Bounding>
    <AABB minX="-2.4" minY="-0.395" minZ="-0.692799" maxX="2.4" maxY="1.845" maxZ="0.193063"/>
  </Bounding>
  <GeometryBounding>
    <AABB minX="-2.4" minY="-0.395" minZ="-0.692799" maxX="2.4" maxY="1.845" maxZ="0.193063"/>
  </GeometryBounding>
</LEGOPrimitive>
