<?xml version="1.0" encoding="UTF-8" standalone="no" ?>
<LEGOPrimitive versionMajor="1" versionMinor="0">
  <Annotations>
    <Annotation platformid="200"/>
    <Annotation platformname="SYSTEM"/>
    <Annotation maingroupid="268"/>
    <Annotation maingroupname="WHEEL BASE"/>
    <Annotation designname="CHASSIS 4X7"/>
    <Annotation aliases="2441"/>
  </Annotations>
  <Collision>
    <Box sX="0.79" sY="0.15" sZ="0.79" angle="0" ax="0" ay="1" az="0" tx="-0.4" ty="0.48" tz="-0.4"/>
    <Box sX="0.79" sY="0.15" sZ="0.79" angle="0" ax="0" ay="1" az="0" tx="3.6" ty="0.48" tz="-0.4"/>
    <Box sX="0.71" sY="0.15" sZ="0.79" angle="0" ax="0" ay="1" az="0" tx="0.32" ty="0.16" tz="-0.4"/>
    <Box sX="0.71" sY="0.15" sZ="0.79" angle="0" ax="0" ay="1" az="0" tx="2.88" ty="0.16" tz="-0.4"/>
    <Box sX="0.23" sY="0.15" sZ="0.79" angle="0" ax="0" ay="1" az="0" tx="1.6" ty="0.16" tz="-0.4"/>
    <Box sX="1.99" sY="0.15" sZ="0.31" angle="0" ax="0" ay="1" az="0" tx="1.6" ty="0.16" tz="0.08"/>
    <Box sX="1.99" sY="0.15" sZ="0.31" angle="0" ax="0" ay="1" az="0" tx="1.6" ty="0.16" tz="-0.88"/>
    <Box sX="1.19" sY="0.15" sZ="0.39" angle="0" ax="0" ay="1" az="0" tx="1.6" ty="0.16" tz="0.8"/>
    <Box sX="1.19" sY="0.15" sZ="0.39" angle="0" ax="0" ay="1" az="0" tx="1.6" ty="0.16" tz="-1.6"/>
    <Box sX="0.021175" sY="0.11343" sZ="0.139948" angle="0" ax="0" ay="1" az="0" tx="-0.341325" ty="0.424784" tz="0.850052"/>
    <Box sX="0.021175" sY="0.11343" sZ="0.139948" angle="0" ax="0" ay="1" az="0" tx="-0.458675" ty="0.424784" tz="0.850052"/>
    <Box sX="0.043492" sY="0.070069" sZ="0.139948" angle="0" ax="0" ay="1" az="0" tx="-0.319008" ty="0.430565" tz="0.850052"/>
    <Box sX="0.043492" sY="0.070069" sZ="0.139948" angle="0" ax="0" ay="1" az="0" tx="-0.480992" ty="0.430565" tz="0.850052"/>
    <Box sX="0.120606" sY="0.070069" sZ="0.089464" angle="0" ax="0" ay="1" az="0" tx="-0.4" ty="0.430565" tz="0.600641"/>
    <Box sX="0.061366" sY="0.13033" sZ="0.089463" angle="0" ax="0" ay="1" az="0" tx="-0.4" ty="0.430565" tz="0.600641"/>
    <Box sX="0.094475" sY="0.173035" sZ="0.04" angle="0" ax="0" ay="1" az="0" tx="-0.401723" ty="0.432754" tz="0.45"/>
    <Box sX="0.304209" sY="0.1" sZ="0.015869" angle="0" ax="0" ay="1" az="0" tx="-0.401681" ty="0.430303" tz="0.425868"/>
    <Box sX="0.216795" sY="0.1" sZ="0.04" angle="0" ax="0" ay="1" az="0" tx="-0.4025" ty="0.430303" tz="0.45"/>
    <Box sX="0.021175" sY="0.11343" sZ="0.139948" angle="180" ax="0" ay="1" az="0" tx="3.54132" ty="0.424784" tz="0.850052"/>
    <Box sX="0.021175" sY="0.11343" sZ="0.139948" angle="180" ax="0" ay="1" az="0" tx="3.65868" ty="0.424784" tz="0.850052"/>
    <Box sX="0.043492" sY="0.070069" sZ="0.139948" angle="180" ax="0" ay="1" az="0" tx="3.51901" ty="0.430565" tz="0.850052"/>
    <Box sX="0.043492" sY="0.070069" sZ="0.139948" angle="180" ax="0" ay="1" az="0" tx="3.68099" ty="0.430565" tz="0.850052"/>
    <Box sX="0.120606" sY="0.070069" sZ="0.089464" angle="180" ax="0" ay="1" az="0" tx="3.6" ty="0.430565" tz="0.600641"/>
    <Box sX="0.061366" sY="0.13033" sZ="0.089463" angle="180" ax="0" ay="1" az="0" tx="3.6" ty="0.430565" tz="0.600641"/>
    <Box sX="0.094475" sY="0.173035" sZ="0.04" angle="180" ax="0" ay="1" az="0" tx="3.60172" ty="0.432754" tz="0.45"/>
    <Box sX="0.304209" sY="0.1" sZ="0.015869" angle="180" ax="0" ay="1" az="0" tx="3.60168" ty="0.430303" tz="0.425868"/>
    <Box sX="0.216795" sY="0.1" sZ="0.04" angle="180" ax="0" ay="1" az="0" tx="3.6025" ty="0.430303" tz="0.45"/>
    <Box sX="0.021175" sY="0.11343" sZ="0.139948" angle="180" ax="0" ay="1" az="0" tx="3.54132" ty="0.424784" tz="-1.65005"/>
    <Box sX="0.021175" sY="0.11343" sZ="0.139948" angle="180" ax="0" ay="1" az="0" tx="3.65868" ty="0.424784" tz="-1.65005"/>
    <Box sX="0.043492" sY="0.070069" sZ="0.139948" angle="180" ax="0" ay="1" az="0" tx="3.51901" ty="0.430565" tz="-1.65005"/>
    <Box sX="0.043492" sY="0.070069" sZ="0.139948" angle="180" ax="0" ay="1" az="0" tx="3.68099" ty="0.430565" tz="-1.65005"/>
    <Box sX="0.120606" sY="0.070069" sZ="0.089464" angle="180" ax="0" ay="1" az="0" tx="3.6" ty="0.430565" tz="-1.40064"/>
    <Box sX="0.061366" sY="0.13033" sZ="0.089463" angle="180" ax="0" ay="1" az="0" tx="3.6" ty="0.430565" tz="-1.40064"/>
    <Box sX="0.094475" sY="0.173035" sZ="0.04" angle="180" ax="0" ay="1" az="0" tx="3.60172" ty="0.432754" tz="-1.25"/>
    <Box sX="0.304209" sY="0.1" sZ="0.015869" angle="180" ax="0" ay="1" az="0" tx="3.60168" ty="0.430303" tz="-1.22587"/>
    <Box sX="0.216795" sY="0.1" sZ="0.04" angle="180" ax="0" ay="1" az="0" tx="3.6025" ty="0.430303" tz="-1.25"/>
    <Box sX="0.021175" sY="0.11343" sZ="0.139948" angle="0" ax="0" ay="1" az="0" tx="-0.341325" ty="0.424784" tz="-1.65005"/>
    <Box sX="0.021175" sY="0.11343" sZ="0.139948" angle="0" ax="0" ay="1" az="0" tx="-0.458675" ty="0.424784" tz="-1.65005"/>
    <Box sX="0.043492" sY="0.070069" sZ="0.139948" angle="0" ax="0" ay="1" az="0" tx="-0.319008" ty="0.430565" tz="-1.65005"/>
    <Box sX="0.043492" sY="0.070069" sZ="0.139948" angle="0" ax="0" ay="1" az="0" tx="-0.480992" ty="0.430565" tz="-1.65005"/>
    <Box sX="0.120606" sY="0.070069" sZ="0.089464" angle="0" ax="0" ay="1" az="0" tx="-0.4" ty="0.430565" tz="-1.40064"/>
    <Box sX="0.061366" sY="0.13033" sZ="0.089463" angle="0" ax="0" ay="1" az="0" tx="-0.4" ty="0.430565" tz="-1.40064"/>
    <Box sX="0.094475" sY="0.173035" sZ="0.04" angle="0" ax="0" ay="1" az="0" tx="-0.401723" ty="0.432754" tz="-1.25"/>
    <Box sX="0.304209" sY="0.1" sZ="0.015869" angle="0" ax="0" ay="1" az="0" tx="-0.401681" ty="0.430303" tz="-1.22587"/>
    <Box sX="0.216795" sY="0.1" sZ="0.04" angle="0" ax="0" ay="1" az="0" tx="-0.4025" ty="0.430303" tz="-1.25"/>
  </Collision>
  <Connectivity>
    <Custom2DField type="23" width="4" height="4" angle="0" ax="0" ay="1" az="0" tx="2.8" ty="0.64" tz="-1.2">
      18:1:1,23:4:1,18:2:1,23:4:1,18:1:1,
      23:4:1,0:4:1,23:4:1,0:4:1,23:4:1,
      18:2:1,23:4:1,18:4:1,23:4:1,18:2:1,
      23:4:1,0:4:1,23:4:1,0:4:1,23:4:1,
      18:1:1,23:4:1,18:2:1,23:4:1,18:1:1
    </Custom2DField>
    <Custom2DField type="23" width="6" height="8" angle="0" ax="0" ay="1" az="0" tx="0.4" ty="0.32" tz="-2">
      18:1:1,23:4:1,18:2:1,23:4:1,18:2:1,23:4:1,18:1:1,
      23:4:1,0:4:1,23:4:1,0:4:1,23:4:1,0:4:1,23:4:1,
      18:2:1,23:4:1,18:4:1,23:4:1,18:4:1,23:4:1,18:2:1,
      23:4:1,0:4:1,23:4:1,0:4:1,23:4:1,0:4:1,23:4:1,
      18:2:1,23:4:1,18:4:1,23:4:1,18:4:1,23:4:1,18:2:1,
      23:4:1,0:4:1,23:4:1,0:4:1,23:4:1,0:4:1,23:4:1,
      18:2:1,23:4:1,18:4:1,23:4:1,18:4:1,23:4:1,18:2:1,
      23:4:1,0:4:1,23:4:1,0:4:1,23:4:1,0:4:1,23:4:1,
      18:1:1,23:4:1,18:2:1,23:4:1,18:2:1,23:4:1,18:1:1
    </Custom2DField>
    <Custom2DField type="23" width="4" height="4" angle="0" ax="0" ay="1" az="0" tx="-1.2" ty="0.64" tz="-1.2">
      18:1:1,23:4:1,18:2:1,23:4:1,18:1:1,
      23:4:1,0:4:1,23:4:1,0:4:1,23:4:1,
      18:2:1,23:4:1,18:4:1,23:4:1,18:2:1,
      23:4:1,0:4:1,23:4:1,0:4:1,23:4:1,
      18:1:1,23:4:1,18:2:1,23:4:1,18:1:1
    </Custom2DField>
    <Custom2DField type="22" width="2" height="4" angle="0" ax="0" ay="1" az="0" tx="3.6" ty="0.32" tz="-1.2">
      22:1:1,22:2:1,22:1:1,
      22:2:1,15:4:1,22:2:1,
      22:2:1,9:4:1,22:2:1,
      22:2:1,15:4:1,22:2:1,
      22:1:1,22:2:1,22:1:1
    </Custom2DField>
    <Custom2DField type="22" width="10" height="8" angle="0" ax="0" ay="1" az="0" tx="-0.4" ty="0" tz="-2">
      29:0:1,29:0:1,22:1:1,22:2:1,22:2:1,22:2:1,22:2:1,22:2:1,22:1:1,29:0:1,29:0:1,
      29:0:1,29:0:1,22:2:1,15:4:1,9:4:1,15:4:1,9:4:1,15:4:1,22:2:1,29:0:1,29:0:1,
      22:1:1,22:2:1,22:2:1,22:2:1,22:2:1,22:2:1,22:2:1,22:2:1,22:2:1,22:2:1,22:1:1,
      22:2:1,15:4:1,22:2:1,15:4:1,9:4:1,15:4:1,9:4:1,15:4:1,22:2:1,15:4:1,22:2:1,
      22:2:1,9:4:1,22:2:1,9:4:1,7:4:1,9:4:1,7:4:1,9:4:1,22:2:1,9:4:1,22:2:1,
      22:2:1,15:4:1,22:2:1,15:4:1,9:4:1,15:4:1,9:4:1,15:4:1,22:2:1,15:4:1,22:2:1,
      22:1:1,22:2:1,22:2:1,22:2:1,22:2:1,22:2:1,22:2:1,22:2:1,22:2:1,22:2:1,22:1:1,
      29:0:1,29:0:1,22:2:1,15:4:1,9:4:1,15:4:1,9:4:1,15:4:1,22:2:1,29:0:1,29:0:1,
      29:0:1,29:0:1,22:1:1,22:2:1,22:2:1,22:2:1,22:2:1,22:2:1,22:1:1,29:0:1,29:0:1
    </Custom2DField>
    <Custom2DField type="22" width="2" height="4" angle="0" ax="0" ay="1" az="0" tx="-1.2" ty="0.32" tz="-1.2">
      22:1:1,22:2:1,22:1:1,
      22:2:1,15:4:1,22:2:1,
      22:2:1,9:4:1,22:2:1,
      22:2:1,15:4:1,22:2:1,
      22:1:1,22:2:1,22:1:1
    </Custom2DField>
    <Hinge type="87" oriented="0" angle="120" ax="0.57735" ay="-0.57735" az="-0.57735" tx="3.61686" ty="0.430303" tz="0.71"/>
    <Hinge type="87" oriented="0" angle="120" ax="-0.57735" ay="0.57735" az="-0.57735" tx="3.61686" ty="0.430303" tz="-1.51"/>
    <Hinge type="87" oriented="0" angle="120" ax="0.57735" ay="-0.57735" az="-0.57735" tx="-0.4" ty="0.430303" tz="0.71"/>
    <Hinge type="87" oriented="0" angle="120" ax="-0.57735" ay="0.57735" az="-0.57735" tx="-0.4" ty="0.430303" tz="-1.51"/>
  </Connectivity>
  <PhysicsAttributes inertiaTensor="0.909094,0,0,0,3.46667,0,0,0,2.66909" centerOfMass="1.6,0.409,-0.4" mass="1" frictionType="0"/>
  <Bounding>
    <AABB minX="-1.2" minY="0" minZ="-2" maxX="4.4" maxY="0.818" maxZ="1.2"/>
  </Bounding>
  <GeometryBounding>
    <AABB minX="-1.2" minY="0" minZ="-2" maxX="4.4" maxY="0.818" maxZ="1.2"/>
  </GeometryBounding>
</LEGOPrimitive>
