<?xml version="1.0" encoding="UTF-8" standalone="no" ?>
<LEGOPrimitive versionMajor="1" versionMinor="0">
  <Annotations>
    <Annotation platformid="200"/>
    <Annotation platformname="SYSTEM"/>
    <Annotation maingroupid="226"/>
    <Annotation maingroupname="GATES AND ROOFS"/>
    <Annotation designname="OCTAGONAL WINDOW"/>
    <Annotation aliases="2443"/>
  </Annotations>
  <Collision>
    <Box sX="0.065" sY="0.0505" sZ="0.234399" angle="180" ax="0" ay="1" az="0" tx="0.475" ty="3.6645" tz="0.794399"/>
    <Box sX="0.79" sY="0.315" sZ="0.075" angle="180" ax="0" ay="1" az="0" tx="1.2" ty="3.515" tz="0.635"/>
    <Box sX="0.065" sY="0.09" sZ="0.42" angle="180" ax="0" ay="1" az="0" tx="0.475" ty="3.14" tz="0.98"/>
    <Box sX="0.065" sY="0.09" sZ="0.42" angle="180" ax="0" ay="1" az="0" tx="1.925" ty="3.14" tz="0.98"/>
    <Box sX="0.065" sY="0.0505" sZ="0.234399" angle="180" ax="0" ay="1" az="0" tx="1.925" ty="3.6645" tz="0.794399"/>
    <Box sX="0.64" sY="0.065" sZ="0.42" angle="180" ax="0" ay="1" az="0" tx="1.2" ty="3.115" tz="0.98"/>
    <Box sX="0.065" sY="0.2575" sZ="0.065" angle="180" ax="0" ay="1" az="0" tx="0.475" ty="3.4575" tz="0.795"/>
    <Box sX="0.065" sY="0.2575" sZ="0.065" angle="180" ax="0" ay="1" az="0" tx="1.925" ty="3.4575" tz="0.795"/>
    <Box sX="1.58662" sY="0.15" sZ="0.465" angle="0" ax="0" ay="1" az="0" tx="1.20338" ty="0.16" tz="0.075"/>
    <Box sX="1.43" sY="0.065" sZ="0.4645" angle="90" ax="0" ay="0" az="1" tx="2.725" ty="1.44" tz="0.0745"/>
    <Box sX="1.43" sY="0.065" sZ="0.465" angle="90" ax="0" ay="0" az="1" tx="-0.325" ty="1.44" tz="0.075"/>
    <Box sX="1.59" sY="0.065" sZ="0.465" angle="0" ax="0" ay="1" az="0" tx="1.2" ty="2.805" tz="0.075"/>
    <Box sX="0.465" sY="0.79" sZ="0.065" angle="180" ax="0" ay="1" az="0" tx="-0.725" ty="1.44" tz="0.475"/>
    <Box sX="1.12137" sY="0.149295" sZ="0.065" angle="180" ax="0.382683" ay="0.92388" az="0" tx="-0.287362" ty="-0.047362" tz="0.475"/>
    <Box sX="1.12137" sY="0.149295" sZ="0.0645" angle="180" ax="-0.382683" ay="0.92388" az="0" tx="-0.287362" ty="2.92736" tz="0.4745"/>
    <Box sX="1.12137" sY="0.149295" sZ="0.0645" angle="45" ax="0" ay="0" az="-1" tx="2.68736" ty="2.92736" tz="0.4745"/>
    <Box sX="1.12137" sY="0.149295" sZ="0.065" angle="45" ax="0" ay="0" az="1" tx="2.68736" ty="-0.047362" tz="0.475"/>
    <Box sX="0.79" sY="0.515773" sZ="0.065" angle="0" ax="0" ay="1" az="0" tx="1.2" ty="3.31423" tz="0.475"/>
    <Box sX="0.79" sY="0.629149" sZ="0.065" angle="0" ax="0" ay="1" az="0" tx="1.2" ty="-0.320851" tz="0.475"/>
    <Box sX="0.465" sY="0.79" sZ="0.065" angle="0" ax="0" ay="1" az="0" tx="3.125" ty="1.44" tz="0.475"/>
    <Box sX="1.44001" sY="0.04" sZ="0.04" angle="0" ax="0" ay="1" az="0" tx="1.20001" ty="0.37" tz="0"/>
  </Collision>
  <Connectivity>
    <Custom2DField type="22" width="8" height="2" angle="0" ax="0" ay="1" az="0" tx="-0.4" ty="0" tz="-0.4">
      22:1:1,22:2:1,22:2:1,22:2:1,22:2:1,22:2:1,22:2:1,22:2:1,22:1:1,
      22:2:1,15:4,9:4:1,15:4:1,9:4:1,15:4:1,9:4:1,15:4,22:2:1,
      22:1:1,22:2:1,22:2:1,22:2:1,22:2:1,22:2:1,22:2:1,22:2:1,22:1:1
    </Custom2DField>
    <Custom2DField type="23" width="8" height="2" angle="0" ax="0" ay="1" az="0" tx="-0.4" ty="2.88" tz="-0.4">
      18:1:1,23:4:1,18:2:1,23:4:1,18:2:1,23:4:1,18:2:1,23:4:1,18:1:1,
      23:4:1,0:4,23:4:1,1:4:1,23:4:1,1:4:1,23:4:1,0:4,23:4:1,
      18:1:1,23:4:1,18:2:1,23:4:1,18:2:1,23:4:1,18:2:1,23:4:1,18:1:1
    </Custom2DField>
    <Hinge type="18" oriented="0" angle="0" ax="0" ay="0" az="1" tx="-0.12824" ty="1.52022" tz="-0.165"/>
    <Hinge type="18" oriented="0" angle="0" ax="0" ay="0" az="1" tx="-0.12824" ty="1.52022" tz="0.165"/>
    <Hinge type="18" oriented="0" angle="0" ax="0" ay="0" az="1" tx="2.527" ty="1.52022" tz="0.165"/>
    <Hinge type="18" oriented="0" angle="0" ax="0" ay="0" az="1" tx="2.527" ty="1.52022" tz="-0.165"/>
    <Hinge type="22" oriented="0" angle="90" ax="0" ay="0" az="-1" tx="1.2" ty="1.52455" tz="0.17"/>
    <Custom2DField type="23" width="12" height="8" angle="90" ax="1" ay="0" az="0" tx="-1.2" ty="2.24" tz="0.549">
      18:1:1,23:4:1,29:0:1,29:0:1,29:0:1,29:0:1,29:0:1,29:0:1,29:0:1,29:0:1,29:0:1,23:4:1,18:1:1,
      23:4:1,1:4:1,29:0:1,29:0:1,29:0:1,29:0:1,29:0:1,29:0:1,29:0:1,29:0:1,29:0:1,1:4:1,23:4:1,
      18:2:1,23:4:1,29:0:1,29:0:1,29:0:1,29:0:1,29:0:1,29:0:1,29:0:1,29:0:1,29:0:1,23:4:1,18:2:1,
      23:4:1,1:4:1,29:0:1,29:0:1,29:0:1,29:0:1,29:0:1,29:0:1,29:0:1,29:0:1,29:0:1,1:4:1,23:4:1,
      18:1:1,23:4:1,29:0:1,29:0:1,29:0:1,29:0:1,29:0:1,29:0:1,29:0:1,29:0:1,29:0:1,23:4:1,18:1:1,
      29:0:1,29:0:1,29:0:1,29:0:1,29:0:1,29:0:1,29:0:1,29:0:1,29:0:1,29:0:1,29:0:1,29:0:1,29:0:1,
      29:0:1,29:0:1,29:0:1,29:0:1,29:0:1,23:4:1,29:0:1,23:4:1,29:0:1,29:0:1,29:0:1,29:0:1,29:0:1,
      29:0:1,29:0:1,29:0:1,29:0:1,23:4:1,1:4:1,23:4:1,1:4:1,23:4:1,29:0:1,29:0:1,29:0:1,29:0:1,
      29:0:1,29:0:1,29:0:1,29:0:1,18:1:1,23:4:1,18:2:1,23:4:1,18:1:1,29:0:1,29:0:1,29:0:1,29:0:1
    </Custom2DField>
    <Hinge type="4" oriented="0" angle="120" ax="0.57735" ay="0.57735" az="-0.57735" tx="1.2" ty="3.44" tz="1.12" LimMin="-1.5707963705062866" LimMax="0" FlipLimMin="-1.5707963705062866" FlipLimMax="0" />
  </Connectivity>
  <PhysicsAttributes inertiaTensor="2.19301,0,0,0,2.19301,0,0,0,3.84" centerOfMass="1.2,1.44,0.505" mass="1" frictionType="0"/>
  <Bounding>
    <AABB minX="-1.2" minY="-0.96" minZ="-0.4" maxX="3.6" maxY="3.84" maxZ="1.41"/>
  </Bounding>
  <GeometryBounding>
    <AABB minX="-1.2" minY="-0.96" minZ="-0.4" maxX="3.6" maxY="3.84" maxZ="1.41"/>
  </GeometryBounding>
</LEGOPrimitive>
