<?xml version="1.0" encoding="UTF-8" standalone="no" ?>
<LEGOPrimitive versionMajor="1" versionMinor="0">
  <Annotations>
    <Annotation platformid="200"/>
    <Annotation platformname="SYSTEM"/>
    <Annotation maingroupid="216"/>
    <Annotation maingroupname="PLATES, SPECIAL"/>
    <Annotation designname="TECHNIC BEARING PLATE 2X2"/>
    <Annotation aliases="2444"/>
  </Annotations>
  <DefaultOrientation angle="180" ax="0" ay="1" az="0" tx="0.8" ty="0" tz="-0.8"/>
  <DefaultCamera lat="-0.550101" lon="0.660398"/>
  <Collision>
    <Box sX="0.79" sY="0.79" sZ="0.025" angle="180" ax="0" ay="0.707107" az="-0.707107" tx="0.4" ty="0.285" tz="-0.4"/>
    <Box sX="0.235" sY="0.79" sZ="0.15" angle="180" ax="0" ay="0.707107" az="-0.707107" tx="-0.155" ty="0.16" tz="-0.4"/>
    <Box sX="0.235" sY="0.79" sZ="0.15" angle="180" ax="0" ay="0.707107" az="-0.707107" tx="0.955" ty="0.16" tz="-0.4"/>
    <Box sX="0.3" sY="0.375" sZ="0.115" angle="180" ax="0" ay="-0.707107" az="0.707107" tx="0.4" ty="0.125" tz="0.015"/>
    <Box sX="0.022913" sY="0.35" sZ="0.09094" angle="90.9762" ax="-0.983106" ay="0.129428" az="-0.129428" tx="0.732084" ty="-0.148981" tz="-0.840001"/>
    <Box sX="0.022913" sY="0.35" sZ="0.09094" angle="98.42106" ax="-0.862856" ay="0.357407" az="-0.357407" tx="0.643102" ty="-0.303102" tz="-0.840001"/>
    <Box sX="0.022913" sY="0.35" sZ="0.090939" angle="111.75204" ax="-0.677661" ay="0.519988" az="-0.519988" tx="0.488982" ty="-0.392084" tz="-0.840001"/>
    <Box sX="0.022913" sY="0.35" sZ="0.09094" angle="129.00658" ax="-0.476905" ay="0.621515" az="-0.621515" tx="0.311019" ty="-0.392084" tz="-0.840001"/>
    <Box sX="0.022913" sY="0.35" sZ="0.09094" angle="148.60028" ax="-0.281085" ay="0.678598" az="-0.678598" tx="0.156898" ty="-0.303102" tz="-0.840001"/>
    <Box sX="0.022913" sY="0.35" sZ="0.090939" angle="169.4086" ax="-0.092691" ay="0.704063" az="-0.704063" tx="0.067916" ty="-0.148982" tz="-0.840001"/>
  </Collision>
  <Connectivity>
    <Custom2DField type="23" width="4" height="4" angle="0" ax="0" ay="1" az="0" tx="-0.4" ty="0.32" tz="-1.2">
      18:1:1,23:4:1,18:2:1,23:4:1,18:1:1,
      23:4:1,1:4:1,23:4:1,1:4:1,23:4:1,
      18:2:1,23:4:1,18:4:1,23:4:1,18:2:1,
      23:4:1,1:4:1,23:4:1,1:4:1,23:4:1,
      18:1:1,23:4:1,18:2:1,23:4:1,18:1:1
    </Custom2DField>
    <Axel type="2" length="0.8" grabbing="0" startCapped="0" endCapped="0" angle="120" ax="0.57735" ay="-0.57735" az="-0.57735" tx="0.4" ty="-0.06" tz="-1.2"/>
    <Custom2DField type="22" width="4" height="2" angle="0" ax="0" ay="1" az="0" tx="-0.4" ty="0" tz="-0.4">
      22:1:1,22:2:1,22:2:1,22:2:1,22:1:1,
      22:2:1,15:4:1,9:4:1,15:4:1,22:2:1,
      22:1:1,22:2:1,22:2:1,22:2:1,22:1:1
    </Custom2DField>
    <Custom2DField type="22" width="2" height="2" angle="180" ax="0" ay="0.707107" az="0.707107" tx="0.8" ty="-0.46" tz="-1.2">
      22:1:1,22:2:1,22:1:1,
      22:2:1,16:4:64,22:2:1,
      22:1:1,22:2:1,22:1:1
    </Custom2DField>
  </Connectivity>
  <PhysicsAttributes inertiaTensor="0.290134,0,0,0,0.426667,0,0,0,0.290133" centerOfMass="0.4,0.02,-0.4" mass="1" frictionType="0"/>
  <Bounding>
    <AABB minX="-0.4" minY="-0.46" minZ="-1.2" maxX="1.2" maxY="0.5" maxZ="0.4"/>
  </Bounding>
  <GeometryBounding>
    <AABB minX="-0.4" minY="-0.45" minZ="-1.2" maxX="1.2" maxY="0.5" maxZ="0.4"/>
  </GeometryBounding>
</LEGOPrimitive>
