<?xml version="1.0" encoding="UTF-8" standalone="no" ?>
<LEGOPrimitive versionMajor="1" versionMinor="0">
  <Annotations>
    <Annotation platformid="200"/>
    <Annotation platformname="SYSTEM"/>
    <Annotation maingroupid="205"/>
    <Annotation maingroupname="BRICKS WITH SLOPE"/>
    <Annotation designname="ROOF TILE 1X2X3/74° INV."/>
    <Annotation aliases="2449"/>
  </Annotations>
  <Collision>
    <Box sX="0.39" sY="0.39" sZ="1.43" angle="180" ax="0" ay="0.707107" az="-0.707107" tx="0" ty="1.44" tz="0"/>
    <Box sX="0.39" sY="0.79" sZ="0.0555" angle="180" ax="0" ay="0.707107" az="-0.707107" tx="0" ty="2.8145" tz="0.4"/>
    <Box sX="0.39" sY="1.42152" sZ="0.216503" angle="180" ax="0" ay="-0.14116" az="0.989987" tx="0" ty="1.43784" tz="0.582423"/>
  </Collision>
  <Connectivity>
    <Custom2DField type="23" width="2" height="4" angle="0" ax="0" ay="1" az="0" tx="-0.4" ty="2.88" tz="-0.4">
      18:1:1,23:4:1,18:1:1,
      23:4:1,1:4:1,23:4:1,
      18:2:1,23:4:1,18:2:1,
      23:4:1,1:4:1,23:4:1,
      18:1:1,23:4:1,18:1:1
    </Custom2DField>
    <Custom2DField type="22" width="2" height="2" angle="0" ax="0" ay="1" az="0" tx="-0.4" ty="0" tz="-0.4">
      22:1:1,22:2:1,22:1:1,
      22:2:1,15:4:1,22:2:1,
      22:1:1,22:2:1,22:1:1
    </Custom2DField>
    <Custom2DField type="22" width="2" height="6" angle="90" ax="1" ay="0" az="0" tx="-0.4" ty="2.88" tz="-0.4">
      22:1:1,22:2:1,22:1:1,
      22:2:1,15:4:1,22:2:1,
      22:2:1,9:4:1,22:2:1,
      22:2:1,15:4:1,22:2:1,
      22:2:1,9:4:1,22:2:1,
      22:2:1,15:4:1,22:2:1,
      22:1:1,22:2:1,22:1:1
    </Custom2DField>
  </Connectivity>
  <PhysicsAttributes inertiaTensor="0.992614,0,0,0,0.266667,0,0,0,0.832614" centerOfMass="0,1.529,0.4" mass="1" frictionType="0"/>
  <Bounding>
    <AABB minX="-0.4" minY="0" minZ="-0.4" maxX="0.4" maxY="3.058" maxZ="1.2"/>
  </Bounding>
  <GeometryBounding>
    <AABB minX="-0.4" minY="0" minZ="-0.4" maxX="0.4" maxY="3.058" maxZ="1.2"/>
  </GeometryBounding>
</LEGOPrimitive>
