<?xml version="1.0" encoding="UTF-8" standalone="no" ?>
<LEGOPrimitive versionMajor="1" versionMinor="0">
  <Annotations>
    <Annotation platformid="200"/>
    <Annotation platformname="SYSTEM"/>
    <Annotation maingroupid="217"/>
    <Annotation maingroupname="PLATES, SPECIAL CIRCLES AND ANGLES"/>
    <Annotation designname="CORNER PLATE 45 DEG. 3X3"/>
    <Annotation aliases="2450"/>
  </Annotations>
  <Collision>
    <Box sX="0.39" sY="0.15" sZ="1.19" angle="89.99996" ax="0" ay="-1" az="0" tx="0.8" ty="0.16" tz="0"/>
    <Box sX="0.39" sY="0.15" sZ="0.79" angle="89.99996" ax="0" ay="-1" az="0" tx="0.4" ty="0.16" tz="0.8"/>
    <Box sX="0.39" sY="0.15" sZ="0.39" angle="89.99996" ax="0" ay="-1" az="0" tx="0" ty="0.16" tz="1.6"/>
    <Box sX="0.14" sY="0.15" sZ="0.061889" angle="45" ax="0" ay="1" az="0" tx="1.82361" ty="0.16" tz="0.471267"/>
    <Box sX="0.306986" sY="0.15" sZ="0.061889" angle="45" ax="0" ay="1" az="0" tx="1.14344" ty="0.16" tz="1.15268"/>
    <Box sX="0.143287" sY="0.15" sZ="0.061889" angle="45" ax="0" ay="1" az="0" tx="0.458683" ty="0.16" tz="1.83744"/>
    <Box sX="1.11979" sY="0.045" sZ="0.272062" angle="45" ax="0" ay="1" az="0" tx="1.00056" ty="0.265" tz="0.998333"/>
  </Collision>
  <Connectivity>
    <Custom2DField type="23" width="6" height="6" angle="0" ax="0" ay="1" az="0" tx="-0.4" ty="0.32" tz="-0.4">
      18:1:1,23:4:1,18:2:1,23:4:1,18:2:1,23:4:1,18:1:1,
      23:4:1,0:4:1,23:4:1,0:4:1,23:4:1,0:4:1,23:4:1,
      18:2:1,23:4:1,18:4:1,23:4:1,18:3:1,23:4:1,18:1:1,
      23:4:1,0:4:1,23:4:1,0:4:1,23:4:1,29:0:1,29:0:1,
      18:2:1,23:4:1,18:3:1,23:4:1,29:0:1,29:0:1,29:0:1,
      23:4:1,0:4:1,23:4:1,29:0:1,29:0:1,29:0:1,29:0:1,
      18:1:1,23:4:1,18:1:1,29:0:1,29:0:1,29:0:1,29:0:1
    </Custom2DField>
    <Custom2DField type="22" width="6" height="6" angle="0" ax="0" ay="1" az="0" tx="-0.4" ty="0" tz="-0.4">
      22:1:1,22:2:1,22:2:1,22:2:1,22:2:1,22:2:1,22:1:1,
      22:2:1,15:4:1,23:4:1,15:4:1,23:4:1,15:4:1,22:2:1,
      22:2:1,23:4:1,7:4:2,23:4:1,7:4:2,22:2:1,22:2:1,
      22:2:1,15:4:1,23:4:1,15:4:1,22:2:1,29:0:1,29:0:1,
      22:2:1,23:4:1,7:4:2,22:2:1,22:2:1,29:0:1,29:0:1,
      22:2:1,15:4:1,22:2:1,29:0:1,29:0:1,29:0:1,29:0:1,
      22:1:1,22:2:1,22:2:1,29:0:1,29:0:1,29:0:1,29:0:1
    </Custom2DField>
  </Connectivity>
  <PhysicsAttributes inertiaTensor="0.500667,0,0,0,0.96,0,0,0,0.500667" centerOfMass="0.8,0.248,0.8" mass="1" frictionType="0"/>
  <Bounding>
    <AABB minX="-0.4" minY="-0.001001" minZ="-0.4" maxX="2" maxY="0.497" maxZ="2"/>
  </Bounding>
  <GeometryBounding>
    <AABB minX="-0.4" minY="-0.000999" minZ="-0.4" maxX="2" maxY="0.497" maxZ="2"/>
  </GeometryBounding>
</LEGOPrimitive>
