<?xml version="1.0" encoding="UTF-8" standalone="no" ?>
<LEGOPrimitive versionMajor="1" versionMinor="0">
  <Annotations>
    <Annotation platformid="200"/>
    <Annotation platformname="SYSTEM"/>
    <Annotation maingroupid="202"/>
    <Annotation maingroupname="BRICKS, SPECIAL"/>
    <Annotation designname="BRICK 1X2 W. HORIZONTAL SNAP"/>
    <Annotation aliases="2458"/>
  </Annotations>
  <Collision>
    <Box sX="0.79" sY="0.39" sZ="0.47" angle="180" ax="0" ay="0.707107" az="-0.707107" tx="0.4" ty="0.48" tz="0"/>
    <Box sX="0.163823" sY="0.39" sZ="0.156042" angle="180" ax="0" ay="0.707107" az="-0.707107" tx="0.4" ty="0.577253" tz="0.801"/>
  </Collision>
  <Connectivity>
    <Custom2DField type="23" width="4" height="2" angle="0" ax="0" ay="1" az="0" tx="-0.4" ty="0.96" tz="-0.4">
      18:1:1,23:4:1,18:2:1,23:4:1,18:1:1,
      23:4:1,0:4:1,23:4:1,0:4:1,23:4:1,
      18:1:1,23:4:1,18:2:1,23:4:1,18:1:1
    </Custom2DField>
    <Custom2DField type="22" width="4" height="2" angle="0" ax="0" ay="1" az="0" tx="-0.4" ty="0" tz="-0.4">
      22:1:1,22:2:1,22:2:1,22:2:1,22:1:1,
      22:2:1,15:4:1,9:4:1,15:4:1,22:2:1,
      22:1:1,22:2:1,22:2:1,22:2:1,22:1:1
    </Custom2DField>
    <Axel type="3" length="0.8" requireGrabbing="0" startCapped="0" endCapped="1" angle="120" ax="-0.57735" ay="0.57735" az="-0.57735" tx="0.4" ty="0.578" tz="1.2"/>
  </Connectivity>
  <PhysicsAttributes inertiaTensor="0.321331,0,0,0,0.426933,0,0,0,0.321064" centerOfMass="0.4,0.5685,0.4005" mass="1" frictionType="0"/>
  <Bounding>
    <AABB minX="-0.4" minY="0" minZ="-0.4" maxX="1.2" maxY="1.137" maxZ="1.201"/>
  </Bounding>
  <GeometryBounding>
    <AABB minX="-0.4" minY="0" minZ="-0.4" maxX="1.2" maxY="1.136" maxZ="1.201"/>
  </GeometryBounding>
</LEGOPrimitive>
