<?xml version="1.0" encoding="UTF-8" standalone="no" ?>
<LEGOPrimitive versionMajor="1" versionMinor="0">
  <Annotations>
    <Annotation platformid="200"/>
    <Annotation platformname="SYSTEM"/>
    <Annotation maingroupid="216"/>
    <Annotation maingroupname="PLATES, SPECIAL"/>
    <Annotation designname="PLATE 2X2 W. VERTICAL SNAP"/>
    <Annotation aliases="2460"/>
  </Annotations>
  <Collision>
    <Box sX="0.163322" sY="0.3475" sZ="0.163242" angle="45" ax="0" ay="1" az="0" tx="0.399328" ty="0.762852" tz="-0.400057"/>
    <Box sX="0.79" sY="0.15" sZ="0.79" angle="0" ax="0" ay="1" az="0" tx="0.4" ty="0.16" tz="-0.4"/>
  </Collision>
  <Connectivity>
    <Custom2DField type="22" width="4" height="4" angle="0" ax="0" ay="1" az="0" tx="-0.4" ty="0" tz="-1.2">
      22:1:1,22:2:1,22:2:1,22:2:1,22:1:1,
      22:2:1,15:4:1,23:4:1,15:4:1,22:2:1,
      22:2:1,23:4:1,7:4:1,23:4:1,22:2:1,
      22:2:1,15:4:1,23:4:1,15:4:1,22:2:1,
      22:1:1,22:2:1,22:2:1,22:2:1,22:1:1
    </Custom2DField>
    <Axel type="3" length="0.8" requireGrabbing="0" startCapped="1" endCapped="0" angle="0" ax="0" ay="0" az="1" tx="0.4" ty="0.32" tz="-0.4"/>
  </Connectivity>
  <PhysicsAttributes inertiaTensor="0.317933,0,0,0,0.426667,0,0,0,0.317932" centerOfMass="0.4,0.560176,-0.4" mass="1" frictionType="0"/>
  <Bounding>
    <AABB minX="-0.4" minY="0" minZ="-1.2" maxX="1.2" maxY="1.12035" maxZ="0.4"/>
  </Bounding>
  <GeometryBounding>
    <AABB minX="-0.4" minY="0" minZ="-1.2" maxX="1.2" maxY="1.12035" maxZ="0.4"/>
  </GeometryBounding>
</LEGOPrimitive>
