<?xml version="1.0" encoding="UTF-8" standalone="no" ?>
<LEGOPrimitive versionMajor="1" versionMinor="0">
  <Annotations>
    <Annotation platformid="200"/>
    <Annotation platformname="SYSTEM"/>
    <Annotation maingroupid="203"/>
    <Annotation maingroupname="BRICKS, SPECIAL CIRCLES AND ANGLES"/>
    <Annotation designname="FACET BRICK 3X3X1"/>
    <Annotation aliases="2462"/>
  </Annotations>
  <Collision>
    <Box sX="0.39" sY="0.47" sZ="0.39" angle="0" ax="0" ay="1" az="0" tx="0" ty="0.48" tz="0"/>
    <Box sX="0.39" sY="0.47" sZ="0.39" angle="0" ax="0" ay="1" az="0" tx="0.8" ty="0.48" tz="-0.8"/>
    <Box sX="0.39" sY="0.47" sZ="0.39" angle="0" ax="0" ay="1" az="0" tx="1.6" ty="0.48" tz="-1.6"/>
    <Box sX="0.272843" sY="0.365" sZ="1.12137" angle="45" ax="0" ay="-1" az="0" tx="1" ty="0.585" tz="-0.6"/>
    <Box sX="0.065" sY="0.095" sZ="0.14818" angle="45" ax="0" ay="-1" az="0" tx="0.458817" ty="0.105" tz="0.235117"/>
    <Box sX="0.065" sY="0.095" sZ="0.305261" angle="45" ax="0" ay="-1" az="0" tx="1.14714" ty="0.105" tz="-0.45321"/>
    <Box sX="0.065" sY="0.095" sZ="0.14793" angle="45" ax="0" ay="-1" az="0" tx="1.83529" ty="0.105" tz="-1.14136"/>
  </Collision>
  <Connectivity>
    <Custom2DField type="23" width="6" height="6" angle="0" ax="0" ay="1" az="0" tx="-0.4" ty="0.96" tz="-2">
      29:0:1,29:0:1,29:0:1,29:0:1,18:1:1,23:4:1,18:1:1,
      29:0:1,29:0:1,29:0:1,29:0:1,23:4:1,0:4:1,23:4:1,
      29:0:1,29:0:1,18:1:1,23:4:1,18:3:1,23:4:1,18:1:1,
      29:0:1,29:0:1,23:4:1,0:4:1,23:4:1,29:0:1,29:0:1,
      18:1:1,23:4:1,18:3:1,23:4:1,29:0:1,29:0:1,29:0:1,
      23:4:1,0:4:1,23:4:1,29:0:1,29:0:1,29:0:1,29:0:1,
      18:1:1,23:4:1,18:1:1,29:0:1,29:0:1,29:0:1,29:0:1
    </Custom2DField>
    <Custom2DField type="22" width="6" height="6" angle="0" ax="0" ay="1" az="0" tx="-0.4" ty="0" tz="-2">
      29:0:1,29:0:1,29:0:1,29:0:1,22:1:1,22:2:1,22:1:1,
      29:0:1,29:0:1,29:0:1,29:0:1,22:2:1,15:4:1,22:2:1,
      29:0:1,29:0:1,22:1:1,22:2:1,22:2:1,22:2:1,22:2:1,
      29:0:1,29:0:1,22:2:1,15:4:1,22:2:1,29:0:1,29:0:1,
      22:1:1,22:2:1,22:2:1,22:2:1,22:2:1,29:0:1,29:0:1,
      22:2:1,15:4:1,22:2:1,29:0:1,29:0:1,29:0:1,29:0:1,
      22:1:1,22:2:1,22:2:1,29:0:1,29:0:1,29:0:1,29:0:1
    </Custom2DField>
  </Connectivity>
  <PhysicsAttributes inertiaTensor="0.58792,0,0,0,0.96,0,0,0,0.58792" centerOfMass="0.8,0.569,-0.8" mass="1" frictionType="0"/>
  <Bounding>
    <AABB minX="-0.4" minY="0" minZ="-2" maxX="2" maxY="1.138" maxZ="0.4"/>
  </Bounding>
  <GeometryBounding>
    <AABB minX="-0.4" minY="0" minZ="-2" maxX="2" maxY="1.138" maxZ="0.4"/>
  </GeometryBounding>
</LEGOPrimitive>
