<?xml version="1.0" encoding="UTF-8" standalone="no" ?>
<LEGOPrimitive versionMajor="1" versionMinor="0">
  <Annotations>
    <Annotation platformid="200"/>
    <Annotation platformname="SYSTEM"/>
    <Annotation maingroupid="206"/>
    <Annotation maingroupname="BRICKS WITH SLOPE, SPECIAL"/>
    <Annotation designname="FACET BRICK, TOP 3X3X2"/>
    <Annotation aliases="2463"/>
  </Annotations>
  <Collision>
    <Box sX="0.715276" sY="0.095" sZ="0.316239" angle="102.96003" ax="0.428004" ay="-0.796006" az="-0.428004" tx="-0.073761" ty="0.757124" tz="1.51245"/>
    <Box sX="0.461699" sY="0.22" sZ="0.228335" angle="94.35688" ax="0.265716" ay="-0.926709" az="-0.265716" tx="-0.161665" ty="1.47499" tz="0.678154"/>
    <Box sX="0.651604" sY="0.024132" sZ="0.66" angle="74.50213" ax="0.320931" ay="-0.544697" az="-0.774795" tx="0.936583" ty="0.812643" tz="0.936583"/>
    <Box sX="0.168018" sY="0.22" sZ="0.462642" angle="57.00207" ax="0.247432" ay="-0.762854" az="-0.597354" tx="0.519399" ty="1.34775" tz="0.519399"/>
    <Box sX="0.434513" sY="0.47" sZ="0.045" angle="0" ax="0" ay="1" az="0" tx="0.844513" ty="0.48" tz="0.455"/>
    <Box sX="0.434513" sY="0.47" sZ="0.045" angle="90" ax="0" ay="-1" az="0" tx="0.455" ty="0.48" tz="0.844513"/>
    <Box sX="0.3055" sY="0.095" sZ="0.065" angle="45" ax="0" ay="1" az="0" tx="1.14697" ty="0.105" tz="1.14697"/>
    <Box sX="0.39" sY="0.47" sZ="0.228335" angle="0" ax="0" ay="1" az="0" tx="0" ty="1.44" tz="-0.161665"/>
    <Box sX="0.39" sY="0.095" sZ="0.39" angle="0" ax="0" ay="1" az="0" tx="1.6" ty="0.105" tz="0"/>
    <Box sX="0.79" sY="0.22" sZ="0.316239" angle="0" ax="0" ay="1" az="0" tx="0.4" ty="1.19" tz="-0.073761"/>
    <Box sX="0.39" sY="0.095" sZ="0.39" angle="90" ax="0" ay="1" az="0" tx="0" ty="0.105" tz="1.6"/>
    <Box sX="0.79" sY="0.22" sZ="0.316239" angle="90" ax="0" ay="1" az="0" tx="-0.073761" ty="1.19" tz="0.4"/>
    <Box sX="0.715276" sY="0.095" sZ="0.316239" angle="56.53295" ax="0" ay="0" az="-1" tx="1.51245" ty="0.757124" tz="-0.073761"/>
    <Box sX="0.461699" sY="0.22" sZ="0.228335" angle="31.99845" ax="0" ay="0" az="-1" tx="0.678154" ty="1.47499" tz="-0.161665"/>
    <Box sX="0.147935" sY="0.095" sZ="0.065" angle="45" ax="0" ay="1" az="0" tx="0.458644" ty="0.105" tz="1.83529"/>
    <Box sX="0.147935" sY="0.095" sZ="0.065" angle="45" ax="0" ay="1" az="0" tx="1.83529" ty="0.105" tz="0.458644"/>
    <Box sX="0.672101" sY="0.024132" sZ="0.127943" angle="85.73703" ax="0.171463" ay="-0.665758" az="-0.7262" tx="0.408114" ty="0.799264" tz="1.47553"/>
    <Box sX="0.672101" sY="0.024132" sZ="0.127943" angle="66.02399" ax="0.489972" ay="-0.363097" az="-0.79252" tx="1.47571" ty="0.799293" tz="0.407914"/>
    <Box sX="0.228335" sY="0.47" sZ="0.39" angle="0" ax="0" ay="1" az="0" tx="-0.161665" ty="1.44" tz="0"/>
    <Box sX="0.415057" sY="0.22" sZ="0.215264" angle="57.00207" ax="0.247432" ay="-0.762854" az="-0.597354" tx="0.386217" ty="1.4843" tz="0.386217"/>
  </Collision>
  <Connectivity>
    <Custom2DField type="23" width="2" height="2" angle="0" ax="0" ay="1" az="0" tx="-0.4" ty="1.92" tz="-0.4">
      29:0,29:0,29:0,
      29:0,0:4:32,29:0,
      29:0,29:0,29:0
    </Custom2DField>
    <Custom2DField type="22" width="4" height="4" angle="0" ax="0" ay="1" az="0" tx="-0.4" ty="0.96" tz="-0.4">
      22:1:1,22:2:1,22:2:1,22:2:1,22:1:1,
      22:2:1,15:4:1,22:2:1,15:4:1,22:2:1,
      22:2:1,22:2:1,22:3:1,22:2:1,22:2:1,
      22:2:1,15:4:1,22:2:1,29:0:1,29:0:1,
      22:1:1,22:2:1,22:2:1,29:0:1,29:0:1
    </Custom2DField>
    <Custom2DField type="22" width="6" height="6" angle="0" ax="0" ay="1" az="0" tx="-0.4" ty="0" tz="-0.4">
      29:0:1,29:0:1,29:0:1,29:0:1,22:1:1,22:2:1,22:1:1,
      29:0:1,29:0:1,29:0:1,29:0:1,22:2:1,15:4:1,22:2:1,
      29:0:1,29:0:1,22:1:1,22:2:1,22:3:1,22:2:1,22:2:1,
      29:0:1,29:0:1,22:2:1,15:4,22:2:1,29:0:1,29:0:1,
      22:1:1,22:2:1,22:3:1,22:2:1,22:2:1,29:0:1,29:0:1,
      22:2:1,15:4:1,22:2:1,29:0:1,29:0:1,29:0:1,29:0:1,
      22:1:1,22:2:1,22:2:1,29:0:1,29:0:1,29:0:1,29:0:1
    </Custom2DField>
  </Connectivity>
  <PhysicsAttributes inertiaTensor="0.8468,0,0,0,0.96,0,0,0,0.8468" centerOfMass="0.8,1.049,0.8" mass="1" frictionType="0"/>
  <Bounding>
    <AABB minX="-0.4" minY="0" minZ="-0.4" maxX="2" maxY="2.098" maxZ="2"/>
  </Bounding>
  <GeometryBounding>
    <AABB minX="-0.4" minY="0" minZ="-0.4" maxX="2" maxY="2.098" maxZ="2"/>
  </GeometryBounding>
</LEGOPrimitive>
