<?xml version="1.0" encoding="UTF-8" standalone="no" ?>
<LEGOPrimitive versionMajor="1" versionMinor="0">
  <Annotations>
    <Annotation platformid="200"/>
    <Annotation platformname="SYSTEM"/>
    <Annotation maingroupid="206"/>
    <Annotation maingroupname="BRICKS WITH SLOPE, SPECIAL"/>
    <Annotation designname="FACET BRICK, BOTTOM 3X3X2"/>
    <Annotation aliases="2464"/>
  </Annotations>
  <Collision>
    <Box sX="0.715276" sY="0.065197" sZ="0.316239" angle="140.87114" ax="-0.660947" ay="-0.355385" az="0.660947" tx="-0.073761" ty="1.14644" tz="-1.53731"/>
    <Box sX="0.461699" sY="0.200321" sZ="0.081576" angle="157.52271" ax="-0.693006" ay="-0.198706" az="0.693007" tx="-0.308424" ty="0.428317" tz="-0.688582"/>
    <Box sX="0.651604" sY="0.024132" sZ="0.66" angle="157.59674" ax="-0.811449" ay="-0.478099" az="0.336113" tx="0.936583" ty="1.10736" tz="-0.936583"/>
    <Box sX="0.168018" sY="0.22" sZ="0.462642" angle="166.43872" ax="-0.884999" ay="-0.28705" az="0.366579" tx="0.519399" ty="0.572248" tz="-0.519399"/>
    <Box sX="0.39" sY="0.42915" sZ="0.110197" angle="180" ax="1" ay="0" az="0" tx="0.8" ty="1.48085" tz="-0.520197"/>
    <Box sX="0.39" sY="0.42915" sZ="0.11" angle="180" ax="0.707107" ay="0" az="-0.707107" tx="0.52" ty="1.48085" tz="-0.8"/>
    <Box sX="1.12137" sY="0.095" sZ="0.181638" angle="180" ax="0.92388" ay="0" az="0.382683" tx="1.06449" ty="1.815" tz="-1.06449"/>
    <Box sX="0.39" sY="0.47" sZ="0.228335" angle="180" ax="1" ay="0" az="0" tx="0" ty="0.48" tz="0.161665"/>
    <Box sX="0.109803" sY="0.47" sZ="0.39" angle="180" ax="1" ay="0" az="0" tx="1.3198" ty="1.44" tz="0"/>
    <Box sX="0.79" sY="0.22" sZ="0.11" angle="180" ax="1" ay="0" az="0" tx="0.4" ty="0.73" tz="0.28"/>
    <Box sX="0.109904" sY="0.47" sZ="0.39" angle="180" ax="0.707107" ay="0" az="0.707107" tx="0" ty="1.44" tz="-1.3199"/>
    <Box sX="0.79" sY="0.22" sZ="0.11" angle="180" ax="0.707107" ay="0" az="0.707107" tx="-0.28" ty="0.73" tz="-0.4"/>
    <Box sX="0.715276" sY="0.064574" sZ="0.316239" angle="180" ax="0.880755" ay="0.473573" az="0" tx="1.53783" ty="1.1461" tz="0.073761"/>
    <Box sX="0.461699" sY="0.198347" sZ="0.083912" angle="180" ax="0.961265" ay="0.275624" az="0" tx="0.689628" ty="0.426643" tz="0.306088"/>
    <Box sX="0.672101" sY="0.024132" sZ="0.127943" angle="166.60245" ax="-0.737955" ay="-0.497443" az="0.45604" tx="0.408114" ty="1.12074" tz="-1.47553"/>
    <Box sX="0.672101" sY="0.024132" sZ="0.127943" angle="149.035" ax="-0.870132" ay="-0.448035" az="0.20527" tx="1.47571" ty="1.12071" tz="-0.407914"/>
    <Box sX="0.228335" sY="0.47" sZ="0.39" angle="180" ax="1" ay="0" az="0" tx="-0.161665" ty="0.48" tz="0"/>
    <Box sX="0.415057" sY="0.22" sZ="0.215264" angle="166.43874" ax="-0.884999" ay="-0.28705" az="0.366578" tx="0.386217" ty="0.435701" tz="-0.386217"/>
    <Box sX="0.39" sY="0.095" sZ="0.110197" angle="180" ax="0.707107" ay="0" az="0.707107" tx="1.8798" ty="1.815" tz="0"/>
    <Box sX="0.269803" sY="0.247696" sZ="0.11" angle="180" ax="1" ay="0" az="0" tx="1.4798" ty="1.6623" tz="0.28"/>
    <Box sX="0.110096" sY="0.095" sZ="0.39" angle="180" ax="0.707107" ay="0" az="0.707107" tx="0" ty="1.815" tz="-1.8799"/>
    <Box sX="0.269904" sY="0.261656" sZ="0.11" angle="180" ax="0.707107" ay="0" az="0.707107" tx="-0.28" ty="1.64834" tz="-1.4799"/>
    <Box sX="0.016088" sY="0.309" sZ="0.1125" angle="0" ax="0" ay="1" az="0" tx="-0.186088" ty="0.819" tz="-0.800394"/>
    <Box sX="0.016088" sY="0.309" sZ="0.1125" angle="90" ax="0" ay="1" az="0" tx="-0.000394" ty="0.819" tz="-0.613912"/>
    <Box sX="0.016088" sY="0.309" sZ="0.1125" angle="180" ax="0" ay="1" az="0" tx="0.186088" ty="0.819" tz="-0.799606"/>
    <Box sX="0.016088" sY="0.309" sZ="0.1125" angle="90" ax="0" ay="-1" az="0" tx="0.000394" ty="0.819" tz="-0.986088"/>
    <Box sX="0.016088" sY="0.309" sZ="0.1125" angle="0" ax="0" ay="1" az="0" tx="0.613519" ty="0.819" tz="-0.000394"/>
    <Box sX="0.016088" sY="0.309" sZ="0.1125" angle="90" ax="0" ay="1" az="0" tx="0.799213" ty="0.819" tz="0.186088"/>
    <Box sX="0.016088" sY="0.309" sZ="0.1125" angle="180" ax="0" ay="1" az="0" tx="0.985695" ty="0.819" tz="0.000394"/>
    <Box sX="0.016088" sY="0.309" sZ="0.1125" angle="90" ax="0" ay="-1" az="0" tx="0.800001" ty="0.819" tz="-0.186088"/>
    <Box sX="0.461699" sY="0.152308" sZ="0.228335" angle="157.52271" ax="-0.693006" ay="-0.198706" az="0.693007" tx="-0.161665" ty="0.469035" tz="-0.66314"/>
    <Box sX="0.268164" sY="0.200321" sZ="0.265255" angle="157.52271" ax="-0.693006" ay="-0.198706" az="0.693007" tx="-0.124745" ty="0.53087" tz="-0.852712"/>
    <Box sX="0.461699" sY="0.151465" sZ="0.228335" angle="180" ax="0.961265" ay="0.275624" az="0" tx="0.664786" ty="0.466401" tz="0.161665"/>
    <Box sX="0.263585" sY="0.198347" sZ="0.265254" angle="180" ax="0.961265" ay="0.275624" az="0" tx="0.857641" ty="0.531622" tz="0.124746"/>
  </Collision>
  <Connectivity>
    <Custom2DField type="22" width="2" height="2" angle="0" ax="0" ay="1" az="0" tx="-0.4" ty="0" tz="-0.4">
      22:1:1,22:2:1,22:2:1,
      22:2:1,15:4:1,22:2:1,
      22:1:1,22:2:1,22:1:1
    </Custom2DField>
    <Custom2DField type="23" width="6" height="6" angle="0" ax="0" ay="1" az="0" tx="-0.4" ty="1.92" tz="-2">
      18:1:1,23:4:1,29:0:1,29:0:1,29:0:1,29:0:1,29:0:1,
      23:4:1,1:4:5,23:4:1,29:0:1,29:0:1,29:0:1,29:0:1,
      18:2:1,23:4:1,18:3:1,23:4:1,29:0:1,29:0:1,29:0:1,
      23:4:1,1:4:5,23:4:1,1:4:5,23:4:1,29:0:1,29:0:1,
      29:0:1,23:4:1,18:3:1,23:4:1,18:3:1,23:4:1,29:0:1,
      29:0:1,29:0:1,23:4:1,1:4:5,23:4:1,1:4:5,23:4:1,
      29:0:1,29:0:1,29:0:1,23:4:1,18:2:1,23:4:1,18:1:1
    </Custom2DField>
    <Axel type="6" length="0.8" grabbing="0" startCapped="0" endCapped="1" angle="180" ax="0.707107" ay="0" az="0.707107" tx="0.799607" ty="2.098" tz="0"/>
    <Axel type="6" length="0.8" grabbing="0" startCapped="0" endCapped="1" angle="180" ax="0.707107" ay="0" az="0.707107" tx="0" ty="2.098" tz="-0.800394"/>
    <Axel type="6" length="0.4" grabbing="0" startCapped="0" endCapped="1" angle="180" ax="0.707107" ay="0" az="0.707107" tx="0.8" ty="2.098" tz="-0.800394"/>
    <Axel type="6" length="0.4" grabbing="0" startCapped="0" endCapped="1" angle="180" ax="0.707107" ay="0" az="0.707107" tx="1.59961" ty="2.098" tz="0"/>
    <Axel type="6" length="0.4" grabbing="0" startCapped="0" endCapped="1" angle="180" ax="0.707107" ay="0" az="0.707107" tx="0" ty="2.098" tz="-1.59981"/>
    <Custom2DField type="23" width="2" height="2" angle="0" ax="0" ay="1" az="0" tx="-0.4" ty="0.96" tz="-0.4">
      18:2:1,23:4:1,29:0:1,
      23:4:1,0:4:1,23:4:1,
      18:1:1,23:4:1,18:2:1
    </Custom2DField>
  </Connectivity>
  <PhysicsAttributes inertiaTensor="0.846801,0,0,0,0.96,0,0,0,0.8468" centerOfMass="0.8,1.049,-0.8" mass="1" frictionType="0"/>
  <Bounding>
    <AABB minX="-0.4" minY="0" minZ="-2" maxX="2" maxY="2.098" maxZ="0.4"/>
  </Bounding>
  <GeometryBounding>
    <AABB minX="-0.4" minY="0" minZ="-2" maxX="2" maxY="2.098" maxZ="0.4"/>
  </GeometryBounding>
</LEGOPrimitive>
