<?xml version="1.0" encoding="UTF-8" standalone="no" ?>
<LEGOPrimitive versionMajor="1" versionMinor="0">
  <Annotations>
    <Annotation platformid="200"/>
    <Annotation platformname="SYSTEM"/>
    <Annotation maingroupid="226"/>
    <Annotation maingroupname="GATES AND ROOFS"/>
    <Annotation designname="WALL ELEMENT CURVED 2X3X6"/>
    <Annotation aliases="30226;2466"/>
  </Annotations>
  <Collision>
    <Box sX="0.79" sY="0.39" sZ="0.15" angle="180" ax="0" ay="0.707107" az="-0.707107" tx="0.4" ty="0.16" tz="0"/>
    <Box sX="0.79" sY="0.072088" sZ="1.19706" angle="180" ax="0" ay="0.911762" az="-0.410719" tx="0.4" ty="0.958426" tz="1.13834"/>
    <Box sX="0.79" sY="0.072088" sZ="1.08214" angle="180" ax="0" ay="0.707107" az="-0.707107" tx="0.4" ty="2.90021" tz="1.91755"/>
    <Box sX="0.79" sY="0.072089" sZ="1.08963" angle="180" ax="0" ay="-0.406339" az="0.913723" tx="0.4" ty="4.75391" tz="1.20253"/>
    <Box sX="0.065" sY="0.146784" sZ="1.19706" angle="180" ax="0" ay="0.911762" az="-0.410719" tx="-0.325" ty="1.00792" tz="1.0824"/>
    <Box sX="0.065" sY="0.149821" sZ="1.08214" angle="180" ax="0" ay="0.707107" az="-0.707107" tx="-0.325" ty="2.90021" tz="1.83982"/>
    <Box sX="0.065" sY="0.15158" sZ="1.06331" angle="180" ax="0" ay="-0.406338" az="0.913723" tx="-0.325" ty="4.68112" tz="1.16114"/>
    <Box sX="0.065" sY="0.146784" sZ="1.19706" angle="180" ax="0" ay="0.911762" az="-0.410719" tx="1.125" ty="1.00792" tz="1.0824"/>
    <Box sX="0.065" sY="0.149821" sZ="1.08214" angle="180" ax="0" ay="0.707107" az="-0.707107" tx="1.125" ty="2.90021" tz="1.83982"/>
    <Box sX="0.065" sY="0.15158" sZ="1.06331" angle="180" ax="0" ay="-0.406338" az="0.913723" tx="1.125" ty="4.68112" tz="1.16114"/>
    <Box sX="0.79" sY="0.39" sZ="0.045" angle="180" ax="0" ay="0.707107" az="-0.707107" tx="0.4" ty="5.385" tz="0"/>
    <Box sX="0.065" sY="0.39" sZ="0.15" angle="180" ax="0" ay="0.707107" az="-0.707107" tx="1.125" ty="5.28" tz="0"/>
    <Box sX="0.065" sY="0.39" sZ="0.15" angle="180" ax="0" ay="0.707107" az="-0.707107" tx="-0.325" ty="5.28" tz="0"/>
    <Box sX="0.15" sY="0.531568" sZ="0.15" angle="180" ax="0" ay="0.707107" az="-0.707107" tx="0.4" ty="5.28" tz="0.141568"/>
  </Collision>
  <Connectivity>
    <Custom2DField type="23" width="4" height="2" angle="0" ax="0" ay="1" az="0" tx="-0.4" ty="5.44" tz="-0.4">
      18:1:1,23:4:1,18:2:1,23:4:1,18:1:1,
      23:4:1,1:4:1,23:4:1,1:4:1,23:4:1,
      29:0:1,23:4:1,29:0:1,23:4:1,29:0:1
    </Custom2DField>
    <Custom2DField type="22" width="4" height="2" angle="0" ax="0" ay="1" az="0" tx="-0.4" ty="0" tz="-0.4">
      22:1:1,22:2:1,22:2:1,22:2:1,22:1:1,
      22:2:1,15:4:1,9:4:1,15:4:1,22:2:1,
      22:1:1,22:2:1,22:2:1,22:2:1,22:1:1
    </Custom2DField>
    <Custom2DField type="22" width="4" height="2" angle="0" ax="0" ay="1" az="0" tx="-0.4" ty="5.12" tz="-0.4">
      22:1:1,29:0:1,22:2:1,29:0:1,22:1:1,
      22:2:1,15:4:1,23:4:1,15:4:1,22:2:1,
      22:1:1,22:2:1,22:2:1,22:2:1,22:1:1
    </Custom2DField>
  </Connectivity>
  <PhysicsAttributes inertiaTensor="3.2448,0,0,0,0.693333,0,0,0,2.97813" centerOfMass="0.4,2.88,0.8" mass="1" frictionType="0"/>
  <Bounding>
    <AABB minX="-0.4" minY="0" minZ="-0.4" maxX="1.2" maxY="5.76" maxZ="2"/>
  </Bounding>
  <GeometryBounding>
    <AABB minX="-0.4" minY="0" minZ="-0.4" maxX="1.2" maxY="5.76" maxZ="2"/>
  </GeometryBounding>
</LEGOPrimitive>
