<?xml version="1.0" encoding="UTF-8" standalone="no" ?>
<LEGOPrimitive versionMajor="1" versionMinor="0">
  <Annotations>
    <Annotation platformid="200"/>
    <Annotation platformname="SYSTEM"/>
    <Annotation maingroupid="226"/>
    <Annotation maingroupname="GATES AND ROOFS"/>
    <Annotation designname="WALL ELEM. INS. CURVED 4X4X6"/>
    <Annotation aliases="2467"/>
  </Annotations>
  <Collision>
    <Box sX="0.39" sY="0.15" sZ="1.59" angle="90" ax="0" ay="1" az="0" tx="1.2" ty="0.16" tz="0"/>
    <Box sX="0.465" sY="0.065917" sZ="1.19117" angle="48.2314" ax="1" ay="0" az="0" tx="2.325" ty="0.946455" tz="-1.14351"/>
    <Box sX="0.456632" sY="0.06443" sZ="1.07886" angle="58.23639" ax="0.803669" ay="-0.54314" az="-0.243137" tx="1.63479" ty="0.930793" tz="-1.12953"/>
    <Box sX="0.465" sY="1.11" sZ="0.065" angle="0" ax="0" ay="1" az="0" tx="2.325" ty="2.912" tz="-1.925"/>
    <Box sX="0.465" sY="1.08924" sZ="0.065" angle="42.49389" ax="1" ay="0" az="0" tx="2.325" ty="4.79186" tz="-1.20215"/>
    <Box sX="0.391402" sY="0.991443" sZ="0.064149" angle="53.90524" ax="0.764331" ay="-0.234326" az="0.600741" tx="1.62306" ty="4.80172" tz="-1.19236"/>
    <Box sX="1.59" sY="0.065" sZ="0.51" angle="0" ax="0" ay="1" az="0" tx="1.2" ty="5.365" tz="-0.12"/>
    <Box sX="0.065" sY="0.074999" sZ="0.613524" angle="0" ax="0" ay="1" az="0" tx="2.725" ty="5.205" tz="-0.223524"/>
    <Box sX="0.065" sY="0.148219" sZ="1.04942" angle="47.55" ax="-1" ay="0" az="0" tx="2.725" ty="4.70692" tz="-1.16821"/>
    <Box sX="0.065" sY="1.11" sZ="0.15" angle="0" ax="0" ay="1" az="0" tx="2.725" ty="2.912" tz="-1.84"/>
    <Box sX="0.065" sY="1.1908" sZ="0.15" angle="41.75619" ax="-1" ay="0" az="0" tx="2.725" ty="1.00288" tz="-1.08083"/>
    <Box sX="0.224999" sY="0.028768" sZ="1.19" angle="120" ax="0.57735" ay="0.57735" az="0.57735" tx="1.6" ty="5.525" tz="-0.438768"/>
    <Box sX="0.39" sY="0.15" sZ="1.59" angle="0" ax="0" ay="1" az="0" tx="0" ty="0.16" tz="-1.2"/>
    <Box sX="0.465" sY="0.065917" sZ="1.19117" angle="99.60984" ax="-0.378228" ay="0.844918" az="0.378228" tx="1.14351" ty="0.946455" tz="-2.325"/>
    <Box sX="0.456632" sY="0.06443" sZ="1.07886" angle="128.95654" ax="-0.39914" ay="0.891632" az="0.213727" tx="1.12953" ty="0.930793" tz="-1.63479"/>
    <Box sX="0.465" sY="1.11" sZ="0.065" angle="90" ax="0" ay="1" az="0" tx="1.925" ty="2.912" tz="-2.325"/>
    <Box sX="0.465" sY="1.08924" sZ="0.065" angle="97.54618" ax="-0.340707" ay="0.876264" az="0.340706" tx="1.20215" ty="4.79186" tz="-2.325"/>
    <Box sX="0.391402" sY="0.991443" sZ="0.064149" angle="112.55088" ax="-0.063039" ay="0.848129" az="0.526025" tx="1.19236" ty="4.80172" tz="-1.62306"/>
    <Box sX="1.59" sY="0.065" sZ="0.51" angle="90" ax="0" ay="1" az="0" tx="0.12" ty="5.365" tz="-1.2"/>
    <Box sX="0.065" sY="0.074999" sZ="0.613524" angle="90" ax="0" ay="1" az="0" tx="0.223524" ty="5.205" tz="-2.725"/>
    <Box sX="0.065" sY="0.148219" sZ="1.04942" angle="99.35358" ax="0.373905" ay="0.848758" az="-0.373905" tx="1.16821" ty="4.70692" tz="-2.725"/>
    <Box sX="0.065" sY="1.11" sZ="0.15" angle="90" ax="0" ay="1" az="0" tx="1.84" ty="2.912" tz="-2.725"/>
    <Box sX="0.065" sY="1.1908" sZ="0.15" angle="97.29668" ax="0.3357" ay="0.88012" az="-0.3357" tx="1.08083" ty="1.00288" tz="-2.725"/>
    <Box sX="0.224999" sY="0.028768" sZ="1.19" angle="90" ax="0" ay="0" az="1" tx="0.438768" ty="5.525" tz="-1.6"/>
  </Collision>
  <Connectivity>
    <Custom2DField type="23" width="8" height="8" angle="0" ax="0" ay="1" az="0" tx="-0.4" ty="5.44" tz="-2.8">
      18:1:1,23:4:1,29:0:1,29:0:1,29:0:1,29:0:1,29:0:1,29:0:1,29:0:1,
      23:4:1,1:4:1,23:4:1,29:0:1,29:0:1,29:0:1,29:0:1,29:0:1,29:0:1,
      18:2:1,23:4:1,29:0:1,29:0:1,29:0:1,29:0:1,29:0:1,29:0:1,29:0:1,
      23:4:1,1:4:1,23:4:1,29:0:1,29:0:1,29:0:1,29:0:1,29:0:1,29:0:1,
      18:2:1,23:4:1,29:0:1,29:0:1,29:0:1,29:0:1,29:0:1,29:0:1,29:0:1,
      23:4:1,1:4:1,23:4:1,29:0:1,29:0:1,29:0:1,29:0:1,29:0:1,29:0:1,
      18:2:1,23:4:1,29:0:1,23:4:1,29:0:1,23:4:1,29:0:1,23:4:1,29:0:1,
      23:4:1,1:4:1,23:4:1,1:4:1,23:4:1,1:4:1,23:4:1,1:4:1,23:4:1,
      18:1:1,23:4:1,18:2:1,23:4:1,18:2:1,23:4:1,18:2:1,23:4:1,18:1:1
    </Custom2DField>
    <Custom2DField type="22" width="8" height="8" angle="0" ax="0" ay="1" az="0" tx="-0.4" ty="0" tz="-2.8">
      22:1:1,22:2:1,22:1:1,29:0:1,29:0:1,29:0:1,29:0:1,29:0:1,29:0:1,
      22:2:1,15:4:1,22:2:1,29:0:1,29:0:1,29:0:1,29:0:1,29:0:1,29:0:1,
      22:2:1,9:4:1,22:2:1,29:0:1,29:0:1,29:0:1,29:0:1,29:0:1,29:0:1,
      22:2:1,15:4:1,22:2:1,29:0:1,29:0:1,29:0:1,29:0:1,29:0:1,29:0:1,
      22:2:1,9:4:1,22:2:1,29:0:1,29:0:1,29:0:1,29:0:1,29:0:1,29:0:1,
      22:2:1,15:4:1,22:2:1,29:0:1,29:0:1,29:0:1,29:0:1,29:0:1,29:0:1,
      22:2:1,9:4:1,22:3:1,22:2:1,22:2:1,22:2:1,22:2:1,22:2:1,22:1:1,
      22:2:1,15:4:1,9:4:1,15:4:1,9:4:1,15:4:1,9:4:1,15:4:1,22:2:1,
      22:1:1,22:2:1,22:2:1,22:2:1,22:2:1,22:2:1,22:2:1,22:2:1,22:1:1
    </Custom2DField>
  </Connectivity>
  <PhysicsAttributes inertiaTensor="3.61813,0,0,0,1.70667,0,0,0,3.61813" centerOfMass="1.2,2.88,-1.2" mass="1" frictionType="0"/>
  <Bounding>
    <AABB minX="-0.4" minY="0" minZ="-2.8" maxX="2.8" maxY="5.76" maxZ="0.4"/>
  </Bounding>
  <GeometryBounding>
    <AABB minX="-0.4" minY="0" minZ="-2.8" maxX="2.8" maxY="5.76" maxZ="0.4"/>
  </GeometryBounding>
</LEGOPrimitive>
