<?xml version="1.0" encoding="UTF-8" standalone="no" ?>
<LEGOPrimitive versionMajor="1" versionMinor="0">
  <Annotations>
    <Annotation platformid="200"/>
    <Annotation platformname="SYSTEM"/>
    <Annotation maingroupid="226"/>
    <Annotation maingroupname="GATES AND ROOFS"/>
    <Annotation designname="WALL ELEM.OUTS.CURVED 3X3X6-TR"/>
    <Annotation aliases="2468"/>
  </Annotations>
  <Collision>
    <Box sX="0.39" sY="0.15" sZ="0.39" angle="0" ax="0" ay="1" az="0" tx="0" ty="0.16" tz="0"/>
    <Box sX="0.39" sY="0.064892" sZ="1.19043" angle="48.25" ax="-1" ay="0" az="0" tx="0" ty="0.945456" tz="1.14347"/>
    <Box sX="0.39" sY="0.064892" sZ="1.11" angle="90" ax="-1" ay="0" az="0" tx="0" ty="2.91" tz="1.92511"/>
    <Box sX="0.39" sY="0.028205" sZ="1.13431" angle="132.41176" ax="-1" ay="0" az="0" tx="0" ty="4.8491" tz="1.20001"/>
    <Box sX="0.39" sY="0.064892" sZ="1.19043" angle="99.61687" ax="-0.378346" ay="0.844813" az="0.378346" tx="1.14347" ty="0.945456" tz="0"/>
    <Box sX="0.39" sY="0.064892" sZ="1.11" angle="120" ax="-0.57735" ay="0.57735" az="0.57735" tx="1.92511" ty="2.91" tz="0"/>
    <Box sX="0.39" sY="0.030497" sZ="1.12383" angle="146.83638" ax="-0.675031" ay="0.297767" az="0.675031" tx="1.20563" ty="4.84006" tz="0"/>
    <Box sX="0.205824" sY="0.048157" sZ="0.810636" angle="127.50668" ax="-0.904405" ay="0.204237" az="0.374617" tx="0.846227" ty="4.6882" tz="0.855753"/>
    <Box sX="0.527596" sY="0.048157" sZ="0.548646" angle="127.50668" ax="-0.904405" ay="0.204237" az="0.374617" tx="0.942935" ty="4.46799" tz="0.959767"/>
    <Box sX="0.82359" sY="0.048404" sZ="0.267977" angle="127.50668" ax="-0.904405" ay="0.204238" az="0.374617" tx="1.06165" ty="4.23201" tz="1.05596"/>
    <Box sX="0.832493" sY="0.064236" sZ="0.249067" angle="71.58118" ax="-0.756187" ay="0.57452" az="0.313223" tx="1.0532" ty="1.61317" tz="1.0583"/>
    <Box sX="0.547547" sY="0.064892" sZ="0.532124" angle="71.58118" ax="-0.756187" ay="0.57452" az="0.313223" tx="0.945901" ty="1.37489" tz="0.949519"/>
    <Box sX="0.203312" sY="0.064892" sZ="0.854732" angle="71.58118" ax="-0.756187" ay="0.57452" az="0.313223" tx="0.819421" ty="1.10373" tz="0.828835"/>
    <Box sX="1.12137" sY="0.064892" sZ="1.11" angle="98.42106" ax="0.862856" ay="0.357407" az="-0.357407" tx="1.14704" ty="2.91" tz="1.14704"/>
    <Box sX="0.453033" sY="0.065" sZ="0.463631" angle="0" ax="0" ay="1" az="0" tx="0.063033" ty="5.365" tz="0.073631"/>
    <Box sX="0.39" sY="0.205404" sZ="0.016105" angle="0" ax="0" ay="1" az="0" tx="0" ty="5.5054" tz="0.426105"/>
    <Box sX="0.39" sY="0.205404" sZ="0.01646" angle="90" ax="0" ay="1" az="0" tx="0.42646" ty="5.5054" tz="0"/>
  </Collision>
  <Connectivity>
    <Custom2DField type="22" width="2" height="2" angle="0" ax="0" ay="1" az="0" tx="-0.4" ty="0" tz="-0.4">
      22:1:1,22:2:1,22:1:1,
      22:2:1,15:4:1,22:2:1,
      22:1:1,22:2:1,22:1:1
    </Custom2DField>
    <Custom2DField type="23" width="2" height="2" angle="0" ax="0" ay="1" az="0" tx="-0.4" ty="5.44" tz="-0.4">
      18:1:1,23:4:1,29:0:1,
      23:4:1,1:4:1,23:4:1,
      29:0:1,23:4:1,29:0:1
    </Custom2DField>
  </Connectivity>
  <PhysicsAttributes inertiaTensor="3.2448,0,0,0,0.96,0,0,0,3.2448" centerOfMass="0.8,2.88,0.8" mass="1" frictionType="0"/>
  <Bounding>
    <AABB minX="-0.4" minY="0" minZ="-0.4" maxX="2" maxY="5.76" maxZ="2"/>
  </Bounding>
  <GeometryBounding>
    <AABB minX="-0.4" minY="0" minZ="-0.4" maxX="2" maxY="5.76" maxZ="2"/>
  </GeometryBounding>
</LEGOPrimitive>
