<?xml version="1.0" encoding="UTF-8" standalone="no" ?>
<LEGOPrimitive versionMajor="1" versionMinor="0">
  <Annotations>
    <Annotation platformid="200"/>
    <Annotation platformname="SYSTEM"/>
    <Annotation maingroupid="265"/>
    <Annotation maingroupname="TYRES AND RIMS FOR SNAP Ø3,2"/>
    <Annotation designname="WHEEL W. SPOKES Ø27.4"/>
    <Annotation aliases="2470"/>
  </Annotations>
  <Collision>
    <Box sX="0.141731" sY="0.041424" sZ="0.213803" angle="0" ax="0" ay="1" az="0" tx="0.000125" ty="0.310325" tz="0.376198"/>
    <Box sX="0.103775" sY="0.047405" sZ="0.19" angle="0" ax="0" ay="1" az="0" tx="0" ty="0.217405" tz="0.2"/>
    <Box sX="0.141731" sY="0.041424" sZ="0.213803" angle="45" ax="0" ay="0" az="1" tx="-0.219345" ty="0.219522" tz="0.376198"/>
    <Box sX="0.103775" sY="0.047405" sZ="0.19" angle="45" ax="0" ay="0" az="1" tx="-0.153728" ty="0.153728" tz="0.2"/>
    <Box sX="0.141731" sY="0.041424" sZ="0.213803" angle="90" ax="0" ay="0" az="1" tx="-0.310325" ty="0.000125" tz="0.376198"/>
    <Box sX="0.103775" sY="0.047405" sZ="0.19" angle="90" ax="0" ay="0" az="1" tx="-0.217405" ty="0" tz="0.2"/>
    <Box sX="0.141731" sY="0.041424" sZ="0.213803" angle="135" ax="0" ay="0" az="1" tx="-0.219522" ty="-0.219345" tz="0.376198"/>
    <Box sX="0.103775" sY="0.047405" sZ="0.19" angle="135" ax="0" ay="0" az="1" tx="-0.153728" ty="-0.153728" tz="0.2"/>
    <Box sX="0.141731" sY="0.041424" sZ="0.213803" angle="180" ax="0" ay="0" az="1" tx="-0.000125" ty="-0.310325" tz="0.376198"/>
    <Box sX="0.103775" sY="0.047405" sZ="0.19" angle="180" ax="0" ay="0" az="1" tx="0" ty="-0.217405" tz="0.2"/>
    <Box sX="0.141731" sY="0.041424" sZ="0.213803" angle="135" ax="0" ay="0" az="-1" tx="0.219345" ty="-0.219522" tz="0.376198"/>
    <Box sX="0.103775" sY="0.047405" sZ="0.19" angle="135" ax="0" ay="0" az="-1" tx="0.153728" ty="-0.153728" tz="0.2"/>
    <Box sX="0.141731" sY="0.041424" sZ="0.213803" angle="90" ax="0" ay="0" az="-1" tx="0.310325" ty="-0.000125" tz="0.376198"/>
    <Box sX="0.103775" sY="0.047405" sZ="0.19" angle="90" ax="0" ay="0" az="-1" tx="0.217405" ty="0" tz="0.2"/>
    <Box sX="0.141731" sY="0.041424" sZ="0.213803" angle="45" ax="0" ay="0" az="-1" tx="0.219522" ty="0.219345" tz="0.376198"/>
    <Box sX="0.103775" sY="0.047405" sZ="0.19" angle="45" ax="0" ay="0" az="-1" tx="0.153728" ty="0.153728" tz="0.2"/>
    <Box sX="0.254135" sY="0.13158" sZ="0.13" angle="11.25001" ax="0" ay="0" az="1" tx="-0.233529" ty="1.17403" tz="0.58"/>
    <Box sX="0.254135" sY="0.13158" sZ="0.13" angle="11.25001" ax="0" ay="0" az="-1" tx="0.23353" ty="1.17403" tz="0.58"/>
    <Box sX="0.254135" sY="0.13158" sZ="0.13" angle="33.75" ax="0" ay="0" az="-1" tx="0.665036" ty="0.995295" tz="0.58"/>
    <Box sX="0.254135" sY="0.13158" sZ="0.13" angle="56.25" ax="0" ay="0" az="-1" tx="0.995296" ty="0.665035" tz="0.58"/>
    <Box sX="0.254135" sY="0.13158" sZ="0.13" angle="78.74999" ax="0" ay="0" az="-1" tx="1.17403" ty="0.233529" tz="0.58"/>
    <Box sX="0.254135" sY="0.13158" sZ="0.13" angle="101.25" ax="0" ay="0" az="-1" tx="1.17403" ty="-0.23353" tz="0.58"/>
    <Box sX="0.254135" sY="0.13158" sZ="0.13" angle="123.74999" ax="0" ay="0" az="-1" tx="0.995295" ty="-0.665036" tz="0.58"/>
    <Box sX="0.254135" sY="0.13158" sZ="0.13" angle="146.25" ax="0" ay="0" az="-1" tx="0.665035" ty="-0.995296" tz="0.58"/>
    <Box sX="0.254135" sY="0.13158" sZ="0.13" angle="168.74998" ax="0" ay="0" az="-1" tx="0.233529" ty="-1.17403" tz="0.58"/>
    <Box sX="0.254135" sY="0.13158" sZ="0.13" angle="168.74998" ax="0" ay="0" az="1" tx="-0.23353" ty="-1.17403" tz="0.58"/>
    <Box sX="0.254135" sY="0.13158" sZ="0.13" angle="146.25" ax="0" ay="0" az="1" tx="-0.665036" ty="-0.995295" tz="0.58"/>
    <Box sX="0.254135" sY="0.13158" sZ="0.13" angle="123.74999" ax="0" ay="0" az="1" tx="-0.995296" ty="-0.665035" tz="0.58"/>
    <Box sX="0.254135" sY="0.13158" sZ="0.13" angle="101.25" ax="0" ay="0" az="1" tx="-1.17403" ty="-0.233529" tz="0.58"/>
    <Box sX="0.254135" sY="0.13158" sZ="0.13" angle="78.74999" ax="0" ay="0" az="1" tx="-1.17403" ty="0.23353" tz="0.58"/>
    <Box sX="0.254135" sY="0.13158" sZ="0.13" angle="56.25" ax="0" ay="0" az="1" tx="-0.995295" ty="0.665036" tz="0.58"/>
    <Box sX="0.254135" sY="0.13158" sZ="0.13" angle="33.75" ax="0" ay="0" az="1" tx="-0.665035" ty="0.995296" tz="0.58"/>
    <Box sX="0.094302" sY="0.401546" sZ="0.064563" angle="91.32149" ax="0.150141" ay="-0.150141" az="-0.977198" tx="0.707461" ty="0" tz="0.476767"/>
    <Box sX="0.094302" sY="0.401546" sZ="0.064563" angle="48.10734" ax="0.344223" ay="-0.142582" az="-0.927999" tx="0.500251" ty="0.500251" tz="0.476767"/>
    <Box sX="0.094302" sY="0.401546" sZ="0.064563" angle="17.46973" ax="1" ay="0" az="0" tx="0" ty="0.707461" tz="0.476767"/>
    <Box sX="0.094302" sY="0.401546" sZ="0.064563" angle="48.10734" ax="0.344223" ay="0.142582" az="0.927999" tx="-0.500251" ty="0.500251" tz="0.476767"/>
    <Box sX="0.094302" sY="0.401546" sZ="0.064563" angle="91.32149" ax="0.150141" ay="0.150141" az="0.977198" tx="-0.707461" ty="0" tz="0.476767"/>
    <Box sX="0.094302" sY="0.401546" sZ="0.064563" angle="135.54997" ax="0.062779" ay="0.151563" az="0.986452" tx="-0.500251" ty="-0.500251" tz="0.476767"/>
    <Box sX="0.094302" sY="0.401546" sZ="0.064563" angle="180" ax="0" ay="0.151862" az="0.988402" tx="0" ty="-0.707461" tz="0.476767"/>
    <Box sX="0.094302" sY="0.401546" sZ="0.064563" angle="135.54997" ax="0.062779" ay="-0.151563" az="-0.986452" tx="0.500251" ty="-0.500251" tz="0.476767"/>
  </Collision>
  <Connectivity>
    <Hinge type="86" oriented="0" angle="120" ax="0.57735" ay="-0.57735" az="-0.57735" tx="0" ty="0" tz="0.2"/>
  </Connectivity>
  <PhysicsAttributes inertiaTensor="0.678269,0,0,0,0.678037,0,0,0,1.2515" centerOfMass="0,0,0.3965" mass="1" frictionType="0"/>
  <Bounding>
    <AABB minX="-1.37" minY="-1.37025" minZ="0" maxX="1.37" maxY="1.37025" maxZ="0.793"/>
  </Bounding>
  <GeometryBounding>
    <AABB minX="-1.36994" minY="-1.37025" minZ="0" maxX="1.36994" maxY="1.37025" maxZ="0.793"/>
  </GeometryBounding>
</LEGOPrimitive>
