<?xml version="1.0" encoding="UTF-8" standalone="no" ?>
<LEGOPrimitive versionMajor="1" versionMinor="0">
  <Annotations>
    <Annotation platformid="200"/>
    <Annotation platformname="SYSTEM"/>
    <Annotation maingroupid="286"/>
    <Annotation maingroupname="FUNCTIONAL ELEMENTS"/>
    <Annotation designname="STRAP, BRUSH"/>
    <Annotation aliases="2475"/>
  </Annotations>
  <Collision>
    <Box sX="0.19" sY="0.035" sZ="3.19" angle="0" ax="0" ay="1" az="0" tx="0.2" ty="0.355" tz="-3.2"/>
    <Box sX="0.19" sY="0.035" sZ="3.19" angle="0" ax="0" ay="1" az="0" tx="0.2" ty="-0.355" tz="-3.2"/>
    <Box sX="0.69" sY="0.39" sZ="0.07" angle="0" ax="0" ay="1" az="0" tx="1.1" ty="0" tz="-0.08"/>
    <Box sX="0.69" sY="0.08" sZ="0.155796" angle="0" ax="0" ay="1" az="0" tx="1.1" ty="0.31" tz="-6.2342"/>
    <Box sX="0.247197" sY="0.037438" sZ="0.15" angle="15" ax="0" ay="0" az="-1" tx="2.03616" ty="0.287611" tz="-0.16"/>
    <Box sX="0.69" sY="0.08" sZ="0.155796" angle="0" ax="0" ay="1" az="0" tx="1.1" ty="-0.31" tz="-6.2342"/>
    <Box sX="0.69" sY="0.08" sZ="0.155796" angle="0" ax="0" ay="1" az="0" tx="1.1" ty="-0.31" tz="-0.165796"/>
    <Box sX="0.026554" sY="0.286596" sZ="0.35" angle="180" ax="0" ay="0" az="1" tx="0.346554" ty="-0.000311" tz="-0.358997"/>
    <Box sX="0.69" sY="0.08" sZ="0.155796" angle="0" ax="0" ay="1" az="0" tx="1.1" ty="0.31" tz="-0.165796"/>
    <Box sX="0.026574" sY="0.286596" sZ="0.35" angle="180" ax="0" ay="0" az="1" tx="0.346616" ty="0" tz="-6.04"/>
    <Box sX="0.008379" sY="0.190142" sZ="3.19" angle="0" ax="0" ay="1" az="0" tx="-0.328379" ty="0" tz="-3.2"/>
    <Box sX="0.69" sY="0.39" sZ="0.07" angle="0" ax="0" ay="1" az="0" tx="1.1" ty="0" tz="-6.32"/>
    <Box sX="0.008379" sY="0.190142" sZ="3.19" angle="67.49999" ax="0" ay="0" az="-1" tx="-0.125663" ty="0.303384" tz="-3.2"/>
    <Box sX="0.008379" sY="0.190142" sZ="3.19" angle="67.49999" ax="0" ay="0" az="1" tx="-0.125668" ty="-0.303382" tz="-3.2"/>
    <Box sX="0.247197" sY="0.037438" sZ="0.15" angle="15" ax="0" ay="0" az="1" tx="2.03616" ty="-0.287611" tz="-0.16"/>
    <Box sX="0.247197" sY="0.037438" sZ="0.15" angle="15" ax="0" ay="0" az="1" tx="2.03616" ty="-0.287611" tz="-6.24"/>
    <Box sX="0.247197" sY="0.037438" sZ="0.15" angle="15" ax="0" ay="0" az="-1" tx="2.03616" ty="0.287611" tz="-6.24"/>
  </Collision>
  <Connectivity>
    <Axel type="2" length="0.8" grabbing="0" startCapped="0" endCapped="0" angle="120" ax="-0.57735" ay="0.57735" az="-0.57735" tx="0" ty="0" tz="0"/>
    <Hinge type="118" oriented="0" angle="180" ax="0" ay="0.707107" az="-0.707107" tx="2" ty="0" tz="-3.2"/>
    <Custom2DField type="23" width="2" height="2" angle="90" ax="1" ay="0" az="0" tx="1.07" ty="0.4" tz="0">
      29:0,29:0,29:0,
      29:0,1:4:33,29:0,
      29:0,29:0,29:0
    </Custom2DField>
    <Custom2DField type="23" width="2" height="2" angle="180" ax="0" ay="0.707107" az="-0.707107" tx="1.87" ty="0.4" tz="-6.4">
      29:0,29:0,29:0,
      29:0,1:4:33,29:0,
      29:0,29:0,29:0
    </Custom2DField>
    <Axel type="2" length="0.8" grabbing="0" startCapped="0" endCapped="0" angle="120" ax="-0.57735" ay="0.57735" az="-0.57735" tx="0" ty="0" tz="-5.6"/>
  </Connectivity>
  <PhysicsAttributes inertiaTensor="3.85696,0,0,0,4.42882,0,0,0,0.678528" centerOfMass="0.96952,0,-3.2" mass="1" frictionType="0"/>
  <Bounding>
    <AABB minX="-0.4" minY="-0.4" minZ="-6.578" maxX="2.33904" maxY="0.4" maxZ="0.178"/>
  </Bounding>
  <GeometryBounding>
    <AABB minX="-0.4" minY="-0.4" minZ="-6.578" maxX="2.33904" maxY="0.4" maxZ="0.178"/>
  </GeometryBounding>
</LEGOPrimitive>
