<?xml version="1.0" encoding="UTF-8" standalone="no" ?>
<LEGOPrimitive versionMajor="1" versionMinor="0">
  <Annotations>
    <Annotation platformid="200"/>
    <Annotation platformname="SYSTEM"/>
    <Annotation maingroupid="216"/>
    <Annotation maingroupname="PLATES, SPECIAL"/>
    <Annotation designname="PLATE 2X2 INVERTED W. SNAP"/>
    <Annotation aliases="2476"/>
  </Annotations>
  <Collision>
    <Box sX="0.79" sY="0.15" sZ="0.79" angle="0" ax="0" ay="1" az="0" tx="-0.4" ty="0.16" tz="-0.4"/>
    <Box sX="0.15" sY="0.407601" sZ="0.15" angle="0" ax="0" ay="1" az="0" tx="-0.4" ty="-0.381399" tz="-0.4"/>
  </Collision>
  <Connectivity>
    <Custom2DField type="23" width="4" height="4" angle="0" ax="0" ay="1" az="0" tx="-1.2" ty="0.32" tz="-1.2">
      18:1:1,23:4:1,18:2:1,23:4:1,18:1:1,
      23:4:1,1:4:1,23:4:1,1:4:1,23:4:1,
      18:2:1,23:4:1,18:4:1,23:4:1,18:2:1,
      23:4:1,1:4:1,23:4:1,1:4:1,23:4:1,
      18:1:1,23:4:1,18:2:1,23:4:1,18:1:1
    </Custom2DField>
    <Axel type="3" length="0.8" requireGrabbing="0" startCapped="0" endCapped="1" angle="0" ax="0" ay="0" az="1" tx="-0.4" ty="-0.8" tz="-0.4"/>
  </Connectivity>
  <PhysicsAttributes inertiaTensor="0.353734,0,0,0,0.426667,0,0,0,0.353734" centerOfMass="-0.4,-0.151,-0.4" mass="1" frictionType="0"/>
  <Bounding>
    <AABB minX="-1.2" minY="-0.8" minZ="-1.2" maxX="0.4" maxY="0.498" maxZ="0.4"/>
  </Bounding>
  <GeometryBounding>
    <AABB minX="-1.2" minY="-0.799" minZ="-1.2" maxX="0.4" maxY="0.498" maxZ="0.4"/>
  </GeometryBounding>
</LEGOPrimitive>
