<?xml version="1.0" encoding="UTF-8" standalone="no" ?>
<LEGOPrimitive versionMajor="1" versionMinor="0">
  <Annotations>
    <Annotation platformid="200"/>
    <Annotation platformname="SYSTEM"/>
    <Annotation maingroupid="275"/>
    <Annotation maingroupname="TRANSPORTATION MEANS, AVIATION"/>
    <Annotation designname="ROTOR"/>
    <Annotation aliases="2479"/>
  </Annotations>
  <Collision>
    <Box sX="0.635" sY="0.09" sZ="0.39" angle="0" ax="0" ay="1" az="0" tx="0.955" ty="-0.1" tz="0"/>
    <Box sX="0.180229" sY="0.09" sZ="0.113501" angle="0" ax="0" ay="1" az="0" tx="1.79023" ty="-0.1" tz="0"/>
    <Box sX="0.115" sY="0.31" sZ="0.09" angle="0" ax="0" ay="1" az="0" tx="0.375" ty="-0.56" tz="0"/>
    <Box sX="0.1312" sY="0.33" sZ="0.028241" angle="0" ax="0" ay="1" az="0" tx="0.4512" ty="-0.61" tz="0"/>
    <Box sX="0.058185" sY="0.035" sZ="0.093528" angle="45" ax="0" ay="-1" az="0" tx="0.224991" ty="-0.285" tz="0.224991"/>
    <Box sX="0.635" sY="0.09" sZ="0.39" angle="90" ax="0" ay="1" az="0" tx="0" ty="-0.1" tz="-0.955"/>
    <Box sX="0.180229" sY="0.09" sZ="0.113501" angle="90" ax="0" ay="1" az="0" tx="0" ty="-0.1" tz="-1.79023"/>
    <Box sX="0.115" sY="0.31" sZ="0.09" angle="90" ax="0" ay="1" az="0" tx="0" ty="-0.56" tz="-0.375"/>
    <Box sX="0.1312" sY="0.33" sZ="0.028241" angle="90" ax="0" ay="1" az="0" tx="0" ty="-0.61" tz="-0.4512"/>
    <Box sX="0.058185" sY="0.035" sZ="0.093528" angle="45" ax="0" ay="1" az="0" tx="0.224991" ty="-0.285" tz="-0.224991"/>
    <Box sX="0.635" sY="0.09" sZ="0.39" angle="90" ax="0" ay="-1" az="0" tx="0" ty="-0.1" tz="0.955"/>
    <Box sX="0.180229" sY="0.09" sZ="0.113501" angle="90" ax="0" ay="-1" az="0" tx="0" ty="-0.1" tz="1.79023"/>
    <Box sX="0.115" sY="0.31" sZ="0.09" angle="90" ax="0" ay="-1" az="0" tx="0" ty="-0.56" tz="0.375"/>
    <Box sX="0.1312" sY="0.33" sZ="0.028241" angle="90" ax="0" ay="-1" az="0" tx="0" ty="-0.61" tz="0.4512"/>
    <Box sX="0.058185" sY="0.035" sZ="0.093528" angle="135" ax="0" ay="-1" az="0" tx="-0.224991" ty="-0.285" tz="0.224991"/>
    <Box sX="0.635" sY="0.09" sZ="0.39" angle="180" ax="0" ay="1" az="0" tx="-0.955" ty="-0.1" tz="0"/>
    <Box sX="0.180229" sY="0.09" sZ="0.113501" angle="180" ax="0" ay="1" az="0" tx="-1.79023" ty="-0.1" tz="0"/>
    <Box sX="0.115" sY="0.31" sZ="0.09" angle="180" ax="0" ay="1" az="0" tx="-0.375" ty="-0.56" tz="0"/>
    <Box sX="0.1312" sY="0.33" sZ="0.028241" angle="180" ax="0" ay="1" az="0" tx="-0.4512" ty="-0.61" tz="0"/>
    <Box sX="0.058185" sY="0.035" sZ="0.093528" angle="135" ax="0" ay="1" az="0" tx="-0.224991" ty="-0.285" tz="-0.224991"/>
    <Box sX="0.125265" sY="0.37" sZ="0.04482" angle="0" ax="0" ay="1" az="0" tx="0.445265" ty="-0.58" tz="0"/>
    <Box sX="0.125265" sY="0.37" sZ="0.04482" angle="90" ax="0" ay="-1" az="0" tx="0" ty="-0.58" tz="0.445265"/>
    <Box sX="0.125265" sY="0.37" sZ="0.04482" angle="180" ax="0" ay="1" az="0" tx="-0.445265" ty="-0.58" tz="0"/>
    <Box sX="0.125265" sY="0.37" sZ="0.04482" angle="90" ax="0" ay="1" az="0" tx="0" ty="-0.58" tz="-0.445265"/>
  </Collision>
  <Connectivity>
    <Custom2DField type="23" width="10" height="10" angle="0" ax="0" ay="1" az="0" tx="-2" ty="0" tz="-2">
      29:0:1,29:0:1,29:0:1,29:0:1,18:1:1,23:4:1,18:1:1,29:0:1,29:0:1,29:0:1,29:0:1,
      29:0:1,29:0:1,29:0:1,29:0:1,23:4:1,1:4:1,23:4:1,29:0:1,29:0:1,29:0:1,29:0:1,
      29:0:1,29:0:1,29:0:1,29:0:1,18:2:1,23:4:1,18:2:1,29:0:1,29:0:1,29:0:1,29:0:1,
      29:0:1,29:0:1,29:0:1,29:0:1,23:4:1,1:4:1,23:4:1,29:0:1,29:0:1,29:0:1,29:0:1,
      18:1:1,23:4:1,18:2:1,23:4:1,18:2:1,23:4:1,18:2:1,23:4:1,18:2:1,23:4:1,18:1:1,
      23:4:1,1:4:1,23:4:1,1:4:1,23:4:1,29:0:1,23:4:1,1:4:1,23:4:1,1:4:1,23:4:1,
      18:1:1,23:4:1,18:2:1,23:4:1,18:2:1,23:4:1,18:2:1,23:4:1,18:2:1,23:4:1,18:1:1,
      29:0:1,29:0:1,29:0:1,29:0:1,23:4:1,1:4:1,23:4:1,29:0:1,29:0:1,29:0:1,29:0:1,
      29:0:1,29:0:1,29:0:1,29:0:1,18:2:1,23:4:1,18:2:1,29:0:1,29:0:1,29:0:1,29:0:1,
      29:0:1,29:0:1,29:0:1,29:0:1,23:4:1,1:4:1,23:4:1,29:0:1,29:0:1,29:0:1,29:0:1,
      29:0:1,29:0:1,29:0:1,29:0:1,18:1:1,23:4:1,18:1:1,29:0:1,29:0:1,29:0:1,29:0:1
    </Custom2DField>
    <Axel type="2" length="0.8" grabbing="0" startCapped="0" endCapped="0" angle="0" ax="0" ay="0" az="1" tx="0" ty="-0.96" tz="0"/>
  </Connectivity>
  <PhysicsAttributes inertiaTensor="1.44125,0,0,0,2.66667,0,0,0,1.44125" centerOfMass="0,-0.391,0" mass="1" frictionType="0"/>
  <Bounding>
    <AABB minX="-2" minY="-0.96" minZ="-2" maxX="2" maxY="0.178" maxZ="2"/>
  </Bounding>
  <GeometryBounding>
    <AABB minX="-1.98046" minY="-0.96" minZ="-1.98046" maxX="1.98046" maxY="0.178" maxZ="1.98046"/>
  </GeometryBounding>
</LEGOPrimitive>
