<?xml version="1.0" encoding="UTF-8" standalone="no" ?>
<LEGOPrimitive versionMajor="1" versionMinor="0">
  <Annotations>
    <Annotation platformid="200"/>
    <Annotation platformname="SYSTEM"/>
    <Annotation maingroupid="277"/>
    <Annotation maingroupname="WINDSCREENS AND COCKPITS"/>
    <Annotation designname="COCKPIT 4X4X4"/>
    <Annotation aliases="2483"/>
  </Annotations>
  <Collision>
    <Box sX="0.39" sY="0.15" sZ="0.431584" angle="0" ax="0" ay="1" az="0" tx="0.002254" ty="0.16" tz="0.041584"/>
    <Box sX="0.388873" sY="0.15" sZ="0.43" angle="0" ax="0" ay="1" az="0" tx="2.40113" ty="0.16" tz="0.04"/>
    <Box sX="0.05" sY="0.189984" sZ="0.531206" angle="49.64872" ax="-1" ay="0" az="0" tx="-0.337746" ty="0.546036" tz="0.681179"/>
    <Box sX="0.05" sY="0.19" sZ="0.4825" angle="90" ax="-1" ay="0" az="0" tx="-0.337746" ty="1.3215" tz="0.984"/>
    <Box sX="0.05" sY="0.19119" sZ="0.884427" angle="117.02374" ax="-1" ay="0" az="0" tx="-0.337746" ty="2.52644" tz="0.612395"/>
    <Box sX="0.048873" sY="0.137968" sZ="1.01749" angle="159.96484" ax="-1" ay="0" az="0" tx="2.74113" ty="3.627" tz="-0.632"/>
    <Box sX="1.58887" sY="0.064884" sZ="0.507291" angle="49.64872" ax="-1" ay="0" az="0" tx="1.20113" ty="0.483263" tz="0.792"/>
    <Box sX="0.048873" sY="0.189984" sZ="0.531206" angle="49.64872" ax="-1" ay="0" az="0" tx="2.74113" ty="0.546036" tz="0.681179"/>
    <Box sX="0.048873" sY="0.198" sZ="0.4825" angle="90" ax="-1" ay="0" az="0" tx="2.74113" ty="1.3215" tz="0.992"/>
    <Box sX="1.58887" sY="0.073" sZ="0.4825" angle="90" ax="-1" ay="0" az="0" tx="1.20113" ty="1.3215" tz="1.117"/>
    <Box sX="1.58887" sY="0.065014" sZ="0.884427" angle="117.00048" ax="-1" ay="0" az="0" tx="1.20113" ty="2.58363" tz="0.724458"/>
    <Box sX="0.048873" sY="0.19048" sZ="0.884427" angle="117.02286" ax="-1" ay="0" az="0" tx="2.74113" ty="2.52606" tz="0.611782"/>
    <Box sX="0.05" sY="0.137968" sZ="1.01749" angle="159.96484" ax="-1" ay="0" az="0" tx="-0.337746" ty="3.627" tz="-0.632"/>
    <Box sX="1.582" sY="0.046933" sZ="1.01749" angle="159.96484" ax="-1" ay="0" az="0" tx="1.2" ty="3.71253" tz="-0.600812"/>
    <Box sX="0.034" sY="0.103137" sZ="0.103137" angle="180" ax="0" ay="0.92388" az="-0.382683" tx="2.596" ty="4" tz="-1.8"/>
    <Box sX="0.0375" sY="0.103137" sZ="0.103137" angle="180" ax="0" ay="0.92388" az="-0.382683" tx="1.3275" ty="4" tz="-1.8"/>
    <Box sX="0.0375" sY="0.103137" sZ="0.103137" angle="180" ax="0" ay="0.92388" az="-0.382683" tx="1.0725" ty="4" tz="-1.8"/>
    <Box sX="0.034" sY="0.103137" sZ="0.103137" angle="180" ax="0" ay="0.92388" az="-0.382683" tx="-0.196" ty="4" tz="-1.8"/>
    <Box sX="0.2775" sY="0.065" sZ="0.082" angle="0" ax="0" ay="1" az="0" tx="0.0375" ty="4.085" tz="-1.74"/>
    <Box sX="0.315" sY="0.065" sZ="0.082" angle="0" ax="0" ay="1" az="0" tx="0.8" ty="4.085" tz="-1.74"/>
    <Box sX="0.315" sY="0.065" sZ="0.082" angle="0" ax="0" ay="1" az="0" tx="0.8" ty="4.085" tz="-1.74"/>
    <Box sX="0.315" sY="0.065" sZ="0.082" angle="0" ax="0" ay="1" az="0" tx="1.6" ty="4.085" tz="-1.74"/>
    <Box sX="0.2775" sY="0.065" sZ="0.082" angle="0" ax="0" ay="1" az="0" tx="2.3625" ty="4.085" tz="-1.74"/>
  </Collision>
  <Connectivity>
    <Custom2DField type="22" width="2" height="2" angle="0" ax="0" ay="1" az="0" tx="-0.397746" ty="0" tz="-0.4">
      22:1:1,22:2:1,22:1:1,
      22:2:1,15:4:1,22:2:1,
      22:1:1,22:2:1,22:1:1
    </Custom2DField>
    <Custom2DField type="22" width="2" height="2" angle="0" ax="0" ay="1" az="0" tx="2.00225" ty="0" tz="-0.4">
      22:1:1,22:2:1,22:1:1,
      22:2:1,15:4:1,22:2:1,
      22:1:1,22:2:1,22:1:1
    </Custom2DField>
    <Hinge type="169" oriented="0" angle="120" ax="0.57735" ay="-0.57735" az="0.57735" tx="1.2" ty="4" tz="-1.8"/>
  </Connectivity>
  <PhysicsAttributes inertiaTensor="2.29121,0,0,0,1.70361,0,0,0,2.29667" centerOfMass="1.20113,2.08,-0.396" mass="1" frictionType="0"/>
  <Bounding>
    <AABB minX="-0.4" minY="0" minZ="-1.992" maxX="2.80225" maxY="4.16" maxZ="1.2"/>
  </Bounding>
  <GeometryBounding>
    <AABB minX="-0.4" minY="0" minZ="-1.992" maxX="2.80225" maxY="4.16" maxZ="1.2"/>
  </GeometryBounding>
</LEGOPrimitive>
