<?xml version="1.0" encoding="UTF-8" standalone="no" ?>
<LEGOPrimitive versionMajor="1" versionMinor="0">
  <Annotations>
    <Annotation platformid="200"/>
    <Annotation platformname="SYSTEM"/>
    <Annotation maingroupid="235"/>
    <Annotation maingroupname="FENCES AND LADDERS"/>
    <Annotation designname="BALUSTRADE 1X8X2"/>
    <Annotation aliases="91598;2486"/>
  </Annotations>
  <Collision>
    <Box sX="2.5638" sY="0.099627" sZ="0.0996" angle="0" ax="0" ay="1" az="0" tx="1.99994" ty="0.480417" tz="0"/>
    <Box sX="0.255421" sY="0.099627" sZ="0.0996" angle="0" ax="0" ay="1" az="0" tx="-0.426227" ty="1.75915" tz="0"/>
    <Box sX="0.099605" sY="0.537594" sZ="0.0996" angle="0" ax="0" ay="1" az="0" tx="4.7992" ty="1.11978" tz="0"/>
    <Box sX="0.099605" sY="0.537594" sZ="0.0996" angle="0" ax="0" ay="1" az="0" tx="-0.799316" ty="1.11978" tz="0"/>
    <Box sX="0.273979" sY="0.099627" sZ="0.0996" angle="0" ax="0" ay="1" az="0" tx="4.44467" ty="1.75915" tz="0"/>
    <Box sX="1.82925" sY="0.099627" sZ="0.0996" angle="0" ax="0" ay="1" az="0" tx="1.99994" ty="1.75915" tz="0"/>
    <Box sX="0.095428" sY="0.6942" sZ="0.0996" angle="0" ax="0" ay="1" az="0" tx="2.00603" ty="1.11978" tz="0"/>
    <Box sX="0.224271" sY="0.150189" sZ="0.230611" angle="0" ax="0" ay="1" az="0" tx="3.99879" ty="0.160189" tz="5.6E-005"/>
    <Box sX="0.224271" sY="0.150189" sZ="0.230611" angle="0" ax="0" ay="1" az="0" tx="-0.001214" ty="0.160189" tz="0.002308"/>
    <Box sX="0.133997" sY="0.15" sZ="0.009108" angle="0" ax="0" ay="1" az="0" tx="4" ty="1.76" tz="-0.179108"/>
    <Box sX="0.133997" sY="0.15" sZ="0.009108" angle="0" ax="0" ay="1" az="0" tx="4" ty="1.76" tz="0.179108"/>
    <Box sX="0.133997" sY="0.15" sZ="0.009108" angle="0" ax="0" ay="1" az="0" tx="0" ty="1.76" tz="-0.179108"/>
    <Box sX="0.133997" sY="0.15" sZ="0.009108" angle="0" ax="0" ay="1" az="0" tx="0" ty="1.76" tz="0.179108"/>
  </Collision>
  <Connectivity>
    <Custom2DField type="22" width="2" height="2" angle="0" ax="0" ay="1" az="0" tx="-0.4" ty="0" tz="-0.4">
      29:0,29:0,29:0,
      29:0,5:4:34,29:0,
      29:0,29:0,29:0
    </Custom2DField>
    <Custom2DField type="22" width="2" height="2" angle="0" ax="0" ay="1" az="0" tx="3.6" ty="0" tz="-0.4">
      29:0,29:0,29:0,
      29:0,5:4:34,29:0,
      29:0,29:0,29:0
    </Custom2DField>
    <Custom2DField type="23" width="2" height="2" angle="0" ax="0" ay="1" az="0" tx="-0.4" ty="1.92" tz="-0.4">
      29:0,29:0,29:0,
      29:0,1:4:38,29:0,
      29:0,29:0,29:0
    </Custom2DField>
    <Custom2DField type="23" width="2" height="2" angle="0" ax="0" ay="1" az="0" tx="3.6" ty="1.92" tz="-0.4">
      29:0,29:0,29:0,
      29:0,1:4:38,29:0,
      29:0,29:0,29:0
    </Custom2DField>
    <Axel type="7" length="0.8" requireGrabbing="1" startCapped="1" endCapped="1" angle="0" ax="0" ay="0" az="1" tx="-0.8" ty="0.719701" tz="0"/>
    <Axel type="7" length="0.8" requireGrabbing="1" startCapped="1" endCapped="1" angle="0" ax="0" ay="0" az="1" tx="2" ty="0.719701" tz="0"/>
    <Axel type="7" length="0.8" requireGrabbing="1" startCapped="1" endCapped="1" angle="0" ax="0" ay="0" az="1" tx="4.8" ty="0.719701" tz="0"/>
    <Axel type="7" length="3.2" requireGrabbing="1" startCapped="1" endCapped="1" angle="90" ax="0" ay="0" az="1" tx="3.6" ty="1.76" tz="0"/>
    <Axel type="7" length="3.2" requireGrabbing="1" startCapped="1" endCapped="1" angle="90" ax="0" ay="0" az="1" tx="3.6" ty="0.48" tz="0"/>
    <Axel type="6" length="0.530507" grabbing="0" startCapped="0" endCapped="0" angle="90" ax="0" ay="1" az="0" tx="0" ty="1.59932" tz="0"/>
    <Axel type="6" length="0.530507" grabbing="0" startCapped="0" endCapped="0" angle="90" ax="0" ay="1" az="0" tx="4" ty="1.59932" tz="0"/>
  </Connectivity>
  <PhysicsAttributes inertiaTensor="0.416322,0,0,0,2.9574,0,0,0,3.2971" centerOfMass="1.99994,1.06492,0" mass="1" frictionType="0"/>
  <Bounding>
    <AABB minX="-0.959324" minY="0" minZ="-0.339" maxX="4.95921" maxY="2.12983" maxZ="0.339"/>
  </Bounding>
  <GeometryBounding>
    <AABB minX="-0.953872" minY="0" minZ="-0.339" maxX="4.95376" maxY="2.12983" maxZ="0.339"/>
  </GeometryBounding>
</LEGOPrimitive>
