<?xml version="1.0" encoding="UTF-8" standalone="no" ?>
<LEGOPrimitive versionMajor="1" versionMinor="0">
  <Annotations>
    <Annotation platformid="200"/>
    <Annotation platformname="SYSTEM"/>
    <Annotation maingroupid="247"/>
    <Annotation maingroupname="FIGURE, WEAPONS"/>
    <Annotation designname="WHIP"/>
    <Annotation aliases="2488"/>
  </Annotations>
  <Collision>
    <Box sX="0.09" sY="0.165691" sZ="0.033301" angle="98.42106" ax="0.357407" ay="-0.357407" az="-0.862856" tx="3.79414" ty="5.66" tz="0.211259"/>
    <Box sX="0.09" sY="0.165691" sZ="0.033301" angle="90" ax="0" ay="0" az="-1" tx="4.00382" ty="5.66" tz="0.294946"/>
    <Box sX="0.09" sY="0.165691" sZ="0.033301" angle="98.42106" ax="-0.357407" ay="0.357407" az="-0.862856" tx="4.21126" ty="5.66" tz="0.205858"/>
    <Box sX="0.09" sY="0.165691" sZ="0.033301" angle="120" ax="-0.57735" ay="0.57735" az="-0.57735" tx="4.29495" ty="5.66" tz="-0.003819"/>
    <Box sX="0.09" sY="0.165691" sZ="0.033301" angle="148.60028" ax="-0.678598" ay="0.678598" az="-0.281085" tx="4.20586" ty="5.66" tz="-0.211259"/>
    <Box sX="0.09" sY="0.165691" sZ="0.033301" angle="180" ax="0.707107" ay="-0.707107" az="0" tx="3.99618" ty="5.66" tz="-0.294946"/>
    <Box sX="0.09" sY="0.165691" sZ="0.033301" angle="148.60028" ax="0.678598" ay="-0.678598" az="-0.281085" tx="3.78874" ty="5.66" tz="-0.205858"/>
    <Box sX="0.043787" sY="0.37281" sZ="0.054727" angle="62.28148" ax="0" ay="0" az="-1" tx="3.298" ty="5.50572" tz="0.000511"/>
    <Box sX="0.055519" sY="0.265702" sZ="0.046923" angle="90" ax="0" ay="0" az="1" tx="2.69323" ty="5.30866" tz="0"/>
    <Box sX="0.056839" sY="0.697441" sZ="0.068619" angle="105.17249" ax="0" ay="0" az="-1" tx="1.84325" ty="5.50191" tz="0"/>
    <Box sX="0.055519" sY="0.450283" sZ="0.041563" angle="68.58149" ax="0" ay="0" az="-1" tx="0.722145" ty="5.52183" tz="0"/>
    <Box sX="0.055519" sY="0.429752" sZ="0.046923" angle="20.74488" ax="0" ay="0" az="-1" tx="0.138907" ty="4.90133" tz="0"/>
    <Box sX="0.053976" sY="2.22035" sZ="0.069937" angle="0" ax="0" ay="1" az="0" tx="0" ty="2.23035" tz="0"/>
  </Collision>
  <Connectivity>
    <Axel type="7" length="1.92" requireGrabbing="0" startCapped="0" endCapped="0" angle="90" ax="0" ay="1" az="0" tx="0" ty="0" tz="0"/>
    <Custom2DField type="22" width="2" height="2" angle="0" ax="0" ay="1" az="0" tx="-0.4" ty="0" tz="-0.4">
      29:0,29:0,29:0,
      29:0,9:4:32,29:0,
      29:0,29:0,29:0
    </Custom2DField>
    <Custom2DField type="22" width="2" height="2" angle="0" ax="0" ay="1" az="0" tx="3.6" ty="5.56" tz="-0.4">
      29:0,29:0,29:0,
      29:0,15:4:32,29:0,
      29:0,29:0,29:0
    </Custom2DField>
    <Custom2DField type="22" width="2" height="2" angle="180" ax="1" ay="0" az="0" tx="3.6" ty="5.76" tz="0.4">
      29:0,29:0,29:0,
      29:0,15:4:32,29:0,
      29:0,29:0,29:0
    </Custom2DField>
  </Connectivity>
  <PhysicsAttributes inertiaTensor="2.81889,0,0,0,1.78613,0,0,0,4.49836" centerOfMass="2.12,2.88039,0" mass="1" frictionType="0"/>
  <Bounding>
    <AABB minX="-0.16" minY="0" minZ="-0.4" maxX="4.4" maxY="5.76079" maxZ="0.4"/>
  </Bounding>
  <GeometryBounding>
    <AABB minX="-0.16" minY="0" minZ="-0.4" maxX="4.4" maxY="5.76" maxZ="0.4"/>
  </GeometryBounding>
</LEGOPrimitive>
