<?xml version="1.0" encoding="UTF-8" standalone="no" ?>
<LEGOPrimitive versionMajor="1" versionMinor="0">
  <Annotations>
    <Annotation platformid="200"/>
    <Annotation platformname="SYSTEM"/>
    <Annotation maingroupid="227"/>
    <Annotation maingroupname="INTERIOR"/>
    <Annotation designname="BARREL 2X2"/>
    <Annotation aliases="2489"/>
  </Annotations>
  <Collision>
    <Box sX="0.197055" sY="0.019951" sZ="0.685" angle="148.60028" ax="0.281085" ay="0.678598" az="-0.678598" tx="0.925232" ty="0.905" tz="-0.925232"/>
    <Box sX="0.197055" sY="0.019951" sZ="0.685" angle="98.42106" ax="0.862856" ay="0.357407" az="-0.357407" tx="0.925232" ty="0.905" tz="0.125232"/>
    <Box sX="0.197055" sY="0.019951" sZ="0.685" angle="98.42106" ax="0.862856" ay="-0.357407" az="0.357407" tx="-0.125232" ty="0.905" tz="0.125232"/>
    <Box sX="0.197055" sY="0.019951" sZ="0.685" angle="148.60028" ax="0.281085" ay="-0.678598" az="0.678598" tx="-0.125232" ty="0.905" tz="-0.925232"/>
    <Box sX="0.206033" sY="0.22" sZ="0.045" angle="180" ax="0" ay="0.707107" az="-0.707107" tx="0.093967" ty="0.265" tz="-0.72"/>
    <Box sX="0.206033" sY="0.206033" sZ="0.045" angle="120" ax="0.57735" ay="-0.57735" az="0.57735" tx="0.093967" ty="0.265" tz="-0.093967"/>
    <Box sX="0.22" sY="0.206033" sZ="0.045" angle="120" ax="0.57735" ay="0.57735" az="-0.57735" tx="0.706033" ty="0.265" tz="-0.72"/>
    <Box sX="0.206033" sY="0.206033" sZ="0.045" angle="90" ax="1" ay="0" az="0" tx="0.706033" ty="0.265" tz="-0.093967"/>
    <Box sX="0.246799" sY="0.227393" sZ="0.045" angle="90" ax="1" ay="0" az="0" tx="0.4" ty="0.265" tz="0.082393"/>
    <Box sX="0.246799" sY="0.233528" sZ="0.045" angle="120" ax="0.57735" ay="-0.57735" az="0.57735" tx="-0.088528" ty="0.265" tz="-0.4"/>
    <Box sX="0.246799" sY="0.227237" sZ="0.045" angle="180" ax="0" ay="0.707107" az="-0.707107" tx="0.4" ty="0.265" tz="-0.882237"/>
    <Box sX="0.246799" sY="0.229423" sZ="0.045" angle="120" ax="0.57735" ay="0.57735" az="-0.57735" tx="0.884423" ty="0.265" tz="-0.4"/>
    <Box sX="0.197055" sY="0.019951" sZ="0.719" angle="180" ax="0" ay="0.707107" az="-0.707107" tx="0.4" ty="1.049" tz="-0.979832"/>
    <Box sX="0.197055" sY="0.019951" sZ="0.719" angle="148.60028" ax="0.281085" ay="0.678598" az="-0.678598" tx="0.810004" ty="1.049" tz="-0.810003"/>
    <Box sX="0.197055" sY="0.019951" sZ="0.719" angle="120" ax="0.57735" ay="0.57735" az="-0.57735" tx="0.979832" ty="1.049" tz="-0.4"/>
    <Box sX="0.197055" sY="0.019951" sZ="0.719" angle="98.42106" ax="0.862856" ay="0.357407" az="-0.357407" tx="0.810003" ty="1.049" tz="0.010003"/>
    <Box sX="0.197055" sY="0.019951" sZ="0.719" angle="90" ax="1" ay="0" az="0" tx="0.4" ty="1.049" tz="0.179832"/>
    <Box sX="0.197055" sY="0.019951" sZ="0.719" angle="98.42106" ax="0.862856" ay="-0.357407" az="0.357407" tx="-0.010003" ty="1.049" tz="0.010003"/>
    <Box sX="0.197055" sY="0.019951" sZ="0.719" angle="120" ax="0.57735" ay="-0.57735" az="0.57735" tx="-0.179832" ty="1.049" tz="-0.4"/>
    <Box sX="0.197055" sY="0.019951" sZ="0.719" angle="148.60028" ax="0.281085" ay="-0.678598" az="0.678598" tx="-0.010003" ty="1.049" tz="-0.810004"/>
    <Box sX="0.197055" sY="0.01141" sZ="0.15" angle="90.9722" ax="0.983174" ay="-0.129167" az="0.129167" tx="0.205559" ty="0.16" tz="0.325619"/>
    <Box sX="0.197055" sY="0.01141" sZ="0.15" angle="90.98021" ax="0.983037" ay="0.129689" az="-0.129689" tx="0.594418" ty="0.16" tz="0.325625"/>
    <Box sX="0.197055" sY="0.01141" sZ="0.15" angle="111.76811" ax="0.677457" ay="0.520121" az="-0.520121" tx="1.12562" ty="0.16" tz="-0.205559"/>
    <Box sX="0.197055" sY="0.01141" sZ="0.15" angle="129.02579" ax="0.476699" ay="0.621594" az="-0.621594" tx="1.12562" ty="0.16" tz="-0.594419"/>
    <Box sX="0.197055" sY="0.01141" sZ="0.15" angle="169.43036" ax="0.0925" ay="0.704075" az="-0.704075" tx="0.594441" ty="0.16" tz="-1.12562"/>
    <Box sX="0.197055" sY="0.01141" sZ="0.15" angle="169.38681" ax="0.092883" ay="-0.70405" az="0.70405" tx="0.205581" ty="0.16" tz="-1.12562"/>
    <Box sX="0.197055" sY="0.01141" sZ="0.15" angle="128.98735" ax="0.477111" ay="-0.621436" az="0.621436" tx="-0.325619" ty="0.16" tz="-0.594441"/>
    <Box sX="0.197055" sY="0.01141" sZ="0.15" angle="111.73595" ax="0.677866" ay="-0.519854" az="0.519854" tx="-0.325625" ty="0.16" tz="-0.205581"/>
  </Collision>
  <Connectivity>
    <Custom2DField type="22" width="4" height="4" angle="0" ax="0" ay="1" az="0" tx="-0.4" ty="0" tz="-1.2">
      29:0:1,22:2:1,22:2:1,22:2:1,29:0:1,
      22:2:1,15:4,23:4:1,15:4,22:2:1,
      22:2:1,23:4:1,7:4,23:4:1,22:2:1,
      22:2:1,15:4,23:4:1,15:4,22:2:1,
      29:0:1,22:2:1,22:2:1,22:2:1,29:0:1
    </Custom2DField>
    <Axel type="4" length="0.11" grabbing="0" startCapped="0" endCapped="0" angle="0" ax="0" ay="0" az="1" tx="0.4" ty="0.21" tz="-0.4"/>
    <Hinge type="137" oriented="1" angle="0" ax="0" ay="0" az="1" tx="0.4" ty="0" tz="-0.4"/>
    <Hinge type="136" oriented="1" angle="0" ax="0" ay="0" az="1" tx="0.4" ty="1.6" tz="-0.4"/>
  </Connectivity>
  <PhysicsAttributes inertiaTensor="0.486342,0,0,0,0.426667,0,0,0,0.486342" centerOfMass="0.4,0.905,-0.4" mass="1" frictionType="0"/>
  <Bounding>
    <AABB minX="-0.4" minY="0" minZ="-1.2" maxX="1.2" maxY="1.81" maxZ="0.4"/>
  </Bounding>
  <GeometryBounding>
    <AABB minX="-0.4" minY="0" minZ="-1.2" maxX="1.2" maxY="1.81" maxZ="0.4"/>
  </GeometryBounding>
</LEGOPrimitive>
