<?xml version="1.0" encoding="UTF-8" standalone="no" ?>
<LEGOPrimitive versionMajor="1" versionMinor="0">
  <Annotations>
    <Annotation platformid="200"/>
    <Annotation platformname="SYSTEM"/>
    <Annotation maingroupid="268"/>
    <Annotation maingroupname="WHEEL BASE"/>
    <Annotation designname="SACK TRUCK"/>
    <Annotation aliases="2495"/>
  </Annotations>
  <Collision>
    <Box sX="0.796744" sY="0.79" sZ="0.065" angle="0" ax="0" ay="1" az="0" tx="0.939299" ty="-1.16206" tz="0.885"/>
    <Box sX="0.665" sY="0.15" sZ="0.065" angle="0" ax="0" ay="1" az="0" tx="0.939299" ty="-2.44206" tz="0.885"/>
    <Box sX="0.065" sY="0.065779" sZ="0.301767" angle="0" ax="0" ay="1" az="0" tx="1.5393" ty="-2.21669" tz="0.545447"/>
    <Box sX="0.065" sY="0.045203" sZ="0.290256" angle="0" ax="0" ay="1" az="0" tx="1.5393" ty="-2.54686" tz="0.556959"/>
    <Box sX="0.065" sY="0.065779" sZ="0.301767" angle="180" ax="0" ay="1" az="0" tx="0.339299" ty="-2.21669" tz="0.545447"/>
    <Box sX="0.065" sY="0.045203" sZ="0.290256" angle="180" ax="0" ay="1" az="0" tx="0.339299" ty="-2.54686" tz="0.556959"/>
    <Box sX="0.848783" sY="0.065" sZ="0.47" angle="0" ax="0" ay="1" az="0" tx="0.939299" ty="-2.52706" tz="1.44"/>
    <Box sX="0.065" sY="0.568967" sZ="0.093525" angle="180" ax="0" ay="0.993304" az="-0.115528" tx="0.064299" ty="-1.98168" tz="1.03092"/>
    <Box sX="0.065" sY="0.568967" sZ="0.093525" angle="13.26818" ax="-1" ay="0" az="0" tx="1.8143" ty="-1.98168" tz="1.03092"/>
    <Box sX="0.94" sY="0.318723" sZ="0.015" angle="0" ax="0" ay="1" az="0" tx="0.939299" ty="-2.27334" tz="0.935"/>
    <Box sX="0.103104" sY="0.103137" sZ="0.39" angle="45" ax="0" ay="0" az="1" tx="1.87622" ty="-0.002323" tz="0.4"/>
    <Box sX="0.092845" sY="1.29374" sZ="0.094466" angle="46.60293" ax="0.09601" ay="0.971077" az="-0.218614" tx="1.73568" ty="-1.04811" tz="0.797508"/>
    <Box sX="0.096149" sY="0.231901" sZ="0.097822" angle="47.3867" ax="-0.199769" ay="0.975639" az="-0.090667" tx="1.97713" ty="0.437963" tz="0.760839"/>
    <Box sX="0.103104" sY="0.103137" sZ="0.39" angle="180" ax="0.382683" ay="0.92388" az="0" tx="0.000615" ty="-0.002323" tz="0.4"/>
    <Box sX="0.092845" sY="1.29374" sZ="0.094466" angle="134.82079" ax="-0.093663" ay="0.994754" az="0.041135" tx="0.141157" ty="-1.04811" tz="0.797508"/>
    <Box sX="0.096149" sY="0.231901" sZ="0.097822" angle="133.83546" ax="-0.039604" ay="0.995398" az="-0.087261" tx="-0.100292" ty="0.437963" tz="0.760839"/>
  </Collision>
  <Connectivity>
    <Axel type="7" length="0.654093" requireGrabbing="0" startCapped="0" endCapped="1" angle="120" ax="0.57735" ay="-0.57735" az="-0.57735" tx="0" ty="0" tz="0"/>
    <Axel type="7" length="0.654093" requireGrabbing="0" startCapped="0" endCapped="1" angle="120" ax="0.57735" ay="-0.57735" az="-0.57735" tx="1.8762" ty="-0.002347" tz="0"/>
    <Axel type="7" length="0.5" requireGrabbing="0" startCapped="0" endCapped="0" angle="172.93341" ax="0.705758" ay="-0.061746" az="-0.705758" tx="-0.100837" ty="0.690362" tz="0.713288"/>
    <Axel type="7" length="0.5" requireGrabbing="0" startCapped="0" endCapped="0" angle="172.93341" ax="0.705758" ay="-0.061746" az="-0.705758" tx="1.97944" ty="0.690362" tz="0.713288"/>
    <Hinge type="60" oriented="0" angle="120" ax="-0.57735" ay="-0.57735" az="-0.57735" tx="0.939" ty="-2.39206" tz="0.413577"/>
    <Axel type="7" length="1.5" requireGrabbing="0" startCapped="0" endCapped="0" angle="172.2278" ax="-0.705473" ay="0.067929" az="0.705473" tx="1.97296" ty="0.17943" tz="0.8"/>
    <Axel type="7" length="1.5" requireGrabbing="0" startCapped="0" endCapped="0" angle="172.2278" ax="0.705473" ay="0.067929" az="-0.705473" tx="-0.094341" ty="0.17943" tz="0.8"/>
    <Custom2DField type="22" width="2" height="2" angle="90" ax="1" ay="0" az="0" tx="-0.4" ty="0.4" tz="0">
      29:0,29:0,29:0,
      29:0,9:4:32,29:0,
      29:0,29:0,29:0
    </Custom2DField>
    <Custom2DField type="22" width="2" height="2" angle="90" ax="1" ay="0" az="0" tx="1.47373" ty="0.4" tz="0">
      29:0,29:0,29:0,
      29:0,9:4:32,29:0,
      29:0,29:0,29:0
    </Custom2DField>
    <Custom2DField type="22" width="2" height="2" angle="169.99998" ax="1" ay="0" az="0" tx="1.57944" ty="0.759821" tz="1.10721">
      29:0,29:0,29:0,
      29:0,9:4:32,29:0,
      29:0,29:0,29:0
    </Custom2DField>
    <Custom2DField type="22" width="2" height="2" angle="169.99998" ax="1" ay="0" az="0" tx="-0.500837" ty="0.759821" tz="1.10721">
      29:0,29:0,29:0,
      29:0,9:4:32,29:0,
      29:0,29:0,29:0
    </Custom2DField>
  </Connectivity>
  <PhysicsAttributes inertiaTensor="1.22584,0,0,0,0.7872,0,0,0,1.39864" centerOfMass="0.939299,-0.941968,0.96" mass="1" frictionType="0"/>
  <Bounding>
    <AABB minX="-0.260701" minY="-2.60206" minZ="0" maxX="2.1393" maxY="0.718126" maxZ="1.92"/>
  </Bounding>
  <GeometryBounding>
    <AABB minX="-0.260701" minY="-2.60206" minZ="0" maxX="2.1393" maxY="0.718126" maxZ="1.92"/>
  </GeometryBounding>
</LEGOPrimitive>
