<?xml version="1.0" encoding="UTF-8" standalone="no" ?>
<LEGOPrimitive versionMajor="1" versionMinor="0">
  <Annotations>
    <Annotation platformid="200"/>
    <Annotation platformname="SYSTEM"/>
    <Annotation maingroupid="267"/>
    <Annotation maingroupname="TYRES AND RIMS, SPECIAL"/>
    <Annotation designname="WHEEL AXLE Ø8.2/Ø1.9"/>
    <Annotation aliases="2496;88423"/>
  </Annotations>
  <Collision>
    <Box sX="0.34507" sY="0.195" sZ="0.09" angle="0" ax="0" ay="1" az="0" tx="0" ty="0" tz="-0.12"/>
    <Box sX="0.195" sY="0.34507" sZ="0.09" angle="0" ax="0" ay="1" az="0" tx="0" ty="0" tz="-1.74"/>
    <Box sX="0.0975" sY="0.0975" sZ="0.31" angle="0" ax="0" ay="1" az="0" tx="0" ty="0" tz="-0.93"/>
    <Box sX="0.05425" sY="0.05425" sZ="0.7" angle="0" ax="0" ay="1" az="0" tx="0" ty="0" tz="-0.93"/>
    <Box sX="0.34507" sY="0.195" sZ="0.09" angle="90" ax="0" ay="0" az="-1" tx="0" ty="0" tz="-0.12"/>
    <Box sX="0.195" sY="0.34507" sZ="0.09" angle="90" ax="0" ay="0" az="-1" tx="0" ty="0" tz="-1.74"/>
  </Collision>
  <Connectivity>
    <Hinge type="61" oriented="0" angle="90" ax="-1" ay="0" az="0" tx="0" ty="0" tz="-0.93"/>
    <Axel type="7" length="0.64" requireGrabbing="0" startCapped="0" endCapped="0" angle="120" ax="-0.57735" ay="0.57735" az="-0.57735" tx="0" ty="0" tz="-0.61"/>
  </Connectivity>
  <PhysicsAttributes inertiaTensor="0.332067,0,0,0,0.332067,0,0,0,0.112067" centerOfMass="0,0,-0.93" mass="1" frictionType="0"/>
  <Bounding>
    <AABB minX="-0.41" minY="-0.41" minZ="-1.84" maxX="0.41" maxY="0.41" maxZ="-0.02"/>
  </Bounding>
  <GeometryBounding>
    <AABB minX="-0.41" minY="-0.41" minZ="-1.84" maxX="0.41" maxY="0.41" maxZ="-0.02"/>
  </GeometryBounding>
</LEGOPrimitive>
