<?xml version="1.0" encoding="UTF-8" standalone="no" ?>
<LEGOPrimitive versionMajor="1" versionMinor="0">
  <Annotations>
    <Annotation platformid="200"/>
    <Annotation platformname="SYSTEM"/>
    <Annotation maingroupid="216"/>
    <Annotation maingroupname="PLATES, SPECIAL"/>
    <Annotation designname="PLATE 1X2X4 W. BALL"/>
    <Annotation aliases="2508"/>
  </Annotations>
  <Collision>
    <Sphere radius="0.256576" angle="90" ax="1" ay="0" az="0" tx="0.4" ty="0.16" tz="3.605"/>
    <Box sX="0.79" sY="0.149409" sZ="0.39" angle="0" ax="0" ay="1" az="0" tx="0.4" ty="0.159409" tz="0"/>
    <Box sX="0.35172" sY="0.149409" sZ="0.09" angle="0" ax="0" ay="1" az="0" tx="0.4" ty="0.159409" tz="1.6"/>
    <Box sX="1.21676" sY="0.149409" sZ="0.09" angle="77.95" ax="0" ay="-1" az="0" tx="-0.048616" ty="0.159409" tz="1.5794"/>
    <Box sX="1.21676" sY="0.149409" sZ="0.09" angle="102.02665" ax="0" ay="-1" az="0" tx="0.847811" ty="0.159409" tz="1.57933"/>
    <Box sX="0.280154" sY="0.149409" sZ="0.09" angle="0" ax="0" ay="1" az="0" tx="0.399846" ty="0.159409" tz="2.7"/>
    <Box sX="0.096437" sY="0.090515" sZ="0.266777" angle="0" ax="0" ay="1" az="0" tx="0.400416" ty="0.166829" tz="3.07678"/>
  </Collision>
  <Connectivity>
    <Custom2DField type="23" width="4" height="2" angle="0" ax="0" ay="1" az="0" tx="-0.4" ty="0.32" tz="-0.4">
      18:1:1,23:4:1,18:2:1,23:4:1,18:1:1,
      23:4:1,0:4:1,23:4:1,0:4:1,23:4:1,
      29:0:1,23:4:1,29:0:1,23:4:1,29:0:1
    </Custom2DField>
    <Custom2DField type="22" width="4" height="2" angle="0" ax="0" ay="1" az="0" tx="-0.4" ty="0" tz="-0.4">
      22:1:1,22:2:1,22:2:1,22:2:1,22:1:1,
      22:2:1,15:4:1,9:4:1,15:4:1,22:2:1,
      22:1:1,22:2:1,22:2:1,22:2:1,22:1:1
    </Custom2DField>
    <Axel type="7" length="0.55" requireGrabbing="1" startCapped="1" endCapped="1" angle="120" ax="0.57735" ay="0.57735" az="0.57735" tx="0.4" ty="0.16" tz="2.8"/>
    <Ball type="3" angle="90" ax="1" ay="0" az="0" tx="0.4" ty="0.16" tz="3.6"/>
  </Connectivity>
  <PhysicsAttributes inertiaTensor="1.5698,0,0,0,1.74987,0,0,0,0.2466" centerOfMass="0.4,0.180909,1.747" mass="1" frictionType="0"/>
  <Bounding>
    <AABB minX="-0.4" minY="-0.135" minZ="-0.4" maxX="1.2" maxY="0.496819" maxZ="3.894"/>
  </Bounding>
  <GeometryBounding>
    <AABB minX="-0.4" minY="-0.135" minZ="-0.4" maxX="1.2" maxY="0.496819" maxZ="3.894"/>
  </GeometryBounding>
</LEGOPrimitive>
