<?xml version="1.0" encoding="UTF-8" standalone="no" ?>
<LEGOPrimitive versionMajor="1" versionMinor="0">
  <Annotations>
    <Annotation platformid="200"/>
    <Annotation platformname="SYSTEM"/>
    <Annotation maingroupid="272"/>
    <Annotation maingroupname="TRANSPORTATION MEANS, VEHICLES"/>
    <Annotation designname="TRUCK BODY 5X4,5X1 1/3"/>
    <Annotation aliases="2512"/>
  </Annotations>
  <Collision>
    <Box sX="0.065" sY="0.63" sZ="1.59" angle="0" ax="0" ay="1" az="0" tx="-0.325" ty="0.64" tz="-1.2"/>
    <Box sX="0.065" sY="0.510551" sZ="1.165" angle="92.20127" ax="0.192326" ay="0.9623" az="0.192326" tx="0.775" ty="0.50939" tz="0.530844"/>
    <Box sX="0.032917" sY="0.758374" sZ="1.59" angle="51.41066" ax="0" ay="0" az="-1" tx="2.53262" ty="0.564439" tz="-1.2"/>
    <Box sX="0.065" sY="0.135" sZ="1.69342" angle="90" ax="0" ay="1" az="0" tx="1.30342" ty="1.135" tz="0.725"/>
    <Box sX="0.032195" sY="0.258059" sZ="0.727543" angle="88.57887" ax="-0.166535" ay="0.893488" az="0.417068" tx="2.23789" ty="0.637466" tz="0.562455"/>
    <Box sX="0.032195" sY="0.258059" sZ="0.727543" angle="88.57887" ax="0.166535" ay="-0.893488" az="0.417068" tx="2.23351" ty="0.637466" tz="-2.96654"/>
    <Box sX="0.065" sY="0.135" sZ="1.69894" angle="90" ax="0" ay="-1" az="0" tx="1.30894" ty="1.11792" tz="-3.125"/>
    <Box sX="1.17402" sY="0.15" sZ="1.59" angle="0" ax="0" ay="1" az="0" tx="0.784017" ty="0.16" tz="-1.2"/>
    <Box sX="0.065" sY="0.512138" sZ="1.165" angle="92.20539" ax="-0.192499" ay="-0.962231" az="0.192499" tx="0.775" ty="0.510805" tz="-2.93165"/>
  </Collision>
  <Connectivity>
    <Custom2DField type="23" width="4" height="4" angle="0" ax="0" ay="1" az="0" tx="0.4" ty="0.32" tz="-2">
      29:0:1,23:4:1,29:0:1,23:4:1,29:0:1,
      23:4:1,0:4:1,23:4:1,0:4:1,23:4:1,
      29:0:1,23:4:1,18:4:1,23:4:1,29:0:1,
      23:4:1,0:4:1,23:4:1,0:4:1,23:4:1,
      29:0:1,23:4:1,29:0:1,23:4:1,29:0:1
    </Custom2DField>
    <Custom2DField type="22" width="6" height="8" angle="0" ax="0" ay="1" az="0" tx="-0.4" ty="0" tz="-2.8">
      22:1:1,22:2:1,22:2:1,22:2:1,22:2:1,22:2:1,22:1:1,
      22:2:1,15:4:1,23:4:1,15:4:1,23:4:1,15:4:1,22:2:1,
      22:2:1,23:4:1,7:4:2,23:4:1,7:4:2,23:4:1,22:2:1,
      22:2:1,15:4:1,23:4:1,15:4:1,23:4:1,15:4:1,22:2:1,
      22:2:1,23:4:1,7:4:2,23:4:1,7:4:2,23:4:1,22:2:1,
      22:2:1,15:4:1,23:4:1,15:4:1,23:4:1,15:4:1,22:2:1,
      22:2:1,23:4:1,7:4:2,23:4:1,7:4:2,23:4:1,22:2:1,
      22:2:1,15:4:1,23:4:1,15:4:1,23:4:1,15:4:1,22:2:1,
      22:1:1,22:2:1,22:2:1,22:2:1,22:2:1,22:2:1,22:1:1
    </Custom2DField>
  </Connectivity>
  <PhysicsAttributes inertiaTensor="1.46987,0,0,0,2.41333,0,0,0,1.21653" centerOfMass="1.4,0.64,-1.2" mass="1" frictionType="0"/>
  <Bounding>
    <AABB minX="-0.4" minY="0" minZ="-3.2" maxX="3.2" maxY="1.28" maxZ="0.8"/>
  </Bounding>
  <GeometryBounding>
    <AABB minX="-0.4" minY="0" minZ="-3.2" maxX="3.2" maxY="1.28" maxZ="0.8"/>
  </GeometryBounding>
</LEGOPrimitive>
