<?xml version="1.0" encoding="UTF-8" standalone="no" ?>
<LEGOPrimitive versionMajor="1" versionMinor="0">
  <Annotations>
    <Annotation platformid="200"/>
    <Annotation platformname="SYSTEM"/>
    <Annotation maingroupid="267"/>
    <Annotation maingroupname="TYRES AND RIMS, SPECIAL"/>
    <Annotation designname="WHEEL Ø56"/>
    <Annotation aliases="2515"/>
  </Annotations>
  <Collision>
    <Box sX="0.49" sY="0.062416" sZ="0.389584" angle="45" ax="0" ay="0" az="-1" tx="0.616891" ty="0.616891" tz="-1.14995"/>
    <Box sX="0.49" sY="0.062416" sZ="0.389584" angle="90" ax="0" ay="0" az="-1" tx="0.872416" ty="0" tz="-1.14995"/>
    <Box sX="0.49" sY="0.062416" sZ="0.389584" angle="135" ax="0" ay="0" az="-1" tx="0.616891" ty="-0.616891" tz="-1.14995"/>
    <Box sX="0.49" sY="0.062416" sZ="0.389584" angle="180" ax="0" ay="0" az="1" tx="0" ty="-0.872416" tz="-1.14995"/>
    <Box sX="0.49" sY="0.062416" sZ="0.389584" angle="135" ax="0" ay="0" az="1" tx="-0.616891" ty="-0.616891" tz="-1.14995"/>
    <Box sX="0.49" sY="0.062416" sZ="0.389584" angle="90" ax="0" ay="0" az="1" tx="-0.872416" ty="0" tz="-1.14995"/>
    <Box sX="0.49" sY="0.062416" sZ="0.389584" angle="45" ax="0" ay="0" az="1" tx="-0.616891" ty="0.616891" tz="-1.14995"/>
    <Box sX="0.43975" sY="0.224295" sZ="0.445184" angle="90" ax="0" ay="0" az="1" tx="-0.544695" ty="0" tz="-0.455184"/>
    <Box sX="0.43975" sY="0.224295" sZ="0.445184" angle="0" ax="0" ay="1" az="0" tx="0" ty="0.544695" tz="-0.455184"/>
    <Box sX="0.43975" sY="0.224295" sZ="0.445184" angle="90" ax="0" ay="0" az="-1" tx="0.544695" ty="0" tz="-0.455184"/>
    <Box sX="0.43975" sY="0.224295" sZ="0.445184" angle="180" ax="0" ay="0" az="1" tx="0" ty="-0.544695" tz="-0.455184"/>
    <Box sX="0.49" sY="0.062416" sZ="0.389584" angle="0" ax="0" ay="1" az="0" tx="0" ty="0.872416" tz="-1.14995"/>
    <Box sX="0.533822" sY="0.845791" sZ="0.134144" angle="60" ax="0" ay="0" az="1" tx="-1.43396" ty="0.827895" tz="-1.39414"/>
    <Box sX="0.661592" sY="0.174963" sZ="1.53921" angle="90" ax="0" ay="0" az="1" tx="-2.5964" ty="0" tz="0"/>
    <Box sX="0.533822" sY="0.845791" sZ="0.134144" angle="90" ax="0" ay="0" az="1" tx="-1.65579" ty="0" tz="-1.39414"/>
    <Box sX="0.661592" sY="0.174963" sZ="1.53921" angle="120" ax="0" ay="0" az="1" tx="-2.24855" ty="-1.2982" tz="0"/>
    <Box sX="0.533822" sY="0.845791" sZ="0.134144" angle="120" ax="0" ay="0" az="1" tx="-1.43396" ty="-0.827895" tz="-1.39414"/>
    <Box sX="0.661592" sY="0.174963" sZ="1.53921" angle="150" ax="0" ay="0" az="1" tx="-1.2982" ty="-2.24855" tz="0"/>
    <Box sX="0.533822" sY="0.845791" sZ="0.134144" angle="150" ax="0" ay="0" az="1" tx="-0.827895" ty="-1.43396" tz="-1.39414"/>
    <Box sX="0.661592" sY="0.174963" sZ="1.53921" angle="180" ax="0" ay="0" az="1" tx="0" ty="-2.5964" tz="0"/>
    <Box sX="0.533822" sY="0.845791" sZ="0.134144" angle="180" ax="0" ay="0" az="1" tx="0" ty="-1.65579" tz="-1.39414"/>
    <Box sX="0.661592" sY="0.174963" sZ="1.53921" angle="150" ax="0" ay="0" az="-1" tx="1.2982" ty="-2.24855" tz="0"/>
    <Box sX="0.533822" sY="0.845791" sZ="0.134144" angle="150" ax="0" ay="0" az="-1" tx="0.827895" ty="-1.43396" tz="-1.39414"/>
    <Box sX="0.661592" sY="0.174963" sZ="1.53921" angle="120" ax="0" ay="0" az="-1" tx="2.24855" ty="-1.2982" tz="0"/>
    <Box sX="0.533822" sY="0.845791" sZ="0.134144" angle="120" ax="0" ay="0" az="-1" tx="1.43396" ty="-0.827895" tz="-1.39414"/>
    <Box sX="0.661592" sY="0.174963" sZ="1.53921" angle="90" ax="0" ay="0" az="-1" tx="2.5964" ty="0" tz="0"/>
    <Box sX="0.533822" sY="0.845791" sZ="0.134144" angle="90" ax="0" ay="0" az="-1" tx="1.65579" ty="0" tz="-1.39414"/>
    <Box sX="0.661592" sY="0.174963" sZ="1.53921" angle="60" ax="0" ay="0" az="-1" tx="2.24855" ty="1.2982" tz="0"/>
    <Box sX="0.533822" sY="0.845791" sZ="0.134144" angle="60" ax="0" ay="0" az="-1" tx="1.43396" ty="0.827895" tz="-1.39414"/>
    <Box sX="0.661592" sY="0.174963" sZ="1.53921" angle="30.00001" ax="0" ay="0" az="-1" tx="1.2982" ty="2.24855" tz="0"/>
    <Box sX="0.533822" sY="0.845791" sZ="0.134144" angle="30" ax="0" ay="0" az="-1" tx="0.827895" ty="1.43396" tz="-1.39414"/>
    <Box sX="0.661592" sY="0.174963" sZ="1.53921" angle="60" ax="0" ay="0" az="1" tx="-2.24855" ty="1.2982" tz="0"/>
    <Box sX="0.533822" sY="0.845791" sZ="0.134144" angle="30" ax="0" ay="0" az="1" tx="-0.827895" ty="1.43396" tz="-1.39414"/>
    <Box sX="0.661592" sY="0.174963" sZ="1.53921" angle="30.00001" ax="0" ay="0" az="1" tx="-1.2982" ty="2.24855" tz="0"/>
    <Box sX="0.533822" sY="0.845791" sZ="0.134144" angle="0" ax="0" ay="1" az="0" tx="0" ty="1.65579" tz="-1.39414"/>
    <Box sX="0.661592" sY="0.174963" sZ="1.53921" angle="0" ax="0" ay="1" az="0" tx="0" ty="2.5964" tz="0"/>
  </Collision>
  <Connectivity>
    <Axel type="2" length="0.8" grabbing="0" startCapped="0" endCapped="0" angle="120" ax="-0.57735" ay="0.57735" az="-0.57735" tx="0" ty="0" tz="0"/>
    <Custom2DField type="23" width="4" height="4" angle="90" ax="-1" ay="0" az="0" tx="-0.8" ty="-0.8" tz="-0.910369">
      29:0:1,23:4:1,29:0:1,23:4:1,29:0:1,
      23:4:1,0:4,23:4:1,0:4,23:4:1,
      29:0:1,23:4:1,18:4:1,23:4:1,29:0:1,
      23:4:1,0:4,23:4:1,0:4,23:4:1,
      29:0:1,23:4:1,29:0:1,23:4:1,29:0:1
    </Custom2DField>
  </Connectivity>
  <PhysicsAttributes inertiaTensor="3.41132,0,0,0,3.41132,0,0,0,5.22098" centerOfMass="0,0,0" mass="1" frictionType="0"/>
  <Bounding>
    <AABB minX="-2.79848" minY="-2.79848" minZ="-1.55" maxX="2.79848" maxY="2.79848" maxZ="1.55"/>
  </Bounding>
  <GeometryBounding>
    <AABB minX="-2.79848" minY="-2.79848" minZ="-1.54963" maxX="2.79848" maxY="2.79848" maxZ="1.54963"/>
  </GeometryBounding>
</LEGOPrimitive>
