<?xml version="1.0" encoding="UTF-8" standalone="no" ?>
<LEGOPrimitive versionMajor="1" versionMinor="0">
  <Annotations>
    <Annotation platformid="200"/>
    <Annotation platformname="SYSTEM"/>
    <Annotation maingroupid="246"/>
    <Annotation maingroupname="FIGURE ACCESSORIES IN HAND"/>
    <Annotation designname="TOOL HOLDER"/>
    <Annotation aliases="2516"/>
  </Annotations>
  <Collision>
    <Box sX="0.035" sY="0.79" sZ="0.315" angle="0" ax="0" ay="1" az="0" tx="-0.205" ty="0.8" tz="0"/>
    <Box sX="0.0725" sY="0.79" sZ="0.24" angle="90" ax="0" ay="1" az="0" tx="0" ty="0.8" tz="0.2425"/>
    <Box sX="0.0725" sY="0.79" sZ="0.24" angle="90" ax="0" ay="-1" az="0" tx="0" ty="0.8" tz="-0.2425"/>
    <Box sX="0.035" sY="0.79" sZ="0.315" angle="180" ax="0" ay="1" az="0" tx="0.205" ty="0.8" tz="0"/>
    <Box sX="0.465" sY="0.103137" sZ="0.103137" angle="45" ax="1" ay="0" az="0" tx="-0.725" ty="1.2" tz="0"/>
    <Box sX="0.465" sY="0.103137" sZ="0.103137" angle="45" ax="1" ay="0" az="0" tx="0.725" ty="1.2" tz="0"/>
    <Box sX="0.103137" sY="0.103137" sZ="0.24" angle="45" ax="0" ay="0" az="1" tx="0" ty="0.4" tz="0.575"/>
  </Collision>
  <Connectivity>
    <Custom2DField type="23" width="2" height="2" angle="90" ax="0" ay="0" az="1" tx="-0.25" ty="0.8" tz="-0.4">
      29:0,29:0,29:0,
      29:0,0:4:34,29:0,
      29:0,29:0,29:0
    </Custom2DField>
    <Custom2DField type="23" width="2" height="2" angle="90" ax="0" ay="0" az="-1" tx="0.25" ty="1.6" tz="-0.4">
      29:0,29:0,29:0,
      29:0,0:4:34,29:0,
      29:0,29:0,29:0
    </Custom2DField>
    <Axel type="7" length="0.5" requireGrabbing="0" startCapped="1" endCapped="0" angle="120" ax="0.57735" ay="-0.57735" az="-0.57735" tx="0" ty="0.4" tz="0.325"/>
    <Axel type="7" length="0.772" requireGrabbing="0" startCapped="1" endCapped="0" angle="180" ax="0.707107" ay="-0.707107" az="0" tx="-0.428" ty="1.2" tz="0"/>
    <Axel type="7" length="0.772" requireGrabbing="0" startCapped="1" endCapped="0" angle="90" ax="0" ay="0" az="-1" tx="0.428" ty="1.2" tz="0"/>
    <Custom2DField type="23" width="2" height="2" angle="180" ax="1" ay="0" az="0" tx="-0.4" ty="0" tz="0.4">
      29:0,29:0,29:0,
      29:0,1:4:36,29:0,
      29:0,29:0,29:0
    </Custom2DField>
    <Custom2DField type="23" width="2" height="2" angle="0" ax="0" ay="1" az="0" tx="-0.4" ty="1.6" tz="-0.4">
      29:0,29:0,29:0,
      29:0,1:4:36,29:0,
      29:0,29:0,29:0
    </Custom2DField>
    <Custom2DField type="23" width="2" height="2" angle="90" ax="1" ay="0" az="0" tx="-0.4" ty="1.6" tz="0.325">
      29:0,29:0,29:0,
      29:0,1:4:34,29:0,
      29:0,29:0,29:0
    </Custom2DField>
    <Axel type="6" length="0.85" grabbing="0" startCapped="0" endCapped="1" angle="180" ax="-0.707107" ay="0" az="-0.707107" tx="0" ty="1.778" tz="0"/>
    <Custom2DField type="22" width="2" height="2" angle="90" ax="-1" ay="0" az="0" tx="-0.4" ty="0" tz="0.825">
      29:0,29:0,29:0,
      29:0,9:4:32,29:0,
      29:0,29:0,29:0
    </Custom2DField>
    <Custom2DField type="22" width="2" height="2" angle="120" ax="-0.57735" ay="0.57735" az="0.57735" tx="1.2" ty="0.8" tz="0.4">
      29:0,29:0,29:0,
      29:0,9:4:32,29:0,
      29:0,29:0,29:0
    </Custom2DField>
    <Custom2DField type="22" width="2" height="2" angle="120" ax="-0.57735" ay="-0.57735" az="-0.57735" tx="-1.2" ty="0.8" tz="-0.4">
      29:0,29:0,29:0,
      29:0,9:4:32,29:0,
      29:0,29:0,29:0
    </Custom2DField>
    <Axel type="6" length="0.85" grabbing="0" startCapped="0" endCapped="1" angle="90" ax="0" ay="-1" az="0" tx="0" ty="-0.178" tz="0"/>
  </Connectivity>
  <PhysicsAttributes inertiaTensor="0.459661,0,0,0,0.620834,0,0,0,0.798828" centerOfMass="0,0.8,0.175" mass="1" frictionType="0"/>
  <Bounding>
    <AABB minX="-1.2" minY="-0.178" minZ="-0.475" maxX="1.2" maxY="1.778" maxZ="0.825"/>
  </Bounding>
  <GeometryBounding>
    <AABB minX="-1.2" minY="-0.178" minZ="-0.475" maxX="1.2" maxY="1.778" maxZ="0.825"/>
  </GeometryBounding>
</LEGOPrimitive>
