<?xml version="1.0" encoding="UTF-8" standalone="no" ?>
<LEGOPrimitive versionMajor="1" versionMinor="0">
  <Annotations>
    <Annotation platformid="200"/>
    <Annotation platformname="SYSTEM"/>
    <Annotation maingroupid="228"/>
    <Annotation maingroupname="PLANTS"/>
    <Annotation designname="PALM LEAF"/>
    <Annotation aliases="2518"/>
  </Annotations>
  <Collision>
    <Box sX="3.12229" sY="0.204427" sZ="0.05" angle="169.47267" ax="-0.092128" ay="-0.7041" az="0.7041" tx="4.38169" ty="-0.547675" tz="0"/>
    <Box sX="0.23" sY="0.39" sZ="0.05" angle="180" ax="0" ay="0.707107" az="-0.707107" tx="0.4" ty="0.26" tz="0"/>
    <Box sX="0.425414" sY="0.169775" sZ="0.05" angle="151.23299" ax="0.44685" ay="0.643564" az="-0.62141" tx="1.63059" ty="0.150316" tz="0.635127"/>
    <Box sX="0.775514" sY="0.308609" sZ="0.05" angle="160.18414" ax="0.39017" ay="0.66331" az="-0.638583" tx="2.60944" ty="-0.16385" tz="0.925873"/>
    <Box sX="0.775514" sY="0.308609" sZ="0.050001" angle="155.91733" ax="0.365971" ay="0.690832" az="-0.623551" tx="3.87433" ty="-0.53482" tz="0.939292"/>
    <Box sX="0.775514" sY="0.308609" sZ="0.05" angle="155.70506" ax="0.364442" ay="0.690532" az="-0.624778" tx="5.01505" ty="-0.770742" tz="0.793539"/>
    <Box sX="0.492186" sY="0.30861" sZ="0.050001" angle="161.81133" ax="0.330185" ay="0.697989" az="-0.635444" tx="6.11182" ty="-1.03402" tz="0.444793"/>
    <Box sX="0.425414" sY="0.169775" sZ="0.05" angle="148.63982" ax="-0.435761" ay="-0.678675" az="-0.591196" tx="1.63059" ty="0.150316" tz="-0.635127"/>
    <Box sX="0.492187" sY="0.308609" sZ="0.05" angle="161.81133" ax="-0.330185" ay="-0.697989" az="-0.635444" tx="6.11183" ty="-1.03402" tz="-0.444794"/>
    <Box sX="0.775514" sY="0.30861" sZ="0.050001" angle="155.70508" ax="-0.364442" ay="-0.690532" az="-0.624778" tx="5.01505" ty="-0.770742" tz="-0.793538"/>
    <Box sX="0.775514" sY="0.30861" sZ="0.050001" angle="155.91733" ax="-0.365971" ay="-0.690832" az="-0.623551" tx="3.87433" ty="-0.53482" tz="-0.939292"/>
    <Box sX="0.775514" sY="0.308609" sZ="0.05" angle="157.35324" ax="-0.376228" ay="-0.692785" az="-0.615224" tx="2.60944" ty="-0.16385" tz="-0.925874"/>
    <Box sX="0.067289" sY="0.562775" sZ="0.05" angle="120" ax="0.57735" ay="0.57735" az="-0.57735" tx="0.387225" ty="0.26" tz="0.277616"/>
    <Box sX="0.067289" sY="0.17555" sZ="0.05" angle="90" ax="1" ay="0" az="0" tx="-0.277616" ty="0.26" tz="0"/>
    <Box sX="0.067289" sY="0.562775" sZ="0.05" angle="120" ax="0.57735" ay="-0.57735" az="0.57735" tx="0.387225" ty="0.26" tz="-0.277616"/>
    <Box sX="0.138973" sY="0.39" sZ="0.05" angle="180" ax="0" ay="0.707107" az="-0.707107" tx="1.10897" ty="0.26" tz="0"/>
    <Box sX="0.008761" sY="0.17555" sZ="0.09" angle="90" ax="1" ay="0" az="0" tx="-0.263761" ty="0.1" tz="0"/>
    <Box sX="0.008761" sY="0.17555" sZ="0.09" angle="120" ax="0.57735" ay="0.57735" az="-0.57735" tx="0" ty="0.1" tz="0.263761"/>
    <Box sX="0.008761" sY="0.17555" sZ="0.09" angle="180" ax="0" ay="0.707107" az="-0.707107" tx="0.263761" ty="0.1" tz="0"/>
    <Box sX="0.008761" sY="0.17555" sZ="0.09" angle="120" ax="0.57735" ay="-0.57735" az="0.57735" tx="0" ty="0.1" tz="-0.263761"/>
    <Box sX="0.008761" sY="0.17555" sZ="0.09" angle="90" ax="1" ay="0" az="0" tx="0.536239" ty="0.1" tz="0"/>
    <Box sX="0.008761" sY="0.17555" sZ="0.09" angle="120" ax="0.57735" ay="0.57735" az="-0.57735" tx="0.8" ty="0.1" tz="0.263761"/>
    <Box sX="0.008761" sY="0.17555" sZ="0.09" angle="180" ax="0" ay="0.707107" az="-0.707107" tx="1.06376" ty="0.1" tz="0"/>
    <Box sX="0.008761" sY="0.17555" sZ="0.09" angle="120" ax="0.57735" ay="-0.57735" az="0.57735" tx="0.8" ty="0.1" tz="-0.263761"/>
    <Box sX="0.008761" sY="0.17555" sZ="0.304154" angle="90" ax="1" ay="0" az="0" tx="2.13624" ty="-0.325846" tz="0"/>
    <Box sX="0.008761" sY="0.17555" sZ="0.250096" angle="120" ax="0.57735" ay="0.57735" az="-0.57735" tx="2.4" ty="-0.379904" tz="0.263761"/>
    <Box sX="0.008761" sY="0.17555" sZ="0.250096" angle="180" ax="0" ay="0.707107" az="-0.707107" tx="2.66376" ty="-0.379904" tz="0"/>
    <Box sX="0.008761" sY="0.17555" sZ="0.250096" angle="120" ax="0.57735" ay="-0.57735" az="0.57735" tx="2.4" ty="-0.379904" tz="-0.263761"/>
    <Box sX="0.008761" sY="0.17555" sZ="0.158612" angle="90" ax="1" ay="0" az="0" tx="2.93624" ty="-0.471388" tz="0"/>
    <Box sX="0.008761" sY="0.17555" sZ="0.158612" angle="120" ax="0.57735" ay="0.57735" az="-0.57735" tx="3.2" ty="-0.471388" tz="0.263761"/>
    <Box sX="0.008761" sY="0.17555" sZ="0.09" angle="180" ax="0" ay="0.707107" az="-0.707107" tx="3.46376" ty="-0.54" tz="0"/>
    <Box sX="0.008761" sY="0.17555" sZ="0.158612" angle="120" ax="0.57735" ay="-0.57735" az="0.57735" tx="3.2" ty="-0.471388" tz="-0.263761"/>
  </Collision>
  <Connectivity>
    <Custom2DField type="23" width="4" height="2" angle="0" ax="0" ay="1" az="0" tx="-0.4" ty="0.32" tz="-0.4">
      18:1:1,23:4:1,18:2:1,23:4:1,18:1:1,
      23:4:1,1:4:6,23:4:1,1:4:6,23:4:1,
      18:1:1,23:4:1,18:2:1,23:4:1,18:1:1
    </Custom2DField>
    <Custom2DField type="22" width="4" height="2" angle="0" ax="0" ay="1" az="0" tx="-0.4" ty="0" tz="-0.4">
      29:0:1,29:0:1,29:0:1,29:0:1,29:0:1,
      29:0:1,7:4:2,23:4:1,7:4:2,29:0:1,
      29:0:1,29:0:1,29:0:1,29:0:1,29:0:1
    </Custom2DField>
    <Custom2DField type="22" width="4" height="2" angle="0" ax="0" ay="1" az="0" tx="2" ty="-0.64" tz="-0.4">
      29:0:1,29:0:1,29:0:1,29:0:1,29:0:1,
      29:0:1,7:4:2,23:4:1,7:4:2,29:0:1,
      29:0:1,29:0:1,29:0:1,29:0:1,29:0:1
    </Custom2DField>
    <Axel type="6" length="0.12" grabbing="0" startCapped="0" endCapped="0" angle="90" ax="0" ay="1" az="0" tx="0" ty="0.2" tz="0"/>
    <Axel type="6" length="0.12" grabbing="0" startCapped="0" endCapped="0" angle="90" ax="0" ay="1" az="0" tx="0.8" ty="0.2" tz="0"/>
  </Connectivity>
  <PhysicsAttributes inertiaTensor="1.44004,0,0,0,6.32161,0,0,0,5.48153" centerOfMass="3.54267,-0.450654,0" mass="1" frictionType="0"/>
  <Bounding>
    <AABB minX="-0.4" minY="-1.39931" minZ="-1.84937" maxX="7.48534" maxY="0.498" maxZ="1.84937"/>
  </Bounding>
  <GeometryBounding>
    <AABB minX="-0.4" minY="-1.38159" minZ="-1.84937" maxX="7.48534" maxY="0.498" maxZ="1.84937"/>
  </GeometryBounding>
</LEGOPrimitive>
