<?xml version="1.0" encoding="UTF-8" standalone="no" ?>
<LEGOPrimitive versionMajor="1" versionMinor="0">
  <Annotations>
    <Annotation platformid="200"/>
    <Annotation platformname="SYSTEM"/>
    <Annotation maingroupid="253"/>
    <Annotation maingroupname="FIGURE ACCESSORIES, UPPER BODY"/>
    <Annotation designname="KNAPSACK"/>
    <Annotation aliases="2524"/>
  </Annotations>
  <Collision>
    <Box sX="0.59" sY="0.05" sZ="0.24" angle="0" ax="0" ay="1" az="0" tx="0" ty="-1.12" tz="0.65"/>
    <Box sX="0.64" sY="0.04" sZ="0.306" angle="0" ax="0" ay="1" az="0" tx="0" ty="0.05" tz="0.716"/>
    <Box sX="0.64" sY="0.04" sZ="0.28" angle="90" ax="1" ay="0" az="0" tx="0" ty="-0.19" tz="0.982"/>
    <Box sX="0.59" sY="0.1862" sZ="0.143707" angle="30.06475" ax="1" ay="0" az="0" tx="0" ty="0.30442" tz="0.788485"/>
    <Box sX="0.05" sY="0.24" sZ="0.63" angle="90" ax="1" ay="0" az="0" tx="0.54" ty="-0.54" tz="0.65"/>
    <Box sX="0.59" sY="0.05" sZ="0.63" angle="90" ax="1" ay="0" az="0" tx="0" ty="-0.54" tz="0.84"/>
    <Box sX="0.05" sY="0.24" sZ="0.63" angle="90" ax="1" ay="0" az="0" tx="-0.54" ty="-0.54" tz="0.65"/>
    <Box sX="0.39" sY="0.04" sZ="0.065" angle="0" ax="0" ay="1" az="0" tx="0" ty="0.05" tz="0.325"/>
    <Box sX="0.213236" sY="0.04" sZ="0.065" angle="0" ax="0" ay="1" az="0" tx="0" ty="0.05" tz="-0.325"/>
    <Box sX="0.299372" sY="0.04" sZ="0.065" angle="90" ax="0" ay="1" az="0" tx="0.325" ty="0.05" tz="0.090628"/>
    <Box sX="0.299372" sY="0.04" sZ="0.065" angle="90" ax="0" ay="1" az="0" tx="-0.325" ty="0.05" tz="0.090628"/>
    <Box sX="0.156215" sY="0.04" sZ="0.069005" angle="45" ax="0" ay="1" az="0" tx="-0.226978" ty="0.05" tz="-0.226978"/>
    <Box sX="0.156215" sY="0.04" sZ="0.069005" angle="45" ax="0" ay="-1" az="0" tx="0.226978" ty="0.05" tz="-0.226978"/>
  </Collision>
  <Connectivity>
    <Fixed type="30" axes="2" angle="180" ax="0" ay="1" az="0" tx="0.3" ty="0" tz="0"/>
    <Custom2DField type="22" width="2" height="2" angle="0" ax="0" ay="1" az="0" tx="-0.4" ty="0" tz="-0.4">
      29:0,29:0,29:0,
      29:0,15:4:32,29:0,
      29:0,29:0,29:0
    </Custom2DField>
    <Custom2DField type="22" width="2" height="2" angle="180" ax="1" ay="0" az="0" tx="-0.4" ty="0.11" tz="0.4">
      29:0,29:0,29:0,
      29:0,15:4:32,29:0,
      29:0,29:0,29:0
    </Custom2DField>
    <Fixed type="30" axes="2" angle="0" ax="0" ay="1" az="0" tx="-0.3" ty="0" tz="0"/>
  </Connectivity>
  <PhysicsAttributes inertiaTensor="0.437722,0,0,0,0.318954,0,0,0,0.400435" centerOfMass="0,-0.2975,0.331" mass="1" frictionType="0"/>
  <Bounding>
    <AABB minX="-0.65" minY="-1.18" minZ="-0.4" maxX="0.65" maxY="0.585" maxZ="1.062"/>
  </Bounding>
  <GeometryBounding>
    <AABB minX="-0.65" minY="-1.18" minZ="-0.4" maxX="0.65" maxY="0.585" maxZ="1.062"/>
  </GeometryBounding>
</LEGOPrimitive>
