<?xml version="1.0" encoding="UTF-8" standalone="no" ?>
<LEGOPrimitive versionMajor="1" versionMinor="0">
  <Annotations>
    <Annotation platformid="200"/>
    <Annotation platformname="SYSTEM"/>
    <Annotation maingroupid="236"/>
    <Annotation maingroupname="SIGNS AND FLAGS"/>
    <Annotation designname="FLAG 6X4 W. 2 HOLDERS"/>
    <Annotation aliases="2525"/>
  </Annotations>
  <Collision>
    <Box sX="0.15" sY="0.037061" sZ="0.019743" angle="90" ax="0" ay="0" az="1" tx="-0.132939" ty="0.16" tz="0.164743"/>
    <Box sX="0.15" sY="0.037061" sZ="0.019743" angle="90" ax="0" ay="0" az="1" tx="-0.132939" ty="0.16" tz="-0.164743"/>
    <Box sX="0.15" sY="0.037061" sZ="0.019743" angle="90" ax="0" ay="0" az="1" tx="-0.132939" ty="3.04" tz="-0.164743"/>
    <Box sX="0.15" sY="0.037061" sZ="0.019743" angle="90" ax="0" ay="0" az="1" tx="-0.132939" ty="3.04" tz="0.164743"/>
    <Box sX="0.15" sY="0.087744" sZ="0.032939" angle="90" ax="0" ay="0" az="1" tx="-0.00148" ty="0.16" tz="0.202783"/>
    <Box sX="0.15" sY="0.087744" sZ="0.032939" angle="90" ax="0" ay="0" az="1" tx="-0.00148" ty="0.16" tz="-0.202783"/>
    <Box sX="0.15" sY="0.087744" sZ="0.032939" angle="90" ax="0" ay="0" az="1" tx="-0.00148" ty="3.04" tz="0.202783"/>
    <Box sX="0.15" sY="0.087744" sZ="0.032939" angle="90" ax="0" ay="0" az="1" tx="-0.00148" ty="3.04" tz="-0.202783"/>
    <Box sX="0.15" sY="0.035754" sZ="0.158534" angle="138.59036" ax="0.654654" ay="-0.654654" az="-0.377964" tx="0.211168" ty="3.04" tz="-0.119643"/>
    <Box sX="0.15" sY="0.035754" sZ="0.158534" angle="138.59036" ax="0.654654" ay="-0.654654" az="-0.377964" tx="0.211168" ty="0.16" tz="-0.119643"/>
    <Box sX="1.91" sY="2.39" sZ="0.065" angle="90" ax="0" ay="0" az="1" tx="2.78" ty="1.6" tz="0"/>
    <Box sX="0.15" sY="0.035754" sZ="0.158534" angle="104.47752" ax="0.447214" ay="-0.447214" az="-0.774597" tx="0.211168" ty="0.16" tz="0.119643"/>
    <Box sX="0.15" sY="0.035754" sZ="0.158534" angle="104.47752" ax="0.447214" ay="-0.447214" az="-0.774597" tx="0.211168" ty="3.04" tz="0.119643"/>
  </Collision>
  <Connectivity>
    <Axel type="6" length="0.32" grabbing="1" startCapped="0" endCapped="0" angle="0" ax="0" ay="0" az="1" tx="0" ty="0" tz="0"/>
    <Axel type="6" length="0.32" grabbing="1" startCapped="0" endCapped="0" angle="0" ax="0" ay="0" az="1" tx="0" ty="2.88" tz="0"/>
  </Connectivity>
  <PhysicsAttributes inertiaTensor="1.2517,0,0,0,2.43493,0,0,0,3.64083" centerOfMass="2.49,1.6,0" mass="1" frictionType="0"/>
  <Bounding>
    <AABB minX="-0.2" minY="-0.32" minZ="-0.262089" maxX="5.18" maxY="3.52" maxZ="0.262089"/>
  </Bounding>
  <GeometryBounding>
    <AABB minX="-0.2" minY="-0.32" minZ="-0.262089" maxX="5.18" maxY="3.52" maxZ="0.262089"/>
  </GeometryBounding>
</LEGOPrimitive>
