<?xml version="1.0" encoding="UTF-8" standalone="no" ?>
<LEGOPrimitive versionMajor="1" versionMinor="0">
  <Annotations>
    <Annotation platformid="200"/>
    <Annotation platformname="SYSTEM"/>
    <Annotation maingroupid="253"/>
    <Annotation maingroupname="FIGURE ACCESSORIES, UPPER BODY"/>
    <Annotation designname="EPAULETS"/>
    <Annotation aliases="2526"/>
  </Annotations>
  <Collision>
    <Box sX="0.263048" sY="0.050841" sZ="0.045171" angle="0" ax="0" ay="1" az="0" tx="0" ty="0.060841" tz="-0.300671"/>
    <Box sX="0.340482" sY="0.050841" sZ="0.252823" angle="0" ax="0" ay="1" az="0" tx="-0.595482" ty="0.060841" tz="0.003004"/>
    <Box sX="0.02981" sY="0.173982" sZ="0.19885" angle="12.53229" ax="0" ay="0" az="-1" tx="-0.906741" ty="-0.049277" tz="0.00351"/>
    <Box sX="0.021056" sY="0.171738" sZ="0.138306" angle="71.63395" ax="0.054426" ay="-0.993896" az="-0.095961" tx="-0.735584" ty="-0.039512" tz="-0.266993"/>
    <Box sX="0.021056" sY="0.171192" sZ="0.138306" angle="71.63395" ax="-0.054426" ay="0.993896" az="-0.095961" tx="-0.735554" ty="-0.038972" tz="0.26693"/>
    <Box sX="0.263048" sY="0.050841" sZ="0.04572" angle="180" ax="0" ay="1" az="0" tx="0" ty="0.060841" tz="0.30122"/>
    <Box sX="0.340482" sY="0.050841" sZ="0.252823" angle="180" ax="0" ay="1" az="0" tx="0.595482" ty="0.060841" tz="-0.003004"/>
    <Box sX="0.02981" sY="0.173982" sZ="0.19885" angle="180" ax="-0.109147" ay="0.994026" az="0" tx="0.906741" ty="-0.049277" tz="-0.00351"/>
    <Box sX="0.021056" sY="0.171577" sZ="0.138306" angle="108.87003" ax="-0.069034" ay="0.996846" az="-0.039154" tx="0.735575" ty="-0.039353" tz="0.266975"/>
    <Box sX="0.021056" sY="0.172203" sZ="0.138306" angle="108.87003" ax="0.069034" ay="-0.996846" az="-0.039154" tx="0.735609" ty="-0.039974" tz="-0.267048"/>
  </Collision>
  <Connectivity>
    <Fixed type="30" axes="2" angle="180" ax="0" ay="1" az="0" tx="0.3" ty="0" tz="0"/>
    <Custom2DField type="22" width="2" height="2" angle="0" ax="0" ay="1" az="0" tx="-0.4" ty="0" tz="-0.4">
      29:0,29:0,29:0,
      29:0,15:4:32,29:0,
      29:0,29:0,29:0
    </Custom2DField>
    <Custom2DField type="22" width="2" height="2" angle="180" ax="1" ay="0" az="0" tx="-0.400325" ty="0.121682" tz="0.400848">
      29:0,29:0,29:0,
      29:0,15:4:32,29:0,
      29:0,29:0,29:0
    </Custom2DField>
    <Fixed type="30" axes="2" angle="0" ax="0" ay="1" az="0" tx="-0.3" ty="0" tz="0"/>
  </Connectivity>
  <PhysicsAttributes inertiaTensor="0.066328,0,0,0,0.382397,0,0,0,0.34361" centerOfMass="0,-0.05787,0" mass="1" frictionType="0"/>
  <Bounding>
    <AABB minX="-0.994745" minY="-0.261121" minZ="-0.397082" maxX="0.994745" maxY="0.145382" maxZ="0.397082"/>
  </Bounding>
  <GeometryBounding>
    <AABB minX="-0.994745" minY="-0.261121" minZ="-0.397082" maxX="0.994745" maxY="0.145382" maxZ="0.397082"/>
  </GeometryBounding>
</LEGOPrimitive>
