<?xml version="1.0" encoding="UTF-8" standalone="no" ?>
<LEGOPrimitive versionMajor="1" versionMinor="0">
  <Annotations>
    <Annotation platformid="200"/>
    <Annotation platformname="SYSTEM"/>
    <Annotation maingroupid="286"/>
    <Annotation maingroupname="FUNCTIONAL ELEMENTS"/>
    <Annotation designname="GUN CARRIAGE 2X4X1 1/3"/>
    <Annotation aliases="2527"/>
  </Annotations>
  <Collision>
    <Box sX="0.113988" sY="0.79" sZ="0.065" angle="0" ax="0" ay="1" az="0" tx="0.276015" ty="0.798908" tz="0.325"/>
    <Box sX="0.113985" sY="0.79" sZ="0.065" angle="0" ax="0" ay="1" az="0" tx="-0.276013" ty="0.798908" tz="0.325"/>
    <Box sX="0.39" sY="0.63" sZ="0.065" angle="0" ax="0" ay="1" az="0" tx="0" ty="0.638909" tz="0.325"/>
    <Box sX="0.39" sY="0.63" sZ="0.065" angle="0" ax="0" ay="1" az="0" tx="0.800003" ty="0.638909" tz="0.325"/>
    <Box sX="0.39" sY="0.47" sZ="0.065" angle="0" ax="0" ay="1" az="0" tx="1.6" ty="0.478908" tz="0.325"/>
    <Box sX="0.39" sY="0.31" sZ="0.065" angle="0" ax="0" ay="1" az="0" tx="2.4" ty="0.318908" tz="0.325"/>
    <Box sX="0.113988" sY="0.79" sZ="0.065" angle="0" ax="0" ay="1" az="0" tx="0.276015" ty="0.798908" tz="-1.125"/>
    <Box sX="0.113985" sY="0.79" sZ="0.065" angle="0" ax="0" ay="1" az="0" tx="-0.276013" ty="0.798908" tz="-1.125"/>
    <Box sX="0.39" sY="0.63" sZ="0.065" angle="0" ax="0" ay="1" az="0" tx="0" ty="0.638909" tz="-1.125"/>
    <Box sX="0.39" sY="0.63" sZ="0.065" angle="0" ax="0" ay="1" az="0" tx="0.800003" ty="0.638909" tz="-1.125"/>
    <Box sX="0.39" sY="0.47" sZ="0.065" angle="0" ax="0" ay="1" az="0" tx="1.6" ty="0.478908" tz="-1.125"/>
    <Box sX="0.39" sY="0.31" sZ="0.065" angle="0" ax="0" ay="1" az="0" tx="2.4" ty="0.318908" tz="-1.125"/>
    <Box sX="0.390006" sY="0.15" sZ="0.11" angle="0" ax="0" ay="1" az="0" tx="1.6" ty="0.798908" tz="-1.32"/>
    <Box sX="0.155" sY="0.15" sZ="0.08504" angle="90" ax="0" ay="-1" az="0" tx="1.85504" ty="0.798908" tz="-1.605"/>
    <Box sX="0.155" sY="0.15" sZ="0.08504" angle="90" ax="0" ay="-1" az="0" tx="1.34423" ty="0.798908" tz="-1.605"/>
    <Box sX="0.390006" sY="0.15" sZ="0.11" angle="0" ax="0" ay="1" az="0" tx="1.6" ty="0.798908" tz="0.52"/>
    <Box sX="0.155" sY="0.15" sZ="0.08504" angle="90" ax="0" ay="1" az="0" tx="1.85504" ty="0.798908" tz="0.805"/>
    <Box sX="0.155" sY="0.15" sZ="0.08504" angle="90" ax="0" ay="1" az="0" tx="1.34423" ty="0.798908" tz="0.805"/>
    <Box sX="0.79" sY="0.15" sZ="1.59" angle="90" ax="0" ay="1" az="0" tx="1.2" ty="0.158908" tz="-0.4"/>
    <Box sX="0.64" sY="0.114327" sZ="0.065" angle="90" ax="0" ay="1" az="0" tx="0" ty="0.443235" tz="-0.4"/>
    <Box sX="0.307573" sY="0.114327" sZ="0.065" angle="98.42106" ax="0.357407" ay="0.862856" az="0.357407" tx="0" ty="0.646437" tz="-0.832477"/>
    <Box sX="0.307573" sY="0.114327" sZ="0.065" angle="148.60028" ax="0.678598" ay="0.281085" az="0.678598" tx="0" ty="0.646437" tz="0.032477"/>
  </Collision>
  <Connectivity>
    <Axel type="6" length="0.321092" grabbing="1" startCapped="0" endCapped="0" angle="180" ax="-0.707107" ay="0" az="0.707107" tx="1.6" ty="0.96" tz="0.8"/>
    <Axel type="6" length="0.321092" grabbing="1" startCapped="0" endCapped="0" angle="180" ax="-0.707107" ay="0" az="-0.707107" tx="1.6" ty="0.96" tz="-1.6"/>
    <Custom2DField type="22" width="8" height="4" angle="0" ax="0" ay="1" az="0" tx="-0.4" ty="0" tz="-1.2">
      22:1:1,22:2:1,22:2:1,22:2:1,22:2:1,22:2:1,22:2:1,22:2:1,22:1:1,
      22:2:1,15:4:1,23:4:1,15:4:1,23:4:1,15:4:1,23:4:1,15:4:1,22:2:1,
      22:2:1,23:4:1,7:4:2,23:4:1,7:4:2,23:4:1,7:4:2,23:4:1,22:2:1,
      22:2:1,15:4:1,23:4:1,15:4:1,23:4:1,15:4:1,23:4:1,15:4:1,22:2:1,
      22:1:1,22:2:1,22:2:1,22:2:1,22:2:1,22:2:1,22:2:1,22:2:1,22:1:1
    </Custom2DField>
    <Axel type="6" length="0.15" grabbing="1" startCapped="0" endCapped="0" angle="120" ax="-0.57735" ay="0.57735" az="-0.57735" tx="0" ty="1.43708" tz="0.4"/>
    <Axel type="6" length="0.15" grabbing="1" startCapped="0" endCapped="0" angle="120" ax="-0.57735" ay="0.57735" az="-0.57735" tx="0" ty="1.43708" tz="-1.05"/>
  </Connectivity>
  <PhysicsAttributes inertiaTensor="0.838967,0,0,0,1.47897,0,0,0,1.06667" centerOfMass="1.2,0.798908,-0.4" mass="1" frictionType="0"/>
  <Bounding>
    <AABB minX="-0.4" minY="-0.001092" minZ="-1.77" maxX="2.8" maxY="1.59891" maxZ="0.97"/>
  </Bounding>
  <GeometryBounding>
    <AABB minX="-0.399997" minY="-0.001092" minZ="-1.77" maxX="2.8" maxY="1.59891" maxZ="0.97"/>
  </GeometryBounding>
</LEGOPrimitive>
