<?xml version="1.0" encoding="UTF-8" standalone="no" ?>
<LEGOPrimitive versionMajor="1" versionMinor="0">
  <Annotations>
    <Annotation platformid="200"/>
    <Annotation platformname="SYSTEM"/>
    <Annotation maingroupid="244"/>
    <Annotation maingroupname="FIGURE, HEAD CLOTHING"/>
    <Annotation designname="ADMIRAL&apos;S HAT"/>
    <Annotation aliases="2528"/>
  </Annotations>
  <Collision>
    <Box sX="0.034521" sY="0.222335" sZ="0.332021" angle="45" ax="0" ay="1" az="0" tx="0.469054" ty="0.000532" tz="-0.330596"/>
    <Box sX="0.034521" sY="0.222335" sZ="0.337476" angle="135" ax="0" ay="1" az="0" tx="-0.466777" ty="0.000532" tz="-0.332873"/>
    <Box sX="0.034521" sY="0.222335" sZ="0.236923" angle="90" ax="0" ay="1" az="0" tx="0.002806" ty="0.000532" tz="-0.565438"/>
    <Box sX="0.034521" sY="0.222335" sZ="0.332021" angle="135" ax="0" ay="-1" az="0" tx="-0.469054" ty="0.000532" tz="0.330596"/>
    <Box sX="0.034521" sY="0.222335" sZ="0.337476" angle="45" ax="0" ay="-1" az="0" tx="0.466777" ty="0.000532" tz="0.332873"/>
    <Box sX="0.034521" sY="0.222335" sZ="0.236923" angle="90" ax="0" ay="-1" az="0" tx="-0.002806" ty="0.000532" tz="0.565438"/>
    <Box sX="0.242395" sY="0.29" sZ="0.240913" angle="0" ax="0" ay="1" az="0" tx="0.792388" ty="0" tz="0"/>
    <Box sX="0.242395" sY="0.255" sZ="0.240913" angle="0" ax="0" ay="1" az="0" tx="-0.792388" ty="-0.035" tz="0"/>
    <Box sX="0.37427" sY="0.316664" sZ="0.372944" angle="0" ax="0" ay="1" az="0" tx="0" ty="0.326664" tz="0"/>
    <Box sX="0.081275" sY="0.182479" sZ="0.007987" angle="0" ax="0" ay="1" az="0" tx="-0.610005" ty="0.307521" tz="-0.107987"/>
    <Box sX="0.081275" sY="0.182479" sZ="0.007987" angle="90" ax="0" ay="1" az="0" tx="-0.717992" ty="0.307521" tz="0"/>
    <Box sX="0.081275" sY="0.182479" sZ="0.007987" angle="180" ax="0" ay="1" az="0" tx="-0.610005" ty="0.307521" tz="0.107987"/>
    <Box sX="0.081275" sY="0.182479" sZ="0.007987" angle="90" ax="0" ay="-1" az="0" tx="-0.502019" ty="0.307521" tz="0"/>
  </Collision>
  <Connectivity>
    <Custom2DField type="22" width="2" height="2" angle="0" ax="0" ay="1" az="0" tx="-0.4" ty="0" tz="-0.4">
      29:0,29:0,29:0,
      29:0,5:4:34,29:0,
      29:0,29:0,29:0
    </Custom2DField>
    <Axel type="14" length="0.27" grabbing="0" startCapped="1" endCapped="0" angle="90" ax="0" ay="1" az="0" tx="-0.610005" ty="0.23" tz="0"/>
  </Connectivity>
  <PhysicsAttributes inertiaTensor="0.211849,0,0,0,0.487531,0,0,0,0.459412" centerOfMass="0,0.22497,0" mass="1" frictionType="0"/>
  <Bounding>
    <AABB minX="-1.05007" minY="-0.3" minZ="-0.59996" maxX="1.05007" maxY="0.749941" maxZ="0.59996"/>
  </Bounding>
  <GeometryBounding>
    <AABB minX="-1.05007" minY="-0.3" minZ="-0.595813" maxX="1.05007" maxY="0.749941" maxZ="0.595813"/>
  </GeometryBounding>
</LEGOPrimitive>
