<?xml version="1.0" encoding="UTF-8" standalone="no" ?>
<LEGOPrimitive versionMajor="1" versionMinor="0">
  <Annotations>
    <Annotation platformid="200"/>
    <Annotation platformname="SYSTEM"/>
    <Annotation maingroupid="225"/>
    <Annotation maingroupname="FRAMES, WINDOWS, WALLS AND DOORS"/>
    <Annotation designname="WINDOW 2X3 W. LATTICE"/>
    <Annotation aliases="2529"/>
  </Annotations>
  <Collision>
    <Box sX="0.665" sY="1.19" sZ="0.09" angle="0" ax="0" ay="1" az="0" tx="0.325" ty="1.52" tz="0.52"/>
    <Box sX="0.033217" sY="1.19" sZ="0.040195" angle="0" ax="0" ay="1" az="0" tx="-0.393217" ty="1.52" tz="0.52"/>
  </Collision>
  <Connectivity>
    <Hinge type="19" oriented="0" angle="0" ax="0" ay="0" az="1" tx="-0.35" ty="1.52" tz="0.52"/>
  </Connectivity>
  <PhysicsAttributes inertiaTensor="0.524061,0,0,0,0.178542,0,0,0,0.695936" centerOfMass="0.275,1.51987,0.52" mass="1" frictionType="0"/>
  <Bounding>
    <AABB minX="-0.45" minY="0.27" minZ="0.42" maxX="1" maxY="2.76975" maxZ="0.62"/>
  </Bounding>
  <GeometryBounding>
    <AABB minX="-0.45" minY="0.271" minZ="0.42" maxX="1" maxY="2.76924" maxZ="0.62"/>
  </GeometryBounding>
</LEGOPrimitive>
