<?xml version="1.0" encoding="UTF-8" standalone="no" ?>
<LEGOPrimitive versionMajor="1" versionMinor="0">
  <Annotations>
    <Annotation platformid="200"/>
    <Annotation platformname="SYSTEM"/>
    <Annotation maingroupid="247"/>
    <Annotation maingroupname="FIGURE, WEAPONS"/>
    <Annotation designname="SWORD"/>
    <Annotation aliases="2530"/>
  </Annotations>
  <Collision>
    <Box sX="0.142616" sY="0.666727" sZ="0.064729" angle="0" ax="0" ay="1" az="0" tx="-0.011566" ty="1.35578" tz="0"/>
    <Box sX="0.083494" sY="0.429014" sZ="0.058187" angle="16.81614" ax="0" ay="0" az="1" tx="-0.13431" ty="2.37896" tz="-0.004432"/>
    <Box sX="0.118366" sY="0.032399" sZ="0.11825" angle="45" ax="0" ay="1" az="0" tx="-0.122021" ty="0.62861" tz="-0.005243"/>
    <Box sX="0.138856" sY="0.030366" sZ="0.187441" angle="0" ax="0" ay="1" az="0" tx="0.010911" ty="0.628259" tz="-0.005262"/>
    <Box sX="0.143409" sY="0.013997" sZ="0.211877" angle="29.99999" ax="0" ay="0" az="-1" tx="0.277008" ty="0.573277" tz="-0.009443"/>
    <Box sX="0.155542" sY="0.015027" sZ="0.229308" angle="88.98648" ax="0" ay="0" az="-1" tx="0.400679" ty="0.361325" tz="-0.003002"/>
    <Box sX="0.155542" sY="0.015027" sZ="0.186516" angle="150" ax="0" ay="0" az="-1" tx="0.271201" ty="0.14511" tz="-0.003002"/>
    <Box sX="0.0975" sY="0.0975" sZ="0.380056" angle="90" ax="1" ay="0" az="0" tx="0" ty="0.288997" tz="0"/>
    <Box sX="0.0975" sY="0.0975" sZ="0.380056" angle="98.42106" ax="0.862856" ay="-0.357407" az="0.357407" tx="0" ty="0.288997" tz="0"/>
  </Collision>
  <Connectivity>
    <Axel type="7" length="0.439611" requireGrabbing="1" startCapped="1" endCapped="1" angle="90" ax="0" ay="1" az="0" tx="0" ty="0.138555" tz="0"/>
  </Connectivity>
  <PhysicsAttributes inertiaTensor="0.791279,0,0,0,0.080929,0,0,0,0.830233" centerOfMass="0.048059,1.36016,-0.002098" mass="1" frictionType="0"/>
  <Bounding>
    <AABB minX="-0.375999" minY="-0.159992" minZ="-0.253019" maxX="0.472116" maxY="2.88032" maxZ="0.248823"/>
  </Bounding>
  <GeometryBounding>
    <AABB minX="-0.375999" minY="-0.159992" minZ="-0.253019" maxX="0.472116" maxY="2.88032" maxZ="0.248823"/>
  </GeometryBounding>
</LEGOPrimitive>
