<?xml version="1.0" encoding="UTF-8" standalone="no" ?>
<LEGOPrimitive versionMajor="1" versionMinor="0">
  <Annotations>
    <Annotation platformid="200"/>
    <Annotation platformname="SYSTEM"/>
    <Annotation maingroupid="299"/>
    <Annotation maingroupname="LOOSE PARTS"/>
    <Annotation designname="MINI CLAW"/>
    <Annotation aliases="2531"/>
  </Annotations>
  <Collision>
    <Box sX="0.070026" sY="0.070026" sZ="0.17834" angle="45" ax="0" ay="0" az="1" tx="0" ty="0" tz="0.08834"/>
    <Box sX="0.126472" sY="0.126472" sZ="0.065" angle="45" ax="0" ay="0" az="1" tx="0" ty="0" tz="0.075"/>
    <Box sX="0.116286" sY="0.106698" sZ="0.026763" angle="45" ax="0" ay="-1" az="0" tx="0.152322" ty="-0.000106" tz="0.345762"/>
    <Box sX="0.116286" sY="0.092207" sZ="0.026763" angle="90" ax="0" ay="-1" az="0" tx="0.216771" ty="0" tz="0.498645"/>
    <Box sX="0.116286" sY="0.08746" sZ="0.026763" angle="135" ax="0" ay="-1" az="0" tx="0.154238" ty="0" tz="0.652322"/>
    <Box sX="0.116286" sY="0.08736" sZ="0.026763" angle="180" ax="0" ay="1" az="0" tx="0.001355" ty="0" tz="0.716771"/>
    <Box sX="0.116286" sY="0.085198" sZ="0.014181" angle="135" ax="0" ay="1" az="0" tx="-0.166465" ty="0" tz="0.668381"/>
  </Collision>
  <Connectivity>
    <Axel type="6" length="0.24" grabbing="1" startCapped="0" endCapped="0" angle="22.5" ax="0" ay="-1" az="0" tx="0" ty="-0.12" tz="0.5"/>
    <Hinge type="17" oriented="1" angle="120" ax="-0.57735" ay="0.57735" az="-0.57735" tx="0" ty="0" tz="-0.05"/>
  </Connectivity>
  <PhysicsAttributes inertiaTensor="0.080833,0,0,0,0.096923,0,0,0,0.042757" centerOfMass="0.002897,0,0.35" mass="1" frictionType="0"/>
  <Bounding>
    <AABB minX="-0.294206" minY="-0.2" minZ="-0.1" maxX="0.3" maxY="0.2" maxZ="0.8"/>
  </Bounding>
  <GeometryBounding>
    <AABB minX="-0.294206" minY="-0.2" minZ="-0.1" maxX="0.3" maxY="0.2" maxZ="0.8"/>
  </GeometryBounding>
</LEGOPrimitive>
