<?xml version="1.0" encoding="UTF-8" standalone="no" ?>
<LEGOPrimitive versionMajor="1" versionMinor="0">
  <Annotations>
    <Annotation platformid="200"/>
    <Annotation platformname="SYSTEM"/>
    <Annotation maingroupid="299"/>
    <Annotation maingroupname="LOOSE PARTS"/>
    <Annotation designname="MINI WOODEN LEG"/>
    <Annotation aliases="2532"/>
  </Annotations>
  <Collision>
    <Box sX="0.223345" sY="0.15" sZ="0.223345" angle="45" ax="0" ay="-1" az="0" tx="0" ty="0.16" tz="0"/>
    <Box sX="0.103137" sY="0.315" sZ="0.103137" angle="45" ax="0" ay="-1" az="0" tx="0" ty="0.645" tz="0"/>
    <Box sX="0.3125" sY="0.074355" sZ="0.095" angle="0" ax="0" ay="1" az="0" tx="-0.002088" ty="1.03565" tz="-0.245"/>
    <Box sX="0.3125" sY="0.074355" sZ="0.095" angle="0" ax="0" ay="1" az="0" tx="-0.002088" ty="1.03565" tz="0.245"/>
    <Box sX="0.290827" sY="0.049327" sZ="0.237417" angle="0" ax="0" ay="1" az="0" tx="0.019585" ty="0.891964" tz="0"/>
    <Box sX="0.0525" sY="0.074355" sZ="0.26" angle="0" ax="0" ay="1" az="0" tx="-0.262088" ty="1.20435" tz="0"/>
    <Box sX="0.0525" sY="0.074355" sZ="0.134007" angle="0" ax="0" ay="1" az="0" tx="-0.262088" ty="1.37306" tz="0"/>
    <Box sX="0.3125" sY="0.125485" sZ="0.035965" angle="0" ax="0" ay="1" az="0" tx="-0.002088" ty="1.25549" tz="-0.185965"/>
    <Box sX="0.11" sY="0.074355" sZ="0.134007" angle="0" ax="0" ay="1" az="0" tx="0.200412" ty="1.37306" tz="0"/>
    <Box sX="0.3125" sY="0.125485" sZ="0.035965" angle="0" ax="0" ay="1" az="0" tx="-0.002088" ty="1.25549" tz="0.189973"/>
  </Collision>
  <Connectivity>
    <Custom2DField type="22" width="2" height="2" angle="0" ax="0" ay="1" az="0" tx="-0.4" ty="0" tz="-0.4">
      29:0:1,23:4:1,29:0:1,
      23:4:1,7:4:1,23:4:1,
      29:0:1,23:4:1,29:0:1
    </Custom2DField>
    <Hinge type="12" oriented="1" angle="180" ax="-0.707107" ay="0.707107" az="0" tx="0.2255" ty="1.125" tz="0"/>
    <Fixed type="55" axes="2" angle="90" ax="0" ay="0" az="1" tx="0.3555" ty="0.32" tz="-0.35"/>
  </Connectivity>
  <PhysicsAttributes inertiaTensor="0.233408,0,0,0,0.106667,0,0,0,0.233408" centerOfMass="0,0.734998,0" mass="1" frictionType="0"/>
  <Bounding>
    <AABB minX="-0.4" minY="0" minZ="-0.4" maxX="0.4" maxY="1.47" maxZ="0.4"/>
  </Bounding>
  <GeometryBounding>
    <AABB minX="-0.33" minY="0" minZ="-0.35" maxX="0.33" maxY="1.47" maxZ="0.35"/>
  </GeometryBounding>
</LEGOPrimitive>
