<?xml version="1.0" encoding="UTF-8" standalone="no" ?>
<LEGOPrimitive versionMajor="1" versionMinor="0">
  <Annotations>
    <Annotation platformid="200"/>
    <Annotation platformname="SYSTEM"/>
    <Annotation maingroupid="299"/>
    <Annotation maingroupname="LOOSE PARTS"/>
    <Annotation designname="CANNON, BARREL"/>
    <Annotation aliases="2533"/>
  </Annotations>
  <Collision>
    <Box sX="2.59977" sY="0.061266" sZ="0.298611" angle="0" ax="0" ay="1" az="0" tx="-0.180247" ty="0.476791" tz="0"/>
    <Box sX="1.0975" sY="0.060293" sZ="0.059353" angle="45" ax="1" ay="0" az="0" tx="-1.40751" ty="0.005466" tz="-0.000767"/>
    <Box sX="0.330785" sY="0.087809" sZ="0.087809" angle="98.42106" ax="0.357407" ay="0.862856" az="-0.357407" tx="0" ty="0" tz="-0.810526"/>
    <Box sX="2.59977" sY="0.061266" sZ="0.298611" angle="60" ax="-1" ay="0" az="0" tx="-0.180247" ty="0.24135" tz="-0.407797"/>
    <Box sX="2.59977" sY="0.061266" sZ="0.298611" angle="120" ax="-1" ay="0" az="0" tx="-0.180247" ty="-0.229533" tz="-0.407797"/>
    <Box sX="2.59977" sY="0.061266" sZ="0.298611" angle="60" ax="1" ay="0" az="0" tx="-0.180247" ty="0.24135" tz="0.407797"/>
    <Box sX="2.59977" sY="0.061266" sZ="0.298611" angle="120" ax="1" ay="0" az="0" tx="-0.180247" ty="-0.229533" tz="0.407797"/>
    <Box sX="2.59977" sY="0.061266" sZ="0.298611" angle="180" ax="1" ay="0" az="0" tx="-0.180247" ty="-0.464975" tz="0"/>
    <Box sX="0.347766" sY="0.087809" sZ="0.087809" angle="98.42106" ax="0.357407" ay="0.862856" az="-0.357407" tx="0" ty="0" tz="0.791411"/>
  </Collision>
  <Connectivity>
    <Axel type="7" length="0.42" requireGrabbing="0" startCapped="1" endCapped="0" angle="120" ax="-0.57735" ay="0.57735" az="-0.57735" tx="0" ty="0" tz="-0.62"/>
    <Axel type="7" length="0.42" requireGrabbing="0" startCapped="0" endCapped="1" angle="120" ax="-0.57735" ay="0.57735" az="-0.57735" tx="0" ty="0" tz="1.04"/>
    <Slider type="20" length="1.02952" startCapped="1" endCapped="1" angle="90" ax="0" ay="0" az="1" tx="2.42953" ty="0" tz="0"/>
  </Connectivity>
  <PhysicsAttributes inertiaTensor="0.610212,0,0,0,2.7503,0,0,0,2.40052" centerOfMass="-0.180243,0.005176,0" mass="1" frictionType="0"/>
  <Bounding>
    <AABB minX="-2.79001" minY="-0.619833" minZ="-1.2" maxX="2.42953" maxY="0.630186" maxZ="1.2"/>
  </Bounding>
  <GeometryBounding>
    <AABB minX="-2.79001" minY="-0.619814" minZ="-1.2" maxX="2.42953" maxY="0.630186" maxZ="1.2"/>
  </GeometryBounding>
</LEGOPrimitive>
