<?xml version="1.0" encoding="UTF-8" standalone="no" ?>
<LEGOPrimitive versionMajor="1" versionMinor="0">
  <Annotations>
    <Annotation platformid="200"/>
    <Annotation platformname="SYSTEM"/>
    <Annotation maingroupid="299"/>
    <Annotation maingroupname="LOOSE PARTS"/>
    <Annotation designname="CANNON FIRING PIN"/>
    <Annotation aliases="2534"/>
  </Annotations>
  <Collision>
    <Box sX="0.965" sY="0.145186" sZ="0.045014" angle="0" ax="0" ay="1" az="0" tx="-0.495929" ty="0" tz="-0.285014"/>
    <Box sX="0.965" sY="0.145186" sZ="0.045014" angle="0" ax="0" ay="1" az="0" tx="-0.495929" ty="0" tz="0.285014"/>
    <Box sX="1.49822" sY="0.083049" sZ="0.105431" angle="0" ax="0" ay="1" az="0" tx="1.93729" ty="0" tz="0.000568"/>
    <Sphere radius="0.223212" angle="90" ax="0" ay="0" az="1" tx="3.28926" ty="0" tz="0"/>
  </Collision>
  <Connectivity>
    <Axel type="7" length="0.32" requireGrabbing="1" startCapped="1" endCapped="1" angle="180" ax="0.707107" ay="-0.707107" az="0" tx="3.10172" ty="0" tz="0"/>
    <Slider type="21" length="0.5" startCapped="0" endCapped="0" angle="120" ax="-0.57735" ay="0.57735" az="0.57735" tx="1.90001" ty="0" tz="0"/>
  </Connectivity>
  <PhysicsAttributes inertiaTensor="0.096267,0,0,0,2.13147,0,0,0,2.13147" centerOfMass="1.02907,0,0" mass="1" frictionType="0"/>
  <Bounding>
    <AABB minX="-1.47093" minY="-0.38" minZ="-0.38" maxX="3.52907" maxY="0.38" maxZ="0.38"/>
  </Bounding>
  <GeometryBounding>
    <AABB minX="-1.47093" minY="-0.38" minZ="-0.38" maxX="3.52907" maxY="0.38" maxZ="0.38"/>
  </GeometryBounding>
</LEGOPrimitive>
