<?xml version="1.0" encoding="UTF-8" standalone="no" ?>
<LEGOPrimitive versionMajor="1" versionMinor="0">
  <Annotations>
    <Annotation platformid="200"/>
    <Annotation platformname="SYSTEM"/>
    <Annotation maingroupid="276"/>
    <Annotation maingroupname="CRAINS AND SCAFFOLD"/>
    <Annotation designname="MAST, DISTANCE PIECE"/>
    <Annotation aliases="2537"/>
  </Annotations>
  <Collision>
    <Box sX="1.41229" sY="0.15" sZ="0.317318" angle="0" ax="0" ay="1" az="0" tx="0" ty="1.06" tz="0"/>
    <Box sX="0.959054" sY="0.15" sZ="0.489805" angle="0" ax="0" ay="1" az="0" tx="0" ty="1.06" tz="0"/>
    <Box sX="1.78083" sY="0.15" sZ="0.073659" angle="0" ax="0" ay="1" az="0" tx="0" ty="1.06" tz="0.243659"/>
    <Box sX="1.78083" sY="0.15" sZ="0.073659" angle="0" ax="0" ay="1" az="0" tx="0" ty="1.06" tz="-0.243659"/>
    <Box sX="0.07175" sY="0.15" sZ="0.222961" angle="0" ax="0" ay="1" az="0" tx="1.84175" ty="1.06" tz="0"/>
    <Box sX="0.07175" sY="0.15" sZ="0.222961" angle="0" ax="0" ay="1" az="0" tx="-1.84175" ty="1.06" tz="0"/>
    <Box sX="0.307448" sY="6.85" sZ="0.061985" angle="0" ax="0" ay="1" az="0" tx="-0.008696" ty="7.16" tz="-0.401985"/>
    <Box sX="0.050062" sY="6.85" sZ="0.349852" angle="0" ax="0" ay="1" az="0" tx="-0.390062" ty="7.16" tz="0"/>
    <Box sX="1.41229" sY="0.15" sZ="0.495905" angle="0" ax="0" ay="1" az="0" tx="0" ty="10.66" tz="0"/>
    <Box sX="1.78083" sY="0.15" sZ="0.073659" angle="0" ax="0" ay="1" az="0" tx="0" ty="10.66" tz="0.243659"/>
    <Box sX="1.78083" sY="0.15" sZ="0.073659" angle="0" ax="0" ay="1" az="0" tx="0" ty="10.66" tz="-0.243659"/>
    <Box sX="0.07175" sY="0.15" sZ="0.222961" angle="0" ax="0" ay="1" az="0" tx="-1.84175" ty="10.66" tz="0"/>
    <Box sX="0.07175" sY="0.15" sZ="0.222961" angle="0" ax="0" ay="1" az="0" tx="1.84175" ty="10.66" tz="0"/>
    <Box sX="0.307448" sY="6.85" sZ="0.061985" angle="180" ax="0" ay="1" az="0" tx="0.008696" ty="7.16" tz="0.401985"/>
    <Box sX="0.307448" sY="1.75" sZ="0.061985" angle="90" ax="0" ay="-1" az="0" tx="0.401985" ty="12.26" tz="-0.008696"/>
    <Box sX="0.010394" sY="0.295" sZ="0.155" angle="180" ax="0" ay="1" az="0" tx="0.265395" ty="0.335849" tz="0"/>
    <Box sX="0.010394" sY="0.295" sZ="0.155" angle="120" ax="0" ay="-1" az="0" tx="0.132697" ty="0.335849" tz="-0.229839"/>
    <Box sX="0.010394" sY="0.295" sZ="0.155" angle="60" ax="0" ay="-1" az="0" tx="-0.132697" ty="0.335849" tz="-0.229839"/>
    <Box sX="0.010394" sY="0.295" sZ="0.155" angle="0" ax="0" ay="1" az="0" tx="-0.265395" ty="0.335849" tz="0"/>
    <Box sX="0.010394" sY="0.295" sZ="0.155" angle="120" ax="0" ay="1" az="0" tx="0.132697" ty="0.335849" tz="0.229839"/>
    <Box sX="0.010394" sY="0.295" sZ="0.155" angle="60" ax="0" ay="1" az="0" tx="-0.132697" ty="0.335849" tz="0.229839"/>
  </Collision>
  <Connectivity>
    <Custom2DField type="23" width="10" height="2" angle="0" ax="0" ay="1" az="0" tx="-2" ty="10.88" tz="-0.4">
      29:0:1,23:4:1,29:0:1,29:0:1,29:0:1,29:0:1,29:0:1,29:0:1,29:0:1,23:4:1,29:0:1,
      23:4:1,1:4:5,23:4:1,29:0:1,29:0:1,29:0:1,29:0:1,29:0:1,23:4:1,1:4:5,23:4:1,
      29:0:1,23:4:1,29:0:1,29:0:1,29:0:1,29:0:1,29:0:1,29:0:1,29:0:1,23:4:1,29:0:1
    </Custom2DField>
    <Axel type="6" length="0.32" grabbing="0" startCapped="0" endCapped="0" angle="90" ax="0" ay="1" az="0" tx="1.6" ty="0.9" tz="0"/>
    <Axel type="6" length="0.32" grabbing="0" startCapped="0" endCapped="0" angle="90" ax="0" ay="1" az="0" tx="-1.6" ty="0.9" tz="0"/>
    <Axel type="6" length="0.5" grabbing="0" startCapped="0" endCapped="0" angle="90" ax="0" ay="1" az="0" tx="1.6" ty="10.5" tz="0"/>
    <Axel type="6" length="0.5" grabbing="0" startCapped="0" endCapped="0" angle="90" ax="0" ay="1" az="0" tx="-1.6" ty="10.5" tz="0"/>
    <Fixed type="64" axes="2" angle="180" ax="0" ay="1" az="0" tx="1" ty="14.02" tz="0"/>
    <Fixed type="67" axes="2" angle="0" ax="0" ay="1" az="0" tx="-1" ty="0.8" tz="0"/>
    <Custom2DField type="22" width="2" height="2" angle="0" ax="0" ay="1" az="0" tx="-0.4" ty="0" tz="-0.4">
      29:0,29:0,29:0,
      29:0,5:4:34,29:0,
      29:0,29:0,29:0
    </Custom2DField>
    <Fixed type="75" axes="2" angle="180" ax="0" ay="1" az="0" tx="1" ty="13.91" tz="0"/>
    <Fixed type="64" axes="2" angle="0" ax="0" ay="1" az="0" tx="-1" ty="14.02" tz="0"/>
    <Fixed type="64" axes="2" angle="90" ax="0" ay="1" az="0" tx="0" ty="14.02" tz="1"/>
    <Fixed type="64" axes="2" angle="90" ax="0" ay="-1" az="0" tx="0" ty="14.02" tz="-1"/>
    <Fixed type="67" axes="2" angle="180" ax="0" ay="1" az="0" tx="1" ty="0.8" tz="0"/>
    <Fixed type="67" axes="2" angle="89.99999" ax="0" ay="-1" az="0" tx="0" ty="0.8" tz="-1"/>
    <Fixed type="67" axes="2" angle="89.99999" ax="0" ay="1" az="0" tx="0" ty="0.8" tz="1"/>
    <Fixed type="75" axes="2" angle="0" ax="0" ay="1" az="0" tx="-1" ty="13.91" tz="0"/>
    <Fixed type="75" axes="2" angle="90" ax="0" ay="1" az="0" tx="0" ty="13.91" tz="1"/>
    <Fixed type="75" axes="2" angle="90" ax="0" ay="-1" az="0" tx="0" ty="13.91" tz="-1"/>
  </Connectivity>
  <PhysicsAttributes inertiaTensor="16.71337,0,0,0,1.66667,0,0,0,17.71337" centerOfMass="0,7.01,0" mass="1" frictionType="0"/>
  <Bounding>
    <AABB minX="-2" minY="0" minZ="-1" maxX="2" maxY="14.02" maxZ="1"/>
  </Bounding>
  <GeometryBounding>
    <AABB minX="-1.9235" minY="0" minZ="-0.717473" maxX="1.9235" maxY="14.02" maxZ="0.717473"/>
  </GeometryBounding>
</LEGOPrimitive>
