<?xml version="1.0" encoding="UTF-8" standalone="no" ?>
<LEGOPrimitive versionMajor="1" versionMinor="0">
  <Annotations>
    <Annotation platformid="200"/>
    <Annotation platformname="SYSTEM"/>
    <Annotation maingroupid="276"/>
    <Annotation maingroupname="CRAINS AND SCAFFOLD"/>
    <Annotation designname="MAST, BOWSPRIT"/>
    <Annotation aliases="2538"/>
  </Annotations>
  <Collision>
    <Box sX="0.391" sY="1.45174" sZ="0.39" angle="0" ax="0" ay="1" az="0" tx="-0.071825" ty="2.3791" tz="-4.3E-005"/>
    <Box sX="0.30492" sY="5.49042" sZ="0.397597" angle="0" ax="0" ay="1" az="0" tx="0" ty="9.34042" tz="0"/>
    <Box sX="0.233986" sY="0.090394" sZ="0.374688" angle="0" ax="0" ay="1" az="0" tx="0.396014" ty="14.94002" tz="0"/>
    <Box sX="0.63" sY="0.089998" sZ="0.445877" angle="0" ax="0" ay="1" az="0" tx="0" ty="9.18" tz="0"/>
    <Box sX="0.045094" sY="0.057088" sZ="0.691095" angle="0" ax="0" ay="1" az="0" tx="0" ty="0.890013" tz="0.003664"/>
    <Box sX="0.95" sY="0.089603" sZ="0.032291" angle="0" ax="0" ay="1" az="0" tx="0" ty="14.94165" tz="0.274916"/>
    <Box sX="0.95" sY="0.089603" sZ="0.038299" angle="0" ax="0" ay="1" az="0" tx="0" ty="14.94165" tz="-0.282545"/>
    <Box sX="0.070742" sY="0.089603" sZ="0.223436" angle="0" ax="0" ay="1" az="0" tx="1.0414" ty="14.94165" tz="-0.000811"/>
    <Box sX="0.070742" sY="0.089603" sZ="0.223436" angle="180" ax="0" ay="1" az="0" tx="-1.0414" ty="14.94165" tz="-0.000811"/>
    <Box sX="0.230894" sY="0.47" sZ="0.063886" angle="180" ax="0" ay="1" az="0" tx="-0.000825" ty="15.52083" tz="-0.308133"/>
    <Box sX="0.070742" sY="0.089206" sZ="0.223436" angle="0" ax="0" ay="1" az="0" tx="1.0414" ty="9.18004" tz="-0.000811"/>
    <Box sX="0.950001" sY="0.089206" sZ="0.031523" angle="180" ax="0" ay="1" az="0" tx="-0.000826" ty="9.18004" tz="-0.27577"/>
    <Box sX="0.070742" sY="0.089206" sZ="0.223436" angle="180" ax="0" ay="1" az="0" tx="-1.0414" ty="9.18004" tz="-0.000811"/>
    <Box sX="0.950001" sY="0.089206" sZ="0.032291" angle="180" ax="0" ay="1" az="0" tx="-0.000826" ty="9.18004" tz="0.274916"/>
    <Box sX="0.230894" sY="0.47" sZ="0.063886" angle="90" ax="0" ay="-1" az="0" tx="-0.308958" ty="15.52083" tz="0"/>
    <Box sX="0.230894" sY="0.47" sZ="0.063886" angle="0" ax="0" ay="1" az="0" tx="-0.000825" ty="15.52083" tz="0.308133"/>
    <Box sX="0.230894" sY="0.47" sZ="0.063886" angle="90" ax="0" ay="1" az="0" tx="0.307308" ty="15.52083" tz="0"/>
    <Box sX="0.319588" sY="2.33493" sZ="0.319968" angle="45" ax="0" ay="1" az="0" tx="-0.000412" ty="3.01913" tz="-1.1E-005"/>
    <Box sX="0.010394" sY="0.295" sZ="0.155" angle="180" ax="0" ay="1" az="0" tx="0.265395" ty="0.335849" tz="0"/>
    <Box sX="0.010394" sY="0.295" sZ="0.155" angle="120" ax="0" ay="-1" az="0" tx="0.132697" ty="0.335849" tz="-0.229839"/>
    <Box sX="0.010394" sY="0.295" sZ="0.155" angle="60" ax="0" ay="-1" az="0" tx="-0.132697" ty="0.335849" tz="-0.229839"/>
    <Box sX="0.010394" sY="0.295" sZ="0.155" angle="0" ax="0" ay="1" az="0" tx="-0.265395" ty="0.335849" tz="0"/>
    <Box sX="0.010394" sY="0.295" sZ="0.155" angle="120" ax="0" ay="1" az="0" tx="0.132697" ty="0.335849" tz="0.229839"/>
    <Box sX="0.010394" sY="0.295" sZ="0.155" angle="60" ax="0" ay="1" az="0" tx="-0.132697" ty="0.335849" tz="0.229839"/>
    <Box sX="0.051222" sY="5.49042" sZ="0.114448" angle="0" ax="0" ay="1" az="0" tx="0.375327" ty="9.34042" tz="0"/>
    <Box sX="0.233986" sY="0.090394" sZ="0.374688" angle="0" ax="0" ay="1" az="0" tx="-0.396014" ty="14.94002" tz="0"/>
  </Collision>
  <Connectivity>
    <Custom2DField type="23" width="2" height="2" angle="0" ax="0" ay="1" az="0" tx="-0.4" ty="16" tz="-0.4">
      29:0,29:0,29:0,
      29:0,1:4:38,29:0,
      29:0,29:0,29:0
    </Custom2DField>
    <Custom2DField type="23" width="6" height="2" angle="0" ax="0" ay="1" az="0" tx="-1.2" ty="15.04" tz="-0.4">
      29:0:1,23:4:1,29:0:1,23:4:1,29:0:1,23:4:1,29:0:1,
      23:4:1,1:4:4,23:4:1,1:4:1,23:4:1,1:4:4,23:4:1,
      29:0:1,23:4:1,29:0:1,23:4:1,29:0:1,23:4:1,29:0:1
    </Custom2DField>
    <Custom2DField type="22" width="2" height="2" angle="0" ax="0" ay="1" az="0" tx="-0.4" ty="0" tz="-0.4">
      29:0,29:0,29:0,
      29:0,5:4:34,29:0,
      29:0,29:0,29:0
    </Custom2DField>
    <Fixed type="65" axes="2" angle="180" ax="0" ay="1" az="0" tx="1" ty="0.640835" tz="0"/>
    <Axel type="6" length="0.2" grabbing="0" startCapped="0" endCapped="0" angle="90" ax="0" ay="1" az="0" tx="0.799175" ty="9.08084" tz="0"/>
    <Axel type="6" length="0.2" grabbing="0" startCapped="0" endCapped="0" angle="90" ax="0" ay="1" az="0" tx="-0.800827" ty="9.08084" tz="0"/>
    <Axel type="6" length="0.38" grabbing="0" startCapped="0" endCapped="0" angle="90" ax="0" ay="1" az="0" tx="0.8" ty="14.84" tz="0"/>
    <Axel type="6" length="0.38" grabbing="0" startCapped="0" endCapped="0" angle="90" ax="0" ay="1" az="0" tx="-0.800825" ty="14.84084" tz="0"/>
    <Axel type="6" length="1.34" grabbing="0" startCapped="0" endCapped="0" angle="90" ax="0" ay="1" az="0" tx="0" ty="14.84084" tz="0"/>
    <Custom2DField type="22" width="2" height="8" angle="120" ax="0.57735" ay="0.57735" az="-0.57735" tx="-0.472" ty="3.84" tz="0.4">
      22:1:1,22:2:1,22:1:1,
      22:2:1,15:4:1,22:2:1,
      22:2:1,9:4:1,22:2:1,
      22:2:1,15:4:1,22:2:1,
      22:2:1,9:4:1,22:2:1,
      22:2:1,15:4:1,22:2:1,
      22:2:1,9:4:1,22:2:1,
      22:2:1,15:4:1,22:2:1,
      22:1:1,22:2:1,22:1:1
    </Custom2DField>
    <Fixed type="67" axes="2" angle="0" ax="0" ay="1" az="0" tx="-1" ty="0.890849" tz="0"/>
    <Fixed type="65" axes="2" angle="0" ax="0" ay="1" az="0" tx="-1" ty="0.640849" tz="0"/>
    <Fixed type="65" axes="2" angle="0" ax="0" ay="1" az="0" tx="-1" ty="0.640835" tz="0"/>
    <Fixed type="65" axes="2" angle="90" ax="0" ay="1" az="0" tx="0" ty="0.640835" tz="1"/>
    <Fixed type="65" axes="2" angle="90" ax="0" ay="-1" az="0" tx="0" ty="0.640835" tz="-1"/>
    <Fixed type="67" axes="2" angle="180" ax="0" ay="1" az="0" tx="1" ty="0.890849" tz="0"/>
    <Fixed type="67" axes="2" angle="89.99999" ax="0" ay="-1" az="0" tx="0" ty="0.890849" tz="-1"/>
    <Fixed type="67" axes="2" angle="89.99999" ax="0" ay="1" az="0" tx="0" ty="0.890849" tz="1"/>
    <Fixed type="65" axes="2" angle="180" ax="0" ay="1" az="0" tx="1" ty="0.640849" tz="0"/>
    <Fixed type="65" axes="2" angle="89.99999" ax="0" ay="-1" az="0" tx="0" ty="0.640849" tz="-1"/>
    <Fixed type="65" axes="2" angle="89.99999" ax="0" ay="1" az="0" tx="0" ty="0.640849" tz="1"/>
  </Connectivity>
  <PhysicsAttributes inertiaTensor="22.15162,0,0,0,0.813333,0,0,0,22.29829" centerOfMass="0,8.09042,0" mass="1" frictionType="0"/>
  <Bounding>
    <AABB minX="-1.2" minY="0" minZ="-1" maxX="1.2" maxY="16.18084" maxZ="1"/>
  </Bounding>
  <GeometryBounding>
    <AABB minX="-1.12297" minY="0" minZ="-0.704803" maxX="1.12297" maxY="16.178" maxZ="0.704802"/>
  </GeometryBounding>
</LEGOPrimitive>
