<?xml version="1.0" encoding="UTF-8" standalone="no" ?>
<LEGOPrimitive versionMajor="1" versionMinor="0">
  <Annotations>
    <Annotation platformid="200"/>
    <Annotation platformname="SYSTEM"/>
    <Annotation maingroupid="216"/>
    <Annotation maingroupname="PLATES, SPECIAL"/>
    <Annotation designname="PLATE 1X2 W. STICK"/>
    <Annotation aliases="2540"/>
  </Annotations>
  <Collision>
    <Box sX="0.79" sY="0.39" sZ="0.15" angle="180" ax="0" ay="0.707107" az="-0.707107" tx="0.4" ty="0.16" tz="0"/>
    <Box sX="0.1" sY="0.162778" sZ="0.162778" angle="180" ax="0" ay="0.92388" az="-0.382683" tx="0.06" ty="0.245" tz="0.8"/>
    <Box sX="0.1" sY="0.162778" sZ="0.162778" angle="180" ax="0" ay="0.92388" az="-0.382683" tx="0.74" ty="0.245" tz="0.8"/>
    <Box sX="0.79" sY="0.099717" sZ="0.099717" angle="180" ax="0" ay="0.92388" az="-0.382683" tx="0.4" ty="0.245" tz="0.8"/>
    <Box sX="0.1" sY="0.11" sZ="0.15" angle="180" ax="0" ay="0.707107" az="-0.707107" tx="0.06" ty="0.16" tz="0.52"/>
    <Box sX="0.1" sY="0.11" sZ="0.15" angle="180" ax="0" ay="0.707107" az="-0.707107" tx="0.74" ty="0.16" tz="0.52"/>
  </Collision>
  <Connectivity>
    <Custom2DField type="23" width="4" height="2" angle="0" ax="0" ay="1" az="0" tx="-0.4" ty="0.32" tz="-0.4">
      18:1:1,23:4:1,18:2:1,23:4:1,18:1:1,
      23:4:1,0:4:1,23:4:1,0:4:1,23:4:1,
      18:1:1,23:4:1,29:0:1,23:4:1,18:1:1
    </Custom2DField>
    <Custom2DField type="22" width="4" height="2" angle="0" ax="0" ay="1" az="0" tx="-0.4" ty="0" tz="-0.4">
      22:1:1,22:2:1,22:2:1,22:2:1,22:1:1,
      22:2:1,15:4:1,9:4:1,15:4:1,22:2:1,
      22:1:1,22:2:1,22:2:1,22:2:1,22:1:1
    </Custom2DField>
    <Custom2DField type="22" width="2" height="2" angle="90" ax="0" ay="0" az="-1" tx="-0.4" ty="0.648" tz="0.4">
      29:0,29:0,29:0,
      29:0,9:4:33,29:0,
      29:0,29:0,29:0
    </Custom2DField>
    <Custom2DField type="22" width="2" height="2" angle="90" ax="0" ay="0" az="1" tx="1.2" ty="-0.152" tz="0.4">
      29:0,29:0,29:0,
      29:0,9:4:33,29:0,
      29:0,29:0,29:0
    </Custom2DField>
    <Axel type="7" length="0.46" requireGrabbing="1" startCapped="1" endCapped="1" angle="90" ax="0" ay="0" az="-1" tx="0.17" ty="0.248" tz="0.8"/>
    <Axel type="7" length="0.35" requireGrabbing="0" startCapped="0" endCapped="1" angle="180" ax="-0.707107" ay="0.707107" az="0" tx="1.2" ty="0.248" tz="0.8"/>
    <Axel type="7" length="0.35" requireGrabbing="0" startCapped="0" endCapped="1" angle="90" ax="0" ay="0" az="-1" tx="-0.4" ty="0.248" tz="0.8"/>
  </Connectivity>
  <PhysicsAttributes inertiaTensor="0.194669,0,0,0,0.387335,0,0,0,0.234" centerOfMass="0.4,0.249,0.3225" mass="1" frictionType="0"/>
  <Bounding>
    <AABB minX="-0.4" minY="0" minZ="-0.4" maxX="1.2" maxY="0.498" maxZ="1.045"/>
  </Bounding>
  <GeometryBounding>
    <AABB minX="-0.4" minY="0" minZ="-0.4" maxX="1.2" maxY="0.498" maxZ="1.0444"/>
  </GeometryBounding>
</LEGOPrimitive>
