<?xml version="1.0" encoding="UTF-8" standalone="no" ?>
<LEGOPrimitive versionMajor="1" versionMinor="0">
  <Annotations>
    <Annotation platformid="200"/>
    <Annotation platformname="SYSTEM"/>
    <Annotation maingroupid="251"/>
    <Annotation maingroupname="FIGURE, SPECIAL"/>
    <Annotation designname="MINI OAR"/>
    <Annotation aliases="2542"/>
  </Annotations>
  <Collision>
    <Box sX="0.097705" sY="1.67647" sZ="0.097705" angle="0" ax="0" ay="1" az="0" tx="0" ty="1.68647" tz="0"/>
    <Box sX="0.097705" sY="1.12183" sZ="0.05" angle="6.87369" ax="0" ay="0" az="1" tx="-0.15472" ty="4.14119" tz="0"/>
    <Box sX="0.097705" sY="1.12183" sZ="0.05" angle="6.87215" ax="0" ay="0" az="-1" tx="0.154751" ty="4.14119" tz="0"/>
    <Box sX="0.09977" sY="0.384795" sZ="0.05" angle="90" ax="0" ay="0" az="1" tx="0" ty="5.36177" tz="0"/>
    <Box sX="0.110134" sY="0.258577" sZ="0.05" angle="90" ax="0" ay="0" az="1" tx="0" ty="5.55595" tz="0"/>
    <Box sX="0.947998" sY="0.145613" sZ="0.05" angle="90" ax="0" ay="0" az="1" tx="0" ty="4.40632" tz="0"/>
  </Collision>
  <Connectivity>
    <Axel type="7" length="3.24" requireGrabbing="0" startCapped="0" endCapped="1" angle="90" ax="0" ay="1" az="0" tx="0" ty="0" tz="0"/>
    <Custom2DField type="22" width="2" height="2" angle="0" ax="0" ay="1" az="0" tx="-0.4" ty="0" tz="-0.4">
      29:0,29:0,29:0,
      29:0,9:4:32,29:0,
      29:0,29:0,29:0
    </Custom2DField>
  </Connectivity>
  <PhysicsAttributes inertiaTensor="2.71603,0,0,0,0.061099,0,0,0,2.76007" centerOfMass="0,2.85,0" mass="1" frictionType="0"/>
  <Bounding>
    <AABB minX="-0.39711" minY="0" minZ="-0.16" maxX="0.39711" maxY="5.7" maxZ="0.16"/>
  </Bounding>
  <GeometryBounding>
    <AABB minX="-0.391668" minY="0" minZ="-0.16" maxX="0.391668" maxY="5.7" maxZ="0.16"/>
  </GeometryBounding>
</LEGOPrimitive>
