<?xml version="1.0" encoding="UTF-8" standalone="no" ?>
<LEGOPrimitive versionMajor="1" versionMinor="0">
  <Annotations>
    <Annotation platformid="200"/>
    <Annotation platformname="SYSTEM"/>
    <Annotation maingroupid="244"/>
    <Annotation maingroupname="FIGURE, HEAD CLOTHING"/>
    <Annotation designname="MINI HEADSQUARE SCARF"/>
    <Annotation aliases="2543"/>
  </Annotations>
  <Collision>
    <Box sX="0.27072" sY="0.091481" sZ="0.394295" angle="0" ax="0" ay="1" az="0" tx="0" ty="0.308361" tz="-0.128675"/>
    <Box sX="0.148008" sY="0.581713" sZ="0.084585" angle="4.09696" ax="1" ay="0" az="0" tx="0.006597" ty="-0.420332" tz="-0.617129"/>
    <Box sX="0.359636" sY="0.096006" sZ="0.342486" angle="45" ax="0" ay="1" az="0" tx="-0.033785" ty="0.106006" tz="-0.002891"/>
    <Box sX="0.176414" sY="0.265879" sZ="0.062816" angle="14.99999" ax="0" ay="1" az="0" tx="-0.151" ty="-0.23395" tz="-0.563538"/>
    <Box sX="0.176414" sY="0.236401" sZ="0.020379" angle="45" ax="0" ay="1" az="0" tx="-0.382531" ty="-0.204472" tz="-0.382531"/>
    <Box sX="0.176414" sY="0.176016" sZ="0.020379" angle="75" ax="0" ay="1" az="0" tx="-0.522547" ty="-0.144086" tz="-0.140016"/>
    <Box sX="0.176414" sY="0.132906" sZ="0.020379" angle="105" ax="0" ay="1" az="0" tx="-0.522547" ty="-0.100976" tz="0.140016"/>
    <Box sX="0.176414" sY="0.096617" sZ="0.020379" angle="135" ax="0" ay="1" az="0" tx="-0.382531" ty="-0.064688" tz="0.382531"/>
    <Box sX="0.176414" sY="0.083169" sZ="0.020379" angle="165" ax="0" ay="1" az="0" tx="-0.140016" ty="-0.05124" tz="0.522547"/>
    <Box sX="0.176414" sY="0.083169" sZ="0.020379" angle="165" ax="0" ay="-1" az="0" tx="0.140016" ty="-0.05124" tz="0.522547"/>
    <Box sX="0.176414" sY="0.096617" sZ="0.020379" angle="135" ax="0" ay="-1" az="0" tx="0.382531" ty="-0.064688" tz="0.382531"/>
    <Box sX="0.176414" sY="0.132906" sZ="0.020379" angle="105" ax="0" ay="-1" az="0" tx="0.522547" ty="-0.100976" tz="0.140016"/>
    <Box sX="0.176414" sY="0.176016" sZ="0.020379" angle="75" ax="0" ay="-1" az="0" tx="0.522547" ty="-0.144086" tz="-0.140016"/>
    <Box sX="0.176414" sY="0.236401" sZ="0.020379" angle="45" ax="0" ay="-1" az="0" tx="0.382531" ty="-0.204472" tz="-0.382531"/>
    <Box sX="0.176414" sY="0.265879" sZ="0.062816" angle="14.99999" ax="0" ay="-1" az="0" tx="0.151" ty="-0.23395" tz="-0.563538"/>
  </Collision>
  <Connectivity>
    <Custom2DField type="22" width="2" height="2" angle="0" ax="0" ay="1" az="0" tx="-0.4" ty="0" tz="-0.4">
      29:0,29:0,29:0,
      29:0,15:4:33,29:0,
      29:0,29:0,29:0
    </Custom2DField>
  </Connectivity>
  <PhysicsAttributes inertiaTensor="0.369241,0,0,0,0.306288,0,0,0,0.328739" centerOfMass="-0.00771,-0.28719,-0.079661" mass="1" frictionType="0"/>
  <Bounding>
    <AABB minX="-0.63912" minY="-1.0537" minZ="-0.8009" maxX="0.6237" maxY="0.47932" maxZ="0.641577"/>
  </Bounding>
  <GeometryBounding>
    <AABB minX="-0.63912" minY="-1.0537" minZ="-0.8009" maxX="0.6237" maxY="0.47932" maxZ="0.641577"/>
  </GeometryBounding>
</LEGOPrimitive>
