<?xml version="1.0" encoding="UTF-8" standalone="no" ?>
<LEGOPrimitive versionMajor="1" versionMinor="0">
  <Annotations>
    <Annotation platformid="200"/>
    <Annotation platformname="SYSTEM"/>
    <Annotation maingroupid="244"/>
    <Annotation maingroupname="FIGURE, HEAD CLOTHING"/>
    <Annotation designname="MINI THREE-CORNERED HAT"/>
    <Annotation aliases="2544"/>
  </Annotations>
  <Collision>
    <Box sX="0.034521" sY="0.04" sZ="0.332021" angle="45" ax="0" ay="1" az="0" tx="0.469054" ty="-0.091529" tz="-0.330596"/>
    <Box sX="0.034521" sY="0.04" sZ="0.337476" angle="135" ax="0" ay="1" az="0" tx="-0.466777" ty="-0.091529" tz="-0.332873"/>
    <Box sX="0.813447" sY="0.294041" sZ="0.039199" angle="180" ax="0" ay="0.994522" az="-0.104528" tx="0.000299" ty="0.166098" tz="-0.620782"/>
    <Box sX="0.813447" sY="0.294041" sZ="0.039199" angle="61.07851" ax="0.178152" ay="-0.978612" az="0.102856" tx="-0.537762" ty="0.166098" tz="0.310132"/>
    <Box sX="0.813447" sY="0.294041" sZ="0.039199" angle="61.07851" ax="0.178152" ay="0.978612" az="-0.102856" tx="0.537464" ty="0.166098" tz="0.31065"/>
    <Box sX="0.646828" sY="0.069699" sZ="0.458732" angle="0" ax="0" ay="1" az="0" tx="0" ty="0.276179" tz="-0.098824"/>
    <Box sX="0.087609" sY="0.204397" sZ="0.025948" angle="0" ax="0" ay="1" az="0" tx="0.003908" ty="0.214397" tz="0.333959"/>
    <Box sX="0.087609" sY="0.204397" sZ="0.025948" angle="90" ax="0" ay="1" az="0" tx="-0.10704" ty="0.214397" tz="0.444908"/>
    <Box sX="0.087609" sY="0.204397" sZ="0.025948" angle="180" ax="0" ay="1" az="0" tx="0.003908" ty="0.214397" tz="0.555856"/>
    <Box sX="0.087609" sY="0.204397" sZ="0.025948" angle="90" ax="0" ay="-1" az="0" tx="0.114857" ty="0.214397" tz="0.444908"/>
  </Collision>
  <Connectivity>
    <Custom2DField type="22" width="2" height="2" angle="0" ax="0" ay="1" az="0" tx="-0.4" ty="0" tz="-0.4">
      29:0,29:0,29:0,
      29:0,15:4:34,29:0,
      29:0,29:0,29:0
    </Custom2DField>
    <Axel type="14" length="0.27" grabbing="0" startCapped="1" endCapped="0" angle="90" ax="0" ay="1" az="0" tx="0" ty="0.158795" tz="0.444908"/>
  </Connectivity>
  <PhysicsAttributes inertiaTensor="0.304831,0,0,0,0.625,0,0,0,0.387765" centerOfMass="-0.000149,0.176895,0.176359" mass="1" frictionType="0"/>
  <Bounding>
    <AABB minX="-1.03064" minY="-0.141529" minZ="-0.725361" maxX="1.03034" maxY="0.495318" maxZ="1.07808"/>
  </Bounding>
  <GeometryBounding>
    <AABB minX="-0.9667" minY="-0.141529" minZ="-0.725361" maxX="0.967298" maxY="0.495318" maxZ="1.07808"/>
  </GeometryBounding>
</LEGOPrimitive>
