<?xml version="1.0" encoding="UTF-8" standalone="no" ?>
<LEGOPrimitive versionMajor="1" versionMinor="0">
  <Annotations>
    <Annotation platformid="200"/>
    <Annotation platformname="SYSTEM"/>
    <Annotation maingroupid="259"/>
    <Annotation maingroupname="ANIMAL AND ACCESSORIES FOR ANIMALS"/>
    <Annotation designname="BIRD"/>
    <Annotation aliases="2546;64952"/>
  </Annotations>
  <Collision>
    <Box sX="0.220067" sY="0.363501" sZ="0.406978" angle="0" ax="0" ay="1" az="0" tx="0" ty="1.68732" tz="0.193911"/>
    <Box sX="0.373585" sY="0.697845" sZ="0.115451" angle="0" ax="0" ay="1" az="0" tx="0" ty="0.707845" tz="-0.375451"/>
    <Box sX="0.145777" sY="0.475363" sZ="0.035823" angle="0" ax="0" ay="1" az="0" tx="0" ty="-0.456928" tz="-0.439891"/>
    <Box sX="0.373585" sY="0.697665" sZ="0.056793" angle="90" ax="0" ay="1" az="0" tx="-0.316793" ty="0.707665" tz="-0.048579"/>
    <Box sX="0.280552" sY="0.697665" sZ="0.038793" angle="0" ax="0" ay="1" az="0" tx="0" ty="0.707665" tz="0.298793"/>
    <Box sX="0.373585" sY="0.697665" sZ="0.056793" angle="90" ax="0" ay="1" az="0" tx="0.316792" ty="0.707665" tz="-0.059958"/>
  </Collision>
  <Connectivity>
    <Axel type="6" length="1.09" grabbing="0" startCapped="0" endCapped="1" angle="90" ax="0" ay="1" az="0" tx="0" ty="0.223815" tz="0"/>
    <Custom2DField type="22" width="2" height="2" angle="0" ax="0" ay="1" az="0" tx="-0.4" ty="0" tz="-0.4">
      29:0,29:0,29:0,
      29:0,15:4:34,29:0,
      29:0,29:0,29:0
    </Custom2DField>
  </Connectivity>
  <PhysicsAttributes inertiaTensor="0.860059,0,0,0,0.170276,0,0,0,0.807622" centerOfMass="0,0.552114,0.055391" mass="1" frictionType="0"/>
  <Bounding>
    <AABB minX="-0.420426" minY="-0.946588" minZ="-0.522597" maxX="0.420426" maxY="2.05082" maxZ="0.633379"/>
  </Bounding>
  <GeometryBounding>
    <AABB minX="-0.420426" minY="-0.946588" minZ="-0.522597" maxX="0.420426" maxY="2.03067" maxZ="0.633379"/>
  </GeometryBounding>
</LEGOPrimitive>
