<?xml version="1.0" encoding="UTF-8" standalone="no" ?>
<LEGOPrimitive versionMajor="1" versionMinor="0">
  <Annotations>
    <Annotation platformid="200"/>
    <Annotation platformname="SYSTEM"/>
    <Annotation maingroupid="259"/>
    <Annotation maingroupname="ANIMAL AND ACCESSORIES FOR ANIMALS"/>
    <Annotation designname="SHARK, JAW"/>
    <Annotation aliases="2548"/>
  </Annotations>
  <Collision>
    <Box sX="0.513385" sY="0.210464" sZ="0.205324" angle="0" ax="0" ay="1" az="0" tx="1.96241" ty="1.12739" tz="0.002296"/>
    <Box sX="0.401486" sY="0.277884" sZ="0.242453" angle="31.00286" ax="0" ay="0" az="1" tx="1.77456" ty="0.86129" tz="0"/>
    <Box sX="0.482751" sY="0.338588" sZ="0.073607" angle="0" ax="0" ay="1" az="0" tx="0.848573" ty="0.885893" tz="-0.833607"/>
    <Box sX="0.129377" sY="0.298732" sZ="0.465859" angle="58.86383" ax="-0.389485" ay="0.899569" az="0.19768" tx="1.62381" ty="0.87959" tz="-0.482218"/>
    <Box sX="0.076819" sY="0.470962" sZ="0.799908" angle="0" ax="0" ay="1" az="0" tx="1.33764" ty="0.836051" tz="0.02919"/>
    <Box sX="0.482751" sY="0.338588" sZ="0.073607" angle="0" ax="0" ay="1" az="0" tx="0.848573" ty="0.885893" tz="0.833607"/>
    <Box sX="0.129377" sY="0.298732" sZ="0.465859" angle="58.86383" ax="0.389485" ay="-0.899569" az="0.19768" tx="1.62381" ty="0.87959" tz="0.482218"/>
    <Box sX="0.36942" sY="0.156476" sZ="0.073607" angle="45" ax="0" ay="0" az="-1" tx="0.702484" ty="1.04389" tz="0.833607"/>
    <Box sX="0.36942" sY="0.156476" sZ="0.073607" angle="45" ax="0" ay="0" az="-1" tx="0.702484" ty="1.04389" tz="-0.833607"/>
  </Collision>
  <Connectivity>
    <Hinge type="91" oriented="0" angle="180" ax="0" ay="-0.707107" az="-0.707107" tx="0.4" ty="1.05509" tz="0"/>
  </Connectivity>
  <PhysicsAttributes inertiaTensor="0.390738,0,0,0,0.72855,0,0,0,0.536808" centerOfMass="1.3854,0.901434,0" mass="1" frictionType="0"/>
  <Bounding>
    <AABB minX="0.24" minY="0.355089" minZ="-0.93473" maxX="2.53079" maxY="1.44778" maxZ="0.93473"/>
  </Bounding>
  <GeometryBounding>
    <AABB minX="0.24" minY="0.355089" minZ="-0.93473" maxX="2.53079" maxY="1.44778" maxZ="0.93473"/>
  </GeometryBounding>
</LEGOPrimitive>
