<?xml version="1.0" encoding="UTF-8" standalone="no" ?>
<LEGOPrimitive versionMajor="1" versionMinor="0">
  <Annotations>
    <Annotation platformid="200"/>
    <Annotation platformname="SYSTEM"/>
    <Annotation maingroupid="299"/>
    <Annotation maingroupname="LOOSE PARTS"/>
    <Annotation designname="MONKEY"/>
    <Annotation aliases="2550"/>
  </Annotations>
  <Collision>
    <Box sX="0.866485" sY="0.408402" sZ="0.389328" angle="0" ax="0" ay="1" az="0" tx="0.558704" ty="0.418402" tz="0.00314"/>
    <Box sX="0.562441" sY="0.446878" sZ="0.36874" angle="17.86654" ax="0" ay="0" az="-1" tx="1.97512" ty="0.866903" tz="3.2E-005"/>
    <Box sX="0.090494" sY="0.204852" sZ="0.100144" angle="0" ax="0" ay="1" az="0" tx="-1.2821" ty="0.508703" tz="0.023618"/>
    <Box sX="0.095" sY="0.536305" sZ="0.095" angle="50" ax="0" ay="0" az="1" tx="-0.636256" ty="0.827883" tz="0.002777"/>
    <Box sX="0.095" sY="0.275378" sZ="0.095" angle="90" ax="0" ay="0" az="1" tx="-1.26821" ty="1.15015" tz="0.002777"/>
    <Box sX="0.097222" sY="0.262432" sZ="0.107519" angle="135.00842" ax="0" ay="0" az="1" tx="-1.66339" ty="0.987279" tz="0.016244"/>
    <Box sX="0.095" sY="0.287331" sZ="0.095" angle="180" ax="0" ay="0" az="1" tx="-1.8332" ty="0.576414" tz="0.016244"/>
    <Box sX="0.090494" sY="0.209679" sZ="0.100144" angle="90" ax="0" ay="0" az="-1" tx="-1.56957" ty="0.232589" tz="0.023618"/>
    <Box sX="0.098404" sY="0.205081" sZ="0.634193" angle="16.65138" ax="0" ay="0" az="-1" tx="1.7687" ty="0.989347" tz="3.2E-005"/>
  </Collision>
  <Connectivity>
    <Hinge type="14" oriented="1" angle="120" ax="-0.57735" ay="-0.57735" az="0.57735" tx="1.1" ty="0.349972" tz="0.252468"/>
    <Hinge type="14" oriented="1" angle="120" ax="-0.57735" ay="-0.57735" az="0.57735" tx="0" ty="0.349972" tz="0.252468"/>
    <Hinge type="14" oriented="1" angle="120" ax="0.57735" ay="0.57735" az="0.57735" tx="1.1" ty="0.349972" tz="-0.252404"/>
    <Hinge type="14" oriented="1" angle="120" ax="0.57735" ay="0.57735" az="0.57735" tx="0" ty="0.349972" tz="-0.252404"/>
    <Axel type="7" length="0.8" requireGrabbing="0" startCapped="0" endCapped="0" angle="180" ax="-0.422618" ay="0.906308" az="0" tx="-0.329094" ty="0.57139" tz="0"/>
    <Axel type="7" length="0.4" requireGrabbing="0" startCapped="0" endCapped="0" angle="180" ax="-1" ay="0" az="0" tx="-1.82021" ty="0.786087" tz="0"/>
    <Custom2DField type="22" width="2" height="2" angle="0" ax="0" ay="1" az="0" tx="0.15" ty="0" tz="-0.4">
      29:0,29:0,29:0,
      29:0,15:4:32,29:0,
      29:0,29:0,29:0
    </Custom2DField>
  </Connectivity>
  <PhysicsAttributes inertiaTensor="0.322161,0,0,0,1.95309,0,0,0,1.98853" centerOfMass="0.317477,0.732393,3.2E-005" mass="1" frictionType="0"/>
  <Bounding>
    <AABB minX="-2.01259" minY="0" minZ="-0.655775" maxX="2.64754" maxY="1.46479" maxZ="0.655839"/>
  </Bounding>
  <GeometryBounding>
    <AABB minX="-2.01259" minY="0" minZ="-0.655775" maxX="2.49058" maxY="1.39459" maxZ="0.655839"/>
  </GeometryBounding>
</LEGOPrimitive>
