<?xml version="1.0" encoding="UTF-8" standalone="no" ?>
<LEGOPrimitive versionMajor="1" versionMinor="0">
  <Annotations>
    <Annotation platformid="200"/>
    <Annotation platformname="SYSTEM"/>
    <Annotation maingroupid="273"/>
    <Annotation maingroupname="TRANSPORTATION MEANS, SHIPS"/>
    <Annotation designname="ROWING BOAT 5X14X2 1/3"/>
    <Annotation aliases="2551"/>
  </Annotations>
  <Collision>
    <Box sX="0.05303" sY="0.269684" sZ="0.150278" angle="0" ax="0" ay="1" az="0" tx="3.7061" ty="1.72032" tz="0.640885"/>
    <Box sX="0.05303" sY="0.269684" sZ="0.150278" angle="0" ax="0" ay="1" az="0" tx="4.31303" ty="1.72032" tz="0.640885"/>
    <Box sX="0.299663" sY="0.033851" sZ="0.826782" angle="85.57864" ax="-0.95874" ay="0.27185" az="0.083156" tx="6.98887" ty="0.880879" tz="0.355327"/>
    <Box sX="0.299663" sY="0.033851" sZ="0.894419" angle="88.41565" ax="-0.870601" ay="0.444115" az="0.211696" tx="7.49919" ty="0.938528" tz="0.067016"/>
    <Box sX="0.345409" sY="0.019314" sZ="0.440407" angle="79.29899" ax="-0.744775" ay="0.603143" az="0.285532" tx="7.76892" ty="0.430079" tz="-0.326403"/>
    <Box sX="0.400553" sY="0.033851" sZ="0.543906" angle="90.0904" ax="-0.834702" ay="0.450058" az="0.317364" tx="8.10804" ty="1.36526" tz="-0.192372"/>
    <Box sX="0.345409" sY="0.033851" sZ="0.469001" angle="85.34097" ax="-0.566501" ay="0.770553" az="0.292102" tx="8.10779" ty="0.417982" tz="-0.819134"/>
    <Box sX="0.477932" sY="0.033851" sZ="0.670856" angle="93.35261" ax="-0.753543" ay="0.548249" az="0.362761" tx="8.66962" ty="1.38519" tz="-0.786087"/>
    <Box sX="0.113046" sY="0.095" sZ="0.819809" angle="15.62411" ax="0.486822" ay="0.872555" az="-0.040645" tx="-0.709919" ty="1.52417" tz="-0.205324"/>
    <Box sX="0.05303" sY="0.269684" sZ="0.150278" angle="0" ax="0" ay="1" az="0" tx="3.7061" ty="1.72032" tz="-3.04089"/>
    <Box sX="0.05303" sY="0.269684" sZ="0.150278" angle="0" ax="0" ay="1" az="0" tx="4.31303" ty="1.72032" tz="-3.04089"/>
    <Box sX="0.299663" sY="0.033851" sZ="0.826782" angle="85.57864" ax="0.95874" ay="-0.27185" az="0.083156" tx="6.98887" ty="0.880879" tz="-2.75533"/>
    <Box sX="0.299663" sY="0.033851" sZ="0.894419" angle="88.41565" ax="0.870601" ay="-0.444115" az="0.211696" tx="7.49919" ty="0.938528" tz="-2.46702"/>
    <Box sX="0.345409" sY="0.019314" sZ="0.440407" angle="79.29899" ax="0.744775" ay="-0.603143" az="0.285532" tx="7.76892" ty="0.430079" tz="-2.0736"/>
    <Box sX="0.400553" sY="0.033851" sZ="0.543906" angle="90.0904" ax="0.834702" ay="-0.450058" az="0.317364" tx="8.10804" ty="1.36526" tz="-2.20763"/>
    <Box sX="0.345409" sY="0.033851" sZ="0.469001" angle="85.34097" ax="0.566501" ay="-0.770553" az="0.292102" tx="8.10779" ty="0.417982" tz="-1.58087"/>
    <Box sX="0.477932" sY="0.033851" sZ="0.6683" angle="93.35261" ax="0.753543" ay="-0.548249" az="0.362761" tx="8.66896" ty="1.38273" tz="-1.61371"/>
    <Box sX="0.577448" sY="0.157758" sZ="0.053719" angle="77.44205" ax="0" ay="0" az="1" tx="9.15345" ty="1.50226" tz="-1.2"/>
    <Box sX="0.612255" sY="0.123284" sZ="0.053719" angle="45.77932" ax="0" ay="0" az="1" tx="8.61521" ty="0.547684" tz="-1.2"/>
    <Box sX="0.113046" sY="0.095" sZ="0.820103" angle="15.62411" ax="-0.486822" ay="-0.872555" az="-0.040645" tx="-0.709987" ty="1.52421" tz="-2.19439"/>
    <Box sX="3.24225" sY="0.31" sZ="1.7139" angle="0" ax="0" ay="1" az="0" tx="2.75225" ty="0.32" tz="-1.2"/>
    <Box sX="0.792749" sY="0.31" sZ="0.79" angle="0" ax="0" ay="1" az="0" tx="6.80725" ty="0.32" tz="-1.2"/>
    <Box sX="0.725545" sY="0.063021" sZ="1.1198" angle="0" ax="0" ay="1" az="0" tx="6.74005" ty="0.073021" tz="-1.2"/>
    <Box sX="0.252865" sY="0.15" sZ="0.39" angle="0" ax="0" ay="1" az="0" tx="9.17713" ty="2.08" tz="-1.2"/>
    <Box sX="0.11" sY="0.15" sZ="0.244082" angle="0" ax="0" ay="1" az="0" tx="9.88" ty="2.08" tz="-1.2"/>
    <Box sX="0.169982" sY="0.15" sZ="0.11" angle="0" ax="0" ay="1" az="0" tx="9.61998" ty="2.08" tz="-1.48"/>
    <Box sX="0.169982" sY="0.15" sZ="0.11" angle="0" ax="0" ay="1" az="0" tx="9.61998" ty="2.08" tz="-0.92"/>
    <Box sX="0.049468" sY="0.863501" sZ="1.7139" angle="6.74247" ax="0" ay="0" az="1" tx="-0.480807" ty="0.881854" tz="-1.2"/>
    <Box sX="0.615823" sY="0.060719" sZ="1.39066" angle="0" ax="0" ay="1" az="0" tx="6.63033" ty="0.070719" tz="-1.19889"/>
    <Box sX="3.02561" sY="0.095" sZ="0.095" angle="45" ax="1" ay="0" az="0" tx="2.4822" ty="1.44" tz="0.647063"/>
    <Box sX="2.78524" sY="0.03087" sZ="0.737495" angle="85.91627" ax="-1" ay="0" az="0" tx="2.29524" ty="0.748508" tz="0.536363"/>
    <Box sX="1.02818" sY="0.034283" sZ="0.753068" angle="81.95463" ax="-0.996707" ay="-0.022252" az="0.077976" tx="5.85502" ty="0.877779" tz="0.494838"/>
    <Box sX="3.02561" sY="0.095" sZ="0.095" angle="45" ax="-1" ay="0" az="0" tx="2.4822" ty="1.44" tz="-3.04706"/>
    <Box sX="2.78524" sY="0.03087" sZ="0.737495" angle="85.91627" ax="1" ay="0" az="0" tx="2.29524" ty="0.748508" tz="-2.93636"/>
    <Box sX="1.02818" sY="0.033046" sZ="0.753068" angle="81.95463" ax="0.996707" ay="0.022252" az="0.077976" tx="5.85509" ty="0.877605" tz="-2.89606"/>
    <Box sX="0.04" sY="0.31" sZ="1.03" angle="0" ax="0" ay="1" az="0" tx="6.41" ty="0.32" tz="-1.2"/>
  </Collision>
  <Connectivity>
    <Custom2DField type="23" width="2" height="2" angle="0" ax="0" ay="1" az="0" tx="9.2" ty="2.24" tz="-1.6">
      29:0,29:0,29:0,
      29:0,1:4:36,29:0,
      29:0,29:0,29:0
    </Custom2DField>
    <Custom2DField type="22" width="20" height="8" angle="0" ax="0" ay="1" az="0" tx="-0.4" ty="0" tz="-2.8">
      22:1:1,22:2:1,22:2:1,22:2:1,22:2:1,22:2:1,22:2:1,22:2:1,22:2:1,22:2:1,22:2:1,22:2:1,22:2:1,22:2:1,22:2:1,22:2:1,22:2:1,29:0:1,29:0:1,29:0:1,29:0:1,
      22:2:1,15:4:1,23:4:1,15:4:1,23:4:1,15:4:1,23:4:1,15:4:1,23:4:1,15:4:1,23:4:1,15:4:1,23:4:1,15:4:1,23:4:1,15:4:1,22:2:1,29:0:1,29:0:1,29:0:1,29:0:1,
      22:2:1,23:4:1,7:4:2,23:4:1,7:4:2,23:4:1,7:4:2,23:4:1,7:4:2,23:4:1,7:4:2,23:4:1,7:4:2,23:4:1,7:4:2,23:4:1,22:2:1,22:2:1,22:2:1,22:2:1,22:1:1,
      22:2:1,15:4:1,23:4:1,15:4:1,23:4:1,15:4:1,23:4:1,15:4:1,23:4:1,15:4:1,23:4:1,15:4:1,23:4:1,15:4:1,23:4:1,15:4:1,23:4:1,15:4,23:4:1,15:4,22:2:1,
      22:2:1,23:4:1,7:4:2,23:4:1,7:4:2,23:4:1,7:4:2,23:4:1,7:4:2,23:4:1,7:4:2,23:4:1,7:4:2,23:4:1,7:4:2,23:4:1,7:4:2,23:4:1,7:4:2,23:4:1,22:2:1,
      22:2:1,15:4:1,23:4:1,15:4:1,23:4:1,15:4:1,23:4:1,15:4:1,23:4:1,15:4:1,23:4:1,15:4:1,23:4:1,15:4:1,23:4:1,15:4:1,23:4:1,15:4,23:4:1,15:4,22:2:1,
      22:2:1,23:4:1,7:4:2,23:4:1,7:4:2,23:4:1,7:4:2,23:4:1,7:4:2,23:4:1,7:4:2,23:4:1,7:4:2,23:4:1,7:4:2,23:4:1,22:2:1,22:2:1,22:2:1,22:2:1,22:1:1,
      22:2:1,15:4:1,23:4:1,15:4:1,23:4:1,15:4:1,23:4:1,15:4:1,23:4:1,15:4:1,23:4:1,15:4:1,23:4:1,15:4:1,23:4:1,15:4:1,22:2:1,29:0:1,29:0:1,29:0:1,29:0:1,
      22:1:1,22:2:1,22:2:1,22:2:1,22:2:1,22:2:1,22:2:1,22:2:1,22:2:1,22:2:1,22:2:1,22:2:1,22:2:1,22:2:1,22:2:1,22:2:1,22:2:1,29:0:1,29:0:1,29:0:1,29:0:1
    </Custom2DField>
    <Custom2DField type="23" width="20" height="8" angle="0" ax="0" ay="1" az="0" tx="-0.4" ty="0.64" tz="-2.8">
      29:0:1,23:4:1,29:0:1,23:4:1,29:0:1,23:4:1,29:0:1,23:4:1,29:0:1,23:4:1,29:0:1,23:4:1,29:0:1,23:4:1,29:0:1,23:4:1,29:0:1,29:0:1,29:0:1,29:0:1,29:0:1,
      23:4:1,0:4:1,23:4:1,0:4:1,23:4:1,0:4:1,23:4:1,0:4:1,23:4:1,0:4:1,23:4:1,0:4:1,23:4:1,0:4:1,23:4:1,0:4:1,23:4:1,29:0:1,29:0:1,29:0:1,29:0:1,
      29:0:1,23:4:1,18:4:1,23:4:1,18:4:1,23:4:1,18:4:1,23:4:1,18:4:1,23:4:1,18:4:1,23:4:1,18:4:1,23:4:1,18:4:1,23:4:1,29:0:1,23:4:1,29:0:1,23:4:1,29:0:1,
      23:4:1,0:4:1,23:4:1,0:4:1,23:4:1,0:4:1,23:4:1,0:4:1,23:4:1,0:4:1,23:4:1,0:4:1,23:4:1,0:4:1,23:4:1,0:4:1,23:4:1,0:4:1,23:4:1,0:4:1,23:4:1,
      29:0:1,23:4:1,18:4:1,23:4:1,18:4:1,23:4:1,18:4:1,23:4:1,18:4:1,23:4:1,18:4:1,23:4:1,18:4:1,23:4:1,18:4:1,23:4:1,18:4:1,23:4:1,18:4:1,23:4:1,29:0:1,
      23:4:1,0:4:1,23:4:1,0:4:1,23:4:1,0:4:1,23:4:1,0:4:1,23:4:1,0:4:1,23:4:1,0:4:1,23:4:1,0:4:1,23:4:1,0:4:1,23:4:1,0:4:1,23:4:1,0:4:1,23:4:1,
      29:0:1,23:4:1,18:4:1,23:4:1,18:4:1,23:4:1,18:4:1,23:4:1,18:4:1,23:4:1,18:4:1,23:4:1,18:4:1,23:4:1,18:4:1,23:4:1,29:0:1,23:4:1,29:0:1,23:4:1,29:0:1,
      23:4:1,0:4:1,23:4:1,0:4:1,23:4:1,0:4:1,23:4:1,0:4:1,23:4:1,0:4:1,23:4:1,0:4:1,23:4:1,0:4:1,23:4:1,0:4:1,23:4:1,29:0:1,29:0:1,29:0:1,29:0:1,
      29:0:1,23:4:1,29:0:1,23:4:1,29:0:1,23:4:1,29:0:1,23:4:1,29:0:1,23:4:1,29:0:1,23:4:1,29:0:1,23:4:1,29:0:1,23:4:1,29:0:1,29:0:1,29:0:1,29:0:1,29:0:1
    </Custom2DField>
    <Axel type="6" length="0.498" grabbing="0" startCapped="0" endCapped="0" angle="90" ax="0" ay="1" az="0" tx="9.6" ty="1.92" tz="-1.2"/>
    <Axel type="6" length="0.49" grabbing="0" startCapped="0" endCapped="0" angle="180" ax="-0.707107" ay="0" az="-0.707107" tx="6.41" ty="0.64" tz="0"/>
    <Axel type="6" length="0.49" grabbing="0" startCapped="0" endCapped="0" angle="180" ax="-0.707107" ay="0" az="-0.707107" tx="6.41" ty="0.64" tz="-2.4"/>
    <Axel type="6" length="0.319978" grabbing="0" startCapped="0" endCapped="0" angle="0" ax="0" ay="0" az="1" tx="-0.809563" ty="1.47889" tz="-1.2"/>
  </Connectivity>
  <PhysicsAttributes inertiaTensor="1.8227,0,0,0,11.49357,0,0,0,10.64775" centerOfMass="4.47932,1.2075,-1.2" mass="1" frictionType="0"/>
  <Bounding>
    <AABB minX="-1.04136" minY="-0.003003" minZ="-3.2007" maxX="10" maxY="2.418" maxZ="0.800697"/>
  </Bounding>
  <GeometryBounding>
    <AABB minX="-1.04136" minY="0" minZ="-3.2007" maxX="10" maxY="2.418" maxZ="0.800697"/>
  </GeometryBounding>
</LEGOPrimitive>
