<?xml version="1.0" encoding="UTF-8" standalone="no" ?>
<LEGOPrimitive versionMajor="1" versionMinor="0">
  <Annotations>
    <Annotation platformid="200"/>
    <Annotation platformname="SYSTEM"/>
    <Annotation maingroupid="225"/>
    <Annotation maingroupname="FRAMES, WINDOWS, WALLS AND DOORS"/>
    <Annotation designname="GATE 3X6"/>
    <Annotation aliases="2554"/>
  </Annotations>
  <Collision>
    <Box sX="0.856579" sY="1.65005" sZ="0.09" angle="0" ax="0" ay="1" az="0" tx="1.06658" ty="0.910048" tz="0.518079"/>
    <Box sX="0.281514" sY="0.972435" sZ="0.09" angle="0" ax="0" ay="1" az="0" tx="1.66849" ty="3.55253" tz="0.518079"/>
    <Box sX="0.114299" sY="0.295048" sZ="0.063461" angle="0" ax="0" ay="1" az="0" tx="0.072211" ty="2.26505" tz="0.520834"/>
    <Box sX="0.114299" sY="0.79" sZ="0.063461" angle="0" ax="0" ay="1" az="0" tx="0.072211" ty="0.96" tz="0.520834"/>
    <Box sX="0.114299" sY="0.3325" sZ="0.063461" angle="0" ax="0" ay="1" az="0" tx="0.072211" ty="-0.4075" tz="0.520834"/>
    <Box sX="0.281514" sY="0.950868" sZ="0.09" angle="90" ax="0" ay="0" az="1" tx="0.999133" ty="2.87827" tz="0.518079"/>
    <Box sX="0.281514" sY="0.803961" sZ="0.09" angle="45" ax="0" ay="0" az="1" tx="1.14512" ty="3.40561" tz="0.518079"/>
    <Box sX="0.281514" sY="0.785596" sZ="0.09" angle="22.49999" ax="0" ay="0" az="1" tx="1.37643" ty="3.60085" tz="0.518079"/>
    <Box sX="0.281514" sY="0.813223" sZ="0.09" angle="67.5" ax="0" ay="0" az="1" tx="0.965025" ty="3.15417" tz="0.518079"/>
  </Collision>
  <Connectivity>
    <Custom2DField type="23" width="2" height="2" angle="90" ax="-1" ay="0" az="0" tx="1.2" ty="1.46" tz="0.418079">
      29:0,29:0,29:0,
      29:0,1:4:33,29:0,
      29:0,29:0,29:0
    </Custom2DField>
    <Custom2DField type="23" width="2" height="2" angle="90" ax="1" ay="0" az="0" tx="1.2" ty="2.26" tz="0.618079">
      29:0,29:0,29:0,
      29:0,1:4:33,29:0,
      29:0,29:0,29:0
    </Custom2DField>
    <Hinge type="77" oriented="0" angle="180" ax="0" ay="0" az="-1" tx="0" ty="0.96" tz="0.518079"/>
  </Connectivity>
  <PhysicsAttributes inertiaTensor="2.45576,0,0,0,0.379395,0,0,0,2.78363" centerOfMass="0.93,1.95,0.518079" mass="1" frictionType="0"/>
  <Bounding>
    <AABB minX="-0.100001" minY="-0.75" minZ="0.240079" maxX="1.96" maxY="4.65" maxZ="0.796079"/>
  </Bounding>
  <GeometryBounding>
    <AABB minX="-0.100001" minY="-0.75" minZ="0.240079" maxX="1.96" maxY="4.65" maxZ="0.796079"/>
  </GeometryBounding>
</LEGOPrimitive>
