<?xml version="1.0" encoding="UTF-8" standalone="no" ?>
<LEGOPrimitive versionMajor="1" versionMinor="0">
  <Annotations>
    <Annotation platformid="200"/>
    <Annotation platformname="SYSTEM"/>
    <Annotation maingroupid="216"/>
    <Annotation maingroupname="PLATES, SPECIAL"/>
    <Annotation designname="PLATE 1X1 W. UP RIGHT HOLDER"/>
    <Annotation aliases="2555;93794"/>
  </Annotations>
  <Collision>
    <Box sX="0.39" sY="0.39" sZ="0.15" angle="180" ax="0" ay="0.707107" az="-0.707107" tx="0" ty="0.16" tz="0"/>
    <Box sX="0.0641" sY="0.15" sZ="0.190284" angle="173.651" ax="-0.055462" ay="0.706018" az="-0.706018" tx="0.257573" ty="0.506486" tz="0"/>
    <Box sX="0.19755" sY="0.15" sZ="0.025" angle="180" ax="0" ay="0.707107" az="-0.707107" tx="0.000159" ty="0.355" tz="0"/>
    <Box sX="0.064032" sY="0.15" sZ="0.190281" angle="173.67647" ax="-0.05524" ay="-0.706027" az="0.706027" tx="-0.257317" ty="0.505139" tz="0"/>
  </Collision>
  <Connectivity>
    <Custom2DField type="22" width="2" height="2" angle="0" ax="0" ay="1" az="0" tx="-0.4" ty="0" tz="-0.4">
      22:1:1,22:2:1,22:1:1,
      22:2:1,15:4:1,22:2:1,
      22:1:1,22:2:1,22:1:1
    </Custom2DField>
    <Axel type="6" length="0.32" grabbing="1" startCapped="0" endCapped="0" angle="120" ax="-0.57735" ay="0.57735" az="-0.57735" tx="0" ty="0.568" tz="0.16"/>
  </Connectivity>
  <PhysicsAttributes inertiaTensor="0.09872,0,0,0,0.106667,0,0,0,0.09872" centerOfMass="0,0.369,0" mass="1" frictionType="0"/>
  <Bounding>
    <AABB minX="-0.4" minY="0" minZ="-0.4" maxX="0.4" maxY="0.738" maxZ="0.4"/>
  </Bounding>
  <GeometryBounding>
    <AABB minX="-0.4" minY="0" minZ="-0.4" maxX="0.4" maxY="0.738" maxZ="0.4"/>
  </GeometryBounding>
</LEGOPrimitive>
