<?xml version="1.0" encoding="UTF-8" standalone="no" ?>
<LEGOPrimitive versionMajor="1" versionMinor="0">
  <Annotations>
    <Annotation platformid="200"/>
    <Annotation platformname="SYSTEM"/>
    <Annotation maingroupid="273"/>
    <Annotation maingroupname="TRANSPORTATION MEANS, SHIPS"/>
    <Annotation designname="MIDDLE SECTION SHIP 8X16"/>
    <Annotation aliases="2560"/>
  </Annotations>
  <Collision>
    <Box sX="1.465" sY="0.045" sZ="4.84" angle="0" ax="0" ay="1" az="0" tx="1.075" ty="1.225" tz="-4.35"/>
    <Box sX="1.465" sY="0.045" sZ="4.84" angle="0" ax="0" ay="1" az="0" tx="4.525" ty="1.225" tz="-4.35"/>
    <Box sX="0.065" sY="0.575" sZ="0.39" angle="0" ax="0" ay="1" az="0" tx="5.925" ty="0.585" tz="0"/>
    <Box sX="0.865" sY="0.575" sZ="0.065" angle="0" ax="0" ay="1" az="0" tx="0.475" ty="0.585" tz="-0.325"/>
    <Box sX="0.94" sY="0.575" sZ="0.065" angle="0" ax="0" ay="1" az="0" tx="2.8" ty="0.585" tz="-0.325"/>
    <Box sX="0.865" sY="0.575" sZ="0.065" angle="0" ax="0" ay="1" az="0" tx="5.125" ty="0.585" tz="-0.325"/>
    <Box sX="0.065" sY="0.575" sZ="2.39" angle="0" ax="0" ay="1" az="0" tx="5.925" ty="0.585" tz="-4.4"/>
    <Box sX="0.065" sY="0.575" sZ="0.945" angle="0" ax="0" ay="1" az="0" tx="4.325" ty="0.585" tz="-1.2"/>
    <Box sX="0.865" sY="0.575" sZ="0.065" angle="0" ax="0" ay="1" az="0" tx="5.125" ty="0.585" tz="-2.075"/>
    <Box sX="1.04" sY="0.575" sZ="0.045" angle="0" ax="0" ay="1" az="0" tx="4.8" ty="0.585" tz="-4.4"/>
    <Box sX="0.865" sY="0.575" sZ="0.065" angle="0" ax="0" ay="1" az="0" tx="5.125" ty="0.585" tz="-6.725"/>
    <Box sX="0.865" sY="0.575" sZ="0.065" angle="180" ax="0" ay="1" az="0" tx="0.475" ty="0.585" tz="-2.075"/>
    <Box sX="1.04" sY="0.575" sZ="0.045" angle="180" ax="0" ay="1" az="0" tx="0.8" ty="0.585" tz="-4.4"/>
    <Box sX="0.865" sY="0.575" sZ="0.065" angle="180" ax="0" ay="1" az="0" tx="0.475" ty="0.585" tz="-6.725"/>
    <Box sX="0.065" sY="0.575" sZ="4.1425" angle="0" ax="0" ay="1" az="0" tx="3.675" ty="0.585" tz="-4.3975"/>
    <Box sX="0.065" sY="0.575" sZ="4.1425" angle="0" ax="0" ay="1" az="0" tx="1.925" ty="0.585" tz="-4.3975"/>
    <Box sX="0.94" sY="0.575" sZ="0.065" angle="0" ax="0" ay="1" az="0" tx="2.8" ty="0.585" tz="-8.475"/>
    <Box sX="0.047519" sY="0.575" sZ="0.265" angle="0" ax="0" ay="1" az="0" tx="2.79748" ty="0.585" tz="-8.825"/>
    <Box sX="0.047519" sY="0.575" sZ="0.265" angle="0" ax="0" ay="1" az="0" tx="2.79748" ty="0.585" tz="0.03"/>
    <Box sX="0.065" sY="0.575" sZ="0.39" angle="0" ax="0" ay="1" az="0" tx="5.925" ty="0.585" tz="-8.8"/>
    <Box sX="0.865" sY="0.575" sZ="0.065" angle="0" ax="0" ay="1" az="0" tx="5.125" ty="0.585" tz="-8.475"/>
    <Box sX="0.065" sY="0.575" sZ="0.945" angle="0" ax="0" ay="1" az="0" tx="4.325" ty="0.585" tz="-7.6"/>
    <Box sX="0.065" sY="0.575" sZ="2.39" angle="180" ax="0" ay="1" az="0" tx="-0.325" ty="0.585" tz="-4.4"/>
    <Box sX="0.065" sY="0.575" sZ="0.39" angle="180" ax="0" ay="1" az="0" tx="-0.325" ty="0.585" tz="-8.8"/>
    <Box sX="0.865" sY="0.575" sZ="0.065" angle="180" ax="0" ay="1" az="0" tx="0.475" ty="0.585" tz="-8.475"/>
    <Box sX="0.065" sY="0.575" sZ="0.945" angle="180" ax="0" ay="1" az="0" tx="1.275" ty="0.585" tz="-1.2"/>
    <Box sX="0.065" sY="0.575" sZ="0.945" angle="180" ax="0" ay="1" az="0" tx="1.275" ty="0.585" tz="-7.6"/>
    <Box sX="0.065" sY="0.575" sZ="0.39" angle="180" ax="0" ay="1" az="0" tx="-0.325" ty="0.585" tz="0"/>
    <Box sX="0.24" sY="0.045" sZ="0.665" angle="0" ax="0" ay="1" az="0" tx="2.8" ty="1.225" tz="-8.525"/>
    <Box sX="0.24" sY="0.045" sZ="0.665502" angle="0" ax="0" ay="1" az="0" tx="2.8" ty="1.225" tz="-0.273494"/>
    <Box sX="0.065" sY="0.095" sZ="3.99" angle="180" ax="0" ay="1" az="0" tx="-0.325" ty="1.065" tz="-4.4"/>
    <Box sX="0.065" sY="0.095" sZ="3.99" angle="180" ax="0" ay="1" az="0" tx="5.925" ty="1.065" tz="-4.4"/>
    <Box sX="3.19" sY="0.47" sZ="0.670663" angle="0" ax="0" ay="1" az="0" tx="2.8" ty="1.76" tz="1.08066"/>
    <Box sX="0.423375" sY="3.19" sZ="0.867623" angle="98.993" ax="-0.367672" ay="-0.367672" az="-0.854186" tx="2.8" ty="0.940468" tz="0.689716"/>
    <Box sX="0.065" sY="3.15958" sZ="0.467529" angle="112.00054" ax="-0.522038" ay="0.522038" az="0.674502" tx="2.82564" ty="1.76484" tz="1.80768"/>
    <Box sX="0.423375" sY="3.19" sZ="0.867623" angle="98.993" ax="0.367672" ay="0.367672" az="-0.854186" tx="2.8" ty="0.940468" tz="-9.48972"/>
    <Box sX="3.19" sY="0.47" sZ="0.670663" angle="0" ax="0" ay="1" az="0" tx="2.8" ty="1.76" tz="-9.88066"/>
    <Box sX="0.065" sY="3.15958" sZ="0.467529" angle="112.00054" ax="0.522038" ay="-0.522038" az="0.674502" tx="2.82564" ty="1.76484" tz="-10.60768"/>
    <Box sX="0.79" sY="0.1345" sZ="0.150001" angle="90" ax="1" ay="0" az="0" tx="2.8" ty="1.12" tz="-5.6"/>
    <Box sX="0.79" sY="0.1345" sZ="0.15" angle="90" ax="1" ay="0" az="0" tx="2.8" ty="1.12" tz="-4.8"/>
    <Box sX="0.79" sY="0.1345" sZ="0.15" angle="90" ax="1" ay="0" az="0" tx="2.8" ty="1.12" tz="-4"/>
    <Box sX="0.79" sY="0.1345" sZ="0.15" angle="90" ax="1" ay="0" az="0" tx="2.8" ty="1.12" tz="-3.2"/>
    <Box sX="0.79" sY="0.1345" sZ="0.15" angle="90" ax="1" ay="0" az="0" tx="2.8" ty="1.12" tz="-2.4"/>
    <Box sX="0.79" sY="0.1345" sZ="0.15" angle="90" ax="1" ay="0" az="0" tx="2.8" ty="1.12" tz="-1.6"/>
    <Box sX="0.79" sY="0.133495" sZ="0.150001" angle="90" ax="1" ay="0" az="0" tx="2.8" ty="1.12" tz="-6.3935"/>
    <Box sX="0.79" sY="0.133998" sZ="0.150001" angle="90" ax="1" ay="0" az="0" tx="2.8" ty="1.12" tz="-7.194"/>
  </Collision>
  <Connectivity>
    <Custom2DField type="23" width="16" height="24" angle="0" ax="0" ay="1" az="0" tx="-0.4" ty="1.28" tz="-9.2">
      29:0:1,23:4:1,29:0:1,23:4:1,29:0:1,23:4:1,29:0:1,23:4:1,29:0:1,23:4:1,29:0:1,23:4:1,29:0:1,23:4:1,29:0:1,23:4:1,29:0:1,
      23:4:1,1:4:1,23:4:1,1:4:1,23:4:1,1:4:1,23:4:1,1:4,23:4:1,1:4,23:4:1,1:4:1,23:4:1,1:4:1,23:4:1,1:4:1,23:4:1,
      18:2:1,23:4:1,18:4:1,23:4:1,18:4:1,23:4:1,18:4:1,23:4:1,18:4,23:4:1,18:4:1,23:4:1,18:4:1,23:4:1,18:4:1,23:4:1,18:2:1,
      23:4:1,1:4:1,23:4:1,1:4:1,23:4:1,1:4:1,23:4:1,1:4,23:4:1,1:4,23:4:1,1:4:1,23:4:1,1:4:1,23:4:1,1:4:1,23:4:1,
      18:2:1,23:4:1,18:4:1,23:4:1,18:4:1,23:4:1,18:4:1,23:4:1,18:4,23:4:1,18:4:1,23:4:1,18:4:1,23:4:1,18:4:1,23:4:1,18:2:1,
      23:4:1,1:4:1,23:4:1,1:4:1,23:4:1,1:4:1,23:4:1,1:4,23:4:1,1:4,23:4:1,1:4:1,23:4:1,1:4:1,23:4:1,1:4:1,23:4:1,
      18:2:1,23:4:1,18:4:1,23:4:1,18:4:1,23:4:1,18:4:1,23:4:1,18:4,23:4:1,18:4:1,23:4:1,18:4:1,23:4:1,18:4:1,23:4:1,18:2:1,
      23:4:1,1:4:1,23:4:1,1:4:1,23:4:1,1:4:1,23:4:1,1:4,23:4:1,1:4,23:4:1,1:4:1,23:4:1,1:4:1,23:4:1,1:4:1,23:4:1,
      18:2:1,23:4:1,18:4:1,23:4:1,18:4:1,23:4:1,18:4:1,23:4:1,18:4,23:4:1,18:4:1,23:4:1,18:4:1,23:4:1,18:4:1,23:4:1,18:2:1,
      23:4:1,1:4:1,23:4:1,1:4:1,23:4:1,1:4:1,23:4:1,1:4,23:4:1,1:4,23:4:1,1:4:1,23:4:1,1:4:1,23:4:1,1:4:1,23:4:1,
      18:2:1,23:4:1,18:4:1,23:4:1,18:4:1,23:4:1,18:4:1,23:4:1,18:4,23:4:1,18:4:1,23:4:1,18:4:1,23:4:1,18:4:1,23:4:1,18:2:1,
      23:4:1,1:4:1,23:4:1,1:4:1,23:4:1,1:4:1,23:4:1,1:4,23:4:1,1:4,23:4:1,1:4:1,23:4:1,1:4:1,23:4:1,1:4:1,23:4:1,
      18:2:1,23:4:1,18:4:1,23:4:1,18:4:1,23:4:1,18:4:1,23:4:1,18:4,23:4:1,18:4:1,23:4:1,18:4:1,23:4:1,18:4:1,23:4:1,18:2:1,
      23:4:1,1:4:1,23:4:1,1:4:1,23:4:1,1:4:1,23:4:1,1:4,23:4:1,1:4,23:4:1,1:4:1,23:4:1,1:4:1,23:4:1,1:4:1,23:4:1,
      18:2:1,23:4:1,18:4:1,23:4:1,18:4:1,23:4:1,18:4:1,23:4:1,18:4,23:4:1,18:4:1,23:4:1,18:4:1,23:4:1,18:4:1,23:4:1,18:2:1,
      23:4:1,1:4:1,23:4:1,1:4:1,23:4:1,1:4:1,23:4:1,1:4,23:4:1,1:4,23:4:1,1:4:1,23:4:1,1:4:1,23:4:1,1:4:1,23:4:1,
      18:2:1,23:4:1,18:4:1,23:4:1,18:4:1,23:4:1,18:4:1,23:4:1,18:4,23:4:1,18:4:1,23:4:1,18:4:1,23:4:1,18:4:1,23:4:1,18:2:1,
      23:4:1,1:4:1,23:4:1,1:4:1,23:4:1,1:4:1,23:4:1,1:4,23:4:1,1:4,23:4:1,1:4:1,23:4:1,1:4:1,23:4:1,1:4:1,23:4:1,
      18:2:1,23:4:1,18:4:1,23:4:1,18:4:1,23:4:1,18:4:1,23:4:1,18:4,23:4:1,18:4:1,23:4:1,18:4:1,23:4:1,18:4:1,23:4:1,18:2:1,
      23:4:1,1:4:1,23:4:1,1:4:1,23:4:1,1:4:1,23:4:1,1:4,23:4:1,1:4,23:4:1,1:4:1,23:4:1,1:4:1,23:4:1,1:4:1,23:4:1,
      18:2:1,23:4:1,18:4:1,23:4:1,18:4:1,23:4:1,18:4:1,23:4:1,18:4,23:4:1,18:4:1,23:4:1,18:4:1,23:4:1,18:4:1,23:4:1,18:2:1,
      23:4:1,1:4:1,23:4:1,1:4:1,23:4:1,1:4:1,23:4:1,1:4,23:4:1,1:4,23:4:1,1:4:1,23:4:1,1:4:1,23:4:1,1:4:1,23:4:1,
      18:2:1,23:4:1,18:4:1,23:4:1,18:4:1,23:4:1,18:4:1,23:4:1,18:4,23:4:1,18:4:1,23:4:1,18:4:1,23:4:1,18:4:1,23:4:1,18:2:1,
      23:4:1,1:4:1,23:4:1,1:4:1,23:4:1,1:4:1,23:4:1,1:4,23:4:1,1:4,23:4:1,1:4:1,23:4:1,1:4:1,23:4:1,1:4:1,23:4:1,
      29:0:1,23:4:1,29:0:1,23:4:1,29:0:1,23:4:1,29:0:1,23:4:1,29:0:1,23:4:1,29:0:1,23:4:1,29:0:1,23:4:1,29:0:1,23:4:1,29:0:1
    </Custom2DField>
    <Custom2DField type="23" width="16" height="32" angle="0" ax="0" ay="1" az="0" tx="-0.4" ty="2.24" tz="-10.8">
      18:1:1,23:4:1,18:2:1,23:4:1,18:2:1,23:4:1,18:2:1,23:4:1,18:2:1,23:4:1,18:2:1,23:4:1,18:2:1,23:4:1,18:2:1,23:4:1,18:1:1,
      23:4:1,1:4:1,23:4:1,1:4:1,23:4:1,1:4:1,23:4:1,1:4:1,23:4:1,1:4:1,23:4:1,1:4:1,23:4:1,1:4:1,23:4:1,1:4:1,23:4:1,
      18:2:1,23:4:1,18:4:1,23:4:1,18:4:1,23:4:1,18:4:1,23:4:1,18:4:1,23:4:1,18:4:1,23:4:1,18:4:1,23:4:1,18:4:1,23:4:1,18:2:1,
      23:4:1,1:4:1,23:4:1,1:4:1,23:4:1,1:4:1,23:4:1,1:4:1,23:4:1,1:4:1,23:4:1,1:4:1,23:4:1,1:4:1,23:4:1,1:4:1,23:4:1,
      18:1:1,23:4:1,18:2:1,23:4:1,18:2:1,23:4:1,18:2:1,23:4:1,18:2:1,23:4:1,18:2:1,23:4:1,18:2:1,23:4:1,18:2:1,23:4:1,18:1:1,
      29:0:1,29:0:1,29:0:1,29:0:1,29:0:1,29:0:1,29:0:1,29:0:1,29:0:1,29:0:1,29:0:1,29:0:1,29:0:1,29:0:1,29:0:1,29:0:1,29:0:1,
      29:0:1,29:0:1,29:0:1,29:0:1,29:0:1,29:0:1,29:0:1,29:0:1,29:0:1,29:0:1,29:0:1,29:0:1,29:0:1,29:0:1,29:0:1,29:0:1,29:0:1,
      29:0:1,29:0:1,29:0:1,29:0:1,29:0:1,29:0:1,29:0:1,29:0:1,29:0:1,29:0:1,29:0:1,29:0:1,29:0:1,29:0:1,29:0:1,29:0:1,29:0:1,
      29:0:1,29:0:1,29:0:1,29:0:1,29:0:1,29:0:1,29:0:1,29:0:1,29:0:1,29:0:1,29:0:1,29:0:1,29:0:1,29:0:1,29:0:1,29:0:1,29:0:1,
      29:0:1,29:0:1,29:0:1,29:0:1,29:0:1,29:0:1,29:0:1,29:0:1,29:0:1,29:0:1,29:0:1,29:0:1,29:0:1,29:0:1,29:0:1,29:0:1,29:0:1,
      29:0:1,29:0:1,29:0:1,29:0:1,29:0:1,29:0:1,29:0:1,29:0:1,29:0:1,29:0:1,29:0:1,29:0:1,29:0:1,29:0:1,29:0:1,29:0:1,29:0:1,
      29:0:1,29:0:1,29:0:1,29:0:1,29:0:1,29:0:1,29:0:1,29:0:1,29:0:1,29:0:1,29:0:1,29:0:1,29:0:1,29:0:1,29:0:1,29:0:1,29:0:1,
      29:0:1,29:0:1,29:0:1,29:0:1,29:0:1,29:0:1,29:0:1,29:0:1,29:0:1,29:0:1,29:0:1,29:0:1,29:0:1,29:0:1,29:0:1,29:0:1,29:0:1,
      29:0:1,29:0:1,29:0:1,29:0:1,29:0:1,29:0:1,29:0:1,29:0:1,29:0:1,29:0:1,29:0:1,29:0:1,29:0:1,29:0:1,29:0:1,29:0:1,29:0:1,
      29:0:1,29:0:1,29:0:1,29:0:1,29:0:1,29:0:1,29:0:1,29:0:1,29:0:1,29:0:1,29:0:1,29:0:1,29:0:1,29:0:1,29:0:1,29:0:1,29:0:1,
      29:0:1,29:0:1,29:0:1,29:0:1,29:0:1,29:0:1,29:0:1,29:0:1,29:0:1,29:0:1,29:0:1,29:0:1,29:0:1,29:0:1,29:0:1,29:0:1,29:0:1,
      29:0:1,29:0:1,29:0:1,29:0:1,29:0:1,29:0:1,29:0:1,29:0:1,29:0:1,29:0:1,29:0:1,29:0:1,29:0:1,29:0:1,29:0:1,29:0:1,29:0:1,
      29:0:1,29:0:1,29:0:1,29:0:1,29:0:1,29:0:1,29:0:1,29:0:1,29:0:1,29:0:1,29:0:1,29:0:1,29:0:1,29:0:1,29:0:1,29:0:1,29:0:1,
      29:0:1,29:0:1,29:0:1,29:0:1,29:0:1,29:0:1,29:0:1,29:0:1,29:0:1,29:0:1,29:0:1,29:0:1,29:0:1,29:0:1,29:0:1,29:0:1,29:0:1,
      29:0:1,29:0:1,29:0:1,29:0:1,29:0:1,29:0:1,29:0:1,29:0:1,29:0:1,29:0:1,29:0:1,29:0:1,29:0:1,29:0:1,29:0:1,29:0:1,29:0:1,
      29:0:1,29:0:1,29:0:1,29:0:1,29:0:1,29:0:1,29:0:1,29:0:1,29:0:1,29:0:1,29:0:1,29:0:1,29:0:1,29:0:1,29:0:1,29:0:1,29:0:1,
      29:0:1,29:0:1,29:0:1,29:0:1,29:0:1,29:0:1,29:0:1,29:0:1,29:0:1,29:0:1,29:0:1,29:0:1,29:0:1,29:0:1,29:0:1,29:0:1,29:0:1,
      29:0:1,29:0:1,29:0:1,29:0:1,29:0:1,29:0:1,29:0:1,29:0:1,29:0:1,29:0:1,29:0:1,29:0:1,29:0:1,29:0:1,29:0:1,29:0:1,29:0:1,
      29:0:1,29:0:1,29:0:1,29:0:1,29:0:1,29:0:1,29:0:1,29:0:1,29:0:1,29:0:1,29:0:1,29:0:1,29:0:1,29:0:1,29:0:1,29:0:1,29:0:1,
      29:0:1,29:0:1,29:0:1,29:0:1,29:0:1,29:0:1,29:0:1,29:0:1,29:0:1,29:0:1,29:0:1,29:0:1,29:0:1,29:0:1,29:0:1,29:0:1,29:0:1,
      29:0:1,29:0:1,29:0:1,29:0:1,29:0:1,29:0:1,29:0:1,29:0:1,29:0:1,29:0:1,29:0:1,29:0:1,29:0:1,29:0:1,29:0:1,29:0:1,29:0:1,
      29:0:1,29:0:1,29:0:1,29:0:1,29:0:1,29:0:1,29:0:1,29:0:1,29:0:1,29:0:1,29:0:1,29:0:1,29:0:1,29:0:1,29:0:1,29:0:1,29:0:1,
      29:0:1,29:0:1,29:0:1,29:0:1,29:0:1,29:0:1,29:0:1,29:0:1,29:0:1,29:0:1,29:0:1,29:0:1,29:0:1,29:0:1,29:0:1,29:0:1,29:0:1,
      18:1:1,23:4:1,18:2:1,23:4:1,18:2:1,23:4:1,18:2:1,23:4:1,18:2:1,23:4:1,18:2:1,23:4:1,18:2:1,23:4:1,18:2:1,23:4:1,18:1:1,
      23:4:1,1:4:1,23:4:1,1:4:1,23:4:1,1:4:1,23:4:1,1:4:1,23:4:1,1:4:1,23:4:1,1:4:1,23:4:1,1:4:1,23:4:1,1:4:1,23:4:1,
      18:2:1,23:4:1,18:4:1,23:4:1,18:4:1,23:4:1,18:4:1,23:4:1,18:4:1,23:4:1,18:4:1,23:4:1,18:4:1,23:4:1,18:4:1,23:4:1,18:2:1,
      23:4:1,1:4:1,23:4:1,1:4:1,23:4:1,1:4:1,23:4:1,1:4:1,23:4:1,1:4:1,23:4:1,1:4:1,23:4:1,1:4:1,23:4:1,1:4:1,23:4:1,
      18:1:1,23:4:1,18:2:1,23:4:1,18:2:1,23:4:1,18:2:1,23:4:1,18:2:1,23:4:1,18:2:1,23:4:1,18:2:1,23:4:1,18:2:1,23:4:1,18:1:1
    </Custom2DField>
    <Axel type="8" length="0.32" grabbing="0" startCapped="0" endCapped="0" angle="180" ax="0.707107" ay="0" az="-0.707107" tx="2.8" ty="1.28" tz="-6"/>
    <Axel type="8" length="0.32" grabbing="0" startCapped="0" endCapped="0" angle="180" ax="0.707107" ay="0" az="-0.707107" tx="2.8" ty="1.28" tz="-5.2"/>
    <Axel type="8" length="0.32" grabbing="0" startCapped="0" endCapped="0" angle="180" ax="0.707107" ay="0" az="-0.707107" tx="2.8" ty="1.28" tz="-4.4"/>
    <Axel type="8" length="0.32" grabbing="0" startCapped="0" endCapped="0" angle="180" ax="0.707107" ay="0" az="-0.707107" tx="2.8" ty="1.28" tz="-3.6"/>
    <Axel type="8" length="0.32" grabbing="0" startCapped="0" endCapped="0" angle="180" ax="0.707107" ay="0" az="-0.707107" tx="2.8" ty="1.28" tz="-2.8"/>
    <Axel type="8" length="0.32" grabbing="0" startCapped="0" endCapped="0" angle="180" ax="0.707107" ay="0" az="-0.707107" tx="2.8" ty="1.28" tz="-2"/>
    <Axel type="8" length="0.32" grabbing="0" startCapped="0" endCapped="0" angle="180" ax="0.707107" ay="0" az="-0.707107" tx="2.8" ty="1.28" tz="-1.2"/>
    <Axel type="8" length="0.32" grabbing="0" startCapped="0" endCapped="0" angle="180" ax="0.707107" ay="0" az="-0.707107" tx="2.8" ty="1.28" tz="-6.8"/>
    <Axel type="8" length="0.32" grabbing="0" startCapped="0" endCapped="0" angle="180" ax="0.707107" ay="0" az="-0.707107" tx="2.8" ty="1.28" tz="-7.6"/>
    <Custom2DField type="22" width="16" height="20" angle="0" ax="0" ay="1" az="0" tx="-0.4" ty="0.96" tz="-8.4">
      22:1:1,22:2:1,22:2:1,22:2:1,22:2:1,29:0:1,22:1:1,22:2:1,22:2:1,22:2:1,22:1:1,29:0:1,22:2:1,22:2:1,22:2:1,22:2:1,22:1:1,
      22:2:1,15:4:2,23:4:1,15:4:1,22:2:1,29:0:1,22:2:1,15:4:1,23:4:1,15:4:1,22:2:1,29:0:1,22:2:1,15:4:1,23:4:1,15:4:2,22:2:1,
      22:2:1,23:4:1,7:4:2,23:4:1,22:2:1,29:0:1,22:2:1,23:4:1,7:4,23:4:1,22:2:1,29:0:1,22:2:1,23:4:1,7:4:2,23:4:1,22:2:1,
      22:2:1,15:4:2,23:4:1,15:4:1,22:2:1,29:0:1,22:2:1,15:4:1,23:4:1,15:4:1,22:2:1,29:0:1,22:2:1,15:4:1,23:4:1,15:4:2,22:2:1,
      22:1:1,22:2:1,22:2:1,22:2:1,22:2:1,29:0:1,22:2:1,23:4:1,7:4,23:4:1,22:2:1,29:0:1,22:2:1,22:2:1,22:2:1,22:2:1,22:1:1,
      29:0:1,29:0:1,29:0:1,29:0:1,29:0:1,29:0:1,22:2:1,15:4:1,23:4:1,15:4:1,22:2:1,29:0:1,29:0:1,29:0:1,29:0:1,29:0:1,29:0:1,
      29:0:1,29:0:1,29:0:1,29:0:1,29:0:1,29:0:1,22:2:1,23:4:1,7:4,23:4:1,22:2:1,29:0:1,29:0:1,29:0:1,29:0:1,29:0:1,29:0:1,
      29:0:1,29:0:1,29:0:1,29:0:1,29:0:1,29:0:1,22:2:1,15:4:1,23:4:1,15:4:1,22:2:1,29:0:1,29:0:1,29:0:1,29:0:1,29:0:1,29:0:1,
      29:0:1,29:0:1,29:0:1,29:0:1,29:0:1,29:0:1,22:2:1,23:4:1,7:4,23:4:1,22:2:1,29:0:1,29:0:1,29:0:1,29:0:1,29:0:1,29:0:1,
      29:0:1,29:0:1,29:0:1,29:0:1,29:0:1,29:0:1,22:2:1,15:4:1,23:4:1,15:4:1,22:2:1,29:0:1,29:0:1,29:0:1,29:0:1,29:0:1,29:0:1,
      29:0:1,29:0:1,29:0:1,29:0:1,29:0:1,29:0:1,22:2:1,23:4:1,7:4,23:4:1,22:2:1,29:0:1,29:0:1,29:0:1,29:0:1,29:0:1,29:0:1,
      29:0:1,29:0:1,29:0:1,29:0:1,29:0:1,29:0:1,22:2:1,15:4:1,23:4:1,15:4:1,22:2:1,29:0:1,29:0:1,29:0:1,29:0:1,29:0:1,29:0:1,
      29:0:1,29:0:1,29:0:1,29:0:1,29:0:1,29:0:1,22:2:1,23:4:1,7:4,23:4:1,22:2:1,29:0:1,29:0:1,29:0:1,29:0:1,29:0:1,29:0:1,
      29:0:1,29:0:1,29:0:1,29:0:1,29:0:1,29:0:1,22:2:1,15:4:1,23:4:1,15:4:1,22:2:1,29:0:1,29:0:1,29:0:1,29:0:1,29:0:1,29:0:1,
      29:0:1,29:0:1,29:0:1,29:0:1,29:0:1,29:0:1,22:2:1,23:4:1,7:4,23:4:1,22:2:1,29:0:1,29:0:1,29:0:1,29:0:1,29:0:1,29:0:1,
      29:0:1,29:0:1,29:0:1,29:0:1,29:0:1,29:0:1,22:2:1,15:4:1,23:4:1,15:4:1,22:2:1,29:0:1,29:0:1,29:0:1,29:0:1,29:0:1,29:0:1,
      22:1:1,22:2:1,22:2:1,22:2:1,22:2:1,29:0:1,22:2:1,23:4:1,7:4,23:4:1,22:2:1,29:0:1,22:2:1,22:2:1,22:2:1,22:2:1,22:1:1,
      22:2:1,15:4:2,23:4:1,15:4:1,22:2:1,29:0:1,22:2:1,15:4:1,23:4:1,15:4:1,22:2:1,29:0:1,22:2:1,15:4:1,23:4:1,15:4:2,22:2:1,
      22:2:1,23:4:1,7:4:2,23:4:1,22:2:1,29:0:1,22:2:1,23:4:1,7:4,23:4:1,22:2:1,29:0:1,22:2:1,23:4:1,7:4:2,23:4:1,22:2:1,
      22:2:1,15:4:2,23:4:1,15:4:1,22:2:1,29:0:1,22:2:1,15:4:1,23:4:1,15:4:1,22:2:1,29:0:1,22:2:1,15:4:1,23:4:1,15:4:2,22:2:1,
      22:1:1,22:2:1,22:2:1,22:2:1,22:2:1,29:0:1,22:1:1,22:2:1,22:2:1,22:2:1,22:1:1,29:0:1,22:2:1,22:2:1,22:2:1,22:2:1,22:1:1
    </Custom2DField>
    <Hinge type="28" oriented="0" angle="180" ax="0.707107" ay="0" az="-0.707107" tx="2.8" ty="1.12" tz="-6"/>
    <Hinge type="28" oriented="0" angle="180" ax="0.707107" ay="0" az="-0.707107" tx="2.8" ty="1.12" tz="-5.2"/>
    <Hinge type="28" oriented="0" angle="180" ax="0.707107" ay="0" az="-0.707107" tx="2.8" ty="1.12" tz="-4.4"/>
    <Hinge type="28" oriented="0" angle="180" ax="0.707107" ay="0" az="-0.707107" tx="2.8" ty="1.12" tz="-3.6"/>
    <Hinge type="28" oriented="0" angle="180" ax="0.707107" ay="0" az="-0.707107" tx="2.8" ty="1.12" tz="-2.8"/>
    <Hinge type="28" oriented="0" angle="180" ax="0.707107" ay="0" az="-0.707107" tx="2.8" ty="1.12" tz="-2"/>
    <Hinge type="28" oriented="0" angle="180" ax="0.707107" ay="0" az="-0.707107" tx="2.8" ty="1.12" tz="-1.2"/>
    <Hinge type="28" oriented="0" angle="180" ax="0.707107" ay="0" az="-0.707107" tx="2.8" ty="1.12" tz="-6.8"/>
    <Hinge type="28" oriented="0" angle="180" ax="0.707107" ay="0" az="-0.707107" tx="2.8" ty="1.12" tz="-7.6"/>
  </Connectivity>
  <PhysicsAttributes inertiaTensor="14.14056,0,0,0,17.06667,0,0,0,3.90056" centerOfMass="2.8,1.209,-4.4" mass="1" frictionType="0"/>
  <Bounding>
    <AABB minX="-0.4" minY="0" minZ="-10.8" maxX="6" maxY="2.418" maxZ="2"/>
  </Bounding>
  <GeometryBounding>
    <AABB minX="-0.4" minY="0" minZ="-10.8" maxX="6" maxY="2.418" maxZ="2"/>
  </GeometryBounding>
</LEGOPrimitive>
