<?xml version="1.0" encoding="UTF-8" standalone="no" ?>
<LEGOPrimitive versionMajor="1" versionMinor="0">
  <Annotations>
    <Annotation platformid="200"/>
    <Annotation platformname="SYSTEM"/>
    <Annotation maingroupid="247"/>
    <Annotation maingroupname="FIGURE, WEAPONS"/>
    <Annotation designname="MINI FLINTGUN"/>
    <Annotation aliases="2561"/>
  </Annotations>
  <Collision>
    <Box sX="0.095" sY="0.302483" sZ="0.095" angle="0" ax="0" ay="1" az="0" tx="0" ty="0.185312" tz="0"/>
    <Box sX="0.095" sY="1.37647" sZ="0.095" angle="45" ax="0" ay="0" az="-1" tx="0.954895" ty="1.43165" tz="0"/>
    <Box sX="0.089369" sY="0.505778" sZ="0.12342" angle="30.3922" ax="0" ay="0" az="-1" tx="-0.316038" ty="-0.680632" tz="0"/>
    <Box sX="0.078546" sY="0.534771" sZ="0.12342" angle="44.87117" ax="0" ay="0" az="-1" tx="-0.391061" ty="-0.549309" tz="0"/>
    <Box sX="0.100074" sY="0.135824" sZ="0.04738" angle="44.69883" ax="0" ay="0" az="-1" tx="0.371014" ty="0.599636" tz="0.000142"/>
    <Box sX="0.157923" sY="0.140814" sZ="0.148439" angle="44.69883" ax="0" ay="0" az="-1" tx="-0.0164" ty="0.780899" tz="-0.00056"/>
    <Box sX="0.166283" sY="0.155" sZ="0.166283" angle="45" ax="0" ay="0" az="-1" tx="1.83" ty="2.30675" tz="0"/>
  </Collision>
  <Connectivity>
    <Axel type="7" length="0.347617" requireGrabbing="0" startCapped="0" endCapped="0" angle="90" ax="0" ay="1" az="0" tx="0" ty="0" tz="0"/>
    <Axel type="7" length="2.07" requireGrabbing="0" startCapped="0" endCapped="1" angle="98.42106" ax="0.357407" ay="0.862856" az="-0.357407" tx="0.2512" ty="0.726792" tz="0"/>
    <Axel type="7" length="0.972008" requireGrabbing="0" startCapped="0" endCapped="1" angle="98.42106" ax="0.357407" ay="0.862856" az="-0.357407" tx="-0.77771" ty="-0.933309" tz="0"/>
    <Axel type="7" length="1.02048" requireGrabbing="0" startCapped="0" endCapped="0" angle="93.84097" ax="0.250563" ay="0.935113" az="-0.250563" tx="-0.553691" ty="-1.1147" tz="0"/>
  </Connectivity>
  <PhysicsAttributes inertiaTensor="1.25422,0,0,0,0.772246,0,0,0,1.98876" centerOfMass="0.61347,0.667234,0" mass="1" frictionType="0"/>
  <Bounding>
    <AABB minX="-0.889917" minY="-1.25789" minZ="-0.237837" maxX="2.11686" maxY="2.59236" maxZ="0.237837"/>
  </Bounding>
  <GeometryBounding>
    <AABB minX="-0.889917" minY="-1.25789" minZ="-0.237837" maxX="2.11686" maxY="2.59236" maxZ="0.237837"/>
  </GeometryBounding>
</LEGOPrimitive>
