<?xml version="1.0" encoding="UTF-8" standalone="no" ?>
<LEGOPrimitive versionMajor="1" versionMinor="0">
  <Annotations>
    <Annotation platformid="200"/>
    <Annotation platformname="SYSTEM"/>
    <Annotation maingroupid="247"/>
    <Annotation maingroupname="FIGURE, WEAPONS"/>
    <Annotation designname="MINI FLINTLOCK PISTOL"/>
    <Annotation aliases="2562"/>
  </Annotations>
  <Collision>
    <Box sX="0.103625" sY="0.37833" sZ="0.103625" angle="45" ax="0" ay="1" az="0" tx="-0.001124" ty="0.250508" tz="0"/>
    <Box sX="0.103625" sY="0.644697" sZ="0.103625" angle="85.80597" ax="0.342571" ay="0.4457" az="-0.827041" tx="0.642753" ty="0.838649" tz="0"/>
    <Box sX="0.103625" sY="0.04" sZ="0.103625" angle="90.97588" ax="0.983111" ay="0.129408" az="0.129408" tx="0.540338" ty="0.655391" tz="0"/>
    <Box sX="0.096064" sY="0.15" sZ="0.096064" angle="104.67809" ax="0.7718" ay="0.449625" az="0.449625" tx="0.170608" ty="0.876546" tz="0"/>
    <Box sX="0.028636" sY="0.085" sZ="0.140342" angle="93.92941" ax="0.933667" ay="0.253244" az="0.253244" tx="0.060492" ty="0.993487" tz="0.065"/>
  </Collision>
  <Connectivity>
    <Axel type="7" length="0.57948" requireGrabbing="1" startCapped="1" endCapped="1" angle="90" ax="0" ay="1" az="0" tx="0" ty="0" tz="0"/>
    <Axel type="7" length="0.620001" requireGrabbing="1" startCapped="1" endCapped="1" angle="111.75204" ax="0.519988" ay="0.677661" az="-0.519988" tx="0.357938" ty="0.761373" tz="0"/>
  </Connectivity>
  <PhysicsAttributes inertiaTensor="0.20083,0,0,0,0.216726,0,0,0,0.379166" centerOfMass="0.567986,0.500356,0" mass="1" frictionType="0"/>
  <Bounding>
    <AABB minX="-0.201814" minY="-0.237821" minZ="-0.239967" maxX="1.33779" maxY="1.23853" maxZ="0.239966"/>
  </Bounding>
  <GeometryBounding>
    <AABB minX="-0.201814" minY="-0.237821" minZ="-0.239966" maxX="1.33779" maxY="1.23853" maxZ="0.239965"/>
  </GeometryBounding>
</LEGOPrimitive>
