<?xml version="1.0" encoding="UTF-8" standalone="no" ?>
<LEGOPrimitive versionMajor="1" versionMinor="0">
  <Annotations>
    <Annotation platformid="200"/>
    <Annotation platformname="SYSTEM"/>
    <Annotation maingroupid="236"/>
    <Annotation maingroupname="SIGNS AND FLAGS"/>
    <Annotation designname="PALM BASE"/>
    <Annotation aliases="2563"/>
  </Annotations>
  <Collision>
    <Box sX="0.265" sY="0.79" sZ="0.15" angle="180" ax="0" ay="0.707107" az="-0.707107" tx="-0.125" ty="0.16" tz="-0.4"/>
    <Box sX="0.012259" sY="0.254409" sZ="0.63" angle="175.21783" ax="-0.041756" ay="0.70649" az="-0.70649" tx="0.013417" ty="0.955457" tz="-0.4"/>
    <Box sX="0.012258" sY="0.254409" sZ="0.63" angle="143.06015" ax="0.410197" ay="-0.666497" az="0.622511" tx="0.206709" ty="0.955457" tz="-0.06521"/>
    <Box sX="0.012259" sY="0.254409" sZ="0.63" angle="107.62273" ax="0.783278" ay="-0.48207" az="0.392536" tx="0.593291" ty="0.955457" tz="-0.06521"/>
    <Box sX="0.012259" sY="0.254409" sZ="0.63" angle="90.19945" ax="0.996525" ay="-0.058899" az="-0.058899" tx="0.786583" ty="0.955457" tz="-0.4"/>
    <Box sX="0.012259" sY="0.254409" sZ="0.63" angle="101.5798" ax="0.762029" ay="0.408871" az="-0.502132" tx="0.593291" ty="0.955457" tz="-0.73479"/>
    <Box sX="0.012258" sY="0.254409" sZ="0.63" angle="134.20692" ax="0.343903" ay="0.640946" az="-0.686235" tx="0.206709" ty="0.955457" tz="-0.73479"/>
    <Box sX="0.265" sY="0.79" sZ="0.15" angle="180" ax="0" ay="0.707107" az="-0.707107" tx="0.925" ty="0.16" tz="-0.4"/>
    <Box sX="0.79" sY="0.265" sZ="0.15" angle="180" ax="0" ay="0.707107" az="-0.707107" tx="0.4" ty="0.16" tz="-0.925"/>
    <Box sX="0.79" sY="0.265" sZ="0.15" angle="180" ax="0" ay="0.707107" az="-0.707107" tx="0.4" ty="0.16" tz="0.125"/>
  </Collision>
  <Connectivity>
    <Custom2DField type="22" width="4" height="4" angle="0" ax="0" ay="1" az="0" tx="-0.4" ty="0" tz="-1.2">
      22:1:1,22:2:1,22:2:1,22:2:1,22:1:1,
      22:2:1,15:4:1,23:4:1,15:4:1,22:2:1,
      22:2:1,23:4:1,7:4,23:4:1,22:2:1,
      22:2:1,15:4:1,23:4:1,15:4:1,22:2:1,
      22:1:1,22:2:1,22:2:1,22:2:1,22:1:1
    </Custom2DField>
    <Custom2DField type="23" width="2" height="2" angle="0" ax="0" ay="1" az="0" tx="0" ty="0.96" tz="-0.8">
      29:0,29:0,29:0,
      29:0,1:4:36,29:0,
      29:0,29:0,29:0
    </Custom2DField>
    <Axel type="6" length="0.36" grabbing="0" startCapped="0" endCapped="0" angle="90" ax="0" ay="1" az="0" tx="0.4" ty="0.8" tz="-0.4"/>
    <Ball type="8" angle="0" ax="0" ay="0" az="1" tx="0.4" ty="1.49" tz="-0.4"/>
  </Connectivity>
  <PhysicsAttributes inertiaTensor="0.426667,0,0,0,0.426667,0,0,0,0.426667" centerOfMass="0.4,0.8,-0.4" mass="1" frictionType="0"/>
  <Bounding>
    <AABB minX="-0.4" minY="0" minZ="-1.2" maxX="1.2" maxY="1.6" maxZ="0.4"/>
  </Bounding>
  <GeometryBounding>
    <AABB minX="-0.4" minY="0" minZ="-1.2" maxX="1.2" maxY="1.6" maxZ="0.4"/>
  </GeometryBounding>
</LEGOPrimitive>
