<?xml version="1.0" encoding="UTF-8" standalone="no" ?>
<LEGOPrimitive versionMajor="1" versionMinor="0">
  <Annotations>
    <Annotation platformid="200"/>
    <Annotation platformname="SYSTEM"/>
    <Annotation maingroupid="285"/>
    <Annotation maingroupname="CONNECTORS"/>
    <Annotation designname="ASSEMBLY ELEMENT Ø3.2"/>
    <Annotation aliases="2566"/>
  </Annotations>
  <Collision>
    <Box sX="0.095" sY="0.47" sZ="0.095" angle="0" ax="0" ay="1" az="0" tx="0" ty="0.48" tz="0"/>
    <Box sX="0.095" sY="0.490007" sZ="0.095" angle="45" ax="0" ay="1" az="0" tx="0.574584" ty="2.05999" tz="0"/>
    <Box sX="0.095" sY="0.490007" sZ="0.095" angle="45" ax="0" ay="1" az="0" tx="-0.575" ty="2.05999" tz="0"/>
    <Box sX="0.095" sY="0.490007" sZ="0.095" angle="45" ax="0" ay="1" az="0" tx="0" ty="2.05999" tz="0.575"/>
    <Box sX="0.095" sY="0.490007" sZ="0.095" angle="45" ax="0" ay="1" az="0" tx="0" ty="2.05999" tz="-0.575"/>
    <Box sX="0.102941" sY="0.110006" sZ="0.237438" angle="0" ax="0" ay="1" az="0" tx="0" ty="1.59999" tz="-0.407436"/>
    <Box sX="0.237438" sY="0.110006" sZ="0.103038" angle="0" ax="0" ay="1" az="0" tx="0.407436" ty="1.59999" tz="-9.7E-005"/>
    <Box sX="0.237438" sY="0.110006" sZ="0.103038" angle="0" ax="0" ay="1" az="0" tx="-0.407436" ty="1.59999" tz="-9.7E-005"/>
    <Box sX="0.102941" sY="0.110006" sZ="0.237438" angle="0" ax="0" ay="1" az="0" tx="0" ty="1.59999" tz="0.407436"/>
    <Box sX="0.251629" sY="0.37" sZ="0.040816" angle="0" ax="0" ay="1" az="0" tx="0" ty="1.34" tz="-0.210813"/>
    <Box sX="0.040816" sY="0.37" sZ="0.251629" angle="0" ax="0" ay="1" az="0" tx="-0.210814" ty="1.34" tz="0"/>
    <Box sX="0.251629" sY="0.37" sZ="0.040816" angle="0" ax="0" ay="1" az="0" tx="0" ty="1.34" tz="0.210814"/>
    <Box sX="0.040816" sY="0.37" sZ="0.251629" angle="0" ax="0" ay="1" az="0" tx="0.210813" ty="1.34" tz="0"/>
    <Box sX="0.251629" sY="0.050017" sZ="0.251629" angle="0" ax="0" ay="1" az="0" tx="0" ty="1.02002" tz="0"/>
  </Collision>
  <Connectivity>
    <Custom2DField type="22" width="2" height="2" angle="45" ax="0" ay="1" az="0" tx="-0.565685" ty="0.96" tz="0">
      29:0,29:0,29:0,
      29:0,13:4:33,29:0,
      29:0,29:0,29:0
    </Custom2DField>
    <Axel type="7" length="0.8" requireGrabbing="0" startCapped="0" endCapped="1" angle="180" ax="0.92388" ay="0" az="-0.382683" tx="-0.565685" ty="2.56" tz="0"/>
    <Axel type="7" length="0.8" requireGrabbing="0" startCapped="0" endCapped="1" angle="180" ax="0.92388" ay="0" az="-0.382683" tx="0.565685" ty="2.56" tz="0"/>
    <Axel type="7" length="0.8" requireGrabbing="0" startCapped="0" endCapped="1" angle="180" ax="0.92388" ay="0" az="-0.382683" tx="0" ty="2.56" tz="0.565685"/>
    <Axel type="7" length="0.8" requireGrabbing="0" startCapped="0" endCapped="1" angle="180" ax="0.92388" ay="0" az="-0.382683" tx="0" ty="2.56" tz="-0.565685"/>
    <Axel type="7" length="0.96" requireGrabbing="0" startCapped="1" endCapped="0" angle="180" ax="0.92388" ay="0" az="-0.382683" tx="0" ty="0.96" tz="0"/>
    <Custom2DField type="23" width="2" height="2" angle="45" ax="0" ay="1" az="0" tx="-0.565685" ty="1.72" tz="0">
      29:0,29:0,29:0,
      29:0,1:4:38,29:0,
      29:0,29:0,29:0
    </Custom2DField>
    <Custom2DField type="22" width="2" height="2" angle="45" ax="0" ay="1" az="0" tx="-0.565685" ty="0" tz="0">
      29:0,29:0,29:0,
      29:0,9:4:32,29:0,
      29:0,29:0,29:0
    </Custom2DField>
    <Custom2DField type="22" width="2" height="2" angle="180" ax="0.92388" ay="0" az="-0.382683" tx="-0.565685" ty="2.56" tz="0.565685">
      29:0,29:0,29:0,
      29:0,9:4:32,29:0,
      29:0,29:0,29:0
    </Custom2DField>
    <Custom2DField type="22" width="2" height="2" angle="180" ax="0.92388" ay="0" az="-0.382683" tx="0.565685" ty="2.56" tz="0.565685">
      29:0,29:0,29:0,
      29:0,9:4:32,29:0,
      29:0,29:0,29:0
    </Custom2DField>
    <Custom2DField type="22" width="2" height="2" angle="180" ax="0.92388" ay="0" az="-0.382683" tx="0" ty="2.56" tz="1.13137">
      29:0,29:0,29:0,
      29:0,9:4:32,29:0,
      29:0,29:0,29:0
    </Custom2DField>
    <Custom2DField type="22" width="2" height="2" angle="180" ax="0.92388" ay="0" az="-0.382683" tx="0" ty="2.56" tz="0">
      29:0,29:0,29:0,
      29:0,9:4:32,29:0,
      29:0,29:0,29:0
    </Custom2DField>
    <Axel type="6" length="0.817966" grabbing="0" startCapped="1" endCapped="0" angle="90" ax="0" ay="1" az="0" tx="0" ty="1.08003" tz="0"/>
  </Connectivity>
  <PhysicsAttributes inertiaTensor="0.721674,0,0,0,0.351081,0,0,0,0.721674" centerOfMass="0,1.28,0" mass="1" frictionType="0"/>
  <Bounding>
    <AABB minX="-0.725686" minY="0" minZ="-0.725688" maxX="0.725688" maxY="2.56" maxZ="0.725685"/>
  </Bounding>
  <GeometryBounding>
    <AABB minX="-0.725685" minY="0" minZ="-0.725688" maxX="0.725688" maxY="2.56" maxZ="0.725685"/>
  </GeometryBounding>
</LEGOPrimitive>
