<?xml version="1.0" encoding="UTF-8" standalone="no" ?>
<LEGOPrimitive versionMajor="1" versionMinor="0">
  <Annotations>
    <Annotation platformid="200"/>
    <Annotation platformname="SYSTEM"/>
    <Annotation maingroupid="236"/>
    <Annotation maingroupname="SIGNS AND FLAGS"/>
    <Annotation designname="ANTENNA 1X1X8"/>
    <Annotation aliases="2569"/>
  </Annotations>
  <Collision>
    <Box sX="0.216092" sY="0.15" sZ="0.216092" angle="0" ax="0" ay="1" az="0" tx="0" ty="0.16" tz="0"/>
    <Box sX="0.098087" sY="0.47" sZ="0.098087" angle="0" ax="0" ay="1" az="0" tx="0" ty="0.8" tz="0"/>
    <Box sX="0.063895" sY="3.19" sZ="0.063895" angle="0" ax="0" ay="1" az="0" tx="0" ty="4.47886" tz="0"/>
  </Collision>
  <Connectivity>
    <Custom2DField type="22" width="2" height="2" angle="0" ax="0" ay="1" az="0" tx="-0.4" ty="0" tz="-0.4">
      29:0,29:0,29:0,
      29:0,5:4:34,29:0,
      29:0,29:0,29:0
    </Custom2DField>
    <Axel type="7" length="0.96" requireGrabbing="0" startCapped="1" endCapped="0" angle="90" ax="0" ay="1" az="0" tx="0" ty="0.32" tz="0"/>
  </Connectivity>
  <PhysicsAttributes inertiaTensor="4.9515,0,0,0,0.0726,0,0,0,4.9515" centerOfMass="0,3.84,0" mass="1" frictionType="0"/>
  <Bounding>
    <AABB minX="-0.33" minY="0" minZ="-0.33" maxX="0.33" maxY="7.68" maxZ="0.33"/>
  </Bounding>
  <GeometryBounding>
    <AABB minX="-0.33" minY="0" minZ="-0.33" maxX="0.33" maxY="7.68" maxZ="0.33"/>
  </GeometryBounding>
</LEGOPrimitive>
