<?xml version="1.0" encoding="UTF-8" standalone="no" ?>
<LEGOPrimitive versionMajor="1" versionMinor="0">
  <Annotations>
    <Annotation platformid="200"/>
    <Annotation platformname="SYSTEM"/>
    <Annotation maingroupid="247"/>
    <Annotation maingroupname="FIGURE, WEAPONS"/>
    <Annotation designname="CROSS BOW"/>
    <Annotation aliases="2570"/>
  </Annotations>
  <Collision>
    <Box sX="1.17448" sY="0.15" sZ="0.15" angle="0" ax="0" ay="1" az="0" tx="0.205518" ty="0.7" tz="0"/>
    <Box sX="0.636112" sY="0.080653" sZ="0.15" angle="10.71366" ax="0" ay="0" az="1" tx="-0.327262" ty="0.574322" tz="0"/>
    <Box sX="0.102049" sY="0.258365" sZ="0.096618" angle="0" ax="0" ay="1" az="0" tx="0.004881" ty="0.268365" tz="0"/>
    <Box sX="0.699684" sY="0.140409" sZ="0.055149" angle="0" ax="0" ay="1" az="0" tx="0.71997" ty="0.852937" tz="-0.000836"/>
    <Box sX="0.157859" sY="0.035802" sZ="0.044458" angle="0" ax="0" ay="1" az="0" tx="1.47344" ty="0.7" tz="-0.314613"/>
    <Box sX="0.567356" sY="0.049544" sZ="0.049544" angle="60.07709" ax="0" ay="1" az="0" tx="0.309098" ty="0.7" tz="-0.616432"/>
    <Box sX="0.648663" sY="0.074425" sZ="0.043825" angle="59.76871" ax="0" ay="-1" az="0" tx="0.875943" ty="0.7" tz="-0.72315"/>
    <Box sX="0.648663" sY="0.074425" sZ="0.043825" angle="59.76871" ax="0" ay="1" az="0" tx="0.875943" ty="0.7" tz="0.72315"/>
    <Box sX="0.567356" sY="0.049544" sZ="0.049544" angle="60.077" ax="0" ay="-1" az="0" tx="0.318682" ty="0.7" tz="0.626171"/>
    <Box sX="0.036067" sY="0.035802" sZ="0.336033" angle="0" ax="0" ay="1" az="0" tx="1.66579" ty="0.7" tz="0"/>
    <Box sX="0.157859" sY="0.035802" sZ="0.044458" angle="0" ax="0" ay="1" az="0" tx="1.47344" ty="0.7" tz="0.314613"/>
  </Collision>
  <Connectivity>
    <Axel type="7" length="0.5391" requireGrabbing="0" startCapped="0" endCapped="1" angle="90" ax="0" ay="1" az="0" tx="0" ty="0" tz="0"/>
    <Custom2DField type="22" width="2" height="2" angle="0" ax="0" ay="1" az="0" tx="-0.4" ty="0" tz="-0.4">
      29:0,29:0,29:0,
      29:0,9:4:32,29:0,
      29:0,29:0,29:0
    </Custom2DField>
  </Connectivity>
  <PhysicsAttributes inertiaTensor="0.660765,0,0,0,1.18239,0,0,0,0.706651" centerOfMass="0.377353,0.526824,0" mass="1" frictionType="0"/>
  <Bounding>
    <AABB minX="-0.98" minY="0" minZ="-1.30566" maxX="1.73471" maxY="1.05365" maxZ="1.30566"/>
  </Bounding>
  <GeometryBounding>
    <AABB minX="-0.98" minY="0" minZ="-1.30298" maxX="1.73471" maxY="1.05365" maxZ="1.30298"/>
  </GeometryBounding>
</LEGOPrimitive>
