<?xml version="1.0" encoding="UTF-8" standalone="no" ?>
<LEGOPrimitive versionMajor="1" versionMinor="0">
  <Annotations>
    <Annotation platformid="200"/>
    <Annotation platformname="SYSTEM"/>
    <Annotation maingroupid="225"/>
    <Annotation maingroupname="FRAMES, WINDOWS, WALLS AND DOORS"/>
    <Annotation designname="WALL ELEMENT W. CURVE 5X6X10"/>
    <Annotation aliases="2572"/>
  </Annotations>
  <Collision>
    <Box sX="2.39" sY="0.15" sZ="0.39" angle="0" ax="0" ay="1" az="0" tx="2" ty="0.16" tz="0"/>
    <Box sX="2.39" sY="0.15" sZ="0.79" angle="0" ax="0" ay="1" az="0" tx="2" ty="8.48" tz="-3.6"/>
    <Box sX="2.39" sY="0.15" sZ="2.55" angle="90" ax="-1" ay="0" az="0" tx="2" ty="2.88" tz="0.24"/>
    <Box sX="2.39" sY="0.15" sZ="0.40512" angle="97.32997" ax="-1" ay="0" az="0" tx="2" ty="5.83131" tz="0.188345"/>
    <Box sX="2.39" sY="0.15" sZ="0.438779" angle="172.74825" ax="-1" ay="0" az="0" tx="2" ty="8.43362" tz="-2.43744"/>
    <Box sX="2.39" sY="0.15" sZ="0.40512" angle="112.96297" ax="-1" ay="0" az="0" tx="2" ty="6.58759" tz="-0.015756"/>
    <Box sX="2.39" sY="0.15" sZ="0.40512" angle="126.84072" ax="-1" ay="0" az="0" tx="2" ty="7.26852" tz="-0.40734"/>
    <Box sX="2.39" sY="0.15" sZ="0.40512" angle="142.34433" ax="-1" ay="0" az="0" tx="2" ty="7.81481" tz="-0.947992"/>
    <Box sX="2.39" sY="0.15" sZ="0.420952" angle="157.07997" ax="-1" ay="0" az="0" tx="2" ty="8.21554" tz="-1.63813"/>
  </Collision>
  <Connectivity>
    <Custom2DField type="23" width="12" height="4" angle="0" ax="0" ay="1" az="0" tx="-0.4" ty="8.64" tz="-4.4">
      18:1:1,23:4:1,18:2:1,23:4:1,18:2:1,23:4:1,18:2:1,23:4:1,18:2:1,23:4:1,18:2:1,23:4:1,18:1:1,
      23:4:1,0:4:1,23:4:1,0:4:1,23:4:1,0:4:1,23:4:1,0:4:1,23:4:1,0:4:1,23:4:1,0:4:1,23:4:1,
      18:2:1,23:4:1,18:4:1,23:4:1,18:4:1,23:4:1,18:4:1,23:4:1,18:4:1,23:4:1,18:4:1,23:4:1,18:2:1,
      23:4:1,0:4:1,23:4:1,0:4:1,23:4:1,0:4:1,23:4:1,0:4:1,23:4:1,0:4:1,23:4:1,0:4:1,23:4:1,
      29:0:1,23:4:1,29:0:1,23:4:1,29:0:1,23:4:1,29:0:1,23:4:1,29:0:1,23:4:1,29:0:1,23:4:1,29:0:1
    </Custom2DField>
    <Custom2DField type="22" width="12" height="4" angle="0" ax="0" ay="1" az="0" tx="-0.4" ty="8.32" tz="-4.4">
      22:1:1,22:2:1,22:2:1,22:2:1,22:2:1,22:2:1,22:2:1,22:2:1,22:2:1,22:2:1,22:2:1,22:2:1,22:1:1,
      22:2:1,15:4:1,23:4:1,15:4:1,23:4:1,15:4:1,23:4:1,15:4:1,23:4:1,15:4:1,23:4:1,15:4:1,22:2:1,
      22:2:1,23:4:1,7:4:1,23:4:1,7:4:1,23:4:1,7:4:1,23:4:1,7:4:1,23:4:1,7:4:1,23:4:1,22:2:1,
      22:2:1,15:4:1,23:4:1,15:4:1,23:4:1,15:4:1,23:4:1,15:4:1,23:4:1,15:4:1,23:4:1,15:4:1,22:2:1,
      29:0:1,22:2:1,22:2:1,22:2:1,22:2:1,22:2:1,22:2:1,22:2:1,22:2:1,22:2:1,22:2:1,22:2:1,29:0:1
    </Custom2DField>
    <Custom2DField type="22" width="12" height="2" angle="0" ax="0" ay="1" az="0" tx="-0.4" ty="0" tz="-0.4">
      22:1:1,22:2:1,22:2:1,22:2:1,22:2:1,22:2:1,22:2:1,22:2:1,22:2:1,22:2:1,22:2:1,22:2:1,22:1:1,
      22:2:1,15:4:1,9:4:1,15:4:1,9:4:1,15:4:1,9:4:1,15:4:1,9:4:1,15:4:1,9:4:1,15:4:1,22:2:1,
      22:1:1,22:2:1,22:2:1,22:2:1,22:2:1,22:2:1,22:2:1,22:2:1,22:2:1,22:2:1,22:2:1,22:2:1,22:1:1
    </Custom2DField>
  </Connectivity>
  <PhysicsAttributes inertiaTensor="8.39976,0,0,0,3.84,0,0,0,8.39976" centerOfMass="2,4.409,-2" mass="1" frictionType="0"/>
  <Bounding>
    <AABB minX="-0.4" minY="0" minZ="-4.4" maxX="4.4" maxY="8.818" maxZ="0.4"/>
  </Bounding>
  <GeometryBounding>
    <AABB minX="-0.4" minY="0" minZ="-4.4" maxX="4.4" maxY="8.818" maxZ="0.4"/>
  </GeometryBounding>
</LEGOPrimitive>
