<?xml version="1.0" encoding="UTF-8" standalone="no" ?>
<LEGOPrimitive versionMajor="1" versionMinor="0">
  <Annotations>
    <Annotation platformid="200"/>
    <Annotation platformname="SYSTEM"/>
    <Annotation maingroupid="267"/>
    <Annotation maingroupname="TYRES AND RIMS, SPECIAL"/>
    <Annotation designname="WHEEL Ø75.2"/>
    <Annotation aliases="2573"/>
  </Annotations>
  <Collision>
    <Box sX="0.43975" sY="0.224495" sZ="0.805" angle="90" ax="0" ay="0" az="1" tx="-0.544495" ty="0" tz="-0.815"/>
    <Box sX="0.43975" sY="0.224495" sZ="0.805" angle="0" ax="0" ay="1" az="0" tx="0" ty="0.544495" tz="-0.815"/>
    <Box sX="0.43975" sY="0.224495" sZ="0.805" angle="90" ax="0" ay="0" az="-1" tx="0.544495" ty="0" tz="-0.815"/>
    <Box sX="0.43975" sY="0.224495" sZ="0.805" angle="180" ax="0" ay="0" az="1" tx="0" ty="-0.544495" tz="-0.815"/>
    <Box sX="0.648628" sY="1.35874" sZ="0.30396" angle="0" ax="0" ay="1" az="0" tx="0" ty="2.16874" tz="-1.94396"/>
    <Box sX="0.952615" sY="0.174963" sZ="2.33942" angle="0" ax="0" ay="1" az="0" tx="0" ty="3.56912" tz="0.080577"/>
    <Box sX="0.952615" sY="0.174963" sZ="2.33942" angle="22.5" ax="0" ay="0" az="1" tx="-1.36584" ty="3.29744" tz="0.080577"/>
    <Box sX="0.648628" sY="1.35874" sZ="0.30396" angle="22.5" ax="0" ay="0" az="1" tx="-0.829942" ty="2.00366" tz="-1.94396"/>
    <Box sX="0.952615" sY="0.174963" sZ="2.33942" angle="45" ax="0" ay="0" az="1" tx="-2.52375" ty="2.52375" tz="0.080577"/>
    <Box sX="0.648628" sY="1.35874" sZ="0.30396" angle="45" ax="0" ay="0" az="1" tx="-1.53353" ty="1.53353" tz="-1.94396"/>
    <Box sX="0.952615" sY="0.174963" sZ="2.33942" angle="67.5" ax="0" ay="0" az="1" tx="-3.29744" ty="1.36584" tz="0.080577"/>
    <Box sX="0.648628" sY="1.35874" sZ="0.30396" angle="67.5" ax="0" ay="0" az="1" tx="-2.00366" ty="0.829942" tz="-1.94396"/>
    <Box sX="0.952615" sY="0.174963" sZ="2.33942" angle="90" ax="0" ay="0" az="1" tx="-3.56912" ty="0" tz="0.080577"/>
    <Box sX="0.648628" sY="1.35874" sZ="0.30396" angle="90" ax="0" ay="0" az="1" tx="-2.16874" ty="0" tz="-1.94396"/>
    <Box sX="0.952615" sY="0.174963" sZ="2.33942" angle="112.5" ax="0" ay="0" az="1" tx="-3.29744" ty="-1.36584" tz="0.080577"/>
    <Box sX="0.648628" sY="1.35874" sZ="0.30396" angle="112.49999" ax="0" ay="0" az="1" tx="-2.00366" ty="-0.829942" tz="-1.94396"/>
    <Box sX="0.952615" sY="0.174963" sZ="2.33942" angle="135" ax="0" ay="0" az="1" tx="-2.52375" ty="-2.52375" tz="0.080577"/>
    <Box sX="0.648628" sY="1.35874" sZ="0.30396" angle="135" ax="0" ay="0" az="1" tx="-1.53353" ty="-1.53353" tz="-1.94396"/>
    <Box sX="0.952615" sY="0.174963" sZ="2.33942" angle="157.5" ax="0" ay="0" az="1" tx="-1.36584" ty="-3.29744" tz="0.080577"/>
    <Box sX="0.648628" sY="1.35874" sZ="0.30396" angle="157.49998" ax="0" ay="0" az="1" tx="-0.829942" ty="-2.00366" tz="-1.94396"/>
    <Box sX="0.952615" sY="0.174963" sZ="2.33942" angle="180" ax="0" ay="0" az="1" tx="0" ty="-3.56912" tz="0.080577"/>
    <Box sX="0.648628" sY="1.35874" sZ="0.30396" angle="180" ax="0" ay="0" az="1" tx="0" ty="-2.16874" tz="-1.94396"/>
    <Box sX="0.952615" sY="0.174963" sZ="2.33942" angle="157.5" ax="0" ay="0" az="-1" tx="1.36584" ty="-3.29744" tz="0.080577"/>
    <Box sX="0.648628" sY="1.35874" sZ="0.30396" angle="157.49998" ax="0" ay="0" az="-1" tx="0.829942" ty="-2.00366" tz="-1.94396"/>
    <Box sX="0.952615" sY="0.174963" sZ="2.33942" angle="135" ax="0" ay="0" az="-1" tx="2.52375" ty="-2.52375" tz="0.080577"/>
    <Box sX="0.648628" sY="1.35874" sZ="0.30396" angle="135" ax="0" ay="0" az="-1" tx="1.53353" ty="-1.53353" tz="-1.94396"/>
    <Box sX="0.952615" sY="0.174963" sZ="2.33942" angle="112.5" ax="0" ay="0" az="-1" tx="3.29744" ty="-1.36584" tz="0.080577"/>
    <Box sX="0.648628" sY="1.35874" sZ="0.30396" angle="112.49999" ax="0" ay="0" az="-1" tx="2.00366" ty="-0.829942" tz="-1.94396"/>
    <Box sX="0.952615" sY="0.174963" sZ="2.33942" angle="90" ax="0" ay="0" az="-1" tx="3.56912" ty="0" tz="0.080577"/>
    <Box sX="0.648628" sY="1.35874" sZ="0.30396" angle="90" ax="0" ay="0" az="-1" tx="2.16874" ty="0" tz="-1.94396"/>
    <Box sX="0.952615" sY="0.174963" sZ="2.33942" angle="67.5" ax="0" ay="0" az="-1" tx="3.29744" ty="1.36584" tz="0.080577"/>
    <Box sX="0.648628" sY="1.35874" sZ="0.30396" angle="67.5" ax="0" ay="0" az="-1" tx="2.00366" ty="0.829942" tz="-1.94396"/>
    <Box sX="0.952615" sY="0.174963" sZ="2.33942" angle="45" ax="0" ay="0" az="-1" tx="2.52375" ty="2.52375" tz="0.080577"/>
    <Box sX="0.648628" sY="1.35874" sZ="0.30396" angle="45" ax="0" ay="0" az="-1" tx="1.53353" ty="1.53353" tz="-1.94396"/>
    <Box sX="0.952615" sY="0.174963" sZ="2.33942" angle="22.5" ax="0" ay="0" az="-1" tx="1.36584" ty="3.29744" tz="0.080577"/>
    <Box sX="0.648628" sY="1.35874" sZ="0.30396" angle="22.5" ax="0" ay="0" az="-1" tx="0.829942" ty="2.00366" tz="-1.94396"/>
  </Collision>
  <Connectivity>
    <Axel type="2" length="0.8" grabbing="0" startCapped="0" endCapped="0" angle="120" ax="-0.57735" ay="0.57735" az="-0.57735" tx="0" ty="0" tz="0"/>
    <Custom2DField type="23" width="4" height="4" angle="90" ax="-1" ay="0" az="0" tx="-0.8" ty="-0.8" tz="-1.63">
      29:0:1,23:4:1,29:0:1,23:4:1,29:0:1,
      23:4:1,0:4,23:4:1,0:4,23:4:1,
      29:0:1,23:4:1,18:4:1,23:4:1,29:0:1,
      23:4:1,0:4,23:4:1,0:4,23:4:1,
      29:0:1,23:4:1,29:0:1,23:4:1,29:0:1
    </Custom2DField>
  </Connectivity>
  <PhysicsAttributes inertiaTensor="6.71364,0,0,0,6.71364,0,0,0,9.74677" centerOfMass="0,0,0.080369" mass="1" frictionType="0"/>
  <Bounding>
    <AABB minX="-3.82363" minY="-3.82363" minZ="-2.26926" maxX="3.82363" maxY="3.82363" maxZ="2.43"/>
  </Bounding>
  <GeometryBounding>
    <AABB minX="-3.75797" minY="-3.75797" minZ="-2.26926" maxX="3.75797" maxY="3.75797" maxZ="2.43"/>
  </GeometryBounding>
</LEGOPrimitive>
