<?xml version="1.0" encoding="UTF-8" standalone="no" ?>
<LEGOPrimitive versionMajor="1" versionMinor="0">
  <Annotations>
    <Annotation platformid="200"/>
    <Annotation platformname="SYSTEM"/>
    <Annotation maingroupid="203"/>
    <Annotation maingroupname="BRICKS, SPECIAL CIRCLES AND ANGLES"/>
    <Annotation designname="BRICK 4X4 ¼ CIRCLE"/>
    <Annotation aliases="2577"/>
  </Annotations>
  <Collision>
    <Box sX="0.955" sY="0.955" sZ="0.47" angle="180" ax="0" ay="0.707107" az="-0.707107" tx="0.565" ty="0.48" tz="0.565"/>
    <Box sX="0.537709" sY="0.795363" sZ="0.045" angle="158.22052" ax="0.192384" ay="0.693898" az="-0.693898" tx="1.75637" ty="0.905" tz="0.890693"/>
    <Box sX="0.239702" sY="0.058909" sZ="0.365" angle="92.27796" ax="0.961012" ay="0.19552" az="-0.19552" tx="0.824665" ty="0.585" tz="2.46428"/>
    <Box sX="0.415" sY="0.540634" sZ="0.47" angle="180" ax="0" ay="0.707107" az="-0.707107" tx="0.025" ty="0.48" tz="2.08063"/>
    <Box sX="0.537709" sY="0.415" sZ="0.47" angle="180" ax="0" ay="0.707107" az="-0.707107" tx="2.07771" ty="0.48" tz="0.025"/>
    <Box sX="0.537709" sY="0.795363" sZ="0.045" angle="138.76369" ax="0.376237" ay="0.655151" az="-0.655151" tx="0.869999" ty="0.905" tz="1.76863"/>
    <Box sX="0.239702" sY="0.058978" sZ="0.365" angle="107.62142" ax="0.731602" ay="0.482057" az="-0.482057" tx="2.46554" ty="0.585" tz="0.821538"/>
    <Box sX="0.456453" sY="0.047677" sZ="0.47" angle="95.63441" ax="0.906197" ay="0.299003" az="-0.299003" tx="1.44847" ty="0.48" tz="2.09977"/>
    <Box sX="0.456453" sY="0.047677" sZ="0.47" angle="90.36225" ax="0.993697" ay="0.079264" az="-0.079264" tx="0.090725" ty="0.48" tz="2.66999"/>
    <Box sX="0.456453" sY="0.047677" sZ="0.47" angle="101.68105" ax="0.814403" ay="0.410334" az="-0.410334" tx="2.09731" ty="0.48" tz="1.45179"/>
    <Box sX="0.456453" sY="0.047677" sZ="0.47" angle="114.73615" ax="0.640312" ay="0.543139" az="-0.543139" tx="2.66697" ty="0.48" tz="0.109257"/>
  </Collision>
  <Connectivity>
    <Custom2DField type="22" width="8" height="8" angle="0" ax="0" ay="1" az="0" tx="-0.4" ty="0" tz="-0.4">
      22:1:1,22:2:1,22:2:1,22:2:1,22:2:1,22:2:1,22:2:1,22:2:1,22:1:1,
      22:2:1,15:4:1,22:2:1,15:4:1,22:2:1,15:4:1,22:2:1,15:4:1,22:2:1,
      22:2:1,22:2:1,8:4:1,22:2:1,22:2:1,22:2:1,8:4:1,22:2:1,22:2:1,
      22:2:1,15:4:1,22:2:1,15:4:1,22:2:1,15:4:1,23:4:1,29:0:1,29:0:1,
      22:2:1,22:2:1,22:2:1,22:2:1,8:4:1,23:4:1,29:0:1,22:2:1,29:0:1,
      22:2:1,15:4:1,22:2:1,15:4:1,23:4:1,15:4:1,22:2:1,29:0:1,29:0:1,
      22:2:1,22:2:1,8:4:1,23:4:1,29:0:1,22:2:1,29:0:1,29:0:1,29:0:1,
      22:2:1,15:4:1,22:2:1,29:0:1,22:2:1,29:0:1,29:0:1,29:0:1,29:0:1,
      22:1:1,22:2:1,22:2:1,29:0:1,29:0:1,29:0:1,29:0:1,29:0:1,29:0:1
    </Custom2DField>
    <Custom2DField type="23" width="8" height="8" angle="0" ax="0" ay="1" az="0" tx="-0.4" ty="0.96" tz="-0.4">
      18:1:1,23:4:1,18:2:1,23:4:1,18:2:1,23:4:1,18:2:1,23:4:1,18:1:1,
      23:4:1,0:4:1,23:4:1,0:4:1,23:4:1,0:4:1,23:4:1,0:4:1,23:4:1,
      18:2:1,23:4:1,18:4:1,23:4:1,18:4:1,23:4:1,18:3:1,23:4:1,18:1:1,
      23:4:1,0:4:1,23:4:1,0:4:1,23:4:1,0:4:1,23:4:1,29:0:1,29:0:1,
      18:2:1,23:4:1,18:4:1,23:4:1,18:4:1,23:4:1,18:2:1,29:0:1,29:0:1,
      23:4:1,0:4:1,23:4:1,0:4:1,23:4:1,0:4:1,23:4:1,29:0:1,29:0:1,
      18:2:1,23:4:1,18:3:1,23:4:1,18:2:1,23:4:1,18:1:1,29:0:1,29:0:1,
      23:4:1,0:4:1,23:4:1,29:0:1,29:0:1,29:0:1,29:0:1,29:0:1,29:0:1,
      18:1:1,23:4:1,18:1:1,29:0:1,29:0:1,29:0:1,29:0:1,29:0:1,29:0:1
    </Custom2DField>
  </Connectivity>
  <PhysicsAttributes inertiaTensor="0.964542,0,0,0,1.71248,0,0,0,0.964156" centerOfMass="1.20254,0.568498,1.1971" mass="1" frictionType="0"/>
  <Bounding>
    <AABB minX="-0.4" minY="-0.001003" minZ="-0.405803" maxX="2.80508" maxY="1.138" maxZ="2.8"/>
  </Bounding>
  <GeometryBounding>
    <AABB minX="-0.4" minY="0" minZ="-0.4" maxX="2.8" maxY="1.138" maxZ="2.8"/>
  </GeometryBounding>
</LEGOPrimitive>
