<?xml version="1.0" encoding="UTF-8" standalone="no" ?>
<LEGOPrimitive versionMajor="1" versionMinor="0">
  <Annotations>
    <Annotation platformid="200"/>
    <Annotation platformname="SYSTEM"/>
    <Annotation maingroupid="235"/>
    <Annotation maingroupname="FENCES AND LADDERS"/>
    <Annotation designname="FENCE 1X8X3"/>
    <Annotation aliases="2583"/>
  </Annotations>
  <Collision>
    <Box sX="0.23969" sY="0.098472" sZ="0.098261" angle="180" ax="0.92388" ay="0.382683" az="0" tx="-0.650325" ty="2.58698" tz="0.000468"/>
    <Box sX="0.682373" sY="0.098472" sZ="0.098261" angle="90" ax="0" ay="0" az="1" tx="-0.802492" ty="1.72749" tz="0.000308"/>
    <Box sX="0.228719" sY="0.103358" sZ="0.103137" angle="180" ax="0.92388" ay="-0.382683" az="0" tx="-0.652432" ty="0.811227" tz="0.000156"/>
    <Box sX="0.23969" sY="0.098472" sZ="0.098261" angle="135" ax="0" ay="0" az="1" tx="4.65032" ty="2.58698" tz="-0.000156"/>
    <Box sX="0.682373" sY="0.098472" sZ="0.098261" angle="98.42106" ax="0.357407" ay="0.357407" az="0.862856" tx="4.78329" ty="1.72749" tz="0"/>
    <Box sX="0.228719" sY="0.103358" sZ="0.103137" angle="135" ax="0" ay="0" az="-1" tx="4.65243" ty="0.811227" tz="0.000156"/>
    <Box sX="0.39" sY="0.15" sZ="0.39" angle="0" ax="0" ay="1" az="0" tx="0" ty="0.16" tz="0"/>
    <Box sX="0.39" sY="0.15" sZ="0.39" angle="0" ax="0" ay="1" az="0" tx="4" ty="0.16" tz="0"/>
    <Box sX="0.15982" sY="0.090312" sZ="0.15982" angle="45" ax="0" ay="1" az="0" tx="0" ty="0.420312" tz="0"/>
    <Box sX="0.15982" sY="0.090312" sZ="0.15982" angle="45" ax="0" ay="1" az="0" tx="4" ty="0.420312" tz="0"/>
    <Box sX="2.53431" sY="0.098472" sZ="0.098261" angle="45" ax="1" ay="0" az="0" tx="1.96134" ty="2.71953" tz="0.000156"/>
    <Box sX="2.4847" sY="0.098472" sZ="0.098261" angle="135" ax="-1" ay="0" az="0" tx="1.96134" ty="0.68078" tz="-0.000156"/>
    <Box sX="0.05695" sY="0.989633" sZ="0.05695" angle="45" ax="0" ay="1" az="0" tx="0" ty="1.69969" tz="0"/>
    <Box sX="0.05695" sY="0.989633" sZ="0.05695" angle="45" ax="0" ay="1" az="0" tx="0.8" ty="1.69969" tz="0"/>
    <Box sX="0.05695" sY="0.989633" sZ="0.05695" angle="45" ax="0" ay="1" az="0" tx="1.6" ty="1.69969" tz="0"/>
    <Box sX="0.05695" sY="0.989633" sZ="0.05695" angle="45" ax="0" ay="1" az="0" tx="2.4" ty="1.69969" tz="0"/>
    <Box sX="0.05695" sY="0.989633" sZ="0.05695" angle="45" ax="0" ay="1" az="0" tx="3.2" ty="1.69969" tz="0"/>
    <Box sX="0.058146" sY="0.985972" sZ="0.058146" angle="45" ax="0" ay="1" az="0" tx="4" ty="1.69969" tz="0"/>
  </Collision>
  <Connectivity>
    <Custom2DField type="23" width="12" height="2" angle="0" ax="0" ay="1" az="0" tx="-0.4" ty="2.88" tz="-0.4">
      29:0:1,23:4:1,29:0:1,29:0:1,29:0:1,29:0:1,29:0:1,29:0:1,29:0:1,29:0:1,29:0:1,23:4:1,29:0:1,
      23:4:1,1:4,23:4:1,29:0:1,29:0:1,29:0:1,29:0:1,29:0:1,29:0:1,29:0:1,23:4:1,1:4,23:4:1,
      29:0:1,23:4:1,29:0:1,29:0:1,29:0:1,29:0:1,29:0:1,29:0:1,29:0:1,29:0:1,29:0:1,23:4:1,29:0:1
    </Custom2DField>
    <Custom2DField type="22" width="12" height="2" angle="0" ax="0" ay="1" az="0" tx="-0.4" ty="0" tz="-0.4">
      22:1:1,22:2:1,22:1:1,29:0:1,29:0:1,29:0:1,29:0:1,29:0:1,29:0:1,29:0:1,22:1:1,22:2:1,22:1:1,
      22:2:1,15:4:1,22:2:1,29:0:1,29:0:1,29:0:1,29:0:1,29:0:1,29:0:1,29:0:1,22:2:1,15:4:1,22:2:1,
      22:1:1,22:2:1,22:1:1,29:0:1,29:0:1,29:0:1,29:0:1,29:0:1,29:0:1,29:0:1,22:1:1,22:2:1,22:1:1
    </Custom2DField>
    <Axel type="7" length="1.23991" requireGrabbing="0" startCapped="0" endCapped="0" angle="90" ax="0" ay="1" az="0" tx="-0.8" ty="1.08006" tz="0"/>
    <Axel type="7" length="1.23992" requireGrabbing="0" startCapped="0" endCapped="0" angle="90" ax="0" ay="1" az="0" tx="4.78329" ty="1.08003" tz="0"/>
    <Axel type="7" length="4.78329" requireGrabbing="0" startCapped="0" endCapped="0" angle="120" ax="0.57735" ay="0.57735" az="-0.57735" tx="-0.4" ty="2.71938" tz="0"/>
    <Axel type="7" length="4.78329" requireGrabbing="0" startCapped="0" endCapped="0" angle="120" ax="0.57735" ay="0.57735" az="-0.57735" tx="-0.4" ty="0.680624" tz="0"/>
  </Connectivity>
  <PhysicsAttributes inertiaTensor="0.832614,0,0,0,2.9574,0,0,0,3.68335" centerOfMass="1.99164,1.529,0" mass="1" frictionType="0"/>
  <Bounding>
    <AABB minX="-0.96" minY="0" minZ="-0.4" maxX="4.94329" maxY="3.058" maxZ="0.4"/>
  </Bounding>
  <GeometryBounding>
    <AABB minX="-0.96" minY="0" minZ="-0.4" maxX="4.94329" maxY="3.058" maxZ="0.4"/>
  </GeometryBounding>
</LEGOPrimitive>
