<?xml version="1.0" encoding="UTF-8" standalone="no" ?>
<LEGOPrimitive versionMajor="1" versionMinor="0">
  <Annotations>
    <Annotation platformid="200"/>
    <Annotation platformname="SYSTEM"/>
    <Annotation maingroupid="286"/>
    <Annotation maingroupname="FUNCTIONAL ELEMENTS"/>
    <Annotation designname="DRUM Ø11"/>
    <Annotation aliases="2585"/>
  </Annotations>
  <Collision>
    <Box sX="0.201517" sY="0.090244" sZ="0.06" angle="0" ax="0" ay="1" az="0" tx="0.001657" ty="0.351416" tz="-0.12"/>
    <Box sX="0.201517" sY="0.090244" sZ="0.06" angle="60" ax="0" ay="0" az="-1" tx="0.304484" ty="0.17384" tz="-0.12"/>
    <Box sX="0.201517" sY="0.090244" sZ="0.06" angle="120" ax="0" ay="0" az="-1" tx="0.302112" ty="-0.177203" tz="-0.12"/>
    <Box sX="0.201517" sY="0.090244" sZ="0.06" angle="180" ax="0" ay="0" az="1" tx="-0.003087" ty="-0.350671" tz="-0.12"/>
    <Box sX="0.201517" sY="0.090244" sZ="0.06" angle="120" ax="0" ay="0" az="1" tx="-0.305914" ty="-0.173095" tz="-0.12"/>
    <Box sX="0.201517" sY="0.090244" sZ="0.06" angle="60" ax="0" ay="0" az="1" tx="-0.303542" ty="0.177949" tz="-0.12"/>
    <Box sX="0.201517" sY="0.090244" sZ="0.06" angle="0" ax="0" ay="1" az="0" tx="0.001657" ty="0.351416" tz="-1.28"/>
    <Box sX="0.201517" sY="0.090244" sZ="0.06" angle="60" ax="0" ay="0" az="-1" tx="0.304484" ty="0.17384" tz="-1.28"/>
    <Box sX="0.201517" sY="0.090244" sZ="0.06" angle="120" ax="0" ay="0" az="-1" tx="0.302112" ty="-0.177203" tz="-1.28"/>
    <Box sX="0.201517" sY="0.090244" sZ="0.06" angle="180" ax="0" ay="0" az="1" tx="-0.003087" ty="-0.350671" tz="-1.28"/>
    <Box sX="0.201517" sY="0.090244" sZ="0.06" angle="120" ax="0" ay="0" az="1" tx="-0.305914" ty="-0.173095" tz="-1.28"/>
    <Box sX="0.201517" sY="0.090244" sZ="0.06" angle="60" ax="0" ay="0" az="1" tx="-0.303542" ty="0.177949" tz="-1.28"/>
    <Box sX="0.14345" sY="0.0055" sZ="0.69" angle="60" ax="0" ay="0" az="-1" tx="0.22993" ty="0.13275" tz="-0.7"/>
    <Box sX="0.14345" sY="0.0055" sZ="0.69" angle="120" ax="0" ay="0" az="-1" tx="0.22993" ty="-0.13275" tz="-0.7"/>
    <Box sX="0.14345" sY="0.0055" sZ="0.69" angle="180" ax="0" ay="0" az="1" tx="0" ty="-0.2655" tz="-0.7"/>
    <Box sX="0.14345" sY="0.0055" sZ="0.69" angle="120" ax="0" ay="0" az="1" tx="-0.22993" ty="-0.13275" tz="-0.7"/>
    <Box sX="0.14345" sY="0.0055" sZ="0.69" angle="60" ax="0" ay="0" az="1" tx="-0.22993" ty="0.13275" tz="-0.7"/>
    <Box sX="0.14345" sY="0.0055" sZ="0.69" angle="0" ax="0" ay="1" az="0" tx="0" ty="0.2655" tz="-0.7"/>
  </Collision>
  <Connectivity>
    <Axel type="4" length="0.43" grabbing="0" startCapped="0" endCapped="0" angle="120" ax="-0.57735" ay="0.57735" az="-0.57735" tx="0" ty="0" tz="-0.365"/>
    <Hinge type="127" oriented="0" angle="120" ax="0.57735" ay="-0.57735" az="-0.57735" tx="0" ty="0" tz="-0.7"/>
  </Connectivity>
  <PhysicsAttributes inertiaTensor="0.264167,0,0,0,0.264167,0,0,0,0.201667" centerOfMass="0,0,-0.7" mass="1" frictionType="0"/>
  <Bounding>
    <AABB minX="-0.55" minY="-0.55" minZ="-1.4" maxX="0.55" maxY="0.55" maxZ="0"/>
  </Bounding>
  <GeometryBounding>
    <AABB minX="-0.55" minY="-0.55" minZ="-1.4" maxX="0.55" maxY="0.55" maxZ="0"/>
  </GeometryBounding>
</LEGOPrimitive>
