<?xml version="1.0" encoding="UTF-8" standalone="no" ?>
<LEGOPrimitive versionMajor="1" versionMinor="0">
  <Annotations>
    <Annotation platformid="200"/>
    <Annotation platformname="SYSTEM"/>
    <Annotation maingroupid="247"/>
    <Annotation maingroupname="FIGURE, WEAPONS"/>
    <Annotation designname="BATTLE SHIELD"/>
    <Annotation aliases="2586;43908;23317"/>
  </Annotations>
  <Collision>
    <Box sX="0.054337" sY="0.09" sZ="0.223226" angle="0" ax="0" ay="1" az="0" tx="0.314337" ty="0" tz="0.136774"/>
    <Box sX="0.054337" sY="0.09" sZ="0.223226" angle="0" ax="0" ay="1" az="0" tx="-0.314337" ty="0" tz="0.136774"/>
    <Box sX="0.438148" sY="0.52559" sZ="0.050179" angle="0" ax="0" ay="1" az="0" tx="0.000991" ty="-0.856488" tz="0.430179"/>
    <Box sX="0.343385" sY="0.105756" sZ="0.041997" angle="0" ax="0" ay="1" az="0" tx="-0.005862" ty="-0.000916" tz="-0.050874"/>
    <Box sX="0.783936" sY="0.89468" sZ="0.050179" angle="0" ax="0" ay="1" az="0" tx="-0.000656" ty="0.566866" tz="0.430179"/>
  </Collision>
  <Connectivity>
    <Axel type="7" length="0.6" requireGrabbing="1" startCapped="1" endCapped="1" angle="90" ax="0" ay="0" az="-1" tx="-0.3" ty="0" tz="0"/>
    <Axel type="6" length="0.32" grabbing="0" startCapped="0" endCapped="0" angle="90" ax="0" ay="1" az="0" tx="0" ty="-0.16" tz="0.16"/>
  </Connectivity>
  <PhysicsAttributes inertiaTensor="0.726408,0,0,0,0.250038,0,0,0,0.90603" centerOfMass="0,0.04,0.165" mass="1" frictionType="0"/>
  <Decoration faces="2" subMaterialRedirectLookupTable="0,0"/>
  <Bounding>
    <AABB minX="-0.802801" minY="-1.4" minZ="-0.16" maxX="0.802801" maxY="1.48" maxZ="0.49"/>
  </Bounding>
  <GeometryBounding>
    <AABB minX="-0.793174" minY="-1.4" minZ="-0.16" maxX="0.793174" maxY="1.48" maxZ="0.49"/>
  </GeometryBounding>
</LEGOPrimitive>
