<?xml version="1.0" encoding="UTF-8" standalone="no" ?>
<LEGOPrimitive versionMajor="1" versionMinor="0">
  <Annotations>
    <Annotation platformid="200"/>
    <Annotation platformname="SYSTEM"/>
    <Annotation maingroupid="253"/>
    <Annotation maingroupname="FIGURE ACCESSORIES, UPPER BODY"/>
    <Annotation designname="MINI ARMOUR"/>
    <Annotation aliases="2587;53611;61857;56415"/>
  </Annotations>
  <Collision>
    <Box sX="0.280441" sY="0.005641" sZ="0.261777" angle="150.64034" ax="0.048043" ay="0.853532" az="0.518821" tx="-0.443329" ty="-1.1133" tz="0.621319"/>
    <Box sX="0.514295" sY="0.024832" sZ="0.074794" angle="0" ax="0" ay="1" az="0" tx="0" ty="0.075116" tz="-0.334555"/>
    <Box sX="0.272795" sY="0.031093" sZ="0.131767" angle="10.66356" ax="0" ay="1" az="0" tx="0.251678" ty="0.068907" tz="0.346869"/>
    <Box sX="0.569267" sY="0.041589" sZ="0.485672" angle="90" ax="1" ay="0" az="0" tx="-0.002245" ty="-0.397062" tz="0.54865"/>
    <Box sX="0.220417" sY="0.045188" sZ="0.410363" angle="0" ax="0" ay="1" az="0" tx="0.486293" ty="0.054812" tz="-0.002718"/>
    <Box sX="0.12032" sY="0.018764" sZ="0.15507" angle="84.94979" ax="-0.890186" ay="-0.024828" az="-0.45492" tx="0.575765" ty="-0.131799" tz="-0.446362"/>
    <Box sX="0.6571" sY="0.00566" sZ="0.675514" angle="90" ax="-1" ay="0" az="0" tx="-0.002051" ty="-0.600333" tz="-0.436746"/>
    <Box sX="0.223454" sY="0.044475" sZ="0.410363" angle="180" ax="0" ay="1" az="0" tx="-0.490264" ty="0.055525" tz="-0.01782"/>
    <Box sX="0.12032" sY="0.016168" sZ="0.15507" angle="178.07867" ax="0.307236" ay="-0.737677" az="0.601198" tx="-0.576994" ty="-0.131569" tz="-0.448638"/>
    <Box sX="0.272795" sY="0.031093" sZ="0.131407" angle="169.33646" ax="0" ay="1" az="0" tx="-0.251745" ty="0.068907" tz="0.347223"/>
    <Box sX="0.132819" sY="0.014203" sZ="0.166628" angle="171.53415" ax="0.319869" ay="-0.773779" az="-0.546763" tx="-0.590827" ty="-0.123629" tz="0.440119"/>
    <Box sX="0.132819" sY="0.014203" sZ="0.166628" angle="78.99216" ax="0.857312" ay="-0.116051" az="-0.501547" tx="0.590827" ty="-0.123629" tz="0.440119"/>
    <Box sX="0.26247" sY="0.0057" sZ="0.273901" angle="151.96515" ax="0.045217" ay="-0.854573" az="-0.517359" tx="0.418742" ty="-1.11267" tz="0.62675"/>
  </Collision>
  <Connectivity>
    <Fixed type="30" axes="2" angle="180" ax="0" ay="1" az="0" tx="0.3" ty="0" tz="0"/>
    <Custom2DField type="22" width="2" height="2" angle="0" ax="0" ay="1" az="0" tx="-0.4" ty="0" tz="-0.4">
      29:0,29:0,29:0,
      29:0,15:4:32,29:0,
      29:0,29:0,29:0
    </Custom2DField>
    <Custom2DField type="22" width="2" height="2" angle="180" ax="1" ay="0" az="0" tx="-0.4" ty="0.11" tz="0.4">
      29:0,29:0,29:0,
      29:0,15:4:32,29:0,
      29:0,29:0,29:0
    </Custom2DField>
    <Fixed type="30" axes="2" angle="0" ax="0" ay="1" az="0" tx="-0.3" ty="0" tz="0"/>
  </Connectivity>
  <PhysicsAttributes inertiaTensor="0.39787,0,0,0,0.42671,0,0,0,0.461804" centerOfMass="0,-0.618437,0.137675" mass="1" frictionType="0"/>
  <Decoration faces="2" subMaterialRedirectLookupTable="0,0"/>
  <Bounding>
    <AABB minX="-0.857885" minY="-1.42432" minZ="-0.6" maxX="0.857885" maxY="0.187445" maxZ="0.87535"/>
  </Bounding>
  <GeometryBounding>
    <AABB minX="-0.857885" minY="-1.42432" minZ="-0.6" maxX="0.857885" maxY="0.187445" maxZ="0.87535"/>
  </GeometryBounding>
</LEGOPrimitive>
