<?xml version="1.0" encoding="UTF-8" standalone="no" ?>
<LEGOPrimitive versionMajor="1" versionMinor="0">
  <Annotations>
    <Annotation platformid="200"/>
    <Annotation platformname="SYSTEM"/>
    <Annotation maingroupid="268"/>
    <Annotation maingroupname="WHEEL BASE"/>
    <Annotation designname="WHEEL Ø36.8"/>
    <Annotation aliases="2593"/>
  </Annotations>
  <Collision>
    <Box sX="0.48099" sY="0.202498" sZ="1.49312" angle="15" ax="0" ay="0" az="1" tx="-0.419278" ty="1.56477" tz="0.078635"/>
    <Box sX="0.48099" sY="0.468734" sZ="0.122241" angle="15" ax="0" ay="0" az="1" tx="-0.240374" ty="0.897088" tz="-1.29224"/>
    <Box sX="0.48099" sY="0.202498" sZ="1.49312" angle="15" ax="0" ay="0" az="-1" tx="0.419278" ty="1.56477" tz="0.078635"/>
    <Box sX="0.48099" sY="0.468734" sZ="0.122241" angle="15" ax="0" ay="0" az="-1" tx="0.240374" ty="0.897088" tz="-1.29224"/>
    <Box sX="0.48099" sY="0.202498" sZ="1.49312" angle="45" ax="0" ay="0" az="-1" tx="1.14549" ty="1.14549" tz="0.078635"/>
    <Box sX="0.48099" sY="0.468734" sZ="0.122241" angle="45" ax="0" ay="0" az="-1" tx="0.656714" ty="0.656714" tz="-1.29224"/>
    <Box sX="0.48099" sY="0.202498" sZ="1.49312" angle="75" ax="0" ay="0" az="-1" tx="1.56477" ty="0.419278" tz="0.078635"/>
    <Box sX="0.48099" sY="0.468734" sZ="0.122241" angle="75" ax="0" ay="0" az="-1" tx="0.897088" ty="0.240374" tz="-1.29224"/>
    <Box sX="0.48099" sY="0.202498" sZ="1.49312" angle="105" ax="0" ay="0" az="-1" tx="1.56477" ty="-0.419278" tz="0.078635"/>
    <Box sX="0.48099" sY="0.468734" sZ="0.122241" angle="105" ax="0" ay="0" az="-1" tx="0.897088" ty="-0.240374" tz="-1.29224"/>
    <Box sX="0.48099" sY="0.202498" sZ="1.49312" angle="135" ax="0" ay="0" az="-1" tx="1.14549" ty="-1.14549" tz="0.078635"/>
    <Box sX="0.48099" sY="0.468734" sZ="0.122241" angle="135" ax="0" ay="0" az="-1" tx="0.656714" ty="-0.656714" tz="-1.29224"/>
    <Box sX="0.48099" sY="0.202498" sZ="1.49312" angle="164.99998" ax="0" ay="0" az="-1" tx="0.419278" ty="-1.56477" tz="0.078635"/>
    <Box sX="0.48099" sY="0.468734" sZ="0.122241" angle="164.99998" ax="0" ay="0" az="-1" tx="0.240374" ty="-0.897088" tz="-1.29224"/>
    <Box sX="0.48099" sY="0.202498" sZ="1.49312" angle="164.99998" ax="0" ay="0" az="1" tx="-0.419278" ty="-1.56477" tz="0.078635"/>
    <Box sX="0.48099" sY="0.468734" sZ="0.122241" angle="164.99998" ax="0" ay="0" az="1" tx="-0.240374" ty="-0.897088" tz="-1.29224"/>
    <Box sX="0.48099" sY="0.202498" sZ="1.49312" angle="135" ax="0" ay="0" az="1" tx="-1.14549" ty="-1.14549" tz="0.078635"/>
    <Box sX="0.48099" sY="0.468734" sZ="0.122241" angle="135" ax="0" ay="0" az="1" tx="-0.656714" ty="-0.656714" tz="-1.29224"/>
    <Box sX="0.48099" sY="0.202498" sZ="1.49312" angle="105" ax="0" ay="0" az="1" tx="-1.56477" ty="-0.419278" tz="0.078635"/>
    <Box sX="0.48099" sY="0.468734" sZ="0.122241" angle="105" ax="0" ay="0" az="1" tx="-0.897088" ty="-0.240374" tz="-1.29224"/>
    <Box sX="0.48099" sY="0.202498" sZ="1.49312" angle="75" ax="0" ay="0" az="1" tx="-1.56477" ty="0.419278" tz="0.078635"/>
    <Box sX="0.48099" sY="0.468734" sZ="0.122241" angle="75" ax="0" ay="0" az="1" tx="-0.897088" ty="0.240374" tz="-1.29224"/>
    <Box sX="0.48099" sY="0.202498" sZ="1.49312" angle="45" ax="0" ay="0" az="1" tx="-1.14549" ty="1.14549" tz="0.078635"/>
    <Box sX="0.48099" sY="0.468734" sZ="0.122241" angle="45" ax="0" ay="0" az="1" tx="-0.656714" ty="0.656714" tz="-1.29224"/>
    <Box sX="0.447049" sY="0.257963" sZ="0.295" angle="0" ax="0" ay="1" az="0" tx="0" ty="0.517963" tz="-0.305"/>
    <Box sX="0.417974" sY="0.259818" sZ="0.295" angle="90" ax="0" ay="0" az="-1" tx="0.589919" ty="0" tz="-0.915"/>
    <Box sX="0.417974" sY="0.259818" sZ="0.295" angle="29.99999" ax="0" ay="0" az="-1" tx="0.29496" ty="0.510885" tz="-0.915"/>
    <Box sX="0.417974" sY="0.259818" sZ="0.295" angle="150" ax="0" ay="0" az="-1" tx="0.294959" ty="-0.510885" tz="-0.915"/>
    <Box sX="0.417974" sY="0.259818" sZ="0.295" angle="150" ax="0" ay="0" az="1" tx="-0.29496" ty="-0.510885" tz="-0.915"/>
    <Box sX="0.417974" sY="0.259818" sZ="0.295" angle="90" ax="0" ay="0" az="1" tx="-0.589919" ty="0" tz="-0.915"/>
    <Box sX="0.417974" sY="0.259818" sZ="0.295" angle="29.99999" ax="0" ay="0" az="1" tx="-0.294959" ty="0.510885" tz="-0.915"/>
    <Box sX="0.447049" sY="0.257963" sZ="0.295" angle="60" ax="0" ay="0" az="1" tx="-0.448569" ty="0.258982" tz="-0.305"/>
    <Box sX="0.447049" sY="0.257963" sZ="0.295" angle="120" ax="0" ay="0" az="1" tx="-0.44857" ty="-0.258981" tz="-0.305"/>
    <Box sX="0.447049" sY="0.257963" sZ="0.295" angle="180" ax="0" ay="0" az="1" tx="0" ty="-0.517963" tz="-0.305"/>
    <Box sX="0.447049" sY="0.257963" sZ="0.295" angle="120" ax="0" ay="0" az="-1" tx="0.448569" ty="-0.258982" tz="-0.305"/>
    <Box sX="0.447049" sY="0.257963" sZ="0.295" angle="60" ax="0" ay="0" az="-1" tx="0.44857" ty="0.258981" tz="-0.305"/>
  </Collision>
  <Connectivity>
    <Axel type="2" length="0.8" grabbing="0" startCapped="0" endCapped="0" angle="120" ax="-0.57735" ay="0.57735" az="-0.57735" tx="0" ty="0" tz="0.1"/>
  </Connectivity>
  <PhysicsAttributes inertiaTensor="1.95943,0,0,0,1.95943,0,0,0,2.36845" centerOfMass="0,0,0.065" mass="1" frictionType="0"/>
  <Bounding>
    <AABB minX="-1.88485" minY="-1.88485" minZ="-1.46" maxX="1.88485" maxY="1.88485" maxZ="1.59"/>
  </Bounding>
  <GeometryBounding>
    <AABB minX="-1.83974" minY="-1.83974" minZ="-1.46" maxX="1.83974" maxY="1.83974" maxZ="1.59"/>
  </GeometryBounding>
</LEGOPrimitive>
