<?xml version="1.0" encoding="UTF-8" standalone="no" ?>
<LEGOPrimitive versionMajor="1" versionMinor="0">
  <Annotations>
    <Annotation platformid="200"/>
    <Annotation platformname="SYSTEM"/>
    <Annotation maingroupid="244"/>
    <Annotation maingroupname="FIGURE, HEAD CLOTHING"/>
    <Annotation designname="VISIR"/>
    <Annotation aliases="59602;2594"/>
  </Annotations>
  <Collision>
    <Box sX="0.100012" sY="0.01" sZ="0.100975" angle="45" ax="0" ay="1" az="0" tx="0" ty="0.72" tz="0"/>
    <Box sX="0.065" sY="0.086309" sZ="0.230483" angle="23.40178" ax="1" ay="0" az="0" tx="0" ty="0.683979" tz="0.359047"/>
    <Box sX="0.065" sY="0.086309" sZ="0.573448" angle="53.87338" ax="1" ay="0" az="0" tx="0" ty="0.152956" tz="0.842255"/>
    <Box sX="0.031052" sY="0.145" sZ="0.067142" angle="0" ax="0" ay="1" az="0" tx="0.118948" ty="0.855" tz="-0.001056"/>
    <Box sX="0.031052" sY="0.145" sZ="0.067142" angle="0" ax="0" ay="1" az="0" tx="0.118948" ty="0.855" tz="-0.001056"/>
    <Box sX="0.031052" sY="0.145" sZ="0.067142" angle="90" ax="0" ay="1" az="0" tx="-0.001737" ty="0.855" tz="-0.118267"/>
    <Box sX="0.031052" sY="0.145" sZ="0.067142" angle="180" ax="0" ay="1" az="0" tx="-0.118948" ty="0.855" tz="0.002417"/>
    <Box sX="0.08" sY="0.082404" sZ="0.144548" angle="180" ax="0" ay="0.707107" az="-0.707107" tx="0.77" ty="-0.105" tz="-0.167404"/>
    <Box sX="0.08" sY="0.029774" sZ="0.144548" angle="180" ax="0" ay="0" az="1" tx="0.77" ty="-0.219774" tz="0"/>
    <Box sX="0.08" sY="0.029774" sZ="0.144548" angle="180" ax="0" ay="0.707107" az="0.707107" tx="0.77" ty="-0.105" tz="0.114774"/>
    <Box sX="0.08" sY="0.029774" sZ="0.144548" angle="180" ax="0" ay="1" az="0" tx="0.77" ty="0.009774" tz="0"/>
    <Box sX="0.564046" sY="0.176693" sZ="0.010706" angle="53.54567" ax="0.060739" ay="0.995714" az="0.069749" tx="0.422365" ty="-0.377076" tz="0.74258"/>
    <Box sX="0.038825" sY="0.29" sZ="0.314254" angle="180" ax="0" ay="1" az="0" tx="0.631176" ty="-0.105" tz="0.132187"/>
    <Box sX="0.332901" sY="0.005582" sZ="0.136875" angle="157.51759" ax="-0.306536" ay="-0.785143" az="-0.538132" tx="0.381215" ty="0.080421" tz="0.633765"/>
    <Box sX="0.08" sY="0.082404" sZ="0.144548" angle="90" ax="-1" ay="0" az="0" tx="-0.77" ty="-0.105" tz="-0.167404"/>
    <Box sX="0.08" sY="0.029774" sZ="0.144548" angle="180" ax="1" ay="0" az="0" tx="-0.77" ty="-0.219774" tz="0"/>
    <Box sX="0.08" sY="0.029774" sZ="0.144548" angle="90" ax="1" ay="0" az="0" tx="-0.77" ty="-0.105" tz="0.114774"/>
    <Box sX="0.08" sY="0.029774" sZ="0.144548" angle="0" ax="0" ay="1" az="0" tx="-0.77" ty="0.009774" tz="0"/>
    <Box sX="0.564046" sY="0.176693" sZ="0.010706" angle="126.702" ax="0.035153" ay="0.998913" az="0.030612" tx="-0.422365" ty="-0.377076" tz="0.74258"/>
    <Box sX="0.038825" sY="0.29" sZ="0.314254" angle="0" ax="0" ay="1" az="0" tx="-0.631176" ty="-0.105" tz="0.132187"/>
    <Box sX="0.332901" sY="0.006092" sZ="0.136875" angle="79.27779" ax="0.827355" ay="-0.305573" az="0.471285" tx="-0.381556" ty="0.080555" tz="0.63412"/>
    <Box sX="0.031052" sY="0.145" sZ="0.067142" angle="90" ax="0" ay="-1" az="0" tx="0.001737" ty="0.855" tz="0.119629"/>
  </Collision>
  <Connectivity>
    <Hinge type="51" oriented="0" angle="120" ax="0.57735" ay="0.57735" az="-0.57735" tx="0" ty="0" tz="0"/>
    <Axel type="14" length="0.27" grabbing="0" startCapped="1" endCapped="0" angle="90" ax="0" ay="1" az="0" tx="0" ty="0.74" tz="0"/>
    <Axel type="14" length="0.18" grabbing="0" startCapped="1" endCapped="0" angle="120" ax="0.57735" ay="0.57735" az="-0.57735" tx="0.68" ty="-0.105" tz="0"/>
    <Axel type="14" length="0.18" grabbing="0" startCapped="1" endCapped="0" angle="120" ax="0.57735" ay="-0.57735" az="0.57735" tx="-0.68" ty="-0.105" tz="0"/>
  </Connectivity>
  <PhysicsAttributes inertiaTensor="0.433615,0,0,0,0.450611,0,0,0,0.476072" centerOfMass="0,0.180172,0.482452" mass="1" frictionType="0"/>
  <Bounding>
    <AABB minX="-0.86" minY="-0.649656" minZ="-0.3" maxX="0.86" maxY="1.01" maxZ="1.2649"/>
  </Bounding>
  <GeometryBounding>
    <AABB minX="-0.86" minY="-0.649656" minZ="-0.3" maxX="0.86" maxY="1.01" maxZ="1.2649"/>
  </GeometryBounding>
</LEGOPrimitive>
