<?xml version="1.0" encoding="UTF-8" standalone="no" ?>
<LEGOPrimitive versionMajor="1" versionMinor="0">
  <Annotations>
    <Annotation platformid="200"/>
    <Annotation platformname="SYSTEM"/>
    <Annotation maingroupid="226"/>
    <Annotation maingroupname="GATES AND ROOFS"/>
    <Annotation designname="GLOBE TOP 10X10X4 - TR"/>
    <Annotation aliases="2598"/>
  </Annotations>
  <Collision>
    <Box sX="0.672604" sY="0.024979" sZ="0.342504" angle="0" ax="0" ay="1" az="0" tx="3.62996" ty="3.80502" tz="-0.602504"/>
    <Box sX="0.702487" sY="0.024979" sZ="0.342504" angle="90" ax="0" ay="-1" az="0" tx="4.1975" ty="3.80502" tz="-1.17662"/>
    <Box sX="0.790603" sY="0.024979" sZ="0.342504" angle="90" ax="0" ay="1" az="0" tx="3.0025" ty="3.80502" tz="-1.0506"/>
    <Box sX="0.94" sY="0.024979" sZ="0.342504" angle="0" ax="0" ay="1" az="0" tx="3.6" ty="3.80502" tz="-1.7975"/>
    <Box sX="1.00123" sY="0.024979" sZ="1.07962" angle="32.11303" ax="1" ay="0" az="0" tx="3.51957" ty="3.23114" tz="0.570142"/>
    <Box sX="1.40557" sY="0.024979" sZ="0.47041" angle="55.03772" ax="1" ay="0" az="0" tx="3.54586" ty="2.26778" tz="1.84861"/>
    <Box sX="0.830349" sY="0.024979" sZ="1.07962" angle="94.38738" ax="0.266577" ay="0.926215" az="-0.266577" tx="5.45431" ty="3.23114" tz="-1.20516"/>
    <Box sX="1.35143" sY="0.024979" sZ="1.03868" angle="102.32645" ax="0.419434" ay="0.805078" az="-0.419434" tx="6.97425" ty="1.80207" tz="-1.2"/>
    <Box sX="1.68706" sY="0.065" sZ="0.365" angle="148.60028" ax="0.281085" ay="0.678598" az="-0.678598" tx="6.34697" ty="0.585" tz="-3.94697"/>
    <Box sX="0.565081" sY="0.024979" sZ="1.07962" angle="135.94203" ax="0.116454" ay="0.954451" az="-0.274704" tx="4.95674" ty="3.23114" tz="-2.46449"/>
    <Box sX="0.830349" sY="0.024979" sZ="1.07962" angle="180" ax="0" ay="0.960989" az="-0.276586" tx="3.62421" ty="3.23114" tz="-3.05431"/>
    <Box sX="0.511459" sY="0.024979" sZ="1.07962" angle="139.55785" ax="0.106015" ay="-0.955574" az="0.275027" tx="2.32522" ty="3.23114" tz="-2.54724"/>
    <Box sX="0.830349" sY="0.024979" sZ="1.07962" angle="94.38738" ax="0.266577" ay="-0.926215" az="0.266577" tx="1.74569" ty="3.23114" tz="-1.19484"/>
    <Box sX="0.437424" sY="0.024979" sZ="1.07962" angle="58.64025" ax="0.512455" ay="-0.825215" az="0.237508" tx="2.19748" ty="3.23114" tz="0.013167"/>
    <Box sX="0.437424" sY="0.024979" sZ="1.07962" angle="54.79428" ax="0.555316" ay="0.799197" az="-0.230019" tx="4.92475" ty="3.23114" tz="0.097645"/>
    <Box sX="1.35143" sY="0.024979" sZ="1.03868" angle="69.9603" ax="0.744593" ay="0.591995" az="-0.308421" tx="5.98595" ty="1.80207" tz="1.18595"/>
    <Box sX="0.590714" sY="0.024979" sZ="1.03868" angle="55.03772" ax="1" ay="0" az="0" tx="2.83929" ty="1.80207" tz="2.17425"/>
    <Box sX="1.35143" sY="0.024979" sZ="1.03868" angle="69.9603" ax="0.744593" ay="-0.591995" az="0.308421" tx="1.21404" ty="1.80207" tz="1.18595"/>
    <Box sX="1.35143" sY="0.024979" sZ="1.03868" angle="102.32645" ax="0.419434" ay="-0.805078" az="0.419434" tx="0.22575" ty="1.80207" tz="-1.2"/>
    <Box sX="1.35143" sY="0.024979" sZ="1.03868" angle="140.32103" ax="0.187972" ay="-0.87105" az="0.453804" tx="1.21405" ty="1.80207" tz="-3.58596"/>
    <Box sX="1.35143" sY="0.024979" sZ="1.03868" angle="180" ax="0" ay="0.886859" az="-0.462041" tx="3.6" ty="1.80207" tz="-4.57425"/>
    <Box sX="1.35143" sY="0.024979" sZ="1.03868" angle="140.32103" ax="0.187972" ay="0.87105" az="-0.453804" tx="5.98595" ty="1.80207" tz="-3.58595"/>
    <Box sX="1.59" sY="0.065" sZ="0.47" angle="120" ax="0.57735" ay="0.57735" az="-0.57735" tx="7.525" ty="0.48" tz="-1.2"/>
    <Box sX="1.59" sY="0.065" sZ="0.47" angle="180" ax="0" ay="0.707107" az="-0.707107" tx="3.6" ty="0.48" tz="-5.125"/>
    <Box sX="1.68706" sY="0.065" sZ="0.365" angle="148.60028" ax="0.281085" ay="-0.678598" az="0.678598" tx="0.853033" ty="0.585" tz="-3.94697"/>
    <Box sX="1.59" sY="0.065" sZ="0.47" angle="120" ax="0.57735" ay="-0.57735" az="0.57735" tx="-0.325" ty="0.48" tz="-1.2"/>
    <Box sX="1.22744" sY="0.065" sZ="0.315" angle="98.42106" ax="0.862856" ay="-0.357407" az="0.357407" tx="0.528033" ty="0.535" tz="1.22197"/>
    <Box sX="0.253909" sY="0.065" sZ="0.47" angle="98.42106" ax="0.862856" ay="0.357407" az="-0.357407" tx="5.98358" ty="0.48" tz="1.91036"/>
    <Box sX="0.26" sY="0.04" sZ="0.247121" angle="90" ax="1" ay="0" az="0" tx="2.43" ty="0.602879" tz="2.43"/>
    <Box sX="0.21" sY="0.04" sZ="0.247121" angle="120" ax="0.57735" ay="0.57735" az="-0.57735" tx="4.99" ty="0.602879" tz="2.43"/>
    <Box sX="0.21" sY="0.04" sZ="0.247121" angle="120" ax="0.57735" ay="0.57735" az="-0.57735" tx="3.81" ty="0.602879" tz="2.43"/>
    <Box sX="0.21" sY="0.04" sZ="0.247121" angle="120" ax="0.57735" ay="0.57735" az="-0.57735" tx="3.39" ty="0.602879" tz="2.43"/>
    <Box sX="0.21" sY="0.04" sZ="0.247121" angle="120" ax="0.57735" ay="0.57735" az="-0.57735" tx="2.21" ty="0.602879" tz="2.43"/>
    <Box sX="0.095" sY="0.103137" sZ="0.103137" angle="45" ax="1" ay="0" az="0" tx="2.115" ty="0.56" tz="2.43"/>
    <Box sX="0.2" sY="0.103137" sZ="0.103137" angle="45" ax="1" ay="0" az="0" tx="3.55" ty="0.56" tz="2.43"/>
    <Box sX="0.065" sY="0.103137" sZ="0.103137" angle="45" ax="1" ay="0" az="0" tx="5.115" ty="0.56" tz="2.43"/>
    <Box sX="1.65579" sY="0.041345" sZ="0.313118" angle="0" ax="0" ay="1" az="0" tx="3.6" ty="0.911345" tz="2.48073"/>
    <Box sX="0.26" sY="0.04" sZ="0.247121" angle="90" ax="1" ay="0" az="0" tx="3.17" ty="0.602879" tz="2.43"/>
    <Box sX="0.26" sY="0.04" sZ="0.247121" angle="90" ax="1" ay="0" az="0" tx="4.03" ty="0.602879" tz="2.43"/>
    <Box sX="0.26" sY="0.04" sZ="0.247121" angle="90" ax="1" ay="0" az="0" tx="4.77" ty="0.602879" tz="2.43"/>
    <Box sX="0.63" sY="0.04" sZ="0.085" angle="90" ax="1" ay="0" az="0" tx="4.4" ty="0.765" tz="2.43"/>
    <Box sX="0.63" sY="0.04" sZ="0.085" angle="90" ax="1" ay="0" az="0" tx="2.8" ty="0.765" tz="2.43"/>
    <Box sX="0.590714" sY="0.024979" sZ="1.03868" angle="55.03772" ax="1" ay="0" az="0" tx="4.36071" ty="1.80207" tz="2.17425"/>
    <Box sX="0.147842" sY="0.065" sZ="0.47" angle="98.42106" ax="0.862856" ay="0.357407" az="-0.357407" tx="7.43536" ty="0.48" tz="0.458578"/>
    <Box sX="0.305685" sY="0.065" sZ="0.47" angle="98.42106" ax="0.862856" ay="0.357407" az="-0.357407" tx="6.74697" ty="0.48" tz="1.14697"/>
    <Box sX="1.22744" sY="0.065" sZ="0.365" angle="98.42106" ax="0.862856" ay="0.357407" az="-0.357407" tx="6.67197" ty="0.585" tz="1.22197"/>
    <Box sX="0.147843" sY="0.065" sZ="0.47" angle="148.60028" ax="0.281085" ay="0.678598" az="-0.678598" tx="7.43536" ty="0.48" tz="-2.85858"/>
    <Box sX="0.147842" sY="0.065" sZ="0.47" angle="148.60028" ax="0.281085" ay="0.678598" az="-0.678598" tx="5.25858" ty="0.48" tz="-5.03536"/>
    <Box sX="0.305685" sY="0.065" sZ="0.47" angle="148.60028" ax="0.281085" ay="0.678598" az="-0.678598" tx="6.74697" ty="0.48" tz="-3.54697"/>
    <Box sX="0.305685" sY="0.065" sZ="0.47" angle="148.60028" ax="0.281085" ay="0.678598" az="-0.678598" tx="5.94697" ty="0.48" tz="-4.34697"/>
    <Box sX="0.147842" sY="0.065" sZ="0.47" angle="148.60028" ax="0.281085" ay="-0.678598" az="0.678598" tx="1.94142" ty="0.48" tz="-5.03536"/>
    <Box sX="0.147843" sY="0.065" sZ="0.47" angle="148.60028" ax="0.281085" ay="-0.678598" az="0.678598" tx="-0.235355" ty="0.48" tz="-2.85858"/>
    <Box sX="0.305685" sY="0.065" sZ="0.47" angle="148.60028" ax="0.281085" ay="-0.678598" az="0.678598" tx="1.25303" ty="0.48" tz="-4.34697"/>
    <Box sX="0.305685" sY="0.065" sZ="0.47" angle="148.60028" ax="0.281085" ay="-0.678598" az="0.678598" tx="0.453033" ty="0.48" tz="-3.54697"/>
    <Box sX="0.147842" sY="0.065" sZ="0.42" angle="98.42106" ax="0.862856" ay="-0.357407" az="0.357407" tx="-0.235355" ty="0.43" tz="0.458579"/>
    <Box sX="0.253909" sY="0.065" sZ="0.42" angle="98.42106" ax="0.862856" ay="-0.357407" az="0.357407" tx="1.21642" ty="0.43" tz="1.91036"/>
    <Box sX="0.305685" sY="0.065" sZ="0.42" angle="98.42106" ax="0.862856" ay="-0.357407" az="0.357407" tx="0.453033" ty="0.43" tz="1.14697"/>
  </Collision>
  <Connectivity>
    <Custom2DField type="23" width="4" height="4" angle="0" ax="0" ay="1" az="0" tx="2.8" ty="3.839" tz="-2">
      29:0:1,23:4:1,29:0:1,23:4:1,29:0:1,
      23:4:1,1:4,23:4:1,1:4,23:4:1,
      29:0:1,23:4:1,18:4:1,23:4:1,29:0:1,
      23:4:1,1:4,23:4:1,1:4,23:4:1,
      29:0:1,23:4:1,29:0:1,23:4:1,29:0:1
    </Custom2DField>
    <Custom2DField type="22" width="4" height="4" angle="0" ax="0" ay="1" az="0" tx="2.8" ty="3.52" tz="-2">
      22:2:1,22:2:1,22:2:1,22:2:1,22:2:1,
      22:2:1,15:4:1,23:4:1,15:4:1,22:2:1,
      22:2:1,23:4:1,7:4:1,23:4:1,22:2:1,
      22:2:1,15:4:1,23:4:1,15:4:1,22:2:1,
      22:2:1,22:2:1,22:2:1,22:2:1,22:2:1
    </Custom2DField>
    <Custom2DField type="22" width="20" height="20" angle="0" ax="0" ay="1" az="0" tx="-0.4" ty="0" tz="-5.2">
      29:0:1,29:0:1,29:0:1,29:0:1,29:0:1,29:0:1,22:2:1,22:2:1,22:2:1,22:2:1,22:2:1,22:2:1,22:2:1,22:2:1,22:2:1,29:0:1,29:0:1,29:0:1,29:0:1,29:0:1,29:0:1,
      29:0:1,29:0:1,29:0:1,29:0:1,29:0:1,29:0:1,29:0:1,29:0:1,29:0:1,29:0:1,29:0:1,29:0:1,29:0:1,29:0:1,29:0:1,29:0:1,29:0:1,29:0:1,29:0:1,29:0:1,29:0:1,
      29:0:1,29:0:1,29:0:1,29:0:1,22:2:1,22:2:1,29:0:1,29:0:1,29:0:1,29:0:1,29:0:1,29:0:1,29:0:1,29:0:1,29:0:1,22:2:1,22:2:1,29:0:1,29:0:1,29:0:1,29:0:1,
      29:0:1,29:0:1,29:0:1,29:0:1,22:2:1,29:0:1,29:0:1,29:0:1,29:0:1,29:0:1,29:0:1,29:0:1,29:0:1,29:0:1,29:0:1,29:0:1,22:2:1,29:0:1,29:0:1,29:0:1,29:0:1,
      29:0:1,29:0:1,22:2:1,22:2:1,29:0:1,29:0:1,29:0:1,29:0:1,29:0:1,29:0:1,29:0:1,29:0:1,29:0:1,29:0:1,29:0:1,29:0:1,29:0:1,22:2:1,22:2:1,29:0:1,29:0:1,
      29:0:1,29:0:1,22:2:1,29:0:1,29:0:1,29:0:1,29:0:1,29:0:1,29:0:1,29:0:1,29:0:1,29:0:1,29:0:1,29:0:1,29:0:1,29:0:1,29:0:1,29:0:1,22:2:1,29:0:1,29:0:1,
      22:2:1,29:0:1,29:0:1,29:0:1,29:0:1,29:0:1,29:0:1,29:0:1,29:0:1,29:0:1,29:0:1,29:0:1,29:0:1,29:0:1,29:0:1,29:0:1,29:0:1,29:0:1,29:0:1,29:0:1,22:2:1,
      22:2:1,29:0:1,29:0:1,29:0:1,29:0:1,29:0:1,29:0:1,29:0:1,29:0:1,29:0:1,29:0:1,29:0:1,29:0:1,29:0:1,29:0:1,29:0:1,29:0:1,29:0:1,29:0:1,29:0:1,22:2:1,
      22:2:1,29:0:1,29:0:1,29:0:1,29:0:1,29:0:1,29:0:1,29:0:1,29:0:1,29:0:1,29:0:1,29:0:1,29:0:1,29:0:1,29:0:1,29:0:1,29:0:1,29:0:1,29:0:1,29:0:1,22:2:1,
      22:2:1,29:0:1,29:0:1,29:0:1,29:0:1,29:0:1,29:0:1,29:0:1,29:0:1,29:0:1,29:0:1,29:0:1,29:0:1,29:0:1,29:0:1,29:0:1,29:0:1,29:0:1,29:0:1,29:0:1,22:2:1,
      22:2:1,29:0:1,29:0:1,29:0:1,29:0:1,29:0:1,29:0:1,29:0:1,29:0:1,29:0:1,29:0:1,29:0:1,29:0:1,29:0:1,29:0:1,29:0:1,29:0:1,29:0:1,29:0:1,29:0:1,22:2:1,
      22:2:1,29:0:1,29:0:1,29:0:1,29:0:1,29:0:1,29:0:1,29:0:1,29:0:1,29:0:1,29:0:1,29:0:1,29:0:1,29:0:1,29:0:1,29:0:1,29:0:1,29:0:1,29:0:1,29:0:1,22:2:1,
      22:2:1,29:0:1,29:0:1,29:0:1,29:0:1,29:0:1,29:0:1,29:0:1,29:0:1,29:0:1,29:0:1,29:0:1,29:0:1,29:0:1,29:0:1,29:0:1,29:0:1,29:0:1,29:0:1,29:0:1,22:2:1,
      22:2:1,29:0:1,29:0:1,29:0:1,29:0:1,29:0:1,29:0:1,29:0:1,29:0:1,29:0:1,29:0:1,29:0:1,29:0:1,29:0:1,29:0:1,29:0:1,29:0:1,29:0:1,29:0:1,29:0:1,22:2:1,
      22:2:1,29:0:1,29:0:1,29:0:1,29:0:1,29:0:1,29:0:1,29:0:1,29:0:1,29:0:1,29:0:1,29:0:1,29:0:1,29:0:1,29:0:1,29:0:1,29:0:1,29:0:1,29:0:1,29:0:1,22:2:1,
      29:0:1,29:0:1,22:2:1,29:0:1,29:0:1,29:0:1,29:0:1,29:0:1,29:0:1,29:0:1,29:0:1,29:0:1,29:0:1,29:0:1,29:0:1,29:0:1,29:0:1,29:0:1,22:2:1,29:0:1,29:0:1,
      29:0:1,29:0:1,22:2:1,22:2:1,29:0:1,29:0:1,29:0:1,29:0:1,29:0:1,29:0:1,29:0:1,29:0:1,29:0:1,29:0:1,29:0:1,29:0:1,29:0:1,22:2:1,22:2:1,29:0:1,29:0:1,
      29:0:1,29:0:1,29:0:1,29:0:1,22:2:1,29:0:1,29:0:1,29:0:1,29:0:1,29:0:1,29:0:1,29:0:1,29:0:1,29:0:1,29:0:1,29:0:1,22:2:1,29:0:1,29:0:1,29:0:1,29:0:1,
      29:0:1,29:0:1,29:0:1,29:0:1,22:2:1,22:2:1,29:0:1,29:0:1,29:0:1,29:0:1,29:0:1,29:0:1,29:0:1,29:0:1,29:0:1,22:2:1,22:2:1,29:0:1,29:0:1,29:0:1,29:0:1,
      29:0:1,29:0:1,29:0:1,29:0:1,29:0:1,29:0:1,29:0:1,29:0:1,29:0:1,29:0:1,29:0:1,29:0:1,29:0:1,29:0:1,29:0:1,29:0:1,29:0:1,29:0:1,29:0:1,29:0:1,29:0:1,
      29:0:1,29:0:1,29:0:1,29:0:1,29:0:1,29:0:1,29:0:1,29:0:1,29:0:1,29:0:1,29:0:1,29:0:1,29:0:1,29:0:1,29:0:1,29:0:1,29:0:1,29:0:1,29:0:1,29:0:1,29:0:1
    </Custom2DField>
    <Axel type="4" length="0.11" grabbing="0" startCapped="0" endCapped="0" angle="90" ax="0" ay="1" az="0" tx="3.6" ty="3.73" tz="-1.2"/>
    <Hinge type="5" oriented="0" angle="90" ax="0" ay="0" az="-1" tx="4.4" ty="0.56" tz="2.43"/>
    <Hinge type="5" oriented="0" angle="90" ax="0" ay="0" az="-1" tx="2.8" ty="0.56" tz="2.43"/>
  </Connectivity>
  <PhysicsAttributes inertiaTensor="6.67802,0,0,0,10.66667,0,0,0,6.67802" centerOfMass="3.6,2.0085,-1.2" mass="1" frictionType="0"/>
  <Bounding>
    <AABB minX="-0.4" minY="0" minZ="-5.2" maxX="7.6" maxY="4.017" maxZ="2.8"/>
  </Bounding>
  <GeometryBounding>
    <AABB minX="-0.4" minY="0" minZ="-5.2" maxX="7.6" maxY="4.017" maxZ="2.8"/>
  </GeometryBounding>
</LEGOPrimitive>
