<?xml version="1.0" encoding="UTF-8" standalone="no" ?>
<LEGOPrimitive versionMajor="1" versionMinor="0">
  <Annotations>
    <Annotation platformid="200"/>
    <Annotation platformname="SYSTEM"/>
    <Annotation maingroupid="253"/>
    <Annotation maingroupname="FIGURE ACCESSORIES, UPPER BODY"/>
    <Annotation designname="LIFE JACKET"/>
    <Annotation aliases="2610"/>
  </Annotations>
  <Collision>
    <Box sX="0.544261" sY="0.561663" sZ="0.090431" angle="0" ax="0" ay="1" az="0" tx="-0.009638" ty="-0.574043" tz="0.517194"/>
    <Box sX="0.124505" sY="0.081093" sZ="0.482998" angle="180" ax="0" ay="1" az="0" tx="-0.710229" ty="0.118028" tz="-0.018342"/>
    <Box sX="0.141694" sY="0.081093" sZ="0.482998" angle="180" ax="0" ay="1" az="0" tx="0.72715" ty="0.118028" tz="-0.018342"/>
    <Box sX="0.123218" sY="0.081093" sZ="0.611199" angle="90" ax="0" ay="1" az="0" tx="0" ty="0.118028" tz="-0.655959"/>
  </Collision>
  <Connectivity>
    <Fixed type="30" axes="2" angle="180" ax="0" ay="1" az="0" tx="0.3" ty="0" tz="0"/>
    <Fixed type="30" axes="2" angle="0" ax="0" ay="1" az="0" tx="-0.3" ty="0" tz="0"/>
  </Connectivity>
  <PhysicsAttributes inertiaTensor="0.386658,0,0,0,0.45454,0,0,0,0.446331" centerOfMass="0,-0.446524,-0.066076" mass="1" frictionType="0"/>
  <Bounding>
    <AABB minX="-0.878247" minY="-1.19997" minZ="-0.835687" maxX="0.878247" maxY="0.306917" maxZ="0.703534"/>
  </Bounding>
  <GeometryBounding>
    <AABB minX="-0.878247" minY="-1.19997" minZ="-0.835687" maxX="0.878247" maxY="0.306917" maxZ="0.703534"/>
  </GeometryBounding>
</LEGOPrimitive>
