<?xml version="1.0" encoding="UTF-8" standalone="no" ?>
<LEGOPrimitive versionMajor="1" versionMinor="0">
  <Annotations>
    <Annotation platformid="200"/>
    <Annotation platformname="SYSTEM"/>
    <Annotation maingroupid="246"/>
    <Annotation maingroupname="FIGURE ACCESSORIES IN HAND"/>
    <Annotation designname="FISHING ROD 10M"/>
    <Annotation aliases="2614"/>
  </Annotations>
  <Collision>
    <Box sX="0.080883" sY="4.65731" sZ="0.047127" angle="0" ax="0" ay="1" az="0" tx="0.001008" ty="4.67734" tz="0.000536"/>
    <Box sX="0.090001" sY="0.031052" sZ="0.074915" angle="45" ax="0" ay="0" az="-1" tx="0.02297" ty="9.33068" tz="-0.012209"/>
    <Box sX="0.180718" sY="0.19" sZ="0.11" angle="0" ax="0" ay="1" az="0" tx="0.289305" ty="1.86" tz="0.000643"/>
    <Box sX="0.15" sY="0.050589" sZ="0.150566" angle="0" ax="0" ay="1" az="0" tx="0.640022" ty="2.07654" tz="0.002315"/>
    <Box sX="0.15" sY="0.048564" sZ="0.150566" angle="180" ax="0" ay="0" az="1" tx="0.640023" ty="1.64144" tz="0.002315"/>
    <Box sX="0.15" sY="0.048564" sZ="0.150566" angle="90" ax="0" ay="0" az="-1" tx="0.858587" ty="1.86" tz="0.002315"/>
    <Box sX="0.090001" sY="0.031052" sZ="0.074915" angle="98.42106" ax="0.862856" ay="-0.357407" az="-0.357407" tx="0.10087" ty="9.40858" tz="-0.121933"/>
    <Box sX="0.090001" sY="0.031052" sZ="0.074915" angle="180" ax="0.92388" ay="-0.382683" az="0" tx="0.189985" ty="9.49634" tz="-0.009572"/>
    <Box sX="0.090001" sY="0.031052" sZ="0.074915" angle="98.42106" ax="-0.862856" ay="0.357407" az="-0.357407" tx="0.100665" ty="9.40889" tz="0.114497"/>
  </Collision>
  <Connectivity>
    <Axel type="7" length="2.84" requireGrabbing="0" startCapped="0" endCapped="0" angle="90" ax="0" ay="1" az="0" tx="0" ty="0" tz="0"/>
    <Custom2DField type="23" width="2" height="2" angle="90" ax="1" ay="0" az="0" tx="0.240023" ty="2.26" tz="0.160643">
      29:0,29:0,29:0,
      29:0,1:4:36,29:0,
      29:0,29:0,29:0
    </Custom2DField>
    <Custom2DField type="23" width="2" height="2" angle="90" ax="-1" ay="0" az="0" tx="0.240023" ty="1.46" tz="-0.159357">
      29:0,29:0,29:0,
      29:0,1:4:36,29:0,
      29:0,29:0,29:0
    </Custom2DField>
    <Axel type="6" length="0.67988" grabbing="0" startCapped="0" endCapped="0" angle="120" ax="-0.57735" ay="0.57735" az="-0.57735" tx="0.640023" ty="1.86" tz="0.340523"/>
    <Custom2DField type="22" width="2" height="2" angle="0" ax="0" ay="1" az="0" tx="-0.4" ty="0" tz="-0.4">
      29:0,29:0,29:0,
      29:0,9:4:32,29:0,
      29:0,29:0,29:0
    </Custom2DField>
  </Connectivity>
  <PhysicsAttributes inertiaTensor="7.71854,0,0,0,0.143067,0,0,0,7.78454" centerOfMass="0.400023,4.8,0.000643" mass="1" frictionType="0"/>
  <Bounding>
    <AABB minX="-0.159977" minY="0" minZ="-0.339357" maxX="0.960023" maxY="9.6" maxZ="0.340643"/>
  </Bounding>
  <GeometryBounding>
    <AABB minX="-0.159977" minY="0" minZ="-0.339357" maxX="0.960023" maxY="9.6" maxZ="0.340523"/>
  </GeometryBounding>
</LEGOPrimitive>
