<?xml version="1.0" encoding="UTF-8" standalone="no" ?>
<LEGOPrimitive versionMajor="1" versionMinor="0">
  <Annotations>
    <Annotation platformid="200"/>
    <Annotation platformname="SYSTEM"/>
    <Annotation maingroupid="218"/>
    <Annotation maingroupname="BUILDING PLATES"/>
    <Annotation designname="PLATEAU 16X16X2 1/3"/>
    <Annotation aliases="2617"/>
  </Annotations>
  <Collision>
    <Box sX="6.39" sY="0.045" sZ="4.79" angle="0" ax="0" ay="1" az="0" tx="6" ty="1.865" tz="-6"/>
    <Box sX="0.065001" sY="1.055" sZ="0.54" angle="0" ax="0" ay="1" az="0" tx="0.475" ty="0.745" tz="-8.8"/>
    <Box sX="2.39" sY="0.95" sZ="0.067499" angle="0" ax="0" ay="1" az="0" tx="6" ty="0.64" tz="-12.3225"/>
    <Box sX="0.789999" sY="0.79" sZ="0.79" angle="0" ax="0" ay="1" az="0" tx="11.6" ty="0.8" tz="-0.4"/>
    <Box sX="0.789999" sY="0.79" sZ="0.79" angle="0" ax="0" ay="1" az="0" tx="0.400001" ty="0.8" tz="-0.4"/>
    <Box sX="0.789999" sY="0.79" sZ="0.79" angle="0" ax="0" ay="1" az="0" tx="0.400001" ty="0.8" tz="-11.6"/>
    <Box sX="0.789999" sY="0.79" sZ="0.79" angle="0" ax="0" ay="1" az="0" tx="11.6" ty="0.8" tz="-11.6"/>
    <Box sX="0.790001" sY="0.95" sZ="0.0675" angle="0" ax="0" ay="1" az="0" tx="2" ty="0.64" tz="0.3225"/>
    <Box sX="0.064999" sY="1.055" sZ="0.79" angle="0" ax="0" ay="1" az="0" tx="-0.324998" ty="0.745" tz="-2"/>
    <Box sX="0.064999" sY="1.055" sZ="0.79" angle="0" ax="0" ay="1" az="0" tx="-0.324998" ty="0.745" tz="-10"/>
    <Box sX="0.064999" sY="1.055" sZ="2.39" angle="0" ax="0" ay="1" az="0" tx="-0.324998" ty="0.745" tz="-6"/>
    <Box sX="0.064999" sY="1.055" sZ="2.39" angle="0" ax="0" ay="1" az="0" tx="12.325" ty="0.745" tz="-6"/>
    <Box sX="0.064999" sY="1.055" sZ="0.79" angle="0" ax="0" ay="1" az="0" tx="12.325" ty="0.745" tz="-10"/>
    <Box sX="0.064999" sY="1.055" sZ="0.79" angle="0" ax="0" ay="1" az="0" tx="12.325" ty="0.745" tz="-2"/>
    <Box sX="0.065001" sY="1.055" sZ="0.54" angle="0" ax="0" ay="1" az="0" tx="0.475" ty="0.745" tz="-3.2"/>
    <Box sX="0.065001" sY="0.95" sZ="0.3875" angle="0" ax="0" ay="1" az="0" tx="9.275" ty="0.64" tz="-0.1525"/>
    <Box sX="0.065001" sY="0.95" sZ="0.3875" angle="0" ax="0" ay="1" az="0" tx="8.325" ty="0.64" tz="-0.1525"/>
    <Box sX="0.065001" sY="1.055" sZ="0.54" angle="0" ax="0" ay="1" az="0" tx="11.525" ty="0.745" tz="-8.8"/>
    <Box sX="0.065001" sY="1.055" sZ="0.54" angle="0" ax="0" ay="1" az="0" tx="11.525" ty="0.745" tz="-3.2"/>
    <Box sX="0.540001" sY="0.95" sZ="0.0625" angle="0" ax="0" ay="1" az="0" tx="3.2" ty="0.64" tz="-11.5225"/>
    <Box sX="0.540001" sY="0.95" sZ="0.0625" angle="0" ax="0" ay="1" az="0" tx="3.2" ty="0.64" tz="-0.4775"/>
    <Box sX="0.540001" sY="0.95" sZ="0.0625" angle="0" ax="0" ay="1" az="0" tx="8.8" ty="0.64" tz="-0.4775"/>
    <Box sX="0.540001" sY="0.95" sZ="0.0625" angle="0" ax="0" ay="1" az="0" tx="8.8" ty="0.64" tz="-11.5275"/>
    <Box sX="0.065001" sY="0.95" sZ="0.3875" angle="0" ax="0" ay="1" az="0" tx="9.275" ty="0.64" tz="-11.8525"/>
    <Box sX="0.065001" sY="0.95" sZ="0.3875" angle="0" ax="0" ay="1" az="0" tx="8.325" ty="0.64" tz="-11.8525"/>
    <Box sX="0.065001" sY="0.95" sZ="0.3875" angle="0" ax="0" ay="1" az="0" tx="3.675" ty="0.64" tz="-0.1525"/>
    <Box sX="0.065001" sY="0.95" sZ="0.3875" angle="0" ax="0" ay="1" az="0" tx="2.725" ty="0.64" tz="-0.1525"/>
    <Box sX="0.065001" sY="0.95" sZ="0.3875" angle="0" ax="0" ay="1" az="0" tx="3.675" ty="0.64" tz="-11.8525"/>
    <Box sX="0.065001" sY="0.95" sZ="0.3875" angle="0" ax="0" ay="1" az="0" tx="2.725" ty="0.64" tz="-11.8525"/>
    <Box sX="0.065001" sY="1.055" sZ="1.59" angle="0" ax="0" ay="1" az="0" tx="4.475" ty="0.745" tz="-6"/>
    <Box sX="0.065001" sY="1.055" sZ="1.59" angle="0" ax="0" ay="1" az="0" tx="7.525" ty="0.745" tz="-6"/>
    <Box sX="0.065001" sY="1.055" sZ="1.59" angle="90" ax="0" ay="1" az="0" tx="6" ty="0.745" tz="-4.475"/>
    <Box sX="0.065001" sY="1.055" sZ="1.59" angle="90" ax="0" ay="1" az="0" tx="6" ty="0.745" tz="-7.525"/>
    <Box sX="0.464999" sY="1.055" sZ="0.065" angle="0" ax="0" ay="1" az="0" tx="0.075002" ty="0.745" tz="-3.675"/>
    <Box sX="0.464999" sY="1.055" sZ="0.065" angle="0" ax="0" ay="1" az="0" tx="0.075002" ty="0.745" tz="-2.725"/>
    <Box sX="0.464999" sY="1.055" sZ="0.065" angle="0" ax="0" ay="1" az="0" tx="0.075002" ty="0.745" tz="-8.325"/>
    <Box sX="0.464999" sY="1.055" sZ="0.065" angle="0" ax="0" ay="1" az="0" tx="0.075002" ty="0.745" tz="-9.275"/>
    <Box sX="0.464999" sY="1.055" sZ="0.065" angle="0" ax="0" ay="1" az="0" tx="11.925" ty="0.745" tz="-9.275"/>
    <Box sX="0.464999" sY="1.055" sZ="0.065" angle="0" ax="0" ay="1" az="0" tx="11.925" ty="0.745" tz="-8.325"/>
    <Box sX="0.464999" sY="1.055" sZ="0.065" angle="0" ax="0" ay="1" az="0" tx="11.925" ty="0.745" tz="-2.725"/>
    <Box sX="0.464999" sY="1.055" sZ="0.065" angle="0" ax="0" ay="1" az="0" tx="11.925" ty="0.745" tz="-3.675"/>
    <Box sX="0.790001" sY="0.95" sZ="0.0675" angle="0" ax="0" ay="1" az="0" tx="10" ty="0.64" tz="0.3225"/>
    <Box sX="2.39" sY="0.95" sZ="0.0675" angle="0" ax="0" ay="1" az="0" tx="6" ty="0.64" tz="0.3225"/>
    <Box sX="0.790001" sY="0.95" sZ="0.067499" angle="0" ax="0" ay="1" az="0" tx="10" ty="0.64" tz="-12.3225"/>
    <Box sX="0.790001" sY="0.95" sZ="0.067499" angle="0" ax="0" ay="1" az="0" tx="2" ty="0.64" tz="-12.3225"/>
    <Box sX="6.39" sY="0.045" sZ="0.3875" angle="0" ax="0" ay="1" az="0" tx="6" ty="1.545" tz="-0.8025"/>
    <Box sX="0.790001" sY="0.045" sZ="0.79" angle="0" ax="0" ay="1" az="0" tx="2" ty="1.545" tz="-0.4"/>
    <Box sX="0.790001" sY="0.045" sZ="0.79" angle="0" ax="0" ay="1" az="0" tx="10" ty="1.545" tz="-0.4"/>
    <Box sX="6.39" sY="0.045" sZ="0.3875" angle="0" ax="0" ay="1" az="0" tx="6" ty="1.545" tz="-11.1975"/>
    <Box sX="0.790001" sY="0.045" sZ="0.79" angle="0" ax="0" ay="1" az="0" tx="2" ty="1.545" tz="-11.6"/>
    <Box sX="0.790001" sY="0.045" sZ="0.79" angle="0" ax="0" ay="1" az="0" tx="10" ty="1.545" tz="-11.6"/>
    <Box sX="2.39" sY="0.045" sZ="0.79" angle="0" ax="0" ay="1" az="0" tx="6" ty="1.545" tz="-0.4"/>
    <Box sX="2.39" sY="0.045" sZ="0.790001" angle="0" ax="0" ay="1" az="0" tx="6" ty="1.545" tz="-11.6"/>
  </Collision>
  <Connectivity>
    <Custom2DField type="23" width="32" height="4" angle="0" ax="0" ay="1" az="0" tx="-0.4" ty="1.6" tz="-1.2">
      18:1:1,23:4:1,18:2:1,23:4:1,18:2:1,23:4:1,18:2:1,23:4:1,18:2:1,23:4:1,18:2:1,23:4:1,18:2:1,23:4:1,18:2:1,23:4:1,18:2:1,23:4:1,18:2:1,23:4:1,18:2:1,23:4:1,18:2:1,23:4:1,18:2:1,23:4:1,18:2:1,23:4:1,18:2:1,23:4:1,18:2:1,23:4:1,18:1:1,
      23:4:1,0:4:1,23:4:1,0:4:1,23:4:1,0:4:1,23:4:1,0:4:1,23:4:1,0:4:1,23:4:1,0:4:1,23:4:1,0:4:1,23:4:1,0:4:1,23:4:1,0:4:1,23:4:1,0:4:1,23:4:1,0:4:1,23:4:1,0:4:1,23:4:1,0:4:1,23:4:1,0:4:1,23:4:1,0:4:1,23:4:1,0:4:1,23:4:1,
      18:2:1,23:4:1,18:4:1,23:4:1,18:4:1,23:4:1,18:4:1,23:4:1,18:3:1,23:4:1,18:3:1,23:4:1,18:4:1,23:4:1,18:4:1,23:4:1,18:4:1,23:4:1,18:4:1,23:4:1,18:4:1,23:4:1,18:3:1,23:4:1,18:3:1,23:4:1,18:4:1,23:4:1,18:4:1,23:4:1,18:4:1,23:4:1,18:2:1,
      23:4:1,0:4:1,23:4:1,0:4:1,23:4:1,0:4:1,23:4:1,0:4:1,23:4:1,29:0:1,23:4:1,0:4:1,23:4:1,0:4:1,23:4:1,0:4:1,23:4:1,0:4:1,23:4:1,0:4:1,23:4:1,0:4:1,23:4:1,29:0:1,23:4:1,0:4:1,23:4:1,0:4:1,23:4:1,0:4:1,23:4:1,0:4:1,23:4:1,
      18:1:1,23:4:1,18:2:1,23:4:1,18:2:1,23:4:1,18:2:1,23:4:1,18:2:1,29:0:1,18:2:1,23:4:1,18:2:1,23:4:1,18:2:1,23:4:1,18:2:1,23:4:1,18:2:1,23:4:1,18:2:1,23:4:1,18:2:1,29:0:1,18:2:1,23:4:1,18:2:1,23:4:1,18:2:1,23:4:1,18:2:1,23:4:1,18:1:1
    </Custom2DField>
    <Custom2DField type="23" width="32" height="4" angle="0" ax="0" ay="1" az="0" tx="-0.4" ty="1.6" tz="-12.4">
      18:1:1,23:4:1,18:2:1,23:4:1,18:2:1,23:4:1,18:2:1,23:4:1,18:2:1,29:0:1,18:2:1,23:4:1,18:2:1,23:4:1,18:2:1,23:4:1,18:2:1,23:4:1,18:2:1,23:4:1,18:2:1,23:4:1,18:2:1,29:0:1,18:2:1,23:4:1,18:2:1,23:4:1,18:2:1,23:4:1,18:2:1,23:4:1,18:1:1,
      23:4:1,0:4:1,23:4:1,0:4:1,23:4:1,0:4:1,23:4:1,0:4:1,23:4:1,29:0:1,23:4:1,0:4:1,23:4:1,0:4:1,23:4:1,0:4:1,23:4:1,0:4:1,23:4:1,0:4:1,23:4:1,0:4:1,23:4:1,29:0:1,23:4:1,0:4:1,23:4:1,0:4:1,23:4:1,0:4:1,23:4:1,0:4:1,23:4:1,
      18:2:1,23:4:1,18:4:1,23:4:1,18:4:1,23:4:1,18:4:1,23:4:1,18:3:1,23:4:1,18:3:1,23:4:1,18:4:1,23:4:1,18:4:1,23:4:1,18:4:1,23:4:1,18:4:1,23:4:1,18:4:1,23:4:1,18:3:1,23:4:1,18:3:1,23:4:1,18:4:1,23:4:1,18:4:1,23:4:1,18:4:1,23:4:1,18:2:1,
      23:4:1,0:4:1,23:4:1,0:4:1,23:4:1,0:4:1,23:4:1,0:4:1,23:4:1,0:4:1,23:4:1,0:4:1,23:4:1,0:4:1,23:4:1,0:4:1,23:4:1,0:4:1,23:4:1,0:4:1,23:4:1,0:4:1,23:4:1,0:4:1,23:4:1,0:4:1,23:4:1,0:4:1,23:4:1,0:4:1,23:4:1,0:4:1,23:4:1,
      18:1:1,23:4:1,18:2:1,23:4:1,18:2:1,23:4:1,18:2:1,23:4:1,18:2:1,23:4:1,18:2:1,23:4:1,18:2:1,23:4:1,18:2:1,23:4:1,18:2:1,23:4:1,18:2:1,23:4:1,18:2:1,23:4:1,18:2:1,23:4:1,18:2:1,23:4:1,18:2:1,23:4:1,18:2:1,23:4:1,18:2:1,23:4:1,18:1:1
    </Custom2DField>
    <Custom2DField type="22" width="4" height="4" angle="0" ax="0" ay="1" az="0" tx="-0.4" ty="0" tz="-1.2">
      22:1:1,22:2:1,22:2:1,22:2:1,22:1:1,
      22:2:1,15:4:1,23:4:1,15:4:1,22:2:1,
      22:2:1,23:4:1,7:4:1,23:4:1,22:2:1,
      22:2:1,15:4:1,23:4:1,15:4:1,22:2:1,
      22:1:1,22:2:1,22:2:1,22:2:1,22:1:1
    </Custom2DField>
    <Custom2DField type="22" width="4" height="4" angle="0" ax="0" ay="1" az="0" tx="10.8" ty="0" tz="-1.2">
      22:1:1,22:2:1,22:2:1,22:2:1,22:1:1,
      22:2:1,15:4:1,23:4:1,15:4:1,22:2:1,
      22:2:1,23:4:1,7:4:1,23:4:1,22:2:1,
      22:2:1,15:4:1,23:4:1,15:4:1,22:2:1,
      22:1:1,22:2:1,22:2:1,22:2:1,22:1:1
    </Custom2DField>
    <Custom2DField type="22" width="2" height="16" angle="0" ax="0" ay="1" az="0" tx="-0.399998" ty="1.6" tz="-9.2">
      22:1:1,22:2:1,22:1:1,
      22:2:1,15:4:1,22:2:1,
      22:2:1,22:2:1,22:1:1,
      22:2:1,29:0:1,29:0:1,
      22:2:1,29:0:1,29:0:1,
      22:2:1,29:0:1,29:0:1,
      22:2:1,29:0:1,29:0:1,
      22:2:1,29:0:1,29:0:1,
      22:2:1,29:0:1,29:0:1,
      22:2:1,29:0:1,29:0:1,
      22:2:1,29:0:1,29:0:1,
      22:2:1,29:0:1,29:0:1,
      22:2:1,29:0:1,29:0:1,
      22:2:1,29:0:1,29:0:1,
      22:2:1,22:2:1,22:1:1,
      22:2:1,15:4:1,22:2:1,
      22:1:1,22:2:1,22:1:1
    </Custom2DField>
    <Custom2DField type="22" width="2" height="16" angle="0" ax="0" ay="1" az="0" tx="11.6" ty="1.6" tz="-9.2">
      22:1:1,22:2:1,22:1:1,
      22:2:1,15:4:1,22:2:1,
      22:1:1,22:2:1,22:2:1,
      29:0:1,29:0:1,22:2:1,
      29:0:1,29:0:1,22:2:1,
      29:0:1,29:0:1,22:2:1,
      29:0:1,29:0:1,22:2:1,
      29:0:1,29:0:1,22:2:1,
      29:0:1,29:0:1,22:2:1,
      29:0:1,29:0:1,22:2:1,
      29:0:1,29:0:1,22:2:1,
      29:0:1,29:0:1,22:2:1,
      29:0:1,29:0:1,22:2:1,
      29:0:1,29:0:1,22:2:1,
      22:1:1,22:2:1,22:2:1,
      22:2:1,15:4:1,22:2:1,
      22:1:1,22:2:1,22:1:1
    </Custom2DField>
    <Custom2DField type="22" width="4" height="4" angle="0" ax="0" ay="1" az="0" tx="-0.4" ty="0" tz="-12.4">
      22:1:1,22:2:1,22:2:1,22:2:1,22:1:1,
      22:2:1,15:4:1,23:4:1,15:4:1,22:2:1,
      22:2:1,23:4:1,7:4:1,23:4:1,22:2:1,
      22:2:1,15:4:1,23:4:1,15:4:1,22:2:1,
      22:1:1,22:2:1,22:2:1,22:2:1,22:1:1
    </Custom2DField>
    <Custom2DField type="22" width="4" height="4" angle="0" ax="0" ay="1" az="0" tx="10.8" ty="0" tz="-12.4">
      22:1:1,22:2:1,22:2:1,22:2:1,22:1:1,
      22:2:1,15:4:1,23:4:1,15:4:1,22:2:1,
      22:2:1,23:4:1,7:4:1,23:4:1,22:2:1,
      22:2:1,15:4:1,23:4:1,15:4:1,22:2:1,
      22:1:1,22:2:1,22:2:1,22:2:1,22:1:1
    </Custom2DField>
    <Custom2DField type="22" width="32" height="32" angle="0" ax="0" ay="1" az="0" tx="-0.4" ty="-0.32" tz="-12.4">
      29:0:1,29:0:1,29:0:1,29:0:1,22:2:1,22:2:1,22:2:1,22:2:1,22:2:1,29:0:1,22:2:1,22:2:1,22:2:1,22:2:1,22:2:1,22:2:1,22:2:1,22:2:1,22:2:1,22:2:1,22:2:1,22:2:1,22:2:1,29:0:1,22:2:1,22:2:1,22:2:1,22:2:1,22:2:1,29:0:1,29:0:1,29:0:1,29:0:1,
      29:0:1,29:0:1,29:0:1,29:0:1,15:4:1,15:4:1,15:4:1,15:4:1,22:2:1,29:0:1,22:2:1,15:4:1,15:4:1,15:4:1,15:4:1,15:4:1,15:4:1,15:4:1,15:4:1,15:4:1,15:4:1,15:4:1,22:2:1,29:0:1,22:2:1,15:4:1,15:4:1,15:4:1,15:4:1,29:0:1,29:0:1,29:0:1,29:0:1,
      29:0:1,29:0:1,29:0:1,29:0:1,29:0:1,29:0:1,29:0:1,15:4:1,22:2:1,22:2:1,22:2:1,15:4:1,29:0:1,29:0:1,29:0:1,29:0:1,29:0:1,29:0:1,29:0:1,29:0:1,29:0:1,15:4:1,22:2:1,22:2:1,22:2:1,15:4:1,29:0:1,29:0:1,29:0:1,29:0:1,29:0:1,29:0:1,29:0:1,
      29:0:1,29:0:1,29:0:1,29:0:1,29:0:1,29:0:1,29:0:1,15:4:1,15:4:1,15:4:1,15:4:1,15:4:1,29:0:1,29:0:1,29:0:1,29:0:1,29:0:1,29:0:1,29:0:1,29:0:1,29:0:1,15:4:1,15:4:1,15:4:1,15:4:1,15:4:1,29:0:1,29:0:1,29:0:1,29:0:1,29:0:1,29:0:1,29:0:1,
      22:2:1,15:4:1,29:0:1,29:0:1,29:0:1,29:0:1,29:0:1,29:0:1,29:0:1,29:0:1,29:0:1,29:0:1,29:0:1,29:0:1,29:0:1,29:0:1,29:0:1,29:0:1,29:0:1,29:0:1,29:0:1,29:0:1,29:0:1,29:0:1,29:0:1,29:0:1,29:0:1,29:0:1,29:0:1,29:0:1,29:0:1,15:4:1,22:2:1,
      22:2:1,15:4:1,29:0:1,29:0:1,29:0:1,29:0:1,29:0:1,29:0:1,29:0:1,29:0:1,29:0:1,29:0:1,29:0:1,29:0:1,29:0:1,29:0:1,29:0:1,29:0:1,29:0:1,29:0:1,29:0:1,29:0:1,29:0:1,29:0:1,29:0:1,29:0:1,29:0:1,29:0:1,29:0:1,29:0:1,29:0:1,15:4:1,22:2:1,
      22:2:1,15:4:1,29:0:1,29:0:1,29:0:1,29:0:1,29:0:1,29:0:1,29:0:1,29:0:1,29:0:1,29:0:1,29:0:1,29:0:1,29:0:1,29:0:1,29:0:1,29:0:1,29:0:1,29:0:1,29:0:1,29:0:1,29:0:1,29:0:1,29:0:1,29:0:1,29:0:1,29:0:1,29:0:1,29:0:1,29:0:1,15:4:1,22:2:1,
      22:2:1,15:4:1,15:4:1,15:4:1,29:0:1,29:0:1,29:0:1,29:0:1,29:0:1,29:0:1,29:0:1,29:0:1,29:0:1,29:0:1,29:0:1,29:0:1,29:0:1,29:0:1,29:0:1,29:0:1,29:0:1,29:0:1,29:0:1,29:0:1,29:0:1,29:0:1,29:0:1,29:0:1,29:0:1,15:4:1,15:4:1,15:4:1,22:2:1,
      22:2:1,22:2:1,22:2:1,15:4:1,29:0:1,29:0:1,29:0:1,29:0:1,29:0:1,29:0:1,29:0:1,29:0:1,29:0:1,29:0:1,29:0:1,29:0:1,29:0:1,29:0:1,29:0:1,29:0:1,29:0:1,29:0:1,29:0:1,29:0:1,29:0:1,29:0:1,29:0:1,29:0:1,29:0:1,15:4:1,22:2:1,22:2:1,22:2:1,
      29:0:1,29:0:1,22:2:1,15:4:1,29:0:1,29:0:1,29:0:1,29:0:1,29:0:1,29:0:1,29:0:1,29:0:1,29:0:1,29:0:1,29:0:1,29:0:1,29:0:1,29:0:1,29:0:1,29:0:1,29:0:1,29:0:1,29:0:1,29:0:1,29:0:1,29:0:1,29:0:1,29:0:1,29:0:1,15:4:1,22:2:1,29:0:1,29:0:1,
      22:2:1,22:2:1,22:2:1,15:4:1,29:0:1,29:0:1,29:0:1,29:0:1,29:0:1,29:0:1,29:0:1,29:0:1,29:0:1,29:0:1,29:0:1,29:0:1,29:0:1,29:0:1,29:0:1,29:0:1,29:0:1,29:0:1,29:0:1,29:0:1,29:0:1,29:0:1,29:0:1,29:0:1,29:0:1,15:4:1,22:2:1,22:2:1,22:2:1,
      22:2:1,15:4:1,15:4:1,15:4:1,29:0:1,29:0:1,29:0:1,29:0:1,29:0:1,29:0:1,29:0:1,29:0:1,29:0:1,29:0:1,29:0:1,29:0:1,29:0:1,29:0:1,29:0:1,29:0:1,29:0:1,29:0:1,29:0:1,29:0:1,29:0:1,29:0:1,29:0:1,29:0:1,29:0:1,15:4:1,15:4:1,15:4:1,22:2:1,
      22:2:1,15:4:1,29:0:1,29:0:1,29:0:1,29:0:1,29:0:1,29:0:1,29:0:1,29:0:1,29:0:1,29:0:1,22:2:1,22:2:1,22:2:1,22:2:1,22:2:1,22:2:1,22:2:1,22:2:1,22:2:1,29:0:1,29:0:1,29:0:1,29:0:1,29:0:1,29:0:1,29:0:1,29:0:1,29:0:1,29:0:1,15:4:1,22:2:1,
      22:2:1,15:4:1,29:0:1,29:0:1,29:0:1,29:0:1,29:0:1,29:0:1,29:0:1,29:0:1,29:0:1,29:0:1,22:2:1,15:4:1,15:4:1,15:4:1,15:4:1,15:4:1,15:4:1,15:4:1,22:2:1,29:0:1,29:0:1,29:0:1,29:0:1,29:0:1,29:0:1,29:0:1,29:0:1,29:0:1,29:0:1,15:4:1,22:2:1,
      22:2:1,15:4:1,29:0:1,29:0:1,29:0:1,29:0:1,29:0:1,29:0:1,29:0:1,29:0:1,29:0:1,29:0:1,22:2:1,15:4:1,29:0:1,29:0:1,29:0:1,29:0:1,29:0:1,15:4:1,22:2:1,29:0:1,29:0:1,29:0:1,29:0:1,29:0:1,29:0:1,29:0:1,29:0:1,29:0:1,29:0:1,15:4:1,22:2:1,
      22:2:1,15:4:1,29:0:1,29:0:1,29:0:1,29:0:1,29:0:1,29:0:1,29:0:1,29:0:1,29:0:1,29:0:1,22:2:1,15:4:1,29:0:1,29:0:1,29:0:1,29:0:1,29:0:1,15:4:1,22:2:1,29:0:1,29:0:1,29:0:1,29:0:1,29:0:1,29:0:1,29:0:1,29:0:1,29:0:1,29:0:1,15:4:1,22:2:1,
      22:2:1,15:4:1,29:0:1,29:0:1,29:0:1,29:0:1,29:0:1,29:0:1,29:0:1,29:0:1,29:0:1,29:0:1,22:2:1,15:4:1,29:0:1,29:0:1,29:0:1,29:0:1,29:0:1,15:4:1,22:2:1,29:0:1,29:0:1,29:0:1,29:0:1,29:0:1,29:0:1,29:0:1,29:0:1,29:0:1,29:0:1,15:4:1,22:2:1,
      22:2:1,15:4:1,29:0:1,29:0:1,29:0:1,29:0:1,29:0:1,29:0:1,29:0:1,29:0:1,29:0:1,29:0:1,22:2:1,15:4:1,29:0:1,29:0:1,29:0:1,29:0:1,29:0:1,15:4:1,22:2:1,29:0:1,29:0:1,29:0:1,29:0:1,29:0:1,29:0:1,29:0:1,29:0:1,29:0:1,29:0:1,15:4:1,22:2:1,
      22:2:1,15:4:1,29:0:1,29:0:1,29:0:1,29:0:1,29:0:1,29:0:1,29:0:1,29:0:1,29:0:1,29:0:1,22:2:1,15:4:1,29:0:1,29:0:1,29:0:1,29:0:1,29:0:1,15:4:1,22:2:1,29:0:1,29:0:1,29:0:1,29:0:1,29:0:1,29:0:1,29:0:1,29:0:1,29:0:1,29:0:1,15:4:1,22:2:1,
      22:2:1,15:4:1,29:0:1,29:0:1,29:0:1,29:0:1,29:0:1,29:0:1,29:0:1,29:0:1,29:0:1,29:0:1,22:2:1,15:4:1,15:4:1,15:4:1,15:4:1,15:4:1,15:4:1,15:4:1,22:2:1,29:0:1,29:0:1,29:0:1,29:0:1,29:0:1,29:0:1,29:0:1,29:0:1,29:0:1,29:0:1,15:4:1,22:2:1,
      22:2:1,15:4:1,29:0:1,29:0:1,29:0:1,29:0:1,29:0:1,29:0:1,29:0:1,29:0:1,29:0:1,29:0:1,22:2:1,22:2:1,22:2:1,22:2:1,22:2:1,22:2:1,22:2:1,22:2:1,22:2:1,29:0:1,29:0:1,29:0:1,29:0:1,29:0:1,29:0:1,29:0:1,29:0:1,29:0:1,29:0:1,15:4:1,22:2:1,
      22:2:1,15:4:1,15:4:1,15:4:1,29:0:1,29:0:1,29:0:1,29:0:1,29:0:1,29:0:1,29:0:1,29:0:1,29:0:1,29:0:1,29:0:1,29:0:1,29:0:1,29:0:1,29:0:1,29:0:1,29:0:1,29:0:1,29:0:1,29:0:1,29:0:1,29:0:1,29:0:1,29:0:1,29:0:1,15:4:1,15:4:1,15:4:1,22:2:1,
      22:2:1,22:2:1,22:2:1,15:4:1,29:0:1,29:0:1,29:0:1,29:0:1,29:0:1,29:0:1,29:0:1,29:0:1,29:0:1,29:0:1,29:0:1,29:0:1,29:0:1,29:0:1,29:0:1,29:0:1,29:0:1,29:0:1,29:0:1,29:0:1,29:0:1,29:0:1,29:0:1,29:0:1,29:0:1,15:4:1,22:2:1,22:2:1,22:2:1,
      29:0:1,29:0:1,22:2:1,15:4:1,29:0:1,29:0:1,29:0:1,29:0:1,29:0:1,29:0:1,29:0:1,29:0:1,29:0:1,29:0:1,29:0:1,29:0:1,29:0:1,29:0:1,29:0:1,29:0:1,29:0:1,29:0:1,29:0:1,29:0:1,29:0:1,29:0:1,29:0:1,29:0:1,29:0:1,15:4:1,22:2:1,29:0:1,29:0:1,
      22:2:1,22:2:1,22:2:1,15:4:1,29:0:1,29:0:1,29:0:1,29:0:1,29:0:1,29:0:1,29:0:1,29:0:1,29:0:1,29:0:1,29:0:1,29:0:1,29:0:1,29:0:1,29:0:1,29:0:1,29:0:1,29:0:1,29:0:1,29:0:1,29:0:1,29:0:1,29:0:1,29:0:1,29:0:1,15:4:1,22:2:1,22:2:1,22:2:1,
      22:2:1,15:4:1,15:4:1,15:4:1,29:0:1,29:0:1,29:0:1,29:0:1,29:0:1,29:0:1,29:0:1,29:0:1,29:0:1,29:0:1,29:0:1,29:0:1,29:0:1,29:0:1,29:0:1,29:0:1,29:0:1,29:0:1,29:0:1,29:0:1,29:0:1,29:0:1,29:0:1,29:0:1,29:0:1,15:4:1,15:4:1,15:4:1,22:2:1,
      22:2:1,15:4:1,29:0:1,29:0:1,29:0:1,29:0:1,29:0:1,29:0:1,29:0:1,29:0:1,29:0:1,29:0:1,29:0:1,29:0:1,29:0:1,29:0:1,29:0:1,29:0:1,29:0:1,29:0:1,29:0:1,29:0:1,29:0:1,29:0:1,29:0:1,29:0:1,29:0:1,29:0:1,29:0:1,29:0:1,29:0:1,15:4:1,22:2:1,
      22:2:1,15:4:1,29:0:1,29:0:1,29:0:1,29:0:1,29:0:1,29:0:1,29:0:1,29:0:1,29:0:1,29:0:1,29:0:1,29:0:1,29:0:1,29:0:1,29:0:1,29:0:1,29:0:1,29:0:1,29:0:1,29:0:1,29:0:1,29:0:1,29:0:1,29:0:1,29:0:1,29:0:1,29:0:1,29:0:1,29:0:1,15:4:1,22:2:1,
      22:2:1,15:4:1,29:0:1,29:0:1,29:0:1,29:0:1,29:0:1,29:0:1,29:0:1,29:0:1,29:0:1,29:0:1,29:0:1,29:0:1,29:0:1,29:0:1,29:0:1,29:0:1,29:0:1,29:0:1,29:0:1,29:0:1,29:0:1,29:0:1,29:0:1,29:0:1,29:0:1,29:0:1,29:0:1,29:0:1,29:0:1,15:4:1,22:2:1,
      29:0:1,29:0:1,29:0:1,29:0:1,29:0:1,29:0:1,29:0:1,15:4:1,15:4:1,15:4:1,15:4:1,15:4:1,29:0:1,29:0:1,29:0:1,29:0:1,29:0:1,29:0:1,29:0:1,29:0:1,29:0:1,15:4:1,15:4:1,15:4:1,15:4:1,15:4:1,29:0:1,29:0:1,29:0:1,29:0:1,29:0:1,29:0:1,29:0:1,
      29:0:1,29:0:1,29:0:1,29:0:1,29:0:1,29:0:1,29:0:1,15:4:1,22:2:1,22:2:1,22:2:1,15:4:1,29:0:1,29:0:1,29:0:1,29:0:1,29:0:1,29:0:1,29:0:1,29:0:1,29:0:1,15:4:1,22:2:1,22:2:1,22:2:1,15:4:1,29:0:1,29:0:1,29:0:1,29:0:1,29:0:1,29:0:1,29:0:1,
      29:0:1,29:0:1,29:0:1,29:0:1,15:4:1,15:4:1,15:4:1,15:4:1,22:2:1,29:0:1,22:2:1,15:4:1,15:4:1,15:4:1,15:4:1,15:4:1,15:4:1,15:4:1,15:4:1,15:4:1,15:4:1,15:4:1,22:2:1,29:0:1,22:2:1,15:4:1,15:4:1,15:4:1,15:4:1,29:0:1,29:0:1,29:0:1,29:0:1,
      29:0:1,29:0:1,29:0:1,29:0:1,22:2:1,22:2:1,22:2:1,22:2:1,22:2:1,29:0:1,22:2:1,22:2:1,22:2:1,22:2:1,22:2:1,22:2:1,22:2:1,22:2:1,22:2:1,22:2:1,22:2:1,22:2:1,22:2:1,29:0:1,22:2:1,22:2:1,22:2:1,22:2:1,22:2:1,29:0:1,29:0:1,29:0:1,29:0:1
    </Custom2DField>
  </Connectivity>
  <PhysicsAttributes inertiaTensor="14.07147,0,0,0,27.30667,0,0,0,14.07147" centerOfMass="6,0.8,-6" mass="1" frictionType="0"/>
  <Bounding>
    <AABB minX="-0.4" minY="-0.32" minZ="-12.4" maxX="12.4" maxY="1.92" maxZ="0.400001"/>
  </Bounding>
  <GeometryBounding>
    <AABB minX="-0.399998" minY="-0.32" minZ="-12.4" maxX="12.4" maxY="1.92" maxZ="0.4"/>
  </GeometryBounding>
</LEGOPrimitive>
