<?xml version="1.0" encoding="UTF-8" standalone="no" ?>
<LEGOPrimitive versionMajor="1" versionMinor="0">
  <Annotations>
    <Annotation platformid="200"/>
    <Annotation platformname="SYSTEM"/>
    <Annotation maingroupid="226"/>
    <Annotation maingroupname="GATES AND ROOFS"/>
    <Annotation designname="GLOBE INVERTED 10X10X4"/>
    <Annotation aliases="2618"/>
  </Annotations>
  <Collision>
    <Box sX="0.2675" sY="0.306238" sZ="0.547947" angle="0" ax="0" ay="1" az="0" tx="3.3225" ty="-0.636238" tz="-0.397504"/>
    <Box sX="0.2675" sY="0.306238" sZ="0.547947" angle="90" ax="0" ay="1" az="0" tx="2.8" ty="-0.636238" tz="-0.9225"/>
    <Box sX="0.2675" sY="0.306238" sZ="0.547947" angle="180" ax="0" ay="1" az="0" tx="2.275" ty="-0.636238" tz="-0.397504"/>
    <Box sX="0.2675" sY="0.306238" sZ="0.547947" angle="90" ax="0" ay="-1" az="0" tx="2.8" ty="-0.636238" tz="0.127492"/>
    <Box sX="0.79" sY="0.31" sZ="0.79" angle="0" ax="0" ay="1" az="0" tx="5.2" ty="0.32" tz="-0.4"/>
    <Box sX="0.39" sY="0.15" sZ="0.79" angle="0" ax="0" ay="1" az="0" tx="5.6" ty="0.8" tz="-0.4"/>
    <Box sX="0.39" sY="0.108705" sZ="1.57816" angle="0" ax="0" ay="1" az="0" tx="6.4" ty="1.80129" tz="-0.4"/>
    <Box sX="0.682422" sY="0.045834" sZ="1.34378" angle="55.13437" ax="0" ay="0" az="1" tx="6.31487" ty="1.31791" tz="-0.4"/>
    <Box sX="0.065" sY="0.47" sZ="1.53706" angle="45" ax="0" ay="-1" az="0" tx="5.54697" ty="2.4" tz="2.34697"/>
    <Box sX="0.065" sY="1.029" sZ="1.17925" angle="56.29486" ax="0.242211" ay="-0.77421" az="-0.58475" tx="5.13771" ty="1.109" tz="1.93771"/>
    <Box sX="0.464087" sY="0.061" sZ="0.541814" angle="45" ax="0" ay="-1" az="0" tx="3.30972" ty="-0.711" tz="0.109719"/>
    <Box sX="0.065" sY="0.897012" sZ="0.555686" angle="72.07993" ax="0.314621" ay="-0.569281" az="-0.759561" tx="4.17923" ty="-0.225076" tz="0.979232"/>
    <Box sX="0.065" sY="0.322118" sZ="0.64232" angle="0" ax="0" ay="1" az="0" tx="4.325" ty="-0.222118" tz="-0.4"/>
    <Box sX="0.065" sY="0.373928" sZ="0.871409" angle="72.07993" ax="0.314621" ay="-0.569281" az="-0.759561" tx="4.49241" ty="0.053233" tz="1.29241"/>
    <Box sX="0.79" sY="0.31" sZ="0.79" angle="90" ax="0" ay="1" az="0" tx="2.8" ty="0.32" tz="-2.8"/>
    <Box sX="0.39" sY="0.15" sZ="0.79" angle="90" ax="0" ay="1" az="0" tx="2.8" ty="0.8" tz="-3.2"/>
    <Box sX="0.39" sY="0.108705" sZ="1.57816" angle="90" ax="0" ay="1" az="0" tx="2.8" ty="1.80129" tz="-4"/>
    <Box sX="0.682422" sY="0.045834" sZ="1.34378" angle="102.36701" ax="0.419993" ay="0.804495" az="0.419993" tx="2.8" ty="1.31791" tz="-3.91487"/>
    <Box sX="0.065" sY="0.47" sZ="1.53706" angle="45" ax="0" ay="1" az="0" tx="5.54697" ty="2.4" tz="-3.14697"/>
    <Box sX="0.065" sY="1.029" sZ="1.17925" angle="56.29486" ax="-0.242211" ay="0.77421" az="-0.58475" tx="5.13771" ty="1.109" tz="-2.73771"/>
    <Box sX="0.464087" sY="0.061" sZ="0.541814" angle="45" ax="0" ay="1" az="0" tx="3.30972" ty="-0.711" tz="-0.909719"/>
    <Box sX="0.065" sY="0.897012" sZ="0.555686" angle="72.07993" ax="-0.314621" ay="0.569281" az="-0.759561" tx="4.17923" ty="-0.225076" tz="-1.77923"/>
    <Box sX="0.065" sY="0.322118" sZ="0.64232" angle="90" ax="0" ay="1" az="0" tx="2.8" ty="-0.222118" tz="-1.925"/>
    <Box sX="0.065" sY="0.373928" sZ="0.871409" angle="72.07993" ax="-0.314621" ay="0.569281" az="-0.759561" tx="4.49241" ty="0.053233" tz="-2.09241"/>
    <Box sX="0.79" sY="0.31" sZ="0.79" angle="180" ax="0" ay="1" az="0" tx="0.4" ty="0.32" tz="-0.4"/>
    <Box sX="0.39" sY="0.15" sZ="0.79" angle="180" ax="0" ay="1" az="0" tx="0" ty="0.8" tz="-0.4"/>
    <Box sX="0.39" sY="0.108705" sZ="1.57816" angle="180" ax="0" ay="1" az="0" tx="-0.8" ty="1.80129" tz="-0.4"/>
    <Box sX="0.682422" sY="0.045834" sZ="1.34378" angle="180" ax="0.462788" ay="0.886469" az="0" tx="-0.71487" ty="1.31791" tz="-0.4"/>
    <Box sX="0.065" sY="0.47" sZ="1.53706" angle="135" ax="0" ay="1" az="0" tx="0.053033" ty="2.4" tz="-3.14697"/>
    <Box sX="0.065" sY="1.029" sZ="1.17925" angle="137.15686" ax="-0.296322" ay="0.947169" az="-0.12274" tx="0.462287" ty="1.109" tz="-2.73771"/>
    <Box sX="0.464087" sY="0.061" sZ="0.541814" angle="135" ax="0" ay="1" az="0" tx="2.29028" ty="-0.711" tz="-0.909719"/>
    <Box sX="0.065" sY="0.897012" sZ="0.555686" angle="140.86272" ax="-0.474282" ay="0.858174" az="-0.196454" tx="1.42077" ty="-0.225076" tz="-1.77923"/>
    <Box sX="0.065" sY="0.322118" sZ="0.64232" angle="180" ax="0" ay="1" az="0" tx="1.275" ty="-0.222118" tz="-0.4"/>
    <Box sX="0.065" sY="0.373928" sZ="0.871409" angle="140.86272" ax="-0.474282" ay="0.858174" az="-0.196454" tx="1.10759" ty="0.053233" tz="-2.09241"/>
    <Box sX="0.79" sY="0.31" sZ="0.79" angle="90" ax="0" ay="-1" az="0" tx="2.8" ty="0.32" tz="2"/>
    <Box sX="0.39" sY="0.15" sZ="0.79" angle="90" ax="0" ay="-1" az="0" tx="2.8" ty="0.8" tz="2.4"/>
    <Box sX="0.39" sY="0.108705" sZ="1.57816" angle="90" ax="0" ay="-1" az="0" tx="2.8" ty="1.80129" tz="3.2"/>
    <Box sX="0.682422" sY="0.045834" sZ="1.34378" angle="102.36701" ax="-0.419993" ay="-0.804495" az="0.419993" tx="2.8" ty="1.31791" tz="3.11487"/>
    <Box sX="0.065" sY="0.47" sZ="1.53706" angle="135" ax="0" ay="-1" az="0" tx="0.053033" ty="2.4" tz="2.34697"/>
    <Box sX="0.065" sY="1.029" sZ="1.17925" angle="137.15686" ax="0.296322" ay="-0.947169" az="-0.12274" tx="0.462286" ty="1.109" tz="1.93771"/>
    <Box sX="0.464087" sY="0.061" sZ="0.541814" angle="135" ax="0" ay="-1" az="0" tx="2.29028" ty="-0.711" tz="0.109719"/>
    <Box sX="0.065" sY="0.897012" sZ="0.555686" angle="140.86272" ax="0.474282" ay="-0.858174" az="-0.196454" tx="1.42077" ty="-0.225076" tz="0.979232"/>
    <Box sX="0.065" sY="0.322118" sZ="0.64232" angle="90" ax="0" ay="-1" az="0" tx="2.8" ty="-0.222118" tz="1.125"/>
    <Box sX="0.065" sY="0.373928" sZ="0.871409" angle="140.86272" ax="0.474282" ay="-0.858174" az="-0.196454" tx="1.10759" ty="0.053233" tz="1.29241"/>
    <Box sX="0.065" sY="0.675212" sZ="0.057229" angle="62.31327" ax="0" ay="0" az="-1" tx="4.97191" ty="-0.083765" tz="0.467229"/>
    <Box sX="0.065" sY="0.672788" sZ="0.057229" angle="62.31327" ax="0" ay="0" az="-1" tx="4.96976" ty="-0.084891" tz="-1.26723"/>
    <Box sX="0.065" sY="0.672788" sZ="0.057229" angle="105.52635" ax="0.45952" ay="-0.760055" az="-0.45952" tx="3.66723" ty="-0.084891" tz="1.76976"/>
    <Box sX="0.065" sY="0.675212" sZ="0.057229" angle="105.52635" ax="0.45952" ay="-0.760055" az="-0.45952" tx="1.93277" ty="-0.083765" tz="1.77191"/>
    <Box sX="0.065" sY="0.672788" sZ="0.057229" angle="180" ax="-0.51738" ay="0.855756" az="0" tx="0.630238" ty="-0.084891" tz="0.467228"/>
    <Box sX="0.065" sY="0.675212" sZ="0.057229" angle="180" ax="-0.51738" ay="0.855756" az="0" tx="0.628092" ty="-0.083765" tz="-1.26723"/>
    <Box sX="0.065" sY="0.672788" sZ="0.057229" angle="105.52635" ax="-0.45952" ay="0.760055" az="-0.45952" tx="1.93277" ty="-0.084891" tz="-2.56976"/>
    <Box sX="0.065" sY="0.675212" sZ="0.057229" angle="105.52635" ax="-0.45952" ay="0.760055" az="-0.45952" tx="3.66723" ty="-0.083765" tz="-2.57191"/>
  </Collision>
  <Connectivity>
    <Custom2DField type="23" width="20" height="20" angle="0" ax="0" ay="1" az="0" tx="-1.2" ty="1.92" tz="-4.4">
      29:0:1,29:0:1,29:0:1,29:0:1,29:0:1,29:0:1,29:0:1,23:4:1,18:2:1,23:4:1,18:2:1,23:4:1,18:2:1,23:4:1,29:0:1,29:0:1,29:0:1,29:0:1,29:0:1,29:0:1,29:0:1,
      29:0:1,29:0:1,29:0:1,29:0:1,29:0:1,29:0:1,29:0:1,1:4,23:4:1,1:4,23:4:1,1:4,23:4:1,1:4,29:0:1,29:0:1,29:0:1,29:0:1,29:0:1,29:0:1,29:0:1,
      29:0:1,29:0:1,29:0:1,29:0:1,29:0:1,29:0:1,18:2:1,23:4:1,18:2:1,23:4:1,18:2:1,23:4:1,18:2:1,23:4:1,18:2:1,29:0:1,29:0:1,29:0:1,29:0:1,29:0:1,29:0:1,
      29:0:1,29:0:1,29:0:1,29:0:1,29:0:1,29:0:1,29:0:1,29:0:1,29:0:1,29:0:1,29:0:1,29:0:1,29:0:1,29:0:1,29:0:1,29:0:1,29:0:1,29:0:1,29:0:1,29:0:1,29:0:1,
      29:0:1,29:0:1,29:0:1,29:0:1,29:0:1,29:0:1,29:0:1,29:0:1,29:0:1,29:0:1,29:0:1,29:0:1,29:0:1,29:0:1,29:0:1,29:0:1,29:0:1,29:0:1,29:0:1,29:0:1,29:0:1,
      29:0:1,29:0:1,29:0:1,29:0:1,29:0:1,29:0:1,29:0:1,29:0:1,29:0:1,29:0:1,29:0:1,29:0:1,29:0:1,29:0:1,29:0:1,29:0:1,29:0:1,29:0:1,29:0:1,29:0:1,29:0:1,
      29:0:1,29:0:1,18:2:1,29:0:1,29:0:1,29:0:1,29:0:1,29:0:1,29:0:1,29:0:1,29:0:1,29:0:1,29:0:1,29:0:1,29:0:1,29:0:1,29:0:1,29:0:1,18:2:1,29:0:1,29:0:1,
      23:4:1,1:4,23:4:1,29:0:1,29:0:1,29:0:1,29:0:1,29:0:1,29:0:1,29:0:1,29:0:1,29:0:1,29:0:1,29:0:1,29:0:1,29:0:1,29:0:1,29:0:1,23:4:1,1:4,23:4:1,
      18:2:1,23:4:1,18:2:1,29:0:1,29:0:1,29:0:1,29:0:1,29:0:1,29:0:1,29:0:1,29:0:1,29:0:1,29:0:1,29:0:1,29:0:1,29:0:1,29:0:1,29:0:1,18:2:1,23:4:1,18:2:1,
      23:4:1,1:4,23:4:1,29:0:1,29:0:1,29:0:1,29:0:1,29:0:1,29:0:1,29:0:1,29:0:1,29:0:1,29:0:1,29:0:1,29:0:1,29:0:1,29:0:1,29:0:1,23:4:1,1:4,23:4:1,
      18:2:1,23:4:1,18:2:1,29:0:1,29:0:1,29:0:1,29:0:1,29:0:1,29:0:1,29:0:1,29:0:1,29:0:1,29:0:1,29:0:1,29:0:1,29:0:1,29:0:1,29:0:1,18:2:1,23:4:1,18:2:1,
      23:4:1,1:4,23:4:1,29:0:1,29:0:1,29:0:1,29:0:1,29:0:1,29:0:1,29:0:1,29:0:1,29:0:1,29:0:1,29:0:1,29:0:1,29:0:1,29:0:1,29:0:1,23:4:1,1:4,23:4:1,
      18:2:1,23:4:1,18:2:1,29:0:1,29:0:1,29:0:1,29:0:1,29:0:1,29:0:1,29:0:1,29:0:1,29:0:1,29:0:1,29:0:1,29:0:1,29:0:1,29:0:1,29:0:1,18:2:1,23:4:1,18:2:1,
      23:4:1,1:4,23:4:1,29:0:1,29:0:1,29:0:1,29:0:1,29:0:1,29:0:1,29:0:1,29:0:1,29:0:1,29:0:1,29:0:1,29:0:1,29:0:1,29:0:1,29:0:1,23:4:1,1:4,23:4:1,
      29:0:1,29:0:1,18:2:1,29:0:1,29:0:1,29:0:1,29:0:1,29:0:1,29:0:1,29:0:1,29:0:1,29:0:1,29:0:1,29:0:1,29:0:1,29:0:1,29:0:1,29:0:1,18:2:1,29:0:1,29:0:1,
      29:0:1,29:0:1,29:0:1,29:0:1,29:0:1,29:0:1,29:0:1,29:0:1,29:0:1,29:0:1,29:0:1,29:0:1,29:0:1,29:0:1,29:0:1,29:0:1,29:0:1,29:0:1,29:0:1,29:0:1,29:0:1,
      29:0:1,29:0:1,29:0:1,29:0:1,29:0:1,29:0:1,29:0:1,29:0:1,29:0:1,29:0:1,29:0:1,29:0:1,29:0:1,29:0:1,29:0:1,29:0:1,29:0:1,29:0:1,29:0:1,29:0:1,29:0:1,
      29:0:1,29:0:1,29:0:1,29:0:1,29:0:1,29:0:1,29:0:1,29:0:1,29:0:1,29:0:1,29:0:1,29:0:1,29:0:1,29:0:1,29:0:1,29:0:1,29:0:1,29:0:1,29:0:1,29:0:1,29:0:1,
      29:0:1,29:0:1,29:0:1,29:0:1,29:0:1,29:0:1,18:2:1,23:4:1,18:2:1,23:4:1,18:2:1,23:4:1,18:2:1,23:4:1,18:2:1,29:0:1,29:0:1,29:0:1,29:0:1,29:0:1,29:0:1,
      29:0:1,29:0:1,29:0:1,29:0:1,29:0:1,29:0:1,29:0:1,1:4,23:4:1,1:4,23:4:1,1:4,23:4:1,1:4,29:0:1,29:0:1,29:0:1,29:0:1,29:0:1,29:0:1,29:0:1,
      29:0:1,29:0:1,29:0:1,29:0:1,29:0:1,29:0:1,29:0:1,23:4:1,18:2:1,23:4:1,18:2:1,23:4:1,18:2:1,23:4:1,29:0:1,29:0:1,29:0:1,29:0:1,29:0:1,29:0:1,29:0:1
    </Custom2DField>
    <Custom2DField type="23" width="16" height="16" angle="0" ax="0" ay="1" az="0" tx="-0.4" ty="0.96" tz="-3.6">
      29:0:1,29:0:1,29:0:1,29:0:1,29:0:1,29:0:1,29:0:1,23:4:1,29:0:1,23:4:1,29:0:1,29:0:1,29:0:1,29:0:1,29:0:1,29:0:1,29:0:1,
      29:0:1,29:0:1,29:0:1,29:0:1,29:0:1,29:0:1,23:4:1,0:4:1,23:4:1,0:4:1,23:4:1,29:0:1,29:0:1,29:0:1,29:0:1,29:0:1,29:0:1,
      29:0:1,29:0:1,29:0:1,29:0:1,29:0:1,29:0:1,18:1:1,23:4:1,18:2:1,23:4:1,18:1:1,29:0:1,29:0:1,29:0:1,29:0:1,29:0:1,29:0:1,
      29:0:1,29:0:1,29:0:1,29:0:1,29:0:1,29:0:1,29:0:1,29:0:1,29:0:1,29:0:1,29:0:1,29:0:1,29:0:1,29:0:1,29:0:1,29:0:1,29:0:1,
      29:0:1,29:0:1,29:0:1,29:0:1,29:0:1,29:0:1,29:0:1,29:0:1,29:0:1,29:0:1,29:0:1,29:0:1,29:0:1,29:0:1,29:0:1,29:0:1,29:0:1,
      29:0:1,29:0:1,29:0:1,29:0:1,29:0:1,29:0:1,29:0:1,29:0:1,29:0:1,29:0:1,29:0:1,29:0:1,29:0:1,29:0:1,29:0:1,29:0:1,29:0:1,
      29:0:1,23:4:1,18:1:1,29:0:1,29:0:1,29:0:1,29:0:1,29:0:1,29:0:1,29:0:1,29:0:1,29:0:1,29:0:1,29:0:1,18:1:1,23:4:1,29:0:1,
      23:4:1,0:4:1,23:4:1,29:0:1,29:0:1,29:0:1,29:0:1,29:0:1,29:0:1,29:0:1,29:0:1,29:0:1,29:0:1,29:0:1,23:4:1,0:4:1,23:4:1,
      29:0:1,23:4:1,18:2:1,29:0:1,29:0:1,29:0:1,29:0:1,29:0:1,29:0:1,29:0:1,29:0:1,29:0:1,29:0:1,29:0:1,18:2:1,23:4:1,29:0:1,
      23:4:1,0:4:1,23:4:1,29:0:1,29:0:1,29:0:1,29:0:1,29:0:1,29:0:1,29:0:1,29:0:1,29:0:1,29:0:1,29:0:1,23:4:1,0:4:1,23:4:1,
      29:0:1,23:4:1,18:1:1,29:0:1,29:0:1,29:0:1,29:0:1,29:0:1,29:0:1,29:0:1,29:0:1,29:0:1,29:0:1,29:0:1,18:1:1,23:4:1,29:0:1,
      29:0:1,29:0:1,29:0:1,29:0:1,29:0:1,29:0:1,29:0:1,29:0:1,29:0:1,29:0:1,29:0:1,29:0:1,29:0:1,29:0:1,29:0:1,29:0:1,29:0:1,
      29:0:1,29:0:1,29:0:1,29:0:1,29:0:1,29:0:1,29:0:1,29:0:1,29:0:1,29:0:1,29:0:1,29:0:1,29:0:1,29:0:1,29:0:1,29:0:1,29:0:1,
      29:0:1,29:0:1,29:0:1,29:0:1,29:0:1,29:0:1,29:0:1,29:0:1,29:0:1,29:0:1,29:0:1,29:0:1,29:0:1,29:0:1,29:0:1,29:0:1,29:0:1,
      29:0:1,29:0:1,29:0:1,29:0:1,29:0:1,29:0:1,18:1:1,23:4:1,18:2:1,23:4:1,18:1:1,29:0:1,29:0:1,29:0:1,29:0:1,29:0:1,29:0:1,
      29:0:1,29:0:1,29:0:1,29:0:1,29:0:1,29:0:1,23:4:1,0:4:1,23:4:1,0:4:1,23:4:1,29:0:1,29:0:1,29:0:1,29:0:1,29:0:1,29:0:1,
      29:0:1,29:0:1,29:0:1,29:0:1,29:0:1,29:0:1,29:0:1,23:4:1,29:0:1,23:4:1,29:0:1,29:0:1,29:0:1,29:0:1,29:0:1,29:0:1,29:0:1
    </Custom2DField>
    <Custom2DField type="23" width="12" height="12" angle="0" ax="0" ay="1" az="0" tx="0.4" ty="0.64" tz="-2.8">
      29:0:1,29:0:1,29:0:1,29:0:1,29:0:1,23:4:1,29:0:1,23:4:1,29:0:1,29:0:1,29:0:1,29:0:1,29:0:1,
      29:0:1,29:0:1,29:0:1,29:0:1,23:4:1,0:4:1,23:4:1,0:4:1,23:4:1,29:0:1,29:0:1,29:0:1,29:0:1,
      29:0:1,29:0:1,29:0:1,29:0:1,18:1:1,23:4:1,18:2:1,23:4:1,18:1:1,29:0:1,29:0:1,29:0:1,29:0:1,
      29:0:1,29:0:1,29:0:1,29:0:1,29:0:1,29:0:1,29:0:1,29:0:1,29:0:1,29:0:1,29:0:1,29:0:1,29:0:1,
      29:0:1,23:4:1,18:1:1,29:0:1,29:0:1,29:0:1,29:0:1,29:0:1,29:0:1,29:0:1,18:1:1,23:4:1,29:0:1,
      23:4:1,0:4:1,23:4:1,29:0:1,29:0:1,29:0:1,29:0:1,29:0:1,29:0:1,29:0:1,23:4:1,0:4:1,23:4:1,
      29:0:1,23:4:1,18:2:1,29:0:1,29:0:1,29:0:1,29:0:1,29:0:1,29:0:1,29:0:1,18:2:1,23:4:1,29:0:1,
      23:4:1,0:4:1,23:4:1,29:0:1,29:0:1,29:0:1,29:0:1,29:0:1,29:0:1,29:0:1,23:4:1,0:4:1,23:4:1,
      29:0:1,23:4:1,18:1:1,29:0:1,29:0:1,29:0:1,29:0:1,29:0:1,29:0:1,29:0:1,18:1:1,23:4:1,29:0:1,
      29:0:1,29:0:1,29:0:1,29:0:1,29:0:1,29:0:1,29:0:1,29:0:1,29:0:1,29:0:1,29:0:1,29:0:1,29:0:1,
      29:0:1,29:0:1,29:0:1,29:0:1,18:1:1,23:4:1,18:2:1,23:4:1,18:1:1,29:0:1,29:0:1,29:0:1,29:0:1,
      29:0:1,29:0:1,29:0:1,29:0:1,23:4:1,0:4:1,23:4:1,0:4:1,23:4:1,29:0:1,29:0:1,29:0:1,29:0:1,
      29:0:1,29:0:1,29:0:1,29:0:1,29:0:1,23:4:1,29:0:1,23:4:1,29:0:1,29:0:1,29:0:1,29:0:1,29:0:1
    </Custom2DField>
    <Custom2DField type="23" width="4" height="4" angle="0" ax="0" ay="1" az="0" tx="2" ty="-0.32" tz="-1.2">
      29:0:1,23:4:1,29:0:1,23:4:1,29:0:1,
      23:4:1,0:4:1,23:4:1,0:4:1,23:4:1,
      29:0:1,23:4:1,18:4:1,23:4:1,29:0:1,
      23:4:1,0:4:1,23:4:1,0:4:1,23:4:1,
      29:0:1,23:4:1,29:0:1,23:4:1,29:0:1
    </Custom2DField>
    <Custom2DField type="22" width="16" height="16" angle="0" ax="0" ay="1" az="0" tx="-0.4" ty="0" tz="-3.6">
      29:0:1,29:0:1,29:0:1,29:0:1,29:0:1,29:0:1,22:1:1,22:2:1,22:2:1,22:2:1,22:1:1,29:0:1,29:0:1,29:0:1,29:0:1,29:0:1,29:0:1,
      29:0:1,29:0:1,29:0:1,29:0:1,29:0:1,29:0:1,22:2:1,15:4:1,23:4:1,15:4:1,22:2:1,29:0:1,29:0:1,29:0:1,29:0:1,29:0:1,29:0:1,
      29:0:1,29:0:1,29:0:1,29:0:1,29:0:1,29:0:1,22:2:1,23:4:1,7:4:2,23:4:1,22:2:1,29:0:1,29:0:1,29:0:1,29:0:1,29:0:1,29:0:1,
      29:0:1,29:0:1,29:0:1,29:0:1,29:0:1,29:0:1,22:2:1,15:4:1,23:4:1,15:4:1,22:2:1,29:0:1,29:0:1,29:0:1,29:0:1,29:0:1,29:0:1,
      29:0:1,29:0:1,29:0:1,29:0:1,29:0:1,29:0:1,22:2:1,22:2:1,22:2:1,22:2:1,22:2:1,29:0:1,29:0:1,29:0:1,29:0:1,29:0:1,29:0:1,
      29:0:1,29:0:1,29:0:1,29:0:1,29:0:1,29:0:1,29:0:1,29:0:1,29:0:1,29:0:1,29:0:1,29:0:1,29:0:1,29:0:1,29:0:1,29:0:1,29:0:1,
      22:1:1,22:2:1,22:2:1,22:2:1,22:2:1,29:0:1,29:0:1,29:0:1,29:0:1,29:0:1,29:0:1,29:0:1,22:2:1,22:2:1,22:2:1,22:2:1,22:1:1,
      22:2:1,15:4:1,23:4:1,15:4:1,22:2:1,29:0:1,29:0:1,29:0:1,29:0:1,29:0:1,29:0:1,29:0:1,22:2:1,15:4:1,23:4:1,15:4:1,22:2:1,
      22:2:1,23:4:1,7:4:2,23:4:1,22:2:1,29:0:1,29:0:1,29:0:1,29:0:1,29:0:1,29:0:1,29:0:1,22:2:1,23:4:1,7:4:2,23:4:1,22:2:1,
      22:2:1,15:4:1,23:4:1,15:4:1,22:2:1,29:0:1,29:0:1,29:0:1,29:0:1,29:0:1,29:0:1,29:0:1,22:2:1,15:4:1,23:4:1,15:4:1,22:2:1,
      22:1:1,22:2:1,22:2:1,22:2:1,22:2:1,29:0:1,29:0:1,29:0:1,29:0:1,29:0:1,29:0:1,29:0:1,22:2:1,22:2:1,22:2:1,22:2:1,22:1:1,
      29:0:1,29:0:1,29:0:1,29:0:1,29:0:1,29:0:1,29:0:1,29:0:1,29:0:1,29:0:1,29:0:1,29:0:1,29:0:1,29:0:1,29:0:1,29:0:1,29:0:1,
      29:0:1,29:0:1,29:0:1,29:0:1,29:0:1,29:0:1,22:2:1,22:2:1,22:2:1,22:2:1,22:2:1,29:0:1,29:0:1,29:0:1,29:0:1,29:0:1,29:0:1,
      29:0:1,29:0:1,29:0:1,29:0:1,29:0:1,29:0:1,22:2:1,15:4:1,23:4:1,15:4:1,22:2:1,29:0:1,29:0:1,29:0:1,29:0:1,29:0:1,29:0:1,
      29:0:1,29:0:1,29:0:1,29:0:1,29:0:1,29:0:1,22:2:1,23:4:1,7:4:2,23:4:1,22:2:1,29:0:1,29:0:1,29:0:1,29:0:1,29:0:1,29:0:1,
      29:0:1,29:0:1,29:0:1,29:0:1,29:0:1,29:0:1,22:2:1,15:4:1,23:4:1,15:4:1,22:2:1,29:0:1,29:0:1,29:0:1,29:0:1,29:0:1,29:0:1,
      29:0:1,29:0:1,29:0:1,29:0:1,29:0:1,29:0:1,22:1:1,22:2:1,22:2:1,22:2:1,22:1:1,29:0:1,29:0:1,29:0:1,29:0:1,29:0:1,29:0:1
    </Custom2DField>
    <Axel type="4" length="0.11" grabbing="0" startCapped="0" endCapped="0" angle="90" ax="0" ay="1" az="0" tx="2.8" ty="-0.43" tz="-0.4"/>
    <Custom2DField type="22" width="4" height="4" angle="0" ax="0" ay="1" az="0" tx="2" ty="-0.96" tz="-1.2">
      29:0:1,22:2:1,22:2:1,22:2:1,29:0:1,
      22:2:1,15:4,23:4:1,15:4,22:2:1,
      22:2:1,22:2:1,7:4,22:2:1,22:2:1,
      22:2:1,15:4,23:4:1,15:4,22:2:1,
      29:0:1,22:2:1,22:2:1,22:2:1,29:0:1
    </Custom2DField>
  </Connectivity>
  <PhysicsAttributes inertiaTensor="6.56214,0,0,0,10.66667,0,0,0,6.56214" centerOfMass="2.8,0.96,-0.4" mass="1" frictionType="0"/>
  <Bounding>
    <AABB minX="-1.2" minY="-0.96" minZ="-4.4" maxX="6.8" maxY="2.88" maxZ="3.6"/>
  </Bounding>
  <GeometryBounding>
    <AABB minX="-1.2" minY="-0.96" minZ="-4.4" maxX="6.8" maxY="2.88" maxZ="3.6"/>
  </GeometryBounding>
</LEGOPrimitive>
