<?xml version="1.0" encoding="UTF-8" standalone="no" ?>
<LEGOPrimitive versionMajor="1" versionMinor="0">
  <Annotations>
    <Annotation platformid="200"/>
    <Annotation platformname="SYSTEM"/>
    <Annotation maingroupid="277"/>
    <Annotation maingroupname="WINDSCREENS AND COCKPITS"/>
    <Annotation designname="WINDSCREEN 4X4X3"/>
    <Annotation aliases="2620"/>
  </Annotations>
  <Collision>
    <Box sX="0.0645" sY="0.155939" sZ="1.5945" angle="90" ax="0" ay="1" az="0" tx="1.2045" ty="0.165939" tz="-2.7245"/>
    <Box sX="0.0645" sY="1.2655" sZ="0.436644" angle="90" ax="0" ay="1" az="0" tx="0.046644" ty="1.2755" tz="-2.7245"/>
    <Box sX="0.048373" sY="0.42353" sZ="0.679909" angle="162.51491" ax="-0.698696" ay="0.153782" az="0.698696" tx="0.414572" ty="2.11332" tz="-2.74063"/>
    <Box sX="0.034" sY="0.100217" sZ="0.099783" angle="98.42106" ax="0.357407" ay="-0.862856" az="0.357407" tx="-0.205871" ty="2.71826" tz="-2.596"/>
    <Box sX="0.0375" sY="0.100217" sZ="0.099339" angle="98.42106" ax="0.357407" ay="-0.862856" az="0.357407" tx="-0.205556" ty="2.71857" tz="-1.3275"/>
    <Box sX="0.0375" sY="0.100255" sZ="0.09932" angle="98.42106" ax="0.357407" ay="-0.862856" az="0.357407" tx="-0.205517" ty="2.71856" tz="-1.0725"/>
    <Box sX="0.034" sY="0.100255" sZ="0.09932" angle="98.42106" ax="0.357407" ay="-0.862856" az="0.357407" tx="-0.205517" ty="2.71856" tz="0.196"/>
    <Box sX="0.2775" sY="0.065" sZ="0.082" angle="92.63803" ax="0.209764" ay="0.954986" az="-0.209764" tx="-0.144525" ty="2.76691" tz="-0.0375"/>
    <Box sX="0.3125" sY="0.065" sZ="0.082" angle="92.63803" ax="0.209764" ay="0.954986" az="-0.209764" tx="-0.144525" ty="2.76691" tz="-0.7975"/>
    <Box sX="0.3125" sY="0.065" sZ="0.082" angle="92.63803" ax="0.209764" ay="0.954986" az="-0.209764" tx="-0.144525" ty="2.76691" tz="-1.5975"/>
    <Box sX="0.2775" sY="0.065" sZ="0.082" angle="92.63803" ax="0.209764" ay="0.954986" az="-0.209764" tx="-0.144525" ty="2.76691" tz="-2.3625"/>
    <Box sX="0.048373" sY="0.236721" sZ="1.22191" angle="145.20279" ax="-0.671494" ay="0.313354" az="0.671494" tx="1.82753" ty="1.11665" tz="-2.74063"/>
    <Box sX="0.048373" sY="0.545997" sZ="0.834669" angle="171.192" ax="-0.705007" ay="0.077016" az="0.705007" tx="1.10542" ty="0.88139" tz="-2.74063"/>
    <Box sX="1.5895" sY="0.069131" sZ="0.679909" angle="162.51491" ax="-0.698696" ay="0.153782" az="0.698696" tx="0.563369" ty="2.43497" tz="-1.1995"/>
    <Box sX="1.5895" sY="0.056109" sZ="1.22191" angle="145.20279" ax="-0.671494" ay="0.313354" az="0.671494" tx="1.96595" ty="1.23266" tz="-1.1995"/>
    <Box sX="1.5895" sY="0.155939" sZ="0.0645" angle="90" ax="0" ay="1" az="0" tx="2.7345" ty="0.165939" tz="-1.1995"/>
    <Box sX="0.0645" sY="0.155939" sZ="1.5945" angle="90" ax="0" ay="-1" az="0" tx="1.2045" ty="0.165939" tz="0.3245"/>
    <Box sX="0.048373" sY="0.545997" sZ="0.834669" angle="171.192" ax="0.705007" ay="-0.077016" az="0.705007" tx="1.10542" ty="0.88139" tz="0.340627"/>
    <Box sX="0.0645" sY="1.2655" sZ="0.436644" angle="90" ax="0" ay="-1" az="0" tx="0.046644" ty="1.2755" tz="0.3245"/>
    <Box sX="0.048373" sY="0.42353" sZ="0.679909" angle="162.51491" ax="0.698696" ay="-0.153782" az="0.698696" tx="0.414572" ty="2.11332" tz="0.340627"/>
    <Box sX="0.048373" sY="0.236721" sZ="1.22191" angle="145.20279" ax="0.671494" ay="-0.313354" az="0.671494" tx="1.82753" ty="1.11665" tz="0.340627"/>
  </Collision>
  <Connectivity>
    <Hinge type="169" oriented="0" angle="92.63781" ax="0.95499" ay="-0.209756" az="-0.209756" tx="-0.234623" ty="2.71487" tz="-1.19838"/>
  </Connectivity>
  <PhysicsAttributes inertiaTensor="1.54182,0,0,0,1.71096,0,0,0,1.54714" centerOfMass="1.2045,1.43771,-1.19952" mass="1" frictionType="0"/>
  <Bounding>
    <AABB minX="-0.4" minY="0" minZ="-2.79904" maxX="2.809" maxY="2.87542" maxZ="0.4"/>
  </Bounding>
  <GeometryBounding>
    <AABB minX="-0.4" minY="0" minZ="-2.79904" maxX="2.809" maxY="2.87542" maxZ="0.4"/>
  </GeometryBounding>
</LEGOPrimitive>
