<?xml version="1.0" encoding="UTF-8" standalone="no" ?>
<LEGOPrimitive versionMajor="1" versionMinor="0">
  <Annotations>
    <Annotation platformid="200"/>
    <Annotation platformname="SYSTEM"/>
    <Annotation maingroupid="277"/>
    <Annotation maingroupname="WINDSCREENS AND COCKPITS"/>
    <Annotation designname="SHIP&apos;S WINDOW 2X8X2"/>
    <Annotation aliases="2634"/>
  </Annotations>
  <Collision>
    <Box sX="0.39" sY="0.095" sZ="0.39" angle="0" ax="0" ay="1" az="0" tx="0" ty="1.815" tz="0"/>
    <Box sX="0.39" sY="0.095" sZ="0.39" angle="0" ax="0" ay="1" az="0" tx="5.6" ty="1.815" tz="0"/>
    <Box sX="0.125" sY="0.845" sZ="0.39" angle="0" ax="0" ay="1" az="0" tx="5.865" ty="0.855" tz="0"/>
    <Box sX="3.19" sY="0.05" sZ="0.39" angle="0" ax="0" ay="1" az="0" tx="2.8" ty="1.86" tz="0.8"/>
    <Box sX="3.19" sY="0.119946" sZ="0.974885" angle="65.9" ax="-1" ay="0" az="0" tx="2.8" ty="0.952098" tz="0.68354"/>
    <Box sX="3.19" sY="0.15" sZ="0.39" angle="0" ax="0" ay="1" az="0" tx="2.8" ty="0.16" tz="0"/>
    <Box sX="0.125" sY="0.845" sZ="0.39" angle="23.91924" ax="1" ay="0" az="0" tx="5.865" ty="0.94375" tz="0.381012"/>
    <Box sX="0.125" sY="0.845" sZ="0.39" angle="23.91924" ax="1" ay="0" az="0" tx="-0.265" ty="0.94375" tz="0.381012"/>
    <Box sX="0.125" sY="0.845" sZ="0.39" angle="0" ax="0" ay="1" az="0" tx="-0.265001" ty="0.855" tz="0"/>
  </Collision>
  <Connectivity>
    <Custom2DField type="23" width="16" height="4" angle="0" ax="0" ay="1" az="0" tx="-0.4" ty="1.92" tz="-0.4">
      18:1:1,23:4:1,18:1:1,29:0:1,29:0:1,29:0:1,29:0:1,29:0:1,29:0:1,29:0:1,29:0:1,29:0:1,29:0:1,29:0:1,18:1:1,23:4:1,18:1:1,
      23:4:1,0:4:1,23:4:1,29:0:1,29:0:1,29:0:1,29:0:1,29:0:1,29:0:1,29:0:1,29:0:1,29:0:1,29:0:1,29:0:1,23:4:1,0:4:1,23:4:1,
      18:2:1,23:4:1,18:3:1,23:4:1,18:2:1,23:4:1,18:2:1,23:4:1,18:2:1,23:4:1,18:2:1,23:4:1,18:2:1,23:4:1,18:3:1,23:4:1,18:2:1,
      23:4:1,0:4:1,23:4:1,0:4:1,23:4:1,0:4:1,23:4:1,0:4:1,23:4:1,0:4:1,23:4:1,0:4:1,23:4:1,0:4:1,23:4:1,0:4:1,23:4:1,
      18:1:1,23:4:1,18:2:1,23:4:1,18:2:1,23:4:1,18:2:1,23:4:1,18:2:1,23:4:1,18:2:1,23:4:1,18:2:1,23:4:1,18:2:1,23:4:1,18:1:1
    </Custom2DField>
    <Custom2DField type="22" width="16" height="2" angle="0" ax="0" ay="1" az="0" tx="-0.4" ty="0" tz="-0.4">
      22:1:1,22:2:1,22:2:1,22:2:1,22:2:1,22:2:1,22:2:1,22:2:1,22:2:1,22:2:1,22:2:1,22:2:1,22:2:1,22:2:1,22:2:1,22:2:1,22:1:1,
      22:2:1,15:4:1,9:4:1,15:4:1,9:4:1,15:4:1,9:4:1,15:4:1,9:4:1,15:4:1,9:4:1,15:4:1,9:4:1,15:4:1,9:4:1,15:4:1,22:2:1,
      22:1:1,22:2:1,22:2:1,22:2:1,22:2:1,22:2:1,22:2:1,22:2:1,22:2:1,22:2:1,22:2:1,22:2:1,22:2:1,22:2:1,22:2:1,22:2:1,22:1:1
    </Custom2DField>
  </Connectivity>
  <PhysicsAttributes inertiaTensor="0.580134,0,0,0,3.62667,0,0,0,3.78013" centerOfMass="2.8,1.049,0.4" mass="1" frictionType="0"/>
  <Decoration faces="2" subMaterialRedirectLookupTable="0,1"/>
  <Bounding>
    <AABB minX="-0.4" minY="0" minZ="-0.4" maxX="6" maxY="2.098" maxZ="1.2"/>
  </Bounding>
  <GeometryBounding>
    <AABB minX="-0.4" minY="0" minZ="-0.4" maxX="6" maxY="2.098" maxZ="1.2"/>
  </GeometryBounding>
</LEGOPrimitive>
