<?xml version="1.0" encoding="UTF-8" standalone="no" ?>
<LEGOPrimitive versionMajor="1" versionMinor="0">
  <Annotations>
    <Annotation platformid="200"/>
    <Annotation platformname="SYSTEM"/>
    <Annotation maingroupid="218"/>
    <Annotation maingroupname="BUILDING PLATES"/>
    <Annotation designname="APPROACH 16X16X2 1/3"/>
    <Annotation aliases="2642"/>
  </Annotations>
  <Collision>
    <Box sX="5.67169" sY="0.041563" sZ="4.79" angle="9.76005" ax="0" ay="0" az="-1" tx="6.79071" ty="0.906009" tz="-6"/>
    <Box sX="0.79" sY="0.15" sZ="4.79" angle="0" ax="0" ay="1" az="0" tx="0.4" ty="1.76" tz="-6"/>
    <Box sX="0.065" sY="0.95" sZ="2.39" angle="0" ax="0" ay="1" az="0" tx="-0.325" ty="0.64" tz="-6"/>
    <Box sX="0.065" sY="0.95" sZ="0.79" angle="0" ax="0" ay="1" az="0" tx="-0.325" ty="0.64" tz="-10"/>
    <Box sX="0.065" sY="0.95" sZ="0.79" angle="0" ax="0" ay="1" az="0" tx="-0.325" ty="0.64" tz="-2"/>
    <Box sX="0.79" sY="0.95" sZ="0.083911" angle="0" ax="0" ay="1" az="0" tx="10" ty="0.64" tz="-12.30609"/>
    <Box sX="0.79" sY="0.95" sZ="0.083911" angle="0" ax="0" ay="1" az="0" tx="2" ty="0.64" tz="-12.30609"/>
    <Box sX="2.39" sY="0.95" sZ="0.083911" angle="0" ax="0" ay="1" az="0" tx="6" ty="0.64" tz="-12.30609"/>
    <Box sX="0.5425" sY="0.95" sZ="0.067501" angle="0" ax="0" ay="1" az="0" tx="8.7975" ty="0.64" tz="-11.5275"/>
    <Box sX="0.5425" sY="0.95" sZ="0.067501" angle="0" ax="0" ay="1" az="0" tx="3.2025" ty="0.64" tz="-11.5275"/>
    <Box sX="0.065" sY="0.95" sZ="0.373589" angle="0" ax="0" ay="1" az="0" tx="2.725" ty="0.64" tz="-12.01641"/>
    <Box sX="0.065" sY="0.95" sZ="0.373589" angle="0" ax="0" ay="1" az="0" tx="3.675" ty="0.64" tz="-12.01641"/>
    <Box sX="0.065" sY="0.95" sZ="0.373589" angle="0" ax="0" ay="1" az="0" tx="9.275" ty="0.64" tz="-12.01641"/>
    <Box sX="0.065" sY="0.95" sZ="0.373589" angle="0" ax="0" ay="1" az="0" tx="8.325" ty="0.64" tz="-12.01641"/>
    <Box sX="0.465" sY="0.95" sZ="0.065" angle="0" ax="0" ay="1" az="0" tx="0.075" ty="0.64" tz="-2.725"/>
    <Box sX="0.465" sY="0.95" sZ="0.065" angle="0" ax="0" ay="1" az="0" tx="0.075" ty="0.64" tz="-3.675"/>
    <Box sX="0.465" sY="0.95" sZ="0.065" angle="0" ax="0" ay="1" az="0" tx="0.075" ty="0.64" tz="-8.325"/>
    <Box sX="0.465" sY="0.95" sZ="0.065" angle="0" ax="0" ay="1" az="0" tx="0.075" ty="0.64" tz="-9.275"/>
    <Box sX="0.79" sY="0.79" sZ="0.789999" angle="0" ax="0" ay="1" az="0" tx="11.6" ty="0.8" tz="-11.6"/>
    <Box sX="2.39" sY="0.045" sZ="0.789999" angle="0" ax="0" ay="1" az="0" tx="6" ty="1.545" tz="-11.6"/>
    <Box sX="0.79" sY="0.045" sZ="0.79" angle="0" ax="0" ay="1" az="0" tx="2" ty="1.545" tz="-11.6"/>
    <Box sX="0.79" sY="0.79" sZ="0.789999" angle="0" ax="0" ay="1" az="0" tx="0.399999" ty="0.8" tz="-11.6"/>
    <Box sX="0.79" sY="0.95" sZ="0.083911" angle="0" ax="0" ay="1" az="0" tx="10" ty="0.64" tz="0.306088"/>
    <Box sX="0.79" sY="0.95" sZ="0.083911" angle="0" ax="0" ay="1" az="0" tx="2" ty="0.64" tz="0.306088"/>
    <Box sX="2.39" sY="0.95" sZ="0.083911" angle="0" ax="0" ay="1" az="0" tx="6" ty="0.64" tz="0.306088"/>
    <Box sX="0.5425" sY="0.95" sZ="0.067501" angle="0" ax="0" ay="1" az="0" tx="8.7975" ty="0.64" tz="-0.472498"/>
    <Box sX="0.5425" sY="0.95" sZ="0.067501" angle="0" ax="0" ay="1" az="0" tx="3.2025" ty="0.64" tz="-0.472498"/>
    <Box sX="0.065" sY="0.95" sZ="0.373589" angle="0" ax="0" ay="1" az="0" tx="2.725" ty="0.64" tz="0.016411"/>
    <Box sX="0.065" sY="0.95" sZ="0.373589" angle="0" ax="0" ay="1" az="0" tx="3.675" ty="0.64" tz="0.016411"/>
    <Box sX="0.065" sY="0.95" sZ="0.373589" angle="0" ax="0" ay="1" az="0" tx="9.275" ty="0.64" tz="0.016411"/>
    <Box sX="0.065" sY="0.95" sZ="0.373589" angle="0" ax="0" ay="1" az="0" tx="8.325" ty="0.64" tz="0.016411"/>
    <Box sX="0.79" sY="0.79" sZ="0.789999" angle="0" ax="0" ay="1" az="0" tx="11.6" ty="0.8" tz="-0.4"/>
    <Box sX="2.39" sY="0.045" sZ="0.789999" angle="0" ax="0" ay="1" az="0" tx="6" ty="1.545" tz="-0.400002"/>
    <Box sX="4.79" sY="0.045" sZ="0.390001" angle="0" ax="0" ay="1" az="0" tx="6" ty="1.545" tz="-0.799998"/>
    <Box sX="0.79" sY="0.79" sZ="0.789999" angle="0" ax="0" ay="1" az="0" tx="0.399999" ty="0.8" tz="-0.4"/>
    <Box sX="0.065" sY="0.95" sZ="0.54" angle="0" ax="0" ay="1" az="0" tx="0.475" ty="0.64" tz="-8.8"/>
    <Box sX="0.065" sY="0.95" sZ="0.54" angle="0" ax="0" ay="1" az="0" tx="0.475" ty="0.64" tz="-3.2"/>
    <Box sX="0.065" sY="0.15" sZ="4.79" angle="0" ax="0" ay="1" az="0" tx="12.325" ty="-0.16" tz="-6"/>
    <Box sX="4.79" sY="0.045" sZ="0.390001" angle="0" ax="0" ay="1" az="0" tx="6" ty="1.545" tz="-11.2"/>
    <Box sX="0.79" sY="0.045" sZ="0.79" angle="0" ax="0" ay="1" az="0" tx="10" ty="1.545" tz="-11.6"/>
    <Box sX="0.79" sY="0.045" sZ="0.79" angle="0" ax="0" ay="1" az="0" tx="10" ty="1.545" tz="-0.4"/>
    <Box sX="0.79" sY="0.045" sZ="0.79" angle="0" ax="0" ay="1" az="0" tx="2" ty="1.545" tz="-0.4"/>
    <Box sX="3.80121" sY="0.262905" sZ="0.067501" angle="0" ax="0" ay="1" az="0" tx="6.98879" ty="1.32709" tz="-1.1225"/>
    <Box sX="2.13118" sY="0.304609" sZ="0.067501" angle="9.33715" ax="0" ay="0" az="-1" tx="8.73823" ty="0.933309" tz="-1.1225"/>
    <Box sX="2.13118" sY="0.304609" sZ="0.067501" angle="9.33715" ax="0" ay="0" az="-1" tx="8.73823" ty="0.933309" tz="-10.8775"/>
    <Box sX="3.80121" sY="0.262905" sZ="0.067501" angle="0" ax="0" ay="1" az="0" tx="6.98879" ty="1.32709" tz="-10.8775"/>
    <Box sX="1.59" sY="0.557878" sZ="0.065" angle="0" ax="0" ay="1" az="0" tx="6" ty="0.247878" tz="-4.475"/>
    <Box sX="1.59" sY="0.769509" sZ="0.065" angle="90" ax="0" ay="-1" az="0" tx="4.475" ty="0.459509" tz="-6"/>
    <Box sX="1.59" sY="0.557878" sZ="0.065" angle="180" ax="0" ay="1" az="0" tx="6" ty="0.247878" tz="-7.525"/>
    <Box sX="1.59" sY="0.557878" sZ="0.065" angle="90" ax="0" ay="1" az="0" tx="7.525" ty="0.247878" tz="-6"/>
  </Collision>
  <Connectivity>
    <Custom2DField type="23" width="32" height="4" angle="0" ax="0" ay="1" az="0" tx="-0.4" ty="1.6" tz="-1.2">
      18:1:1,23:4:1,18:2:1,23:4:1,18:2:1,23:4:1,18:2:1,23:4:1,18:2:1,23:4:1,18:2:1,23:4:1,18:2:1,23:4:1,18:2:1,23:4:1,18:2:1,23:4:1,18:2:1,23:4:1,18:2:1,23:4:1,18:2:1,23:4:1,18:2:1,23:4:1,18:2:1,23:4:1,18:2:1,23:4:1,18:2:1,23:4:1,18:1:1,
      23:4:1,0:4:1,23:4:1,0:4:1,23:4:1,0:4:1,23:4:1,0:4:1,23:4:1,0:4:1,23:4:1,0:4:1,23:4:1,0:4:1,23:4:1,0:4:1,23:4:1,0:4:1,23:4:1,0:4:1,23:4:1,0:4:1,23:4:1,0:4:1,23:4:1,0:4:1,23:4:1,0:4:1,23:4:1,0:4:1,23:4:1,0:4:1,23:4:1,
      18:2:1,23:4:1,18:4:1,23:4:1,18:4:1,23:4:1,18:4:1,23:4:1,18:3:1,23:4:1,18:3:1,23:4:1,18:4:1,23:4:1,18:4:1,23:4:1,18:4:1,23:4:1,18:4:1,23:4:1,18:4:1,23:4:1,18:3:1,23:4:1,18:3:1,23:4:1,18:4:1,23:4:1,18:4:1,23:4:1,18:4:1,23:4:1,18:2:1,
      23:4:1,0:4:1,23:4:1,0:4:1,23:4:1,0:4:1,23:4:1,0:4:1,23:4:1,29:0:1,23:4:1,0:4:1,23:4:1,0:4:1,23:4:1,0:4:1,23:4:1,0:4:1,23:4:1,0:4:1,23:4:1,0:4:1,23:4:1,29:0:1,23:4:1,0:4:1,23:4:1,0:4:1,23:4:1,0:4:1,23:4:1,0:4:1,23:4:1,
      18:1:1,23:4:1,18:2:1,23:4:1,18:2:1,23:4:1,18:2:1,23:4:1,18:2:1,29:0:1,18:2:1,23:4:1,18:2:1,23:4:1,18:2:1,23:4:1,18:2:1,23:4:1,18:2:1,23:4:1,18:2:1,23:4:1,18:2:1,29:0:1,18:2:1,23:4:1,18:2:1,23:4:1,18:2:1,23:4:1,18:2:1,23:4:1,18:1:1
    </Custom2DField>
    <Custom2DField type="23" width="32" height="4" angle="0" ax="0" ay="1" az="0" tx="-0.4" ty="1.6" tz="-12.4">
      18:1:1,23:4:1,18:2:1,23:4:1,18:2:1,23:4:1,18:2:1,23:4:1,18:2:1,29:0:1,18:2:1,23:4:1,18:2:1,23:4:1,18:2:1,23:4:1,18:2:1,23:4:1,18:2:1,23:4:1,18:2:1,23:4:1,18:2:1,29:0:1,18:2:1,23:4:1,18:2:1,23:4:1,18:2:1,23:4:1,18:2:1,23:4:1,18:1:1,
      23:4:1,0:4:1,23:4:1,0:4:1,23:4:1,0:4:1,23:4:1,0:4:1,23:4:1,29:0:1,23:4:1,0:4:1,23:4:1,0:4:1,23:4:1,0:4:1,23:4:1,0:4:1,23:4:1,0:4:1,23:4:1,0:4:1,23:4:1,29:0:1,23:4:1,0:4:1,23:4:1,0:4:1,23:4:1,0:4:1,23:4:1,0:4:1,23:4:1,
      18:2:1,23:4:1,18:4:1,23:4:1,18:4:1,23:4:1,18:4:1,23:4:1,18:3:1,23:4:1,18:3:1,23:4:1,18:4:1,23:4:1,18:4:1,23:4:1,18:4:1,23:4:1,18:4:1,23:4:1,18:4:1,23:4:1,18:3:1,23:4:1,18:3:1,23:4:1,18:4:1,23:4:1,18:4:1,23:4:1,18:4:1,23:4:1,18:2:1,
      23:4:1,0:4:1,23:4:1,0:4:1,23:4:1,0:4:1,23:4:1,0:4:1,23:4:1,0:4:1,23:4:1,0:4:1,23:4:1,0:4:1,23:4:1,0:4:1,23:4:1,0:4:1,23:4:1,0:4:1,23:4:1,0:4:1,23:4:1,0:4:1,23:4:1,0:4:1,23:4:1,0:4:1,23:4:1,0:4:1,23:4:1,0:4:1,23:4:1,
      18:1:1,23:4:1,18:2:1,23:4:1,18:2:1,23:4:1,18:2:1,23:4:1,18:2:1,23:4:1,18:2:1,23:4:1,18:2:1,23:4:1,18:2:1,23:4:1,18:2:1,23:4:1,18:2:1,23:4:1,18:2:1,23:4:1,18:2:1,23:4:1,18:2:1,23:4:1,18:2:1,23:4:1,18:2:1,23:4:1,18:2:1,23:4:1,18:1:1
    </Custom2DField>
    <Custom2DField type="22" width="4" height="4" angle="0" ax="0" ay="1" az="0" tx="-0.4" ty="0" tz="-1.2">
      22:1:1,22:2:1,22:2:1,22:2:1,22:1:1,
      22:2:1,15:4:1,23:4:1,15:4:1,22:2:1,
      22:2:1,23:4:1,7:4:1,23:4:1,22:2:1,
      22:2:1,15:4:1,23:4:1,15:4:1,22:2:1,
      22:1:1,22:2:1,22:2:1,22:2:1,22:1:1
    </Custom2DField>
    <Custom2DField type="22" width="4" height="4" angle="0" ax="0" ay="1" az="0" tx="10.8" ty="0" tz="-1.2">
      22:1:1,22:2:1,22:2:1,22:2:1,22:1:1,
      22:2:1,15:4:1,23:4:1,15:4:1,22:2:1,
      22:2:1,23:4:1,7:4:1,23:4:1,22:2:1,
      22:2:1,15:4:1,23:4:1,15:4:1,22:2:1,
      22:1:1,22:2:1,22:2:1,22:2:1,22:1:1
    </Custom2DField>
    <Custom2DField type="22" width="2" height="16" angle="0" ax="0" ay="1" az="0" tx="-0.399998" ty="1.6" tz="-9.2">
      22:1:1,22:2:1,22:1:1,
      22:2:1,15:4:1,22:2:1,
      22:2:1,22:2:1,22:1:1,
      22:2:1,29:0:1,29:0:1,
      22:2:1,29:0:1,29:0:1,
      22:2:1,29:0:1,29:0:1,
      22:2:1,29:0:1,29:0:1,
      22:2:1,29:0:1,29:0:1,
      22:2:1,29:0:1,29:0:1,
      22:2:1,29:0:1,29:0:1,
      22:2:1,29:0:1,29:0:1,
      22:2:1,29:0:1,29:0:1,
      22:2:1,29:0:1,29:0:1,
      22:2:1,29:0:1,29:0:1,
      22:2:1,22:2:1,22:1:1,
      22:2:1,15:4:1,22:2:1,
      22:1:1,22:2:1,22:1:1
    </Custom2DField>
    <Custom2DField type="22" width="4" height="4" angle="0" ax="0" ay="1" az="0" tx="-0.4" ty="0" tz="-12.4">
      22:1:1,22:2:1,22:2:1,22:2:1,22:1:1,
      22:2:1,15:4:1,23:4:1,15:4:1,22:2:1,
      22:2:1,23:4:1,7:4:1,23:4:1,22:2:1,
      22:2:1,15:4:1,23:4:1,15:4:1,22:2:1,
      22:1:1,22:2:1,22:2:1,22:2:1,22:1:1
    </Custom2DField>
    <Custom2DField type="22" width="4" height="4" angle="0" ax="0" ay="1" az="0" tx="10.8" ty="0" tz="-12.4">
      22:1:1,22:2:1,22:2:1,22:2:1,22:1:1,
      22:2:1,15:4:1,23:4:1,15:4:1,22:2:1,
      22:2:1,23:4:1,7:4:1,23:4:1,22:2:1,
      22:2:1,15:4:1,23:4:1,15:4:1,22:2:1,
      22:1:1,22:2:1,22:2:1,22:2:1,22:1:1
    </Custom2DField>
    <Custom2DField type="22" width="32" height="32" angle="0" ax="0" ay="1" az="0" tx="-0.4" ty="-0.32" tz="-12.4">
      29:0:1,29:0:1,29:0:1,29:0:1,22:2:1,22:2:1,22:2:1,22:2:1,22:2:1,29:0:1,22:2:1,22:2:1,22:2:1,22:2:1,22:2:1,22:2:1,22:2:1,22:2:1,22:2:1,22:2:1,22:2:1,22:2:1,22:2:1,29:0:1,22:2:1,22:2:1,22:2:1,22:2:1,22:2:1,29:0:1,29:0:1,29:0:1,29:0:1,
      29:0:1,29:0:1,29:0:1,29:0:1,15:4:1,15:4:1,15:4:1,15:4:1,22:2:1,29:0:1,22:2:1,15:4:1,15:4:1,15:4:1,15:4:1,15:4:1,15:4:1,15:4:1,15:4:1,15:4:1,15:4:1,15:4:1,22:2:1,29:0:1,22:2:1,15:4:1,15:4:1,15:4:1,15:4:1,29:0:1,29:0:1,29:0:1,29:0:1,
      29:0:1,29:0:1,29:0:1,29:0:1,29:0:1,29:0:1,29:0:1,15:4:1,22:2:1,22:2:1,22:2:1,15:4:1,29:0:1,29:0:1,29:0:1,29:0:1,29:0:1,29:0:1,29:0:1,29:0:1,29:0:1,15:4:1,22:2:1,22:2:1,22:2:1,15:4:1,29:0:1,29:0:1,29:0:1,29:0:1,29:0:1,29:0:1,29:0:1,
      29:0:1,29:0:1,29:0:1,29:0:1,29:0:1,29:0:1,29:0:1,15:4:1,15:4:1,15:4:1,15:4:1,15:4:1,29:0:1,29:0:1,29:0:1,29:0:1,29:0:1,29:0:1,29:0:1,29:0:1,29:0:1,15:4:1,15:4:1,15:4:1,15:4:1,15:4:1,29:0:1,29:0:1,29:0:1,29:0:1,29:0:1,29:0:1,29:0:1,
      22:2:1,15:4:1,29:0:1,29:0:1,29:0:1,29:0:1,29:0:1,29:0:1,29:0:1,29:0:1,29:0:1,29:0:1,29:0:1,29:0:1,29:0:1,29:0:1,29:0:1,29:0:1,29:0:1,29:0:1,29:0:1,29:0:1,29:0:1,29:0:1,29:0:1,29:0:1,29:0:1,29:0:1,29:0:1,29:0:1,29:0:1,15:4:1,22:2:1,
      22:2:1,15:4:1,29:0:1,29:0:1,29:0:1,29:0:1,29:0:1,29:0:1,29:0:1,29:0:1,29:0:1,29:0:1,29:0:1,29:0:1,29:0:1,29:0:1,29:0:1,29:0:1,29:0:1,29:0:1,29:0:1,29:0:1,29:0:1,29:0:1,29:0:1,29:0:1,29:0:1,29:0:1,29:0:1,29:0:1,29:0:1,15:4:1,22:2:1,
      22:2:1,15:4:1,29:0:1,29:0:1,29:0:1,29:0:1,29:0:1,29:0:1,29:0:1,29:0:1,29:0:1,29:0:1,29:0:1,29:0:1,29:0:1,29:0:1,29:0:1,29:0:1,29:0:1,29:0:1,29:0:1,29:0:1,29:0:1,29:0:1,29:0:1,29:0:1,29:0:1,29:0:1,29:0:1,29:0:1,29:0:1,15:4:1,22:2:1,
      22:2:1,15:4:1,15:4:1,15:4:1,29:0:1,29:0:1,29:0:1,29:0:1,29:0:1,29:0:1,29:0:1,29:0:1,29:0:1,29:0:1,29:0:1,29:0:1,29:0:1,29:0:1,29:0:1,29:0:1,29:0:1,29:0:1,29:0:1,29:0:1,29:0:1,29:0:1,29:0:1,29:0:1,29:0:1,29:0:1,29:0:1,15:4:1,22:2:1,
      22:2:1,22:2:1,22:2:1,15:4:1,29:0:1,29:0:1,29:0:1,29:0:1,29:0:1,29:0:1,29:0:1,29:0:1,29:0:1,29:0:1,29:0:1,29:0:1,29:0:1,29:0:1,29:0:1,29:0:1,29:0:1,29:0:1,29:0:1,29:0:1,29:0:1,29:0:1,29:0:1,29:0:1,29:0:1,29:0:1,29:0:1,15:4:1,22:2:1,
      29:0:1,29:0:1,22:2:1,15:4:1,29:0:1,29:0:1,29:0:1,29:0:1,29:0:1,29:0:1,29:0:1,29:0:1,29:0:1,29:0:1,29:0:1,29:0:1,29:0:1,29:0:1,29:0:1,29:0:1,29:0:1,29:0:1,29:0:1,29:0:1,29:0:1,29:0:1,29:0:1,29:0:1,29:0:1,29:0:1,29:0:1,15:4:1,22:2:1,
      22:2:1,22:2:1,22:2:1,15:4:1,29:0:1,29:0:1,29:0:1,29:0:1,29:0:1,29:0:1,29:0:1,29:0:1,29:0:1,29:0:1,29:0:1,29:0:1,29:0:1,29:0:1,29:0:1,29:0:1,29:0:1,29:0:1,29:0:1,29:0:1,29:0:1,29:0:1,29:0:1,29:0:1,29:0:1,29:0:1,29:0:1,15:4:1,22:2:1,
      22:2:1,15:4:1,15:4:1,15:4:1,29:0:1,29:0:1,29:0:1,29:0:1,29:0:1,29:0:1,29:0:1,29:0:1,29:0:1,29:0:1,29:0:1,29:0:1,29:0:1,29:0:1,29:0:1,29:0:1,29:0:1,29:0:1,29:0:1,29:0:1,29:0:1,29:0:1,29:0:1,29:0:1,29:0:1,29:0:1,29:0:1,15:4:1,22:2:1,
      22:2:1,15:4:1,29:0:1,29:0:1,29:0:1,29:0:1,29:0:1,29:0:1,29:0:1,29:0:1,29:0:1,29:0:1,22:2:1,22:2:1,22:2:1,22:2:1,22:2:1,22:2:1,22:2:1,22:2:1,22:2:1,29:0:1,29:0:1,29:0:1,29:0:1,29:0:1,29:0:1,29:0:1,29:0:1,29:0:1,29:0:1,15:4:1,22:2:1,
      22:2:1,15:4:1,29:0:1,29:0:1,29:0:1,29:0:1,29:0:1,29:0:1,29:0:1,29:0:1,29:0:1,29:0:1,22:2:1,15:4:1,15:4:1,15:4:1,15:4:1,15:4:1,15:4:1,15:4:1,22:2:1,29:0:1,29:0:1,29:0:1,29:0:1,29:0:1,29:0:1,29:0:1,29:0:1,29:0:1,29:0:1,15:4:1,22:2:1,
      22:2:1,15:4:1,29:0:1,29:0:1,29:0:1,29:0:1,29:0:1,29:0:1,29:0:1,29:0:1,29:0:1,29:0:1,22:2:1,15:4:1,29:0:1,29:0:1,29:0:1,29:0:1,29:0:1,15:4:1,22:2:1,29:0:1,29:0:1,29:0:1,29:0:1,29:0:1,29:0:1,29:0:1,29:0:1,29:0:1,29:0:1,15:4:1,22:2:1,
      22:2:1,15:4:1,29:0:1,29:0:1,29:0:1,29:0:1,29:0:1,29:0:1,29:0:1,29:0:1,29:0:1,29:0:1,22:2:1,15:4:1,29:0:1,29:0:1,29:0:1,29:0:1,29:0:1,15:4:1,22:2:1,29:0:1,29:0:1,29:0:1,29:0:1,29:0:1,29:0:1,29:0:1,29:0:1,29:0:1,29:0:1,15:4:1,22:2:1,
      22:2:1,15:4:1,29:0:1,29:0:1,29:0:1,29:0:1,29:0:1,29:0:1,29:0:1,29:0:1,29:0:1,29:0:1,22:2:1,15:4:1,29:0:1,29:0:1,29:0:1,29:0:1,29:0:1,15:4:1,22:2:1,29:0:1,29:0:1,29:0:1,29:0:1,29:0:1,29:0:1,29:0:1,29:0:1,29:0:1,29:0:1,15:4:1,22:2:1,
      22:2:1,15:4:1,29:0:1,29:0:1,29:0:1,29:0:1,29:0:1,29:0:1,29:0:1,29:0:1,29:0:1,29:0:1,22:2:1,15:4:1,29:0:1,29:0:1,29:0:1,29:0:1,29:0:1,15:4:1,22:2:1,29:0:1,29:0:1,29:0:1,29:0:1,29:0:1,29:0:1,29:0:1,29:0:1,29:0:1,29:0:1,15:4:1,22:2:1,
      22:2:1,15:4:1,29:0:1,29:0:1,29:0:1,29:0:1,29:0:1,29:0:1,29:0:1,29:0:1,29:0:1,29:0:1,22:2:1,15:4:1,29:0:1,29:0:1,29:0:1,29:0:1,29:0:1,15:4:1,22:2:1,29:0:1,29:0:1,29:0:1,29:0:1,29:0:1,29:0:1,29:0:1,29:0:1,29:0:1,29:0:1,15:4:1,22:2:1,
      22:2:1,15:4:1,29:0:1,29:0:1,29:0:1,29:0:1,29:0:1,29:0:1,29:0:1,29:0:1,29:0:1,29:0:1,22:2:1,15:4:1,15:4:1,15:4:1,15:4:1,15:4:1,15:4:1,15:4:1,22:2:1,29:0:1,29:0:1,29:0:1,29:0:1,29:0:1,29:0:1,29:0:1,29:0:1,29:0:1,29:0:1,15:4:1,22:2:1,
      22:2:1,15:4:1,29:0:1,29:0:1,29:0:1,29:0:1,29:0:1,29:0:1,29:0:1,29:0:1,29:0:1,29:0:1,22:2:1,22:2:1,22:2:1,22:2:1,22:2:1,22:2:1,22:2:1,22:2:1,22:2:1,29:0:1,29:0:1,29:0:1,29:0:1,29:0:1,29:0:1,29:0:1,29:0:1,29:0:1,29:0:1,15:4:1,22:2:1,
      22:2:1,15:4:1,15:4:1,15:4:1,29:0:1,29:0:1,29:0:1,29:0:1,29:0:1,29:0:1,29:0:1,29:0:1,29:0:1,29:0:1,29:0:1,29:0:1,29:0:1,29:0:1,29:0:1,29:0:1,29:0:1,29:0:1,29:0:1,29:0:1,29:0:1,29:0:1,29:0:1,29:0:1,29:0:1,29:0:1,29:0:1,15:4:1,22:2:1,
      22:2:1,22:2:1,22:2:1,15:4:1,29:0:1,29:0:1,29:0:1,29:0:1,29:0:1,29:0:1,29:0:1,29:0:1,29:0:1,29:0:1,29:0:1,29:0:1,29:0:1,29:0:1,29:0:1,29:0:1,29:0:1,29:0:1,29:0:1,29:0:1,29:0:1,29:0:1,29:0:1,29:0:1,29:0:1,29:0:1,29:0:1,15:4:1,22:2:1,
      29:0:1,29:0:1,22:2:1,15:4:1,29:0:1,29:0:1,29:0:1,29:0:1,29:0:1,29:0:1,29:0:1,29:0:1,29:0:1,29:0:1,29:0:1,29:0:1,29:0:1,29:0:1,29:0:1,29:0:1,29:0:1,29:0:1,29:0:1,29:0:1,29:0:1,29:0:1,29:0:1,29:0:1,29:0:1,29:0:1,29:0:1,15:4:1,22:2:1,
      22:2:1,22:2:1,22:2:1,15:4:1,29:0:1,29:0:1,29:0:1,29:0:1,29:0:1,29:0:1,29:0:1,29:0:1,29:0:1,29:0:1,29:0:1,29:0:1,29:0:1,29:0:1,29:0:1,29:0:1,29:0:1,29:0:1,29:0:1,29:0:1,29:0:1,29:0:1,29:0:1,29:0:1,29:0:1,29:0:1,29:0:1,15:4:1,22:2:1,
      22:2:1,15:4:1,15:4:1,15:4:1,29:0:1,29:0:1,29:0:1,29:0:1,29:0:1,29:0:1,29:0:1,29:0:1,29:0:1,29:0:1,29:0:1,29:0:1,29:0:1,29:0:1,29:0:1,29:0:1,29:0:1,29:0:1,29:0:1,29:0:1,29:0:1,29:0:1,29:0:1,29:0:1,29:0:1,29:0:1,29:0:1,15:4:1,22:2:1,
      22:2:1,15:4:1,29:0:1,29:0:1,29:0:1,29:0:1,29:0:1,29:0:1,29:0:1,29:0:1,29:0:1,29:0:1,29:0:1,29:0:1,29:0:1,29:0:1,29:0:1,29:0:1,29:0:1,29:0:1,29:0:1,29:0:1,29:0:1,29:0:1,29:0:1,29:0:1,29:0:1,29:0:1,29:0:1,29:0:1,29:0:1,15:4:1,22:2:1,
      22:2:1,15:4:1,29:0:1,29:0:1,29:0:1,29:0:1,29:0:1,29:0:1,29:0:1,29:0:1,29:0:1,29:0:1,29:0:1,29:0:1,29:0:1,29:0:1,29:0:1,29:0:1,29:0:1,29:0:1,29:0:1,29:0:1,29:0:1,29:0:1,29:0:1,29:0:1,29:0:1,29:0:1,29:0:1,29:0:1,29:0:1,15:4:1,22:2:1,
      22:2:1,15:4:1,29:0:1,29:0:1,29:0:1,29:0:1,29:0:1,29:0:1,29:0:1,29:0:1,29:0:1,29:0:1,29:0:1,29:0:1,29:0:1,29:0:1,29:0:1,29:0:1,29:0:1,29:0:1,29:0:1,29:0:1,29:0:1,29:0:1,29:0:1,29:0:1,29:0:1,29:0:1,29:0:1,29:0:1,29:0:1,15:4:1,22:2:1,
      29:0:1,29:0:1,29:0:1,29:0:1,29:0:1,29:0:1,29:0:1,15:4:1,15:4:1,15:4:1,15:4:1,15:4:1,29:0:1,29:0:1,29:0:1,29:0:1,29:0:1,29:0:1,29:0:1,29:0:1,29:0:1,15:4:1,15:4:1,15:4:1,15:4:1,15:4:1,29:0:1,29:0:1,29:0:1,29:0:1,29:0:1,29:0:1,29:0:1,
      29:0:1,29:0:1,29:0:1,29:0:1,29:0:1,29:0:1,29:0:1,15:4:1,22:2:1,22:2:1,22:2:1,15:4:1,29:0:1,29:0:1,29:0:1,29:0:1,29:0:1,29:0:1,29:0:1,29:0:1,29:0:1,15:4:1,22:2:1,22:2:1,22:2:1,15:4:1,29:0:1,29:0:1,29:0:1,29:0:1,29:0:1,29:0:1,29:0:1,
      29:0:1,29:0:1,29:0:1,29:0:1,15:4:1,15:4:1,15:4:1,15:4:1,22:2:1,29:0:1,22:2:1,15:4:1,15:4:1,15:4:1,15:4:1,15:4:1,15:4:1,15:4:1,15:4:1,15:4:1,15:4:1,15:4:1,22:2:1,29:0:1,22:2:1,15:4:1,15:4:1,15:4:1,15:4:1,29:0:1,29:0:1,29:0:1,29:0:1,
      29:0:1,29:0:1,29:0:1,29:0:1,22:2:1,22:2:1,22:2:1,22:2:1,22:2:1,29:0:1,22:2:1,22:2:1,22:2:1,22:2:1,22:2:1,22:2:1,22:2:1,22:2:1,22:2:1,22:2:1,22:2:1,22:2:1,22:2:1,29:0:1,22:2:1,22:2:1,22:2:1,22:2:1,22:2:1,29:0:1,29:0:1,29:0:1,29:0:1
    </Custom2DField>
  </Connectivity>
  <PhysicsAttributes inertiaTensor="14.07147,0,0,0,27.30667,0,0,0,14.07147" centerOfMass="6,0.8,-6" mass="1" frictionType="0"/>
  <Bounding>
    <AABB minX="-0.4" minY="-0.32" minZ="-12.4" maxX="12.4" maxY="1.92" maxZ="0.400001"/>
  </Bounding>
  <GeometryBounding>
    <AABB minX="-0.4" minY="-0.32" minZ="-12.4" maxX="12.4" maxY="1.92" maxZ="0.4"/>
  </GeometryBounding>
</LEGOPrimitive>
