<?xml version="1.0" encoding="UTF-8" standalone="no" ?>
<LEGOPrimitive versionMajor="1" versionMinor="0">
  <Annotations>
    <Annotation platformid="200"/>
    <Annotation platformname="SYSTEM"/>
    <Annotation maingroupid="268"/>
    <Annotation maingroupname="WHEEL BASE"/>
    <Annotation designname="WHEEL FORK 2X2 ROUND"/>
    <Annotation aliases="2655"/>
  </Annotations>
  <Collision>
    <Box sX="0.056918" sY="0.065" sZ="0.29" angle="180" ax="0" ay="0.707107" az="-0.707107" tx="0.231586" ty="-0.419406" tz="0.00053"/>
    <Box sX="0.056918" sY="0.065" sZ="0.29" angle="180" ax="0" ay="0.707107" az="-0.707107" tx="0.570303" ty="-0.419406" tz="0.00053"/>
    <Box sX="0.056918" sY="0.065" sZ="0.29" angle="180" ax="0" ay="0.707107" az="-0.707107" tx="0.570303" ty="-0.419406" tz="-0.799567"/>
    <Box sX="0.09244" sY="0.065" sZ="0.155" angle="180" ax="0" ay="0.707107" az="-0.707107" tx="0.400944" ty="-0.284406" tz="-0.799567"/>
    <Box sX="0.09244" sY="0.065" sZ="0.155" angle="180" ax="0" ay="0.707107" az="-0.707107" tx="0.400944" ty="-0.284406" tz="0.00053"/>
    <Box sX="0.555686" sY="0.555686" sZ="0.05" angle="180" ax="0" ay="0.707107" az="-0.707107" tx="0.4" ty="-0.06" tz="-0.4"/>
    <Box sX="0.39" sY="0.694532" sZ="0.05" angle="180" ax="0" ay="0.707107" az="-0.707107" tx="0.4" ty="-0.06" tz="-0.411711"/>
    <Box sX="0.68722" sY="0.39" sZ="0.05" angle="180" ax="0" ay="0.707107" az="-0.707107" tx="0.395601" ty="-0.06" tz="-0.4"/>
    <Box sX="0.056918" sY="0.065" sZ="0.29" angle="180" ax="0" ay="0.707107" az="-0.707107" tx="0.231586" ty="-0.419406" tz="-0.799567"/>
  </Collision>
  <Connectivity>
    <Custom2DField type="23" width="4" height="4" angle="0" ax="0" ay="1" az="0" tx="-0.4" ty="0" tz="-1.2">
      18:1:1,23:4:1,18:2:1,23:4:1,18:1:1,
      23:4:1,1:4,23:4:1,1:4,23:4:1,
      18:2:1,23:4:1,18:4:1,23:4:1,18:2:1,
      23:4:1,1:4,23:4:1,1:4,23:4:1,
      18:1:1,23:4:1,18:2:1,23:4:1,18:1:1
    </Custom2DField>
    <Hinge type="60" oriented="0" angle="120" ax="-0.57735" ay="-0.57735" az="0.57735" tx="0.4" ty="-0.64" tz="-0.4"/>
  </Connectivity>
  <PhysicsAttributes inertiaTensor="0.289511,0,0,0,0.426667,0,0,0,0.289511" centerOfMass="0.4,-0.29995,-0.4" mass="1" frictionType="0"/>
  <Bounding>
    <AABB minX="-0.4" minY="-0.778" minZ="-1.2" maxX="1.2" maxY="0.1781" maxZ="0.4"/>
  </Bounding>
  <GeometryBounding>
    <AABB minX="-0.4" minY="-0.778" minZ="-1.2" maxX="1.2" maxY="0.1781" maxZ="0.4"/>
  </GeometryBounding>
</LEGOPrimitive>
