<?xml version="1.0" encoding="UTF-8" standalone="no" ?>
<LEGOPrimitive versionMajor="1" versionMinor="0">
  <Annotations>
    <Annotation platformid="200"/>
    <Annotation platformname="SYSTEM"/>
    <Annotation maingroupid="216"/>
    <Annotation maingroupname="PLATES, SPECIAL"/>
    <Annotation designname="COLUMN 5M"/>
    <Annotation aliases="2680"/>
  </Annotations>
  <Collision>
    <Box sX="1.59" sY="0.15" sZ="1.59" angle="0" ax="0" ay="1" az="0" tx="1.2" ty="0.16" tz="-1.2"/>
    <Box sX="0.790027" sY="0.23" sZ="0.79" angle="0" ax="0" ay="1" az="0" tx="1.20003" ty="0.24" tz="-1.2"/>
    <Box sX="2.16291" sY="0.05812" sZ="0.304638" angle="86.34254" ax="0" ay="0" az="1" tx="0.49226" ty="2.48414" tz="-1.2"/>
    <Box sX="2.16291" sY="0.05812" sZ="0.304638" angle="180" ax="0.684182" ay="0.729312" az="0" tx="1.90774" ty="2.48414" tz="-1.2"/>
    <Box sX="0.166286" sY="0.065" sZ="2.18709" angle="90.04328" ax="0.999245" ay="-0.027474" az="-0.027474" tx="0.620531" ty="2.52346" tz="-1.2"/>
    <Box sX="0.166286" sY="0.065" sZ="2.18709" angle="177.77278" ax="0.019438" ay="-0.706973" az="-0.706973" tx="1.77947" ty="2.52346" tz="-1.2"/>
    <Box sX="0.790027" sY="0.068078" sZ="0.065" angle="0" ax="0" ay="1" az="0" tx="1.20003" ty="0.541922" tz="-1.2"/>
    <Box sX="0.548792" sY="0.14" sZ="0.065" angle="0" ax="0" ay="1" az="0" tx="1.20003" ty="2.61" tz="-1.2"/>
    <Box sX="0.790027" sY="0.065" sZ="0.79" angle="0" ax="0" ay="1" az="0" tx="1.20003" ty="4.725" tz="-1.2"/>
  </Collision>
  <Connectivity>
    <Custom2DField type="22" width="8" height="8" angle="0" ax="0" ay="1" az="0" tx="-0.4" ty="0" tz="-2.8">
      22:1:1,22:2:1,22:2:1,22:2:1,22:2:1,22:2:1,22:2:1,22:2:1,22:1:1,
      22:2:1,15:4:1,23:4:1,15:4:1,29:0:1,15:4:1,23:4:1,15:4:1,22:2:1,
      22:2:1,23:4:1,7:4:2,22:2:1,22:2:1,22:2:1,7:4:2,23:4:1,22:2:1,
      22:2:1,15:4:1,22:2:1,15:4:1,23:4:1,15:4:1,22:2:1,15:4:1,22:2:1,
      22:2:1,29:0:1,22:2:1,23:4:1,7:4:2,23:4:1,22:2:1,29:0:1,22:2:1,
      22:2:1,15:4:1,22:2:1,15:4:1,23:4:1,15:4:1,22:2:1,15:4:1,22:2:1,
      22:2:1,23:4:1,7:4:2,22:2:1,22:2:1,22:2:1,7:4:2,23:4:1,22:2:1,
      22:2:1,15:4:1,23:4:1,15:4:1,29:0:1,15:4:1,23:4:1,15:4:1,22:2:1,
      22:1:1,22:2:1,22:2:1,22:2:1,22:2:1,22:2:1,22:2:1,22:2:1,22:1:1
    </Custom2DField>
    <Custom2DField type="23" width="4" height="4" angle="0" ax="0" ay="1" az="0" tx="0.4" ty="4.8" tz="-2">
      18:1:1,23:4:1,18:2:1,23:4:1,18:1:1,
      23:4:1,1:4:1,23:4:1,1:4:1,23:4:1,
      18:2:1,23:4:1,18:4:1,23:4:1,18:2:1,
      23:4:1,1:4:1,23:4:1,1:4:1,23:4:1,
      18:1:1,23:4:1,18:2:1,23:4:1,18:1:1
    </Custom2DField>
  </Connectivity>
  <PhysicsAttributes inertiaTensor="2.91837,0,0,0,1.70667,0,0,0,2.91837" centerOfMass="1.2,2.489,-1.2" mass="1" frictionType="0"/>
  <Bounding>
    <AABB minX="-0.4" minY="0" minZ="-2.8" maxX="2.8" maxY="4.978" maxZ="0.4"/>
  </Bounding>
  <GeometryBounding>
    <AABB minX="-0.4" minY="0" minZ="-2.8" maxX="2.8" maxY="4.978" maxZ="0.4"/>
  </GeometryBounding>
</LEGOPrimitive>
