<?xml version="1.0" encoding="UTF-8" standalone="no" ?>
<LEGOPrimitive versionMajor="1" versionMinor="0">
  <Annotations>
    <Annotation platformid="200"/>
    <Annotation platformname="SYSTEM"/>
    <Annotation maingroupid="277"/>
    <Annotation maingroupname="WINDSCREENS AND COCKPITS"/>
    <Annotation designname="WINDSCREEN 3X10X3"/>
    <Annotation aliases="2694"/>
  </Annotations>
  <Collision>
    <Box sX="0.39" sY="0.15" sZ="0.920718" angle="0" ax="0" ay="1" az="0" tx="0" ty="0.16" tz="-1.06928"/>
    <Box sX="3.593" sY="0.15" sZ="0.39" angle="0" ax="0" ay="1" az="0" tx="3.6" ty="0.16" tz="0"/>
    <Box sX="0.065" sY="1.27" sZ="0.586726" angle="0" ax="0" ay="1" az="0" tx="-0.325" ty="1.6" tz="-1.40327"/>
    <Box sX="0.065" sY="1.39422" sZ="0.191699" angle="44.37812" ax="-0.319347" ay="0.935519" az="-0.151071" tx="-0.173644" ty="1.40722" tz="-0.25403"/>
    <Box sX="3.53025" sY="1.27" sZ="0.059338" angle="16.6883" ax="-1" ay="0" az="0" tx="3.53725" ty="1.634" tz="-0.098847"/>
    <Box sX="0.315" sY="0.065" sZ="0.527086" angle="0" ax="0" ay="1" az="0" tx="0.075" ty="2.805" tz="-1.06291"/>
    <Box sX="0.27598" sY="0.065" sZ="0.228497" angle="44.50011" ax="0" ay="-1" az="0" tx="0.02886" ty="2.805" tz="-1.63034"/>
    <Box sX="0.39" sY="0.15" sZ="0.920718" angle="180" ax="0" ay="1" az="0" tx="7.2" ty="0.16" tz="-1.06928"/>
    <Box sX="0.065" sY="1.27" sZ="0.586726" angle="180" ax="0" ay="1" az="0" tx="7.525" ty="1.6" tz="-1.40327"/>
    <Box sX="0.315" sY="0.065" sZ="0.527086" angle="180" ax="0" ay="1" az="0" tx="7.125" ty="2.805" tz="-1.06291"/>
    <Box sX="0.27598" sY="0.065" sZ="0.228497" angle="135.49988" ax="0" ay="-1" az="0" tx="7.17114" ty="2.805" tz="-1.63034"/>
    <Box sX="3.19" sY="0.065" sZ="0.388157" angle="180" ax="0" ay="1" az="0" tx="3.6" ty="2.805" tz="-0.801844"/>
    <Box sX="0.065" sY="1.39806" sZ="0.191699" angle="138.61998" ax="-0.060987" ay="0.989778" az="-0.128921" tx="7.37293" ty="1.40352" tz="-0.253018"/>
    <Box sX="0.065" sY="1.32023" sZ="0.305792" angle="15" ax="-1" ay="0" az="0" tx="-0.325" ty="1.48352" tz="-0.792851"/>
    <Box sX="0.065" sY="1.32023" sZ="0.305792" angle="15" ax="-1" ay="0" az="0" tx="7.525" ty="1.48352" tz="-0.792851"/>
  </Collision>
  <Connectivity>
    <Custom2DField type="23" width="20" height="4" angle="0" ax="0" ay="1" az="0" tx="-0.4" ty="2.88" tz="-2">
      18:1:1,23:4:1,18:1:1,29:0:1,29:0:1,29:0:1,29:0:1,29:0:1,29:0:1,29:0:1,29:0:1,29:0:1,29:0:1,29:0:1,29:0:1,29:0:1,29:0:1,29:0:1,18:1:1,23:4:1,18:1:1,
      23:4:1,1:4:2,23:4:1,29:0:1,29:0:1,29:0:1,29:0:1,29:0:1,29:0:1,29:0:1,29:0:1,29:0:1,29:0:1,29:0:1,29:0:1,29:0:1,29:0:1,29:0:1,23:4:1,1:4:2,23:4:1,
      18:2:1,23:4:1,18:3:1,23:4:1,18:2:1,23:4:1,18:2:1,23:4:1,18:2:1,23:4:1,18:2:1,23:4:1,18:2:1,23:4:1,18:2:1,23:4:1,18:2:1,23:4:1,18:3:1,23:4:1,18:2:1,
      23:4:1,1:4:2,23:4:1,1:4:1,23:4:1,1:4:1,23:4:1,1:4:1,23:4:1,1:4:1,23:4:1,1:4:1,23:4:1,1:4:1,23:4:1,1:4:1,23:4:1,1:4:1,23:4:1,1:4:2,23:4:1,
      18:1:1,23:4:1,18:2:1,23:4:1,18:2:1,23:4:1,18:2:1,23:4:1,18:2:1,23:4:1,18:2:1,23:4:1,18:2:1,23:4:1,18:2:1,23:4:1,18:2:1,23:4:1,18:2:1,23:4:1,18:1:1
    </Custom2DField>
    <Custom2DField type="22" width="20" height="6" angle="0" ax="0" ay="1" az="0" tx="-0.4" ty="0" tz="-2">
      22:1:1,22:2:1,22:1:1,29:0:1,29:0:1,29:0:1,29:0:1,29:0:1,29:0:1,29:0:1,29:0:1,29:0:1,29:0:1,29:0:1,29:0:1,29:0:1,29:0:1,29:0:1,22:1:1,22:2:1,22:1:1,
      22:2:1,15:4:1,22:2:1,29:0:1,29:0:1,29:0:1,29:0:1,29:0:1,29:0:1,29:0:1,29:0:1,29:0:1,29:0:1,29:0:1,29:0:1,29:0:1,29:0:1,29:0:1,22:2:1,15:4:1,22:2:1,
      22:2:1,9:4:1,22:2:1,29:0:1,29:0:1,29:0:1,29:0:1,29:0:1,29:0:1,29:0:1,29:0:1,29:0:1,29:0:1,29:0:1,29:0:1,29:0:1,29:0:1,29:0:1,22:2:1,9:4:1,22:2:1,
      22:2:1,15:4:1,22:2:1,29:0:1,29:0:1,29:0:1,29:0:1,29:0:1,29:0:1,29:0:1,29:0:1,29:0:1,29:0:1,29:0:1,29:0:1,29:0:1,29:0:1,29:0:1,22:2:1,15:4:1,22:2:1,
      22:2:1,9:4:1,22:1:1,22:2:1,22:2:1,22:2:1,22:2:1,22:2:1,22:2:1,22:2:1,22:2:1,22:2:1,22:2:1,22:2:1,22:2:1,22:2:1,22:2:1,22:2:1,22:1:1,9:4:1,22:2:1,
      22:2:1,15:4:2,9:4:1,15:4:1,9:4:1,15:4:1,9:4:1,15:4:1,9:4:1,15:4:1,9:4:1,15:4:1,9:4:1,15:4:1,9:4:1,15:4:1,9:4:1,15:4:1,9:4:1,15:4:2,22:2:1,
      22:2:1,22:2:1,22:2:1,22:2:1,22:2:1,22:2:1,22:2:1,22:2:1,22:2:1,22:2:1,22:2:1,22:2:1,22:2:1,22:2:1,22:2:1,22:2:1,22:2:1,22:2:1,22:2:1,22:2:1,22:2:1
    </Custom2DField>
  </Connectivity>
  <PhysicsAttributes inertiaTensor="1.25877,0,0,0,5.81333,0,0,0,6.1121" centerOfMass="3.6,1.5285,-0.8" mass="1" frictionType="0"/>
  <Bounding>
    <AABB minX="-0.4" minY="0" minZ="-2" maxX="7.6" maxY="3.057" maxZ="0.4"/>
  </Bounding>
  <GeometryBounding>
    <AABB minX="-0.4" minY="0" minZ="-2" maxX="7.6" maxY="3.057" maxZ="0.4"/>
  </GeometryBounding>
</LEGOPrimitive>
