<?xml version="1.0" encoding="UTF-8" standalone="no" ?>
<LEGOPrimitive versionMajor="1" versionMinor="0">
  <Annotations>
    <Annotation platformid="200"/>
    <Annotation platformname="SYSTEM"/>
    <Annotation maingroupid="266"/>
    <Annotation maingroupname="TYRES AND RIMS FOR/TO SNAP Ø4,85 W. CROSS"/>
    <Annotation designname="HUB 13XØ24/Ø30"/>
    <Annotation aliases="2695"/>
  </Annotations>
  <Collision>
    <Box sX="0.638071" sY="0.130178" sZ="0.275" angle="0" ax="0" ay="1" az="0" tx="-0.001929" ty="-1.08854" tz="-0.335"/>
    <Box sX="0.638071" sY="0.130178" sZ="0.275" angle="120" ax="0" ay="0" az="-1" tx="-0.941736" ty="0.545938" tz="-0.335"/>
    <Box sX="0.638071" sY="0.130178" sZ="0.275" angle="60" ax="0" ay="0" az="-1" tx="-0.943665" ty="-0.542598" tz="-0.335"/>
    <Box sX="0.638071" sY="0.130178" sZ="0.275" angle="180" ax="0" ay="0" az="1" tx="0.001929" ty="1.08854" tz="-0.335"/>
    <Box sX="0.638071" sY="0.130178" sZ="0.275" angle="120" ax="0" ay="0" az="1" tx="0.943665" ty="0.542598" tz="-0.335"/>
    <Box sX="0.638071" sY="0.130178" sZ="0.275" angle="60" ax="0" ay="0" az="1" tx="0.941736" ty="-0.545938" tz="-0.335"/>
    <Box sX="1.21686" sY="0.08641" sZ="0.25" angle="0" ax="0" ay="1" az="0" tx="0" ty="-0.34641" tz="-0.36"/>
    <Box sX="1.21686" sY="0.08641" sZ="0.25" angle="120" ax="0" ay="0" az="1" tx="0.3" ty="0.173205" tz="-0.36"/>
    <Box sX="1.21686" sY="0.08641" sZ="0.25" angle="120" ax="0" ay="0" az="-1" tx="-0.3" ty="0.173205" tz="-0.36"/>
    <Box sX="1.21686" sY="0.08641" sZ="0.25" angle="60" ax="0" ay="0" az="1" tx="0.3" ty="-0.173205" tz="-0.36"/>
    <Box sX="1.21686" sY="0.08641" sZ="0.25" angle="60" ax="0" ay="0" az="-1" tx="-0.3" ty="-0.173205" tz="-0.36"/>
    <Box sX="1.21686" sY="0.08641" sZ="0.25" angle="180" ax="0" ay="0" az="1" tx="0" ty="0.34641" tz="-0.36"/>
    <Box sX="0.459706" sY="0.395" sZ="0.012803" angle="90" ax="1" ay="0" az="0" tx="0" ty="-1.4228" tz="-0.945"/>
    <Box sX="0.459706" sY="0.395" sZ="0.012803" angle="95.47961" ax="0.908661" ay="0.295242" az="0.295242" tx="0.836303" ty="-1.15107" tz="-0.945"/>
    <Box sX="0.459706" sY="0.395" sZ="0.012803" angle="110.2118" ax="0.697456" ay="0.506732" az="0.506732" tx="1.35317" ty="-0.43967" tz="-0.945"/>
    <Box sX="0.459706" sY="0.395" sZ="0.012803" angle="130.88239" ax="0.456966" ay="0.62896" az="0.62896" tx="1.35317" ty="0.43967" tz="-0.945"/>
    <Box sX="0.459706" sY="0.395" sZ="0.012803" angle="154.75717" ax="0.223919" ay="0.689152" az="0.689152" tx="0.836303" ty="1.15107" tz="-0.945"/>
    <Box sX="0.459706" sY="0.395" sZ="0.012803" angle="180" ax="0" ay="0.707107" az="0.707107" tx="0" ty="1.4228" tz="-0.945"/>
    <Box sX="0.459706" sY="0.395" sZ="0.012803" angle="130.88239" ax="0.456966" ay="-0.62896" az="-0.62896" tx="-1.35317" ty="0.43967" tz="-0.945"/>
    <Box sX="0.459706" sY="0.395" sZ="0.012803" angle="110.2118" ax="0.697456" ay="-0.506732" az="-0.506732" tx="-1.35317" ty="-0.43967" tz="-0.945"/>
    <Box sX="0.459706" sY="0.395" sZ="0.012803" angle="95.47961" ax="0.908661" ay="-0.295242" az="-0.295242" tx="-0.836303" ty="-1.15107" tz="-0.945"/>
    <Box sX="0.459706" sY="0.395" sZ="0.012803" angle="154.75717" ax="0.223919" ay="-0.689152" az="-0.689152" tx="-0.836303" ty="1.15107" tz="-0.945"/>
  </Collision>
  <Connectivity>
    <Axel type="2" length="0.8" grabbing="0" startCapped="0" endCapped="0" angle="120" ax="-0.57735" ay="0.57735" az="-0.57735" tx="0" ty="0" tz="0.08"/>
    <Axel type="2" length="0.8" grabbing="0" startCapped="0" endCapped="0" angle="120" ax="-0.57735" ay="0.57735" az="-0.57735" tx="-0.8" ty="0" tz="0.08"/>
    <Axel type="2" length="0.8" grabbing="0" startCapped="0" endCapped="0" angle="120" ax="-0.57735" ay="0.57735" az="-0.57735" tx="0.8" ty="0" tz="0.08"/>
    <Axel type="2" length="0.8" grabbing="0" startCapped="0" endCapped="0" angle="120" ax="-0.57735" ay="0.57735" az="-0.57735" tx="0.4" ty="0.69282" tz="0.08"/>
    <Axel type="2" length="0.8" grabbing="0" startCapped="0" endCapped="0" angle="120" ax="-0.57735" ay="0.57735" az="-0.57735" tx="-0.4" ty="0.69282" tz="0.08"/>
    <Axel type="2" length="0.8" grabbing="0" startCapped="0" endCapped="0" angle="120" ax="-0.57735" ay="0.57735" az="-0.57735" tx="0.4" ty="-0.69282" tz="0.08"/>
    <Axel type="2" length="0.8" grabbing="0" startCapped="0" endCapped="0" angle="120" ax="-0.57735" ay="0.57735" az="-0.57735" tx="-0.4" ty="-0.69282" tz="0.08"/>
    <Fixed type="9" axes="1" angle="90" ax="-1" ay="0" az="0" tx="0" ty="0" tz="-0.7"/>
    <Fixed type="9" axes="1" angle="90" ax="1" ay="0" az="0" tx="0" ty="0" tz="-0.7"/>
  </Connectivity>
  <PhysicsAttributes inertiaTensor="0.940542,0,0,0,0.940542,0,0,0,1.54027" centerOfMass="0,0,-0.635001" mass="1" frictionType="0"/>
  <Bounding>
    <AABB minX="-1.52" minY="-1.52" minZ="-1.35" maxX="1.52" maxY="1.52" maxZ="0.08"/>
  </Bounding>
  <GeometryBounding>
    <AABB minX="-1.52" minY="-1.52" minZ="-1.35" maxX="1.52" maxY="1.52" maxZ="0"/>
  </GeometryBounding>
</LEGOPrimitive>
