<?xml version="1.0" encoding="UTF-8" standalone="no" ?>
<LEGOPrimitive versionMajor="1" versionMinor="0">
  <Annotations>
    <Annotation platformid="200"/>
    <Annotation platformname="SYSTEM"/>
    <Annotation maingroupid="266"/>
    <Annotation maingroupname="TYRES AND RIMS FOR/TO SNAP Ø4,85 W. CROSS"/>
    <Annotation designname="TYRE 13 X 43.2"/>
    <Annotation aliases="2696"/>
  </Annotations>
  <Collision>
    <Box sX="0.508123" sY="0.64" sZ="0.276809" angle="180" ax="0" ay="-0.707107" az="0.707107" tx="0" ty="1.82343" tz="-0.7"/>
    <Box sX="0.508123" sY="0.64" sZ="0.276809" angle="158.90941" ax="-0.186157" ay="-0.694747" az="0.694747" tx="0.911713" ty="1.57913" tz="-0.7"/>
    <Box sX="0.508123" sY="0.64" sZ="0.276809" angle="138.59036" ax="-0.377964" ay="-0.654654" az="0.654654" tx="1.57913" ty="0.911713" tz="-0.7"/>
    <Box sX="0.508123" sY="0.64" sZ="0.276809" angle="120" ax="-0.57735" ay="-0.57735" az="0.57735" tx="1.82343" ty="0" tz="-0.7"/>
    <Box sX="0.508123" sY="0.64" sZ="0.276809" angle="104.47751" ax="-0.774597" ay="-0.447214" az="0.447214" tx="1.57913" ty="-0.911713" tz="-0.7"/>
    <Box sX="0.508123" sY="0.64" sZ="0.276809" angle="93.84097" ax="-0.935113" ay="-0.250563" az="0.250563" tx="0.911713" ty="-1.57913" tz="-0.7"/>
    <Box sX="0.508123" sY="0.64" sZ="0.276809" angle="89.99999" ax="-1" ay="0" az="0" tx="0" ty="-1.82343" tz="-0.7"/>
    <Box sX="0.508123" sY="0.64" sZ="0.276809" angle="93.84097" ax="-0.935113" ay="0.250563" az="-0.250563" tx="-0.911713" ty="-1.57913" tz="-0.7"/>
    <Box sX="0.508123" sY="0.64" sZ="0.276809" angle="104.47751" ax="-0.774597" ay="0.447214" az="-0.447214" tx="-1.57913" ty="-0.911713" tz="-0.7"/>
    <Box sX="0.508123" sY="0.64" sZ="0.276809" angle="120" ax="-0.57735" ay="0.57735" az="-0.57735" tx="-1.82343" ty="0" tz="-0.7"/>
    <Box sX="0.508123" sY="0.64" sZ="0.276809" angle="138.59036" ax="-0.377964" ay="0.654654" az="-0.654654" tx="-1.57913" ty="0.911713" tz="-0.7"/>
    <Box sX="0.508123" sY="0.64" sZ="0.276809" angle="158.90941" ax="-0.186157" ay="0.694747" az="-0.694747" tx="-0.911713" ty="1.57913" tz="-0.7"/>
    <Box sX="0.719464" sY="0.140516" sZ="0.21732" angle="180" ax="0" ay="-0.707107" az="0.707107" tx="0" ty="1.67174" tz="-0.200516"/>
    <Box sX="0.719464" sY="0.140516" sZ="0.21732" angle="148.60028" ax="-0.281085" ay="-0.678598" az="0.678598" tx="1.1821" ty="1.1821" tz="-0.200516"/>
    <Box sX="0.719464" sY="0.140516" sZ="0.21732" angle="120" ax="-0.57735" ay="-0.57735" az="0.57735" tx="1.67174" ty="0" tz="-0.200515"/>
    <Box sX="0.719464" sY="0.140516" sZ="0.21732" angle="98.42106" ax="-0.862856" ay="-0.357407" az="0.357407" tx="1.1821" ty="-1.1821" tz="-0.200515"/>
    <Box sX="0.719464" sY="0.140516" sZ="0.21732" angle="89.99999" ax="-1" ay="0" az="0" tx="0" ty="-1.67174" tz="-0.200515"/>
    <Box sX="0.719464" sY="0.140516" sZ="0.21732" angle="98.42106" ax="-0.862856" ay="0.357407" az="-0.357407" tx="-1.1821" ty="-1.1821" tz="-0.200515"/>
    <Box sX="0.719464" sY="0.140516" sZ="0.21732" angle="120" ax="-0.57735" ay="0.57735" az="-0.57735" tx="-1.67174" ty="0" tz="-0.200515"/>
    <Box sX="0.719464" sY="0.140516" sZ="0.21732" angle="148.60028" ax="-0.281085" ay="0.678598" az="-0.678598" tx="-1.1821" ty="1.1821" tz="-0.200515"/>
  </Collision>
  <Connectivity>
    <Fixed type="8" axes="1" angle="180" ax="0" ay="0.707107" az="-0.707107" tx="0" ty="0" tz="-0.7"/>
    <Fixed type="8" axes="1" angle="180" ax="0" ay="0.707107" az="0.707107" tx="0" ty="0" tz="-0.7"/>
  </Connectivity>
  <PhysicsAttributes inertiaTensor="1.67713,0,0,0,1.67713,0,0,0,3.0726" centerOfMass="0,0,-0.7" mass="1" frictionType="0"/>
  <Bounding>
    <AABB minX="-2.14683" minY="-2.14683" minZ="-1.35" maxX="2.14683" maxY="2.14683" maxZ="-0.05"/>
  </Bounding>
  <GeometryBounding>
    <AABB minX="-2.14683" minY="-2.14683" minZ="-1.35" maxX="2.14683" maxY="2.14683" maxZ="-0.05"/>
  </GeometryBounding>
</LEGOPrimitive>
