<?xml version="1.0" encoding="UTF-8" standalone="no" ?>
<LEGOPrimitive versionMajor="1" versionMinor="0">
  <Annotations>
    <Annotation platformid="200"/>
    <Annotation platformname="SYSTEM"/>
    <Annotation maingroupid="285"/>
    <Annotation maingroupname="CONNECTORS"/>
    <Annotation designname="TECHNIC STICK"/>
    <Annotation aliases="2714"/>
  </Annotations>
  <Collision>
    <Box sX="0.11255" sY="0.016088" sZ="0.389495" angle="90" ax="1" ay="0" az="0" tx="0.000229" ty="0.400504" tz="0.186088"/>
    <Box sX="0.11255" sY="0.016088" sZ="0.389495" angle="120" ax="0.57735" ay="0.57735" az="-0.57735" tx="0.186317" ty="0.400504" tz="0"/>
    <Box sX="0.142426" sY="0.041358" sZ="0.11" angle="98.42106" ax="0.862856" ay="0.357407" az="-0.357407" tx="0.145598" ty="0.84" tz="0.145598"/>
    <Box sX="0.11255" sY="0.016088" sZ="0.389495" angle="180" ax="0" ay="-0.707107" az="0.707107" tx="0.000229" ty="0.400504" tz="-0.186088"/>
    <Box sX="0.11255" sY="0.016088" sZ="0.389495" angle="120" ax="0.57735" ay="-0.57735" az="0.57735" tx="-0.185859" ty="0.400504" tz="0"/>
    <Box sX="0.149" sY="0.0055" sZ="0.03" angle="98.42106" ax="0.862856" ay="0.357407" az="-0.357407" tx="0.120242" ty="0.04" tz="0.120242"/>
    <Box sX="0.149" sY="0.0055" sZ="0.03" angle="98.42106" ax="0.862856" ay="-0.357407" az="0.357407" tx="-0.120242" ty="0.04" tz="0.120242"/>
    <Box sX="0.149" sY="0.0055" sZ="0.03" angle="148.60028" ax="0.281085" ay="-0.678598" az="0.678598" tx="-0.120242" ty="0.04" tz="-0.120242"/>
    <Box sX="0.149" sY="0.0055" sZ="0.03" angle="148.60028" ax="0.281085" ay="0.678598" az="-0.678598" tx="0.120242" ty="0.04" tz="-0.120242"/>
    <Box sX="0.142426" sY="0.041358" sZ="0.11" angle="148.60028" ax="0.281085" ay="0.678598" az="-0.678598" tx="0.145598" ty="0.84" tz="-0.145598"/>
    <Box sX="0.142426" sY="0.041358" sZ="0.11" angle="148.60028" ax="0.281085" ay="-0.678598" az="0.678598" tx="-0.145598" ty="0.84" tz="-0.145598"/>
    <Box sX="0.142426" sY="0.041358" sZ="0.11" angle="98.42106" ax="0.862856" ay="-0.357407" az="0.357407" tx="-0.145598" ty="0.84" tz="0.145598"/>
    <Box sX="0.111114" sY="2.788" sZ="0.084885" angle="0" ax="0" ay="1" az="0" tx="-0.001134" ty="3.598" tz="-0.001133"/>
    <Box sX="0.106914" sY="0.043985" sZ="0.354836" angle="0" ax="0" ay="1" az="0" tx="0" ty="5.56601" tz="0"/>
    <Box sX="0.106914" sY="0.043985" sZ="0.354836" angle="90" ax="0" ay="1" az="0" tx="0" ty="5.56601" tz="0"/>
    <Box sX="0.150198" sY="0.043985" sZ="0.311814" angle="45" ax="0" ay="1" az="0" tx="0" ty="5.56601" tz="0"/>
    <Box sX="0.150198" sY="0.043985" sZ="0.311814" angle="135" ax="0" ay="1" az="0" tx="0" ty="5.56601" tz="0"/>
  </Collision>
  <Connectivity>
    <Axel type="7" length="0.619999" requireGrabbing="0" startCapped="0" endCapped="1" angle="180" ax="-0.707107" ay="0" az="-0.707107" tx="0" ty="6.24" tz="0"/>
    <Axel type="7" length="4.44" requireGrabbing="1" startCapped="1" endCapped="1" angle="180" ax="-0.707107" ay="0" az="-0.707107" tx="0" ty="5.475" tz="0"/>
    <Axel type="19" length="0.8" requireGrabbing="0" startCapped="0" endCapped="1" angle="90" ax="0" ay="1" az="0" tx="0" ty="0" tz="0"/>
    <Axel type="6" length="0.8" grabbing="0" startCapped="0" endCapped="0" angle="180" ax="-0.707107" ay="0" az="-0.707107" tx="0" ty="0.8" tz="0"/>
  </Connectivity>
  <PhysicsAttributes inertiaTensor="3.45897,0,0,0,0.091267,0,0,0,3.45897" centerOfMass="0,3.2,0" mass="1" frictionType="0"/>
  <Bounding>
    <AABB minX="-0.37" minY="0" minZ="-0.37" maxX="0.37" maxY="6.4" maxZ="0.37"/>
  </Bounding>
  <GeometryBounding>
    <AABB minX="-0.37" minY="0" minZ="-0.37" maxX="0.37" maxY="6.4" maxZ="0.37"/>
  </GeometryBounding>
</LEGOPrimitive>
