<?xml version="1.0" encoding="UTF-8" standalone="no" ?>
<LEGOPrimitive versionMajor="1" versionMinor="0">
  <Annotations>
    <Annotation platformid="300"/>
    <Annotation platformname="TECHNIC"/>
    <Annotation maingroupid="396"/>
    <Annotation maingroupname="VARIOUS PARTS"/>
    <Annotation designname="DISK Ø24"/>
    <Annotation aliases="2723;52901"/>
  </Annotations>
  <Collision>
    <Box sX="0.22364" sY="0.446291" sZ="0.066297" angle="11.24997" ax="0" ay="0" az="-1" tx="0.140133" ty="0.704495" tz="-0.2"/>
    <Box sX="0.22364" sY="0.446291" sZ="0.066297" angle="33.75" ax="0" ay="0" az="-1" tx="0.399065" ty="0.597242" tz="-0.2"/>
    <Box sX="0.22364" sY="0.446291" sZ="0.066297" angle="101.25" ax="0" ay="0" az="1" tx="-0.704495" ty="-0.140132" tz="-0.2"/>
    <Box sX="0.22364" sY="0.446291" sZ="0.066297" angle="123.74999" ax="0" ay="0" az="1" tx="-0.597242" ty="-0.399064" tz="-0.2"/>
    <Box sX="0.22364" sY="0.446291" sZ="0.066297" angle="56.25" ax="0" ay="0" az="1" tx="-0.597242" ty="0.399065" tz="-0.2"/>
    <Box sX="0.22364" sY="0.446291" sZ="0.066297" angle="78.74999" ax="0" ay="0" az="1" tx="-0.704495" ty="0.140133" tz="-0.2"/>
    <Box sX="0.22364" sY="0.446291" sZ="0.066297" angle="11.24997" ax="0" ay="0" az="1" tx="-0.140132" ty="0.704495" tz="-0.2"/>
    <Box sX="0.22364" sY="0.446291" sZ="0.066297" angle="33.75" ax="0" ay="0" az="1" tx="-0.399064" ty="0.597242" tz="-0.2"/>
    <Box sX="0.22364" sY="0.446291" sZ="0.066297" angle="146.25" ax="0" ay="0" az="1" tx="-0.399065" ty="-0.597242" tz="-0.2"/>
    <Box sX="0.22364" sY="0.446291" sZ="0.066297" angle="168.75003" ax="0" ay="0" az="1" tx="-0.140133" ty="-0.704495" tz="-0.2"/>
    <Box sX="0.22364" sY="0.446291" sZ="0.066297" angle="168.75003" ax="0" ay="0" az="-1" tx="0.140132" ty="-0.704495" tz="-0.2"/>
    <Box sX="0.22364" sY="0.446291" sZ="0.066297" angle="146.25" ax="0" ay="0" az="-1" tx="0.399064" ty="-0.597242" tz="-0.2"/>
    <Box sX="0.22364" sY="0.446291" sZ="0.066297" angle="123.74999" ax="0" ay="0" az="-1" tx="0.597242" ty="-0.399065" tz="-0.2"/>
    <Box sX="0.22364" sY="0.446291" sZ="0.066297" angle="101.25" ax="0" ay="0" az="-1" tx="0.704495" ty="-0.140133" tz="-0.2"/>
    <Box sX="0.22364" sY="0.446291" sZ="0.066297" angle="78.74999" ax="0" ay="0" az="-1" tx="0.704495" ty="0.140132" tz="-0.2"/>
    <Box sX="0.22364" sY="0.446291" sZ="0.066297" angle="56.25" ax="0" ay="0" az="-1" tx="0.597242" ty="0.399064" tz="-0.2"/>
    <Box sX="0.0055" sY="0.149474" sZ="0.190702" angle="0" ax="0" ay="1" az="0" tx="-0.2605" ty="0" tz="-0.2"/>
    <Box sX="0.0055" sY="0.149474" sZ="0.190702" angle="90" ax="0" ay="0" az="-1" tx="0" ty="0.2605" tz="-0.2"/>
    <Box sX="0.0055" sY="0.149474" sZ="0.190702" angle="90" ax="0" ay="0" az="1" tx="0" ty="-0.2605" tz="-0.2"/>
    <Box sX="0.0055" sY="0.149474" sZ="0.190702" angle="180" ax="0" ay="0" az="1" tx="0.2605" ty="0" tz="-0.2"/>
    <Box sX="0.054857" sY="0.054857" sZ="0.190702" angle="0" ax="0" ay="1" az="0" tx="-0.154857" ty="0.154857" tz="-0.2"/>
    <Box sX="0.054857" sY="0.054857" sZ="0.190702" angle="0" ax="0" ay="1" az="0" tx="0.154857" ty="0.154857" tz="-0.2"/>
    <Box sX="0.054857" sY="0.054857" sZ="0.190702" angle="0" ax="0" ay="1" az="0" tx="0.154857" ty="-0.154857" tz="-0.2"/>
    <Box sX="0.054857" sY="0.054857" sZ="0.190702" angle="0" ax="0" ay="1" az="0" tx="-0.154857" ty="-0.154857" tz="-0.2"/>
  </Collision>
  <Connectivity>
    <Axel type="4" length="0.400702" grabbing="0" startCapped="0" endCapped="0" angle="120" ax="-0.57735" ay="0.57735" az="-0.57735" tx="0" ty="0" tz="0"/>
  </Connectivity>
  <PhysicsAttributes inertiaTensor="0.491509,0,0,0,0.491509,0,0,0,0.956164" centerOfMass="0,0,-0.2" mass="1" frictionType="0"/>
  <Bounding>
    <AABB minX="-1.1976" minY="-1.1976" minZ="-0.400702" maxX="1.1976" maxY="1.1976" maxZ="0.000702"/>
  </Bounding>
  <GeometryBounding>
    <AABB minX="-1.1976" minY="-1.1976" minZ="-0.400702" maxX="1.1976" maxY="1.1976" maxZ="0.000702"/>
  </GeometryBounding>
</LEGOPrimitive>
