<?xml version="1.0" encoding="UTF-8" standalone="no" ?>
<LEGOPrimitive versionMajor="1" versionMinor="0">
  <Annotations>
    <Annotation platformid="200"/>
    <Annotation platformname="SYSTEM"/>
    <Annotation maingroupid="204"/>
    <Annotation maingroupname="BRICKS AND BEAMS, SPECIAL Ø 4,85"/>
    <Annotation designname="TECHNIC BRICK 1X10 Ø4.9"/>
    <Annotation aliases="2730"/>
  </Annotations>
  <Collision>
    <Box sX="0.235" sY="0.47" sZ="0.39" angle="0" ax="0" ay="1" az="0" tx="-0.155" ty="0.48" tz="0"/>
    <Box sX="0.235" sY="0.47" sZ="0.39" angle="0" ax="0" ay="1" az="0" tx="7.355" ty="0.48" tz="0"/>
    <Box sX="3.99" sY="0.025" sZ="0.39" angle="0" ax="0" ay="1" az="0" tx="3.6" ty="0.925" tz="0"/>
    <Box sX="3.99" sY="0.125" sZ="0.39" angle="0" ax="0" ay="1" az="0" tx="3.6" ty="0.135" tz="0"/>
    <Box sX="0.08" sY="0.47" sZ="0.39" angle="0" ax="0" ay="1" az="0" tx="0.8" ty="0.48" tz="0"/>
    <Box sX="0.08" sY="0.47" sZ="0.39" angle="0" ax="0" ay="1" az="0" tx="1.6" ty="0.48" tz="0"/>
    <Box sX="0.08" sY="0.47" sZ="0.39" angle="0" ax="0" ay="1" az="0" tx="2.4" ty="0.48" tz="0"/>
    <Box sX="0.08" sY="0.47" sZ="0.39" angle="0" ax="0" ay="1" az="0" tx="3.2" ty="0.48" tz="0"/>
    <Box sX="0.08" sY="0.47" sZ="0.39" angle="0" ax="0" ay="1" az="0" tx="4" ty="0.48" tz="0"/>
    <Box sX="0.08" sY="0.47" sZ="0.39" angle="0" ax="0" ay="1" az="0" tx="4.8" ty="0.48" tz="0"/>
    <Box sX="0.08" sY="0.47" sZ="0.39" angle="0" ax="0" ay="1" az="0" tx="5.6" ty="0.48" tz="0"/>
    <Box sX="0.08" sY="0.47" sZ="0.39" angle="0" ax="0" ay="1" az="0" tx="6.4" ty="0.48" tz="0"/>
    <Box sX="0.08" sY="0.47" sZ="0.39" angle="0" ax="0" ay="1" az="0" tx="7.2" ty="0.48" tz="0"/>
    <Box sX="3.99" sY="0.02" sZ="0.301" angle="0" ax="0" ay="1" az="0" tx="3.6" ty="0.3" tz="0"/>
    <Box sX="3.99" sY="0.02" sZ="0.301" angle="0" ax="0" ay="1" az="0" tx="3.6" ty="0.86" tz="0"/>
  </Collision>
  <Connectivity>
    <Custom2DField type="23" width="20" height="2" angle="0" ax="0" ay="1" az="0" tx="-0.4" ty="0.96" tz="-0.4">
      18:1:1,23:4:1,18:2:1,23:4:1,18:2:1,23:4:1,18:2:1,23:4:1,18:2:1,23:4:1,18:2:1,23:4:1,18:2:1,23:4:1,18:2:1,23:4:1,18:2:1,23:4:1,18:2:1,23:4:1,18:1:1,
      23:4:1,1:4:1,23:4:1,1:4:1,23:4:1,1:4:1,23:4:1,1:4:1,23:4:1,1:4:1,23:4:1,1:4:1,23:4:1,1:4:1,23:4:1,1:4:1,23:4:1,1:4:1,23:4:1,1:4:1,23:4:1,
      18:1:1,23:4:1,18:2:1,23:4:1,18:2:1,23:4:1,18:2:1,23:4:1,18:2:1,23:4:1,18:2:1,23:4:1,18:2:1,23:4:1,18:2:1,23:4:1,18:2:1,23:4:1,18:2:1,23:4:1,18:1:1
    </Custom2DField>
    <Custom2DField type="22" width="20" height="2" angle="0" ax="0" ay="1" az="0" tx="-0.4" ty="0" tz="-0.4">
      22:1:1,22:2:1,22:2:1,22:2:1,22:2:1,22:2:1,22:2:1,22:2:1,22:2:1,22:2:1,22:2:1,22:2:1,22:2:1,22:2:1,22:2:1,22:2:1,22:2:1,22:2:1,22:2:1,22:2:1,22:1:1,
      22:2:1,15:4:1,9:4:1,15:4:1,9:4:1,15:4:1,9:4:1,15:4:1,9:4:1,15:4:1,9:4:1,15:4:1,9:4:1,15:4:1,9:4:1,15:4:1,9:4:1,15:4:1,9:4:1,15:4:1,22:2:1,
      22:1:1,22:2:1,22:2:1,22:2:1,22:2:1,22:2:1,22:2:1,22:2:1,22:2:1,22:2:1,22:2:1,22:2:1,22:2:1,22:2:1,22:2:1,22:2:1,22:2:1,22:2:1,22:2:1,22:2:1,22:1:1
    </Custom2DField>
    <Axel type="2" length="0.8" grabbing="0" startCapped="0" endCapped="0" angle="90" ax="-1" ay="0" az="0" tx="0.4" ty="0.58" tz="0.4"/>
    <Axel type="2" length="0.8" grabbing="0" startCapped="0" endCapped="0" angle="90" ax="-1" ay="0" az="0" tx="1.2" ty="0.58" tz="0.4"/>
    <Axel type="2" length="0.8" grabbing="0" startCapped="0" endCapped="0" angle="90" ax="-1" ay="0" az="0" tx="2" ty="0.58" tz="0.4"/>
    <Axel type="2" length="0.8" grabbing="0" startCapped="0" endCapped="0" angle="90" ax="-1" ay="0" az="0" tx="2.8" ty="0.58" tz="0.4"/>
    <Axel type="2" length="0.8" grabbing="0" startCapped="0" endCapped="0" angle="90" ax="-1" ay="0" az="0" tx="3.6" ty="0.58" tz="0.4"/>
    <Axel type="2" length="0.8" grabbing="0" startCapped="0" endCapped="0" angle="90" ax="-1" ay="0" az="0" tx="4.4" ty="0.58" tz="0.4"/>
    <Axel type="2" length="0.8" grabbing="0" startCapped="0" endCapped="0" angle="90" ax="-1" ay="0" az="0" tx="5.2" ty="0.58" tz="0.4"/>
    <Axel type="2" length="0.8" grabbing="0" startCapped="0" endCapped="0" angle="90" ax="-1" ay="0" az="0" tx="6" ty="0.58" tz="0.4"/>
    <Axel type="2" length="0.8" grabbing="0" startCapped="0" endCapped="0" angle="90" ax="-1" ay="0" az="0" tx="6.8" ty="0.58" tz="0.4"/>
    <Custom2DField type="22" width="18" height="2" angle="90" ax="-1" ay="0" az="0" tx="0" ty="0.18" tz="0.4">
      22:1:1,22:2:1,22:2:1,22:2:1,22:2:1,22:2:1,22:2:1,22:2:1,22:2:1,22:2:1,22:2:1,22:2:1,22:2:1,22:2:1,22:2:1,22:2:1,22:2:1,22:2:1,22:1:1,
      22:2:1,16:4:64,22:2:1,16:4:64,22:2:1,16:4:64,22:2:1,16:4:64,22:2:1,16:4:64,22:2:1,16:4:64,22:2:1,16:4:64,22:2:1,16:4:64,22:2:1,16:4:64,22:2:1,
      22:1:1,22:2:1,22:2:1,22:2:1,22:2:1,22:2:1,22:2:1,22:2:1,22:2:1,22:2:1,22:2:1,22:2:1,22:2:1,22:2:1,22:2:1,22:2:1,22:2:1,22:2:1,22:1:1
    </Custom2DField>
    <Custom2DField type="22" width="18" height="2" angle="180" ax="0" ay="0.707107" az="0.707107" tx="7.2" ty="0.18" tz="-0.4">
      22:1:1,22:2:1,22:2:1,22:2:1,22:2:1,22:2:1,22:2:1,22:2:1,22:2:1,22:2:1,22:2:1,22:2:1,22:2:1,22:2:1,22:2:1,22:2:1,22:2:1,22:2:1,22:1:1,
      22:2:1,16:4:64,22:2:1,16:4:64,22:2:1,16:4:64,22:2:1,16:4:64,22:2:1,16:4:64,22:2:1,16:4:64,22:2:1,16:4:64,22:2:1,16:4:64,22:2:1,16:4:64,22:2:1,
      22:1:1,22:2:1,22:2:1,22:2:1,22:2:1,22:2:1,22:2:1,22:2:1,22:2:1,22:2:1,22:2:1,22:2:1,22:2:1,22:2:1,22:2:1,22:2:1,22:2:1,22:2:1,22:1:1
    </Custom2DField>
  </Connectivity>
  <PhysicsAttributes inertiaTensor="0.162967,0,0,0,5.38667,0,0,0,5.44297" centerOfMass="3.6,0.5645,0" mass="1" frictionType="0"/>
  <Bounding>
    <AABB minX="-0.4" minY="-0.009" minZ="-0.4" maxX="7.6" maxY="1.138" maxZ="0.4"/>
  </Bounding>
  <GeometryBounding>
    <AABB minX="-0.4" minY="-0.009" minZ="-0.4" maxX="7.6" maxY="1.138" maxZ="0.4"/>
  </GeometryBounding>
</LEGOPrimitive>
