<?xml version="1.0" encoding="UTF-8" standalone="no" ?>
<LEGOPrimitive versionMajor="1" versionMinor="0">
  <Annotations>
    <Annotation platformid="300"/>
    <Annotation platformname="TECHNIC"/>
    <Annotation maingroupid="385"/>
    <Annotation maingroupname="CONNECTORS"/>
    <Annotation designname="BALL W. CROSS AXLE"/>
    <Annotation aliases="2736"/>
  </Annotations>
  <Collision>
    <Box sX="0.215" sY="0.0675" sZ="0.335" angle="0" ax="0" ay="1" az="0" tx="0" ty="0" tz="-0.375"/>
    <Box sX="0.0675" sY="0.215" sZ="0.335" angle="0" ax="0" ay="1" az="0" tx="0" ty="0" tz="-0.375"/>
    <Box sX="0.202132" sY="0.03" sZ="0.202132" angle="180" ax="0" ay="0.707107" az="-0.707107" tx="0" ty="0" tz="-0.76"/>
    <Box sX="0.107455" sY="0.066086" sZ="0.092962" angle="180" ax="0" ay="0.707107" az="-0.707107" tx="0.000749" ty="-8.5E-005" tz="-0.876086"/>
    <Sphere radius="0.269412" angle="90" ax="1" ay="0" az="0" tx="0" ty="0" tz="-1.18811"/>
  </Collision>
  <Connectivity>
    <Axel type="5" length="0.72" requireGrabbing="0" startCapped="0" endCapped="1" angle="120" ax="-0.57735" ay="0.57735" az="-0.57735" tx="0" ty="0" tz="0"/>
    <Axel type="17" length="0.08" requireGrabbing="0" startCapped="0" endCapped="1" angle="120" ax="-0.57735" ay="0.57735" az="-0.57735" tx="0" ty="0" tz="-0.72"/>
    <Ball type="3" angle="90" ax="-1" ay="0" az="0" tx="0" ty="0" tz="-1.18811"/>
  </Connectivity>
  <PhysicsAttributes inertiaTensor="0.210075,0,0,0,0.210075,0,0,0,0.06" centerOfMass="0,0,-0.735" mass="1" frictionType="0"/>
  <Bounding>
    <AABB minX="-0.3" minY="-0.3" minZ="-1.47" maxX="0.3" maxY="0.3" maxZ="0"/>
  </Bounding>
  <GeometryBounding>
    <AABB minX="-0.3" minY="-0.3" minZ="-1.47" maxX="0.3" maxY="0.3" maxZ="-0.03"/>
  </GeometryBounding>
</LEGOPrimitive>
