<?xml version="1.0" encoding="UTF-8" standalone="no" ?>
<LEGOPrimitive versionMajor="1" versionMinor="0">
  <Annotations>
    <Annotation platformid="300"/>
    <Annotation platformname="TECHNIC"/>
    <Annotation maingroupid="372"/>
    <Annotation maingroupname="TRANSPORTATION MEANS, VEHICLES"/>
    <Annotation designname="TECHNIC STEERING WHEEL"/>
    <Annotation aliases="2741"/>
  </Annotations>
  <Collision>
    <Box sX="1.19197" sY="0.15" sZ="0.057965" angle="0" ax="0" ay="1" az="0" tx="0.001968" ty="0.5604" tz="-0.332035"/>
    <Box sX="0.291207" sY="0.15" sZ="0.298847" angle="135" ax="0" ay="1" az="0" tx="-0.380385" ty="0.5604" tz="0.38284"/>
    <Box sX="0.291421" sY="0.15" sZ="0.32234" angle="135" ax="0" ay="-1" az="0" tx="0.365593" ty="0.5604" tz="0.364407"/>
    <Box sX="0.764934" sY="0.204214" sZ="0.137928" angle="135" ax="0" ay="1" az="0" tx="-1.21829" ty="0.956186" tz="1.21829"/>
    <Box sX="0.764934" sY="0.204214" sZ="0.137928" angle="135" ax="0" ay="-1" az="0" tx="1.21829" ty="0.956186" tz="1.21829"/>
    <Box sX="0.764934" sY="0.204214" sZ="0.137928" angle="45" ax="0" ay="-1" az="0" tx="1.21829" ty="0.956186" tz="-1.21829"/>
    <Box sX="0.764934" sY="0.204214" sZ="0.137928" angle="45" ax="0" ay="1" az="0" tx="-1.21829" ty="0.956186" tz="-1.21829"/>
    <Box sX="0.764934" sY="0.204214" sZ="0.137928" angle="90" ax="0" ay="1" az="0" tx="-1.72293" ty="0.956186" tz="0"/>
    <Box sX="0.764934" sY="0.204214" sZ="0.137928" angle="180" ax="0" ay="1" az="0" tx="0" ty="0.956186" tz="1.72293"/>
    <Box sX="0.764934" sY="0.204214" sZ="0.137928" angle="90" ax="0" ay="-1" az="0" tx="1.72293" ty="0.956186" tz="0"/>
    <Box sX="0.764934" sY="0.204214" sZ="0.137928" angle="0" ax="0" ay="1" az="0" tx="0" ty="0.956186" tz="-1.72293"/>
    <Box sX="0.39" sY="0.246102" sZ="0.081226" angle="98.84932" ax="-0.365138" ay="-0.856357" az="-0.365138" tx="1.45189" ty="0.828131" tz="0"/>
    <Box sX="0.39" sY="0.246102" sZ="0.081226" angle="98.84932" ax="-0.365138" ay="0.856357" az="0.365138" tx="-1.45189" ty="0.828131" tz="0"/>
    <Box sX="0.39" sY="0.246102" sZ="0.081226" angle="180" ax="0" ay="0.919872" az="0.39222" tx="0" ty="0.828131" tz="1.45189"/>
    <Box sX="1.19197" sY="0.15" sZ="0.058464" angle="0" ax="0" ay="1" az="0" tx="0.001968" ty="0.5604" tz="0.331536"/>
    <Box sX="0.79" sY="0.15" sZ="0.059033" angle="90" ax="0" ay="-1" az="0" tx="-0.330967" ty="0.5604" tz="0.4"/>
    <Box sX="0.79" sY="0.15" sZ="0.058484" angle="90" ax="0" ay="-1" az="0" tx="0.331516" ty="0.5604" tz="0.4"/>
    <Box sX="0.213281" sY="0.1902" sZ="0.025671" angle="0" ax="0" ay="1" az="0" tx="0.000242" ty="0.2002" tz="0.285672"/>
    <Box sX="0.213281" sY="0.1902" sZ="0.025671" angle="90" ax="0" ay="-1" az="0" tx="-0.285672" ty="0.2002" tz="0.000242"/>
    <Box sX="0.213281" sY="0.1902" sZ="0.025671" angle="180" ax="0" ay="1" az="0" tx="-0.000242" ty="0.2002" tz="-0.285672"/>
    <Box sX="0.213281" sY="0.1902" sZ="0.025671" angle="90" ax="0" ay="1" az="0" tx="0.285672" ty="0.2002" tz="-0.000242"/>
  </Collision>
  <Connectivity>
    <Custom2DField type="23" width="2" height="2" angle="0" ax="0" ay="1" az="0" tx="-0.4" ty="0.7204" tz="-0.4">
      29:0,29:0,29:0,
      29:0,1:4:36,29:0,
      29:0,29:0,29:0
    </Custom2DField>
    <Axel type="4" length="0.4" grabbing="0" startCapped="0" endCapped="0" angle="90" ax="0" ay="1" az="0" tx="0" ty="0" tz="0"/>
    <Axel type="12" length="0.32" grabbing="0" startCapped="0" endCapped="0" angle="90" ax="0" ay="1" az="0" tx="-0.8" ty="0.4004" tz="0"/>
    <Axel type="12" length="0.32" grabbing="0" startCapped="0" endCapped="0" angle="90" ax="0" ay="1" az="0" tx="0" ty="0.4004" tz="0.8"/>
    <Axel type="12" length="0.32" grabbing="0" startCapped="0" endCapped="0" angle="90" ax="0" ay="1" az="0" tx="0.8" ty="0.4004" tz="0"/>
    <Axel type="6" length="0.498" grabbing="0" startCapped="0" endCapped="0" angle="90" ax="0" ay="1" az="0" tx="0" ty="0.4004" tz="0"/>
  </Connectivity>
  <PhysicsAttributes inertiaTensor="1.48103,0,0,0,2.73375,0,0,0,1.48103" centerOfMass="0,0.5852,0" mass="1" frictionType="0"/>
  <Bounding>
    <AABB minX="-2.025" minY="0" minZ="-2.025" maxX="2.025" maxY="1.1704" maxZ="2.025"/>
  </Bounding>
  <GeometryBounding>
    <AABB minX="-2.025" minY="0" minZ="-2.025" maxX="2.025" maxY="1.1704" maxZ="2.025"/>
  </GeometryBounding>
</LEGOPrimitive>
