<?xml version="1.0" encoding="UTF-8" standalone="no" ?>
<LEGOPrimitive versionMajor="1" versionMinor="0">
  <Annotations>
    <Annotation platformid="200"/>
    <Annotation platformname="SYSTEM"/>
    <Annotation maingroupid="204"/>
    <Annotation maingroupname="BRICKS AND BEAMS, SPECIAL Ø 4,85"/>
    <Annotation designname="WING SECTION, FRONT"/>
    <Annotation aliases="2743"/>
  </Annotations>
  <Collision>
    <Box sX="0.231986" sY="0.39" sZ="0.47" angle="180" ax="0" ay="0.707107" az="-0.707107" tx="-0.158014" ty="0.48" tz="0"/>
    <Box sX="0.08" sY="0.39" sZ="0.47" angle="180" ax="0" ay="0.707107" az="-0.707107" tx="0.8" ty="0.48" tz="0"/>
    <Box sX="0.065" sY="0.39" sZ="0.31" angle="180" ax="0" ay="0.707107" az="-0.707107" tx="2.725" ty="0.32" tz="0"/>
    <Box sX="0.805414" sY="0.39" sZ="0.115883" angle="163.72154" ax="-0.14302" ay="-0.699838" az="0.699838" tx="2.00065" ty="0.844293" tz="0"/>
    <Box sX="0.756876" sY="0.065" sZ="0.284351" angle="171.42915" ax="-0.074934" ay="0.705119" az="-0.705119" tx="1.9879" ty="0.128873" tz="-0.325"/>
    <Box sX="0.79" sY="0.39" sZ="0.025" angle="180" ax="0" ay="0.707107" az="-0.707107" tx="0.4" ty="0.925" tz="0"/>
    <Box sX="0.79" sY="0.39" sZ="0.125" angle="180" ax="0" ay="0.707107" az="-0.707107" tx="0.4" ty="0.135" tz="0"/>
    <Box sX="0.05135" sY="0.39" sZ="0.605853" angle="171.42915" ax="-0.074934" ay="0.705119" az="-0.705119" tx="1.87035" ty="0.43245" tz="0"/>
    <Box sX="0.756876" sY="0.065" sZ="0.284351" angle="171.42915" ax="-0.074934" ay="0.705119" az="-0.705119" tx="1.9879" ty="0.128873" tz="0.325"/>
    <Box sX="0.04" sY="0.39" sZ="0.282243" angle="180" ax="0" ay="0.707107" az="-0.707107" tx="1.25" ty="-0.027757" tz="0"/>
    <Box sX="0.945" sY="0.02" sZ="0.31" angle="0" ax="0" ay="1" az="0" tx="0.555" ty="0.3" tz="0"/>
    <Box sX="0.945" sY="0.02" sZ="0.31" angle="0" ax="0" ay="1" az="0" tx="0.555" ty="0.86" tz="0"/>
  </Collision>
  <Connectivity>
    <Custom2DField type="23" width="4" height="2" angle="0" ax="0" ay="1" az="0" tx="-0.4" ty="0.96" tz="-0.4">
      18:1:1,23:4:1,18:2:1,23:4:1,29:0:1,
      23:4:1,1:4:1,23:4:1,1:4:1,23:4:1,
      18:1:1,23:4:1,18:2:1,23:4:1,29:0:1
    </Custom2DField>
    <Custom2DField type="22" width="4" height="2" angle="0" ax="0" ay="1" az="0" tx="-0.4" ty="0" tz="-0.4">
      22:1:1,22:2:1,22:2:1,22:2:1,22:1:1,
      22:2:1,15:4:1,9:4:1,15:4:1,22:2:1,
      22:1:1,22:2:1,22:2:1,22:2:1,22:1:1
    </Custom2DField>
    <Axel type="2" length="0.8" grabbing="0" startCapped="0" endCapped="0" angle="90" ax="-1" ay="0" az="0" tx="0.4" ty="0.58" tz="0.4"/>
    <Axel type="2" length="0.8" grabbing="0" startCapped="0" endCapped="0" angle="90" ax="-1" ay="0" az="0" tx="1.2" ty="0.58" tz="0.4"/>
    <Custom2DField type="22" width="4" height="2" angle="90" ax="-1" ay="0" az="0" tx="0" ty="0.18" tz="0.4">
      22:1:1,22:2:1,22:2:1,22:2:1,22:1:1,
      22:2:1,16:4:64,22:2:1,16:4:64,22:2:1,
      22:1:1,22:2:1,22:2:1,22:2:1,22:1:1
    </Custom2DField>
    <Custom2DField type="22" width="4" height="2" angle="180" ax="0" ay="0.707107" az="0.707107" tx="1.6" ty="0.18" tz="-0.4">
      22:1:1,22:2:1,22:2:1,22:2:1,22:1:1,
      22:2:1,16:4:64,22:2:1,16:4:64,22:2:1,
      22:1:1,22:2:1,22:2:1,22:2:1,22:1:1
    </Custom2DField>
  </Connectivity>
  <PhysicsAttributes inertiaTensor="0.266667,0,0,0,0.906667,0,0,0,1.06667" centerOfMass="1.2,0.48,0" mass="1" frictionType="0"/>
  <Bounding>
    <AABB minX="-0.4" minY="-0.32" minZ="-0.4" maxX="2.8" maxY="1.28" maxZ="0.4"/>
  </Bounding>
  <GeometryBounding>
    <AABB minX="-0.4" minY="-0.32" minZ="-0.4" maxX="2.8" maxY="1.28" maxZ="0.4"/>
  </GeometryBounding>
</LEGOPrimitive>
