<?xml version="1.0" encoding="UTF-8" standalone="no" ?>
<LEGOPrimitive versionMajor="1" versionMinor="0">
  <Annotations>
    <Annotation platformid="200"/>
    <Annotation platformname="SYSTEM"/>
    <Annotation maingroupid="204"/>
    <Annotation maingroupname="BRICKS AND BEAMS, SPECIAL Ø 4,85"/>
    <Annotation designname="WING SECTION, REAR"/>
    <Annotation aliases="2744"/>
  </Annotations>
  <Collision>
    <Box sX="0.235" sY="0.4705" sZ="0.39" angle="0" ax="0" ay="1" az="0" tx="-0.155" ty="0.4805" tz="0"/>
    <Box sX="0.08" sY="0.4705" sZ="0.39" angle="0" ax="0" ay="1" az="0" tx="0.8" ty="0.4805" tz="0"/>
    <Box sX="0.08" sY="0.545942" sZ="0.39" angle="0" ax="0" ay="1" az="0" tx="1.6" ty="0.555942" tz="0"/>
    <Box sX="1.59" sY="0.15" sZ="0.39" angle="0" ax="0" ay="1" az="0" tx="2.8" ty="-0.16" tz="0"/>
    <Box sX="1.66693" sY="0.025039" sZ="0.39" angle="22.42228" ax="0" ay="0" az="-1" tx="2.83679" ty="0.607978" tz="0"/>
    <Box sX="1.2061" sY="0.0255" sZ="0.39" angle="0" ax="0" ay="1" az="0" tx="0.816098" ty="0.9255" tz="0"/>
    <Box sX="2.05537" sY="0.125" sZ="0.39" angle="0" ax="0" ay="1" az="0" tx="1.66537" ty="0.135" tz="0"/>
    <Box sX="0.672197" sY="0.304939" sZ="0.39" angle="22.422" ax="0" ay="0" az="-1" tx="2.94166" ty="0.260854" tz="0"/>
    <Box sX="0.04" sY="0.178949" sZ="0.39" angle="0" ax="0" ay="1" az="0" tx="1.25" ty="1.09105" tz="0"/>
    <Box sX="1.345" sY="0.02" sZ="0.31" angle="0" ax="0" ay="1" az="0" tx="0.955" ty="0.3" tz="0"/>
    <Box sX="1.29001" sY="0.02" sZ="0.31" angle="0" ax="0" ay="1" az="0" tx="0.900006" ty="0.86" tz="0"/>
  </Collision>
  <Connectivity>
    <Custom2DField type="23" width="4" height="2" angle="0" ax="0" ay="1" az="0" tx="-0.4" ty="0.96" tz="-0.4">
      18:1:1,23:4:1,18:2:1,23:4:1,29:0:1,
      23:4:1,1:4:1,23:4:1,1:4:1,23:4:1,
      18:1:1,23:4:1,18:2:1,23:4:1,29:0:1
    </Custom2DField>
    <Custom2DField type="22" width="4" height="2" angle="0" ax="0" ay="1" az="0" tx="-0.4" ty="0" tz="-0.4">
      22:1:1,22:2:1,22:2:1,22:2:1,29:0:1,
      22:2:1,15:4:1,9:4:1,15:4:1,22:2:1,
      22:1:1,22:2:1,22:2:1,22:2:1,29:0:1
    </Custom2DField>
    <Custom2DField type="22" width="8" height="2" angle="0" ax="0" ay="1" az="0" tx="1.2" ty="-0.32" tz="-0.4">
      22:1:1,22:2:1,22:2:1,22:2:1,22:2:1,22:2:1,22:2:1,22:2:1,22:1:1,
      22:2:1,15:4:1,9:4:1,15:4:1,22:2:1,15:4:1,22:2:1,15:4:1,22:2:1,
      22:1:1,22:2:1,22:2:1,22:2:1,22:2:1,22:2:1,22:2:1,22:2:1,22:1:1
    </Custom2DField>
    <Axel type="2" length="0.8" grabbing="0" startCapped="0" endCapped="0" angle="90" ax="-1" ay="0" az="0" tx="2" ty="0.58" tz="0.4"/>
    <Axel type="2" length="0.8" grabbing="0" startCapped="0" endCapped="0" angle="90" ax="-1" ay="0" az="0" tx="1.2" ty="0.58" tz="0.4"/>
    <Axel type="2" length="0.8" grabbing="0" startCapped="0" endCapped="0" angle="90" ax="-1" ay="0" az="0" tx="0.4" ty="0.58" tz="0.4"/>
    <Custom2DField type="22" width="6" height="2" angle="90" ax="-1" ay="0" az="0" tx="0" ty="0.18" tz="0.4">
      22:1:1,22:2:1,22:2:1,22:2:1,22:2:1,22:2:1,22:1:1,
      22:2:1,16:4:64,22:2:1,16:4:64,22:2:1,16:4:64,22:2:1,
      22:1:1,22:2:1,22:2:1,22:2:1,22:2:1,22:2:1,22:1:1
    </Custom2DField>
    <Custom2DField type="22" width="6" height="2" angle="180" ax="0" ay="0.707107" az="0.707107" tx="2.4" ty="0.18" tz="-0.4">
      22:1:1,22:2:1,22:2:1,22:2:1,22:2:1,22:2:1,22:1:1,
      22:2:1,16:4:64,22:2:1,16:4:64,22:2:1,16:4:64,22:2:1,
      22:1:1,22:2:1,22:2:1,22:2:1,22:2:1,22:2:1,22:1:1
    </Custom2DField>
  </Connectivity>
  <PhysicsAttributes inertiaTensor="0.266667,0,0,0,1.97333,0,0,0,2.13333" centerOfMass="2,0.48,0" mass="1" frictionType="0"/>
  <Bounding>
    <AABB minX="-0.4" minY="-0.32" minZ="-0.4" maxX="4.4" maxY="1.28" maxZ="0.4"/>
  </Bounding>
  <GeometryBounding>
    <AABB minX="-0.4" minY="-0.32" minZ="-0.4" maxX="4.4" maxY="1.28" maxZ="0.4"/>
  </GeometryBounding>
</LEGOPrimitive>
