<?xml version="1.0" encoding="UTF-8" standalone="no" ?>
<LEGOPrimitive versionMajor="1" versionMinor="0">
  <Annotations>
    <Annotation platformid="300"/>
    <Annotation platformname="TECHNIC"/>
    <Annotation maingroupid="367"/>
    <Annotation maingroupname="TYRES AND RIMS, SPECIAL"/>
    <Annotation designname="TYRE FOR WEDGE-BELT WHEEL"/>
    <Annotation aliases="2815"/>
  </Annotations>
  <Collision>
    <Box sX="0.45807" sY="0.078562" sZ="0.091075" angle="180" ax="0" ay="-0.707106" az="0.707107" tx="0.007259" ty="1.31656" tz="-0.199083"/>
    <Box sX="0.45807" sY="0.078562" sZ="0.091075" angle="180" ax="0" ay="0.707107" az="-0.707107" tx="0.007259" ty="-1.31236" tz="-0.199083"/>
    <Box sX="0.45807" sY="0.078562" sZ="0.091075" angle="120" ax="-0.57735" ay="0.57735" az="-0.57735" tx="-1.31352" ty="0.0046" tz="-0.199083"/>
    <Box sX="0.45807" sY="0.078562" sZ="0.091075" angle="120" ax="-0.57735" ay="0.57735" az="-0.57735" tx="1.31243" ty="0.0046" tz="-0.199083"/>
    <Box sX="0.45807" sY="0.078562" sZ="0.091075" angle="98.42106" ax="-0.862856" ay="0.357407" az="-0.357407" tx="-0.92205" ty="-0.931761" tz="-0.199083"/>
    <Box sX="0.45807" sY="0.078562" sZ="0.091075" angle="148.60028" ax="-0.281085" ay="0.678598" az="-0.678598" tx="-0.929623" ty="0.926641" tz="-0.199083"/>
    <Box sX="0.45807" sY="0.078562" sZ="0.091075" angle="148.60028" ax="-0.281085" ay="-0.678598" az="0.678598" tx="0.927293" ty="0.928326" tz="-0.199083"/>
    <Box sX="0.45807" sY="0.078562" sZ="0.091075" angle="98.42106" ax="-0.862856" ay="-0.357407" az="0.357407" tx="0.937386" ty="-0.913096" tz="-0.199083"/>
  </Collision>
  <Connectivity>
    <Fixed type="10" axes="1" angle="90" ax="-1" ay="0" az="0" tx="0" ty="0" tz="-0.2"/>
    <Fixed type="10" axes="1" angle="90" ax="1" ay="0" az="0" tx="0" ty="0" tz="-0.2"/>
  </Connectivity>
  <PhysicsAttributes inertiaTensor="0.800167,0,0,0,0.800167,0,0,0,1.58107" centerOfMass="0,0,-0.2" mass="1" frictionType="0"/>
  <Bounding>
    <AABB minX="-1.54" minY="-1.54" minZ="-0.37" maxX="1.54" maxY="1.54" maxZ="-0.03"/>
  </Bounding>
  <GeometryBounding>
    <AABB minX="-1.54" minY="-1.54" minZ="-0.37" maxX="1.54" maxY="1.54" maxZ="-0.03"/>
  </GeometryBounding>
</LEGOPrimitive>
