<?xml version="1.0" encoding="UTF-8" standalone="no" ?>
<LEGOPrimitive versionMajor="1" versionMinor="0">
  <Annotations>
    <Annotation platformid="200"/>
    <Annotation platformname="SYSTEM"/>
    <Annotation maingroupid="216"/>
    <Annotation maingroupname="PLATES, SPECIAL"/>
    <Annotation designname="TECHNIC DOUB. BEARING PL. 2X2"/>
    <Annotation aliases="2817"/>
  </Annotations>
  <Collision>
    <Box sX="0.235" sY="0.79" sZ="0.115035" angle="180" ax="0" ay="0.707107" az="-0.707107" tx="-0.155" ty="-0.194965" tz="-0.4"/>
    <Box sX="0.235" sY="0.79" sZ="0.115035" angle="180" ax="0" ay="0.707107" az="-0.707107" tx="0.955" ty="-0.194965" tz="-0.4"/>
    <Box sX="0.79" sY="0.79" sZ="0.025" angle="180" ax="0" ay="0.707107" az="-0.707107" tx="0.4" ty="-0.035" tz="-0.4"/>
    <Box sX="0.171877" sY="0.0055" sZ="0.790001" angle="0" ax="0" ay="1" az="0" tx="0.4" ty="-0.7055" tz="-0.4"/>
    <Box sX="0.171877" sY="0.0055" sZ="0.790001" angle="60" ax="0" ay="0" az="1" tx="0.681891" ty="-0.54275" tz="-0.4"/>
    <Box sX="0.171877" sY="0.0055" sZ="0.790001" angle="60" ax="0" ay="0" az="-1" tx="0.118109" ty="-0.54275" tz="-0.4"/>
  </Collision>
  <Connectivity>
    <Axel type="2" length="0.8" grabbing="0" startCapped="0" endCapped="0" angle="180" ax="0" ay="0.707107" az="-0.707107" tx="0.4" ty="-0.38" tz="-0.4"/>
    <Axel type="2" length="0.8" grabbing="0" startCapped="0" endCapped="0" angle="120" ax="-0.57735" ay="0.57735" az="-0.57735" tx="0.4" ty="-0.38" tz="0.4"/>
    <Custom2DField type="23" width="4" height="4" angle="0" ax="0" ay="1" az="0" tx="-0.4" ty="0" tz="-1.2">
      18:1:1,23:4:1,18:2:1,23:4:1,18:1:1,
      23:4:1,1:4:1,23:4:1,1:4:1,23:4:1,
      18:2:1,23:4:1,18:4:1,23:4:1,18:2:1,
      23:4:1,1:4:1,23:4:1,1:4:1,23:4:1,
      18:1:1,23:4:1,18:2:1,23:4:1,18:1:1
    </Custom2DField>
    <Custom2DField type="22" width="2" height="2" angle="90" ax="-1" ay="0" az="0" tx="0" ty="-0.78" tz="0.4">
      22:1:1,22:2:1,22:1:1,
      22:2:1,16:4:64,22:2:1,
      22:1:1,22:2:1,22:1:1
    </Custom2DField>
    <Custom2DField type="22" width="2" height="2" angle="90" ax="1" ay="0" az="0" tx="0" ty="0.02" tz="-1.2">
      22:1:1,22:2:1,22:1:1,
      22:2:1,16:4:64,22:2:1,
      22:1:1,22:2:1,22:1:1
    </Custom2DField>
  </Connectivity>
  <PhysicsAttributes inertiaTensor="0.289814,0,0,0,0.426667,0,0,0,0.289814" centerOfMass="0.4,-0.301,-0.4" mass="1" frictionType="0"/>
  <Bounding>
    <AABB minX="-0.4" minY="-0.78" minZ="-1.2" maxX="1.2" maxY="0.178" maxZ="0.400001"/>
  </Bounding>
  <GeometryBounding>
    <AABB minX="-0.4" minY="-0.77" minZ="-1.2" maxX="1.2" maxY="0.178" maxZ="0.400001"/>
  </GeometryBounding>
</LEGOPrimitive>
