<?xml version="1.0" encoding="UTF-8" standalone="no" ?>
<LEGOPrimitive versionMajor="1" versionMinor="0">
  <Annotations>
    <Annotation platformid="300"/>
    <Annotation platformname="TECHNIC"/>
    <Annotation maingroupid="372"/>
    <Annotation maingroupname="TRANSPORTATION MEANS, VEHICLES"/>
    <Annotation designname="STEERING WHEEL Ø24"/>
    <Annotation aliases="2819"/>
  </Annotations>
  <Collision>
    <Box sX="0.134107" sY="0.326978" sZ="0.060153" angle="180" ax="0" ay="0.794615" az="-0.607114" tx="0" ty="0.852668" tz="-0.613808"/>
    <Box sX="0.083727" sY="0.066124" sZ="0.341696" angle="180" ax="0" ay="0.707107" az="-0.707107" tx="0.201227" ty="0.601696" tz="0.184053"/>
    <Box sX="0.083727" sY="0.067724" sZ="0.341696" angle="180" ax="0" ay="0.707107" az="-0.707107" tx="0.201227" ty="0.601696" tz="-0.185224"/>
    <Box sX="0.081333" sY="0.067724" sZ="0.341696" angle="180" ax="0" ay="0.707107" az="-0.707107" tx="-0.198833" ty="0.601696" tz="-0.185224"/>
    <Box sX="0.081333" sY="0.06591" sZ="0.341696" angle="180" ax="0" ay="0.707107" az="-0.707107" tx="-0.198833" ty="0.601696" tz="0.18341"/>
    <Box sX="0.054704" sY="0.069567" sZ="0.361696" angle="180" ax="0" ay="0.707107" az="-0.707107" tx="0.308063" ty="0.581696" tz="-0.001655"/>
    <Box sX="0.054704" sY="0.069567" sZ="0.361696" angle="119.99998" ax="0.57735" ay="0.57735" az="-0.57735" tx="4.8E-005" ty="0.581696" tz="0.309704"/>
    <Box sX="0.054704" sY="0.069567" sZ="0.361696" angle="119.99998" ax="0.57735" ay="0.57735" az="-0.57735" tx="0.007817" ty="0.581696" tz="-0.333544"/>
    <Box sX="0.054704" sY="0.069567" sZ="0.361696" angle="180" ax="0" ay="0.707107" az="-0.707107" tx="-0.313557" ty="0.581696" tz="-0.001655"/>
    <Box sX="0.134107" sY="0.326978" sZ="0.060153" angle="95.08661" ax="0.732068" ay="0.540859" az="-0.414183" tx="0.55274" ty="0.853834" tz="0.313257"/>
    <Box sX="0.134107" sY="0.326978" sZ="0.060153" angle="145.28362" ax="0.40867" ay="0.554484" az="-0.724939" tx="-0.542485" ty="0.856759" tz="0.317786"/>
    <Box sX="0.49" sY="0.065485" sZ="0.068706" angle="180" ax="0" ay="0.707107" az="-0.707107" tx="0" ty="0.963468" tz="-0.990706"/>
    <Box sX="0.49" sY="0.065485" sZ="0.068706" angle="120" ax="0.57735" ay="0.57735" az="-0.57735" tx="0.990706" ty="0.963468" tz="0"/>
    <Box sX="0.49" sY="0.065485" sZ="0.068706" angle="120" ax="0.57735" ay="-0.57735" az="0.57735" tx="-0.990706" ty="0.963468" tz="0"/>
    <Box sX="0.49" sY="0.065485" sZ="0.068706" angle="90" ax="1" ay="0" az="0" tx="0" ty="0.963468" tz="0.990706"/>
    <Box sX="0.49" sY="0.065485" sZ="0.068707" angle="98.42106" ax="0.862856" ay="0.357407" az="-0.357407" tx="0.700535" ty="0.963468" tz="0.700535"/>
    <Box sX="0.49" sY="0.065485" sZ="0.068707" angle="98.42106" ax="0.862856" ay="-0.357407" az="0.357407" tx="-0.700535" ty="0.963468" tz="0.700535"/>
    <Box sX="0.49" sY="0.065485" sZ="0.068707" angle="148.60028" ax="0.281085" ay="-0.678598" az="0.678598" tx="-0.700535" ty="0.963468" tz="-0.700535"/>
    <Box sX="0.49" sY="0.065485" sZ="0.068707" angle="148.60028" ax="0.281085" ay="0.678598" az="-0.678598" tx="0.700535" ty="0.963468" tz="-0.700535"/>
  </Collision>
  <Connectivity>
    <Axel type="4" length="0.6" grabbing="0" startCapped="0" endCapped="0" angle="0" ax="0" ay="0" az="1" tx="0" ty="0.24" tz="0"/>
    <Custom2DField type="23" width="2" height="2" angle="0" ax="0" ay="1" az="0" tx="-0.4" ty="0.96" tz="-0.4">
      29:0,29:0,29:0,
      29:0,1:4:36,29:0,
      29:0,29:0,29:0
    </Custom2DField>
    <Custom2DField type="22" width="2" height="2" angle="0" ax="0" ay="1" az="0" tx="-0.4" ty="0" tz="-0.4">
      29:0,29:0,29:0,
      29:0,5:4:32,29:0,
      29:0,29:0,29:0
    </Custom2DField>
    <Axel type="6" length="0.288" grabbing="0" startCapped="0" endCapped="0" angle="90" ax="0" ay="1" az="0" tx="0" ty="0.85" tz="0"/>
    <Axel type="7" length="0.32" requireGrabbing="0" startCapped="0" endCapped="0" angle="120" ax="-0.57735" ay="0.57735" az="-0.57735" tx="-1.05" ty="0.962001" tz="0.16"/>
    <Axel type="7" length="0.32" requireGrabbing="0" startCapped="0" endCapped="0" angle="133.7364" ax="-0.639338" ay="0.639338" az="-0.427192" tx="-0.908844" ty="0.962001" tz="0.549638"/>
    <Axel type="7" length="0.32" requireGrabbing="0" startCapped="0" endCapped="0" angle="148.60028" ax="-0.678598" ay="0.678598" az="-0.281085" tx="-0.629325" ty="0.962001" tz="0.855599"/>
    <Axel type="7" length="0.32" requireGrabbing="0" startCapped="0" endCapped="0" angle="164.14156" ax="-0.700215" ay="0.700215" az="-0.139281" tx="-0.253997" ty="0.962001" tz="1.0313"/>
    <Axel type="7" length="0.32" requireGrabbing="0" startCapped="0" endCapped="0" angle="180" ax="-0.707107" ay="0.707107" az="0" tx="0.16" ty="0.962001" tz="1.05"/>
    <Axel type="7" length="0.32" requireGrabbing="0" startCapped="0" endCapped="0" angle="164.14156" ax="0.700215" ay="-0.700215" az="-0.139281" tx="0.549638" ty="0.962001" tz="0.908844"/>
    <Axel type="7" length="0.32" requireGrabbing="0" startCapped="0" endCapped="0" angle="148.60028" ax="0.678598" ay="-0.678598" az="-0.281085" tx="0.855599" ty="0.962001" tz="0.629325"/>
    <Axel type="7" length="0.32" requireGrabbing="0" startCapped="0" endCapped="0" angle="133.7364" ax="0.639338" ay="-0.639338" az="-0.427192" tx="1.0313" ty="0.962001" tz="0.253997"/>
    <Axel type="7" length="0.32" requireGrabbing="0" startCapped="0" endCapped="0" angle="120" ax="0.57735" ay="-0.57735" az="-0.57735" tx="1.05" ty="0.962001" tz="-0.16"/>
    <Axel type="7" length="0.32" requireGrabbing="0" startCapped="0" endCapped="0" angle="107.97839" ax="0.485653" ay="-0.485653" az="-0.726831" tx="0.908844" ty="0.962001" tz="-0.549638"/>
    <Axel type="7" length="0.32" requireGrabbing="0" startCapped="0" endCapped="0" angle="98.42106" ax="0.357407" ay="-0.357407" az="-0.862856" tx="0.629325" ty="0.962001" tz="-0.855599"/>
    <Axel type="7" length="0.32" requireGrabbing="0" startCapped="0" endCapped="0" angle="92.18121" ax="0.19148" ay="-0.19148" az="-0.962637" tx="0.253997" ty="0.962001" tz="-1.0313"/>
    <Axel type="7" length="0.32" requireGrabbing="0" startCapped="0" endCapped="0" angle="90" ax="0" ay="0" az="-1" tx="-0.16" ty="0.962001" tz="-1.05"/>
    <Axel type="7" length="0.32" requireGrabbing="0" startCapped="0" endCapped="0" angle="92.18121" ax="-0.19148" ay="0.19148" az="-0.962637" tx="-0.549638" ty="0.962001" tz="-0.908844"/>
    <Axel type="7" length="0.32" requireGrabbing="0" startCapped="0" endCapped="0" angle="98.42106" ax="-0.357407" ay="0.357407" az="-0.862856" tx="-0.855599" ty="0.962001" tz="-0.629325"/>
    <Axel type="7" length="0.32" requireGrabbing="0" startCapped="0" endCapped="0" angle="108.8414" ax="-0.495537" ay="0.494592" az="-0.714018" tx="-1.03941" ty="0.960016" tz="-0.219306"/>
  </Connectivity>
  <PhysicsAttributes inertiaTensor="0.591577,0,0,0,0.967313,0,0,0,0.591577" centerOfMass="0,0.569002,0" mass="1" frictionType="0"/>
  <Bounding>
    <AABB minX="-1.20456" minY="0" minZ="-1.20456" maxX="1.20456" maxY="1.138" maxZ="1.20456"/>
  </Bounding>
  <GeometryBounding>
    <AABB minX="-1.18625" minY="0" minZ="-1.20456" maxX="1.18625" maxY="1.138" maxZ="1.20456"/>
  </GeometryBounding>
</LEGOPrimitive>
