<?xml version="1.0" encoding="UTF-8" standalone="no" ?>
<LEGOPrimitive versionMajor="1" versionMinor="0">
  <Annotations>
    <Annotation platformid="200"/>
    <Annotation platformname="SYSTEM"/>
    <Annotation maingroupid="204"/>
    <Annotation maingroupname="BRICKS AND BEAMS, SPECIAL Ø 4,85"/>
    <Annotation designname="TECHNIC FORK"/>
    <Annotation aliases="2823"/>
  </Annotations>
  <Collision>
    <Box sX="0.3" sY="0.125" sZ="0.39" angle="0" ax="0" ay="1" az="0" tx="0.4" ty="0.135" tz="0"/>
    <Box sX="0.3" sY="0.025" sZ="0.39" angle="0" ax="0" ay="1" az="0" tx="0.4" ty="0.925" tz="0"/>
    <Box sX="0.235" sY="0.47" sZ="0.39" angle="0" ax="0" ay="1" az="0" tx="-0.155" ty="0.48" tz="0"/>
    <Box sX="0.235" sY="0.47" sZ="0.39" angle="0" ax="0" ay="1" az="0" tx="0.955" ty="0.48" tz="0"/>
    <Box sX="1.99787" sY="0.176142" sZ="0.39" angle="0" ax="0" ay="1" az="0" tx="3.20787" ty="0.453858" tz="0"/>
    <Box sX="0.382068" sY="0.144933" sZ="0.238334" angle="0" ax="0" ay="1" az="0" tx="5.60793" ty="0.485067" tz="0.000586"/>
    <Box sX="1.99787" sY="0.176142" sZ="0.39" angle="3.78791" ax="0" ay="0" az="1" tx="3.19996" ty="0.320803" tz="0"/>
    <Box sX="0.79" sY="0.02" sZ="0.301" angle="0" ax="0" ay="1" az="0" tx="0.4" ty="0.3" tz="0"/>
    <Box sX="0.79" sY="0.02" sZ="0.301" angle="0" ax="0" ay="1" az="0" tx="0.4" ty="0.86" tz="0"/>
  </Collision>
  <Connectivity>
    <Axel type="2" length="0.8" grabbing="0" startCapped="0" endCapped="0" angle="120" ax="-0.57735" ay="0.57735" az="-0.57735" tx="0.4" ty="0.58" tz="0.4"/>
    <Custom2DField type="23" width="4" height="2" angle="0" ax="0" ay="1" az="0" tx="-0.4" ty="0.96" tz="-0.4">
      18:1:1,23:4:1,18:2:1,23:4:1,18:1:1,
      23:4:1,1:4:1,23:4:1,1:4:1,23:4:1,
      18:1:1,23:4:1,18:2:1,23:4:1,18:1:1
    </Custom2DField>
    <Custom2DField type="22" width="4" height="2" angle="0" ax="0" ay="1" az="0" tx="-0.4" ty="0" tz="-0.4">
      22:1:1,22:2:1,22:2:1,22:2:1,22:1:1,
      22:2:1,15:4:1,9:4:1,15:4:1,22:2:1,
      22:1:1,22:2:1,22:2:1,22:2:1,22:1:1
    </Custom2DField>
    <Custom2DField type="22" width="2" height="2" angle="90" ax="-1" ay="0" az="0" tx="0" ty="0.18" tz="0.4">
      22:1:1,22:2:1,22:1:1,
      22:2:1,16:4:64,22:2:1,
      22:1:1,22:2:1,22:1:1
    </Custom2DField>
    <Custom2DField type="22" width="2" height="2" angle="180" ax="0" ay="0.707107" az="0.707107" tx="0.8" ty="0.18" tz="-0.4">
      22:1:1,22:2:1,22:1:1,
      22:2:1,16:4:64,22:2:1,
      22:1:1,22:2:1,22:1:1
    </Custom2DField>
  </Connectivity>
  <PhysicsAttributes inertiaTensor="0.162967,0,0,0,3.46667,0,0,0,3.52297" centerOfMass="2.8,0.5645,0" mass="1" frictionType="0"/>
  <Bounding>
    <AABB minX="-0.4" minY="-0.009" minZ="-0.4" maxX="6" maxY="1.138" maxZ="0.4"/>
  </Bounding>
  <GeometryBounding>
    <AABB minX="-0.4" minY="-0.009" minZ="-0.4" maxX="6" maxY="1.138" maxZ="0.4"/>
  </GeometryBounding>
</LEGOPrimitive>
