<?xml version="1.0" encoding="UTF-8" standalone="no" ?>
<LEGOPrimitive versionMajor="1" versionMinor="0">
  <Annotations>
    <Annotation platformid="300"/>
    <Annotation platformname="TECHNIC"/>
    <Annotation maingroupid="372"/>
    <Annotation maingroupname="TRANSPORTATION MEANS, VEHICLES"/>
    <Annotation designname="PLASTIC MOTOR, CYLINDER"/>
    <Annotation aliases="32061;2850"/>
  </Annotations>
  <Collision>
    <Box sX="0.79" sY="0.345" sZ="0.15" angle="90" ax="0" ay="1" az="0" tx="1.04" ty="1.565" tz="-0.4"/>
    <Box sX="0.79" sY="0.345" sZ="0.15" angle="90" ax="0" ay="-1" az="0" tx="-0.24" ty="1.565" tz="-0.4"/>
    <Box sX="0.471326" sY="0.9" sZ="0.15" angle="0" ax="0" ay="1" az="0" tx="0.402555" ty="1.01" tz="0.24"/>
    <Box sX="0.79" sY="0.285" sZ="0.150178" angle="90" ax="0" ay="1" az="0" tx="1.04018" ty="0.295" tz="-0.4"/>
    <Box sX="0.15" sY="0.285" sZ="0.79" angle="180" ax="0" ay="1" az="0" tx="-0.24" ty="0.295" tz="-0.4"/>
    <Box sX="0.471326" sY="0.9" sZ="0.15" angle="180" ax="0" ay="1" az="0" tx="0.402555" ty="1.01" tz="-1.04"/>
    <Box sX="0.189466" sY="0.02" sZ="0.79" angle="0" ax="0" ay="1" az="0" tx="1.40053" ty="0.56" tz="-0.4"/>
    <Box sX="0.005279" sY="0.10282" sZ="0.79" angle="45" ax="0" ay="0" az="1" tx="1.44131" ty="1.12131" tz="-0.4"/>
    <Box sX="0.034466" sY="0.175" sZ="0.79" angle="0" ax="0" ay="1" az="0" tx="1.55553" ty="0.715" tz="-0.4"/>
    <Box sX="0.189466" sY="0.02" sZ="0.79" angle="180" ax="0" ay="1" az="0" tx="-0.600534" ty="0.56" tz="-0.4"/>
    <Box sX="0.005164" sY="0.10282" sZ="0.79" angle="180" ax="0.382683" ay="0.92388" az="0" tx="-0.641396" ty="1.1214" tz="-0.4"/>
    <Box sX="0.034466" sY="0.175" sZ="0.79" angle="180" ax="0" ay="1" az="0" tx="-0.755534" ty="0.715" tz="-0.4"/>
  </Collision>
  <Connectivity>
    <Custom2DField type="22" width="4" height="4" angle="0" ax="0" ay="1" az="0" tx="-0.4" ty="0" tz="-1.2">
      22:1:1,22:2:1,22:2:1,22:2:1,22:1:1,
      22:2:1,15:4,23:4:1,15:4,22:2:1,
      22:2:1,23:4:1,29:0:1,23:4:1,22:2:1,
      22:2:1,15:4,23:4:1,15:4,22:2:1,
      22:1:1,22:2:1,22:2:1,22:2:1,22:1:1
    </Custom2DField>
    <Axel type="2" length="0.8" grabbing="0" startCapped="0" endCapped="0" angle="120" ax="-0.57735" ay="0.57735" az="-0.57735" tx="-0.4" ty="0.9" tz="0.400448"/>
    <Axel type="2" length="0.8" grabbing="0" startCapped="0" endCapped="0" angle="120" ax="-0.57735" ay="0.57735" az="-0.57735" tx="-0.4" ty="0.9" tz="-0.399552"/>
    <Axel type="2" length="0.8" grabbing="0" startCapped="0" endCapped="0" angle="120" ax="-0.57735" ay="0.57735" az="-0.57735" tx="1.2" ty="0.9" tz="0.400448"/>
    <Axel type="2" length="0.8" grabbing="0" startCapped="0" endCapped="0" angle="120" ax="-0.57735" ay="0.57735" az="-0.57735" tx="1.2" ty="0.9" tz="-0.399552"/>
    <Custom2DField type="23" width="2" height="4" angle="0" ax="0" ay="1" az="0" tx="-0.4" ty="1.92" tz="-1.2">
      18:1:1,23:4:1,29:0,
      23:4:1,1:4:16,29:0,
      18:2:1,23:4:1,29:0,
      23:4:1,1:4:16,29:0,
      18:1:1,23:4:1,29:0
    </Custom2DField>
    <Custom2DField type="23" width="2" height="4" angle="180" ax="0" ay="1" az="0" tx="1.2" ty="1.92" tz="0.4">
      18:1:1,23:4:1,29:0,
      23:4:1,1:4:16,29:0,
      18:2:1,23:4:1,29:0,
      23:4:1,1:4:16,29:0,
      18:1:1,23:4:1,29:0
    </Custom2DField>
  </Connectivity>
  <PhysicsAttributes inertiaTensor="0.58047,0,0,0,0.693669,0,0,0,0.846801" centerOfMass="0.4,1.049,-0.4" mass="1" frictionType="0"/>
  <Bounding>
    <AABB minX="-0.8" minY="0" minZ="-1.20063" maxX="1.6" maxY="2.098" maxZ="0.40063"/>
  </Bounding>
  <GeometryBounding>
    <AABB minX="-0.8" minY="0" minZ="-1.20063" maxX="1.6" maxY="2.098" maxZ="0.40063"/>
  </GeometryBounding>
</LEGOPrimitive>
