<?xml version="1.0" encoding="UTF-8" standalone="no" ?>
<LEGOPrimitive versionMajor="1" versionMinor="0">
  <Annotations>
    <Annotation platformid="300"/>
    <Annotation platformname="TECHNIC"/>
    <Annotation maingroupid="372"/>
    <Annotation maingroupname="TRANSPORTATION MEANS, VEHICLES"/>
    <Annotation designname="PLASTIC MOTOR, PISTON"/>
    <Annotation aliases="2851"/>
  </Annotations>
  <Collision>
    <Box sX="0.298747" sY="0.05" sZ="0.323982" angle="0" ax="0" ay="1" az="0" tx="0" ty="0.56" tz="0"/>
    <Box sX="0.193793" sY="0.469084" sZ="0.033222" angle="22.49999" ax="0" ay="1" az="0" tx="0.142826" ty="0.139084" tz="0.344812"/>
    <Box sX="0.193793" sY="0.469084" sZ="0.033222" angle="67.5" ax="0" ay="1" az="0" tx="0.344812" ty="0.139084" tz="0.142826"/>
    <Box sX="0.193793" sY="0.469084" sZ="0.033222" angle="112.5" ax="0" ay="1" az="0" tx="0.344812" ty="0.139084" tz="-0.142826"/>
    <Box sX="0.193793" sY="0.469084" sZ="0.033222" angle="157.5" ax="0" ay="1" az="0" tx="0.142826" ty="0.139084" tz="-0.344812"/>
    <Box sX="0.193793" sY="0.469084" sZ="0.033222" angle="157.5" ax="0" ay="-1" az="0" tx="-0.142826" ty="0.139084" tz="-0.344812"/>
    <Box sX="0.193793" sY="0.469084" sZ="0.033222" angle="112.5" ax="0" ay="-1" az="0" tx="-0.344812" ty="0.139084" tz="-0.142826"/>
    <Box sX="0.193793" sY="0.469084" sZ="0.033222" angle="67.5" ax="0" ay="-1" az="0" tx="-0.344812" ty="0.139084" tz="0.142826"/>
    <Box sX="0.193793" sY="0.469084" sZ="0.033222" angle="22.49999" ax="0" ay="-1" az="0" tx="-0.142826" ty="0.139084" tz="0.344812"/>
  </Collision>
  <Connectivity>
    <Ball type="2" angle="90" ax="0" ay="-1" az="0" tx="0" ty="0.001157" tz="0"/>
  </Connectivity>
  <PhysicsAttributes inertiaTensor="0.152008,0,0,0,0.150416,0,0,0,0.152008" centerOfMass="0,0.14,0" mass="1" frictionType="0"/>
  <Bounding>
    <AABB minX="-0.474998" minY="-0.340001" minZ="-0.475" maxX="0.474998" maxY="0.62" maxZ="0.475"/>
  </Bounding>
  <GeometryBounding>
    <AABB minX="-0.474998" minY="-0.340001" minZ="-0.475" maxX="0.474998" maxY="0.62" maxZ="0.475"/>
  </GeometryBounding>
</LEGOPrimitive>
