<?xml version="1.0" encoding="UTF-8" standalone="no" ?>
<LEGOPrimitive versionMajor="1" versionMinor="0">
  <Annotations>
    <Annotation platformid="300"/>
    <Annotation platformname="TECHNIC"/>
    <Annotation maingroupid="372"/>
    <Annotation maingroupname="TRANSPORTATION MEANS, VEHICLES"/>
    <Annotation designname="PLASTIC MOTOR, MAIN ROD"/>
    <Annotation aliases="2852"/>
  </Annotations>
  <Collision>
    <Box sX="0.705606" sY="0.15" sZ="0.15" angle="0" ax="0" ay="1" az="0" tx="1.02561" ty="0" tz="-0.4"/>
    <Box sX="0.094083" sY="0.02" sZ="0.11" angle="0" ax="0" ay="1" az="0" tx="0" ty="0.34" tz="-0.12"/>
    <Box sX="0.094083" sY="0.02" sZ="0.11" angle="90" ax="0" ay="0" az="1" tx="-0.34" ty="0" tz="-0.12"/>
    <Box sX="0.094083" sY="0.02" sZ="0.11" angle="180" ax="0" ay="0" az="1" tx="0" ty="-0.34" tz="-0.12"/>
    <Sphere radius="0.25" angle="90" ax="0" ay="1" az="0" tx="1.6" ty="0" tz="-0.4"/>
  </Collision>
  <Connectivity>
    <Axel type="2" length="0.4" grabbing="0" startCapped="0" endCapped="0" angle="120" ax="-0.57735" ay="0.57735" az="-0.57735" tx="0" ty="0" tz="0"/>
    <Custom2DField type="22" width="2" height="2" angle="90" ax="-1" ay="0" az="0" tx="-0.4" ty="-0.4" tz="0">
      29:0,29:0,29:0,
      29:0,15:4:34,29:0,
      29:0,29:0,29:0
    </Custom2DField>
    <Ball type="3" angle="90" ax="0" ay="0" az="-1" tx="1.6" ty="0" tz="-0.4"/>
  </Connectivity>
  <PhysicsAttributes inertiaTensor="0.085885,0,0,0,0.467771,0,0,0,0.473152" centerOfMass="0.7625,0,-0.3475" mass="1" frictionType="0"/>
  <Bounding>
    <AABB minX="-0.37" minY="-0.37" minZ="-0.695" maxX="1.895" maxY="0.37" maxZ="0"/>
  </Bounding>
  <GeometryBounding>
    <AABB minX="-0.37" minY="-0.37" minZ="-0.695" maxX="1.895" maxY="0.37" maxZ="0"/>
  </GeometryBounding>
</LEGOPrimitive>
