<?xml version="1.0" encoding="UTF-8" standalone="no" ?>
<LEGOPrimitive versionMajor="1" versionMinor="0">
  <Annotations>
    <Annotation platformid="300"/>
    <Annotation platformname="TECHNIC"/>
    <Annotation maingroupid="372"/>
    <Annotation maingroupname="TRANSPORTATION MEANS, VEHICLES"/>
    <Annotation designname="PLASTIC MOTOR, CRANK"/>
    <Annotation aliases="2854"/>
  </Annotations>
  <Collision>
    <Box sX="0.355815" sY="0.04" sZ="0.189763" angle="45.03715" ax="0" ay="1" az="0" tx="0.4" ty="-0.32" tz="-0.4"/>
    <Box sX="0.215032" sY="0.233293" sZ="0.02" angle="0" ax="0" ay="1" az="0" tx="0.036978" ty="0" tz="-0.43"/>
    <Box sX="0.086421" sY="0.13" sZ="0.18" angle="0" ax="0" ay="1" az="0" tx="0.186421" ty="-0.23" tz="-0.19"/>
    <Box sX="0.088876" sY="0.13" sZ="0.18" angle="0" ax="0" ay="1" az="0" tx="0.188876" ty="0.23" tz="-0.19"/>
    <Box sX="0.128303" sY="0.027724" sZ="0.18" angle="0" ax="0" ay="1" az="0" tx="-0.048303" ty="0.282724" tz="-0.19"/>
    <Box sX="0.128303" sY="0.027725" sZ="0.18" angle="0" ax="0" ay="1" az="0" tx="-0.048303" ty="-0.282724" tz="-0.19"/>
    <Box sX="0.07211" sY="0.073952" sZ="0.18" angle="0" ax="0" ay="1" az="0" tx="-0.17211" ty="-0.173952" tz="-0.19"/>
    <Box sX="0.07211" sY="0.068285" sZ="0.18" angle="0" ax="0" ay="1" az="0" tx="-0.17211" ty="0.168285" tz="-0.19"/>
    <Box sX="0.026457" sY="0.149685" sZ="0.18" angle="0" ax="0" ay="1" az="0" tx="-0.286924" ty="-0.015442" tz="-0.19"/>
    <Box sX="0.215032" sY="0.233293" sZ="0.02" angle="180" ax="0" ay="1" az="0" tx="0.763022" ty="0" tz="-0.37"/>
    <Box sX="0.086421" sY="0.13" sZ="0.18" angle="180" ax="0" ay="1" az="0" tx="0.613578" ty="-0.23" tz="-0.61"/>
    <Box sX="0.088876" sY="0.13" sZ="0.18" angle="180" ax="0" ay="1" az="0" tx="0.611124" ty="0.23" tz="-0.61"/>
    <Box sX="0.128303" sY="0.027724" sZ="0.18" angle="180" ax="0" ay="1" az="0" tx="0.848303" ty="0.282724" tz="-0.61"/>
    <Box sX="0.128303" sY="0.027725" sZ="0.18" angle="180" ax="0" ay="1" az="0" tx="0.848303" ty="-0.282724" tz="-0.61"/>
    <Box sX="0.07211" sY="0.073952" sZ="0.18" angle="180" ax="0" ay="1" az="0" tx="0.97211" ty="-0.173952" tz="-0.61"/>
    <Box sX="0.07211" sY="0.068285" sZ="0.18" angle="180" ax="0" ay="1" az="0" tx="0.97211" ty="0.168285" tz="-0.61"/>
    <Box sX="0.026457" sY="0.149685" sZ="0.18" angle="180" ax="0" ay="1" az="0" tx="1.08692" ty="-0.015442" tz="-0.61"/>
    <Box sX="0.355815" sY="0.04" sZ="0.189763" angle="45.03715" ax="0" ay="1" az="0" tx="0.4" ty="0.32" tz="-0.4"/>
  </Collision>
  <Connectivity>
    <Axel type="4" length="0.4" grabbing="0" startCapped="0" endCapped="0" angle="120" ax="-0.57735" ay="0.57735" az="-0.57735" tx="0" ty="0" tz="0"/>
    <Axel type="4" length="0.4" grabbing="0" startCapped="0" endCapped="0" angle="120" ax="0.57735" ay="-0.57735" az="-0.57735" tx="0.8" ty="0" tz="-0.8"/>
  </Connectivity>
  <PhysicsAttributes inertiaTensor="0.098967,0,0,0,0.250967,0,0,0,0.243267" centerOfMass="0.4,0,-0.4" mass="1" frictionType="0"/>
  <Bounding>
    <AABB minX="-0.37" minY="-0.37" minZ="-0.8" maxX="1.17" maxY="0.37" maxZ="0"/>
  </Bounding>
  <GeometryBounding>
    <AABB minX="-0.37" minY="-0.37" minZ="-0.8" maxX="1.17" maxY="0.37" maxZ="0"/>
  </GeometryBounding>
</LEGOPrimitive>
