<?xml version="1.0" encoding="UTF-8" standalone="no" ?>
<LEGOPrimitive versionMajor="1" versionMinor="0">
  <Annotations>
    <Annotation platformid="200"/>
    <Annotation platformname="SYSTEM"/>
    <Annotation maingroupid="216"/>
    <Annotation maingroupname="PLATES, SPECIAL"/>
    <Annotation designname="SIDEBOARD 2X4"/>
    <Annotation aliases="2873"/>
  </Annotations>
  <Collision>
    <Box sX="1.59" sY="0.15" sZ="0.79" angle="0" ax="0" ay="1" az="0" tx="1.2" ty="0.16" tz="-0.4"/>
    <Box sX="0.2775" sY="0.128564" sZ="0.115" angle="0" ax="0" ay="1" az="0" tx="0.0375" ty="0.16" tz="0.525"/>
    <Box sX="0.2775" sY="0.128564" sZ="0.115" angle="0" ax="0" ay="1" az="0" tx="2.3625" ty="0.16" tz="0.525"/>
    <Box sX="0.315" sY="0.128564" sZ="0.115" angle="0" ax="0" ay="1" az="0" tx="0.8" ty="0.16" tz="0.525"/>
    <Box sX="0.315" sY="0.128564" sZ="0.115" angle="0" ax="0" ay="1" az="0" tx="1.6" ty="0.16" tz="0.525"/>
  </Collision>
  <Connectivity>
    <Custom2DField type="22" width="8" height="4" angle="0" ax="0" ay="1" az="0" tx="-0.4" ty="0" tz="-1.2">
      22:1:1,22:2:1,22:2:1,22:2:1,22:2:1,22:2:1,22:2:1,22:2:1,22:1:1,
      22:2:1,15:4:1,15:4:1,15:4:1,15:4:1,15:4:1,15:4:1,15:4:1,22:2:1,
      22:2:1,15:4:1,29:0:1,29:0:1,29:0:1,29:0:1,29:0:1,15:4:1,22:2:1,
      22:2:1,15:4:1,15:4:1,15:4:1,15:4:1,15:4:1,15:4:1,15:4:1,22:2:1,
      22:1:1,22:2:1,22:2:1,22:2:1,22:2:1,22:2:1,22:2:1,22:2:1,22:1:1
    </Custom2DField>
    <Hinge type="169" oriented="0" angle="120" ax="0.57735" ay="0.57735" az="-0.57735" tx="1.2" ty="0.16" tz="0.6"/>
  </Connectivity>
  <PhysicsAttributes inertiaTensor="0.318942,0,0,0,1.16374,0,0,0,0.861867" centerOfMass="1.2,0.16,-0.235" mass="1" frictionType="0"/>
  <Bounding>
    <AABB minX="-0.4" minY="0" minZ="-1.2" maxX="2.8" maxY="0.32" maxZ="0.73"/>
  </Bounding>
  <GeometryBounding>
    <AABB minX="-0.4" minY="0" minZ="-1.2" maxX="2.8" maxY="0.32" maxZ="0.73"/>
  </GeometryBounding>
</LEGOPrimitive>
