<?xml version="1.0" encoding="UTF-8" standalone="no" ?>
<LEGOPrimitive versionMajor="1" versionMinor="0">
  <Annotations>
    <Annotation platformid="200"/>
    <Annotation platformname="SYSTEM"/>
    <Annotation maingroupid="205"/>
    <Annotation maingroupname="BRICKS WITH SLOPE"/>
    <Annotation designname="ROOF ELEMENT 2X6X1"/>
    <Annotation aliases="2875"/>
  </Annotations>
  <Collision>
    <Box sX="2.39" sY="0.15" sZ="0.39" angle="0" ax="0" ay="1" az="0" tx="2" ty="0.48" tz="-0.8"/>
    <Box sX="2.39" sY="0.09" sZ="0.39" angle="0" ax="0" ay="1" az="0" tx="2" ty="0.1" tz="0"/>
    <Box sX="2.39" sY="0.052034" sZ="0.481579" angle="43.5447" ax="1" ay="0" az="0" tx="2" ty="0.493694" tz="0.000949"/>
    <Box sX="2.39" sY="0.22" sZ="0.249318" angle="90" ax="1" ay="0" az="0" tx="2" ty="0.259318" tz="-0.17"/>
    <Box sX="1.59" sY="0.15" sZ="0.39" angle="0" ax="0" ay="1" az="0" tx="2" ty="0.16" tz="-0.8"/>
  </Collision>
  <Connectivity>
    <Custom2DField type="23" width="12" height="2" angle="0" ax="0" ay="1" az="0" tx="-0.4" ty="0.64" tz="-1.2">
      18:1:1,23:4:1,18:2:1,23:4:1,18:2:1,23:4:1,18:2:1,23:4:1,18:2:1,23:4:1,18:2:1,23:4:1,18:1:1,
      23:4:1,0:4:1,23:4:1,0:4:1,23:4:1,0:4:1,23:4:1,0:4:1,23:4:1,0:4:1,23:4:1,0:4:1,23:4:1,
      29:0:1,23:4:1,29:0:1,23:4:1,29:0:1,23:4:1,29:0:1,23:4:1,29:0:1,23:4:1,29:0:1,23:4:1,29:0:1
    </Custom2DField>
    <Custom2DField type="22" width="12" height="4" angle="0" ax="0" ay="1" az="0" tx="-0.4" ty="0" tz="-1.2">
      29:0:1,29:0:1,22:1:1,22:2:1,22:2:1,22:2:1,22:2:1,22:2:1,22:2:1,22:2:1,22:1:1,29:0:1,29:0:1,
      29:0:1,29:0:1,22:2:1,15:4:1,23:4:1,15:4:1,23:4:1,15:4:1,23:4:1,15:4:1,22:2:1,29:0:1,29:0:1,
      22:1:1,22:2:1,22:3:1,23:4:1,7:4:2,23:4:1,7:4:2,23:4:1,7:4:2,23:4:1,22:3:1,22:2:1,22:1:1,
      22:2:1,15:4:1,22:2:1,15:4:1,23:4:1,15:4:1,23:4:1,15:4:1,23:4:1,15:4:1,22:2:1,15:4:1,22:2:1,
      22:1:1,22:2:1,22:2:1,22:2:1,22:2:1,22:2:1,22:2:1,22:2:1,22:2:1,22:2:1,22:2:1,22:2:1,22:1:1
    </Custom2DField>
    <Custom2DField type="22" width="12" height="2" angle="0" ax="0" ay="1" az="0" tx="-0.4" ty="0.32" tz="-1.2">
      22:1:1,22:2:1,22:2:1,29:0:1,29:0:1,29:0:1,29:0:1,29:0:1,29:0:1,29:0:1,22:2:1,22:2:1,22:1:1,
      22:2:1,15:4:1,22:2:1,29:0:1,29:0:1,29:0:1,29:0:1,29:0:1,29:0:1,29:0:1,22:2:1,15:4:1,22:2:1,
      22:2:1,22:2:1,22:2:1,29:0:1,29:0:1,29:0:1,29:0:1,29:0:1,29:0:1,29:0:1,22:2:1,22:2:1,22:2:1
    </Custom2DField>
  </Connectivity>
  <PhysicsAttributes inertiaTensor="0.290133,0,0,0,2.13333,0,0,0,1.9968" centerOfMass="2,0.48,-0.4" mass="1" frictionType="0"/>
  <Bounding>
    <AABB minX="-0.4" minY="0" minZ="-1.2" maxX="4.4" maxY="0.96" maxZ="0.4"/>
  </Bounding>
  <GeometryBounding>
    <AABB minX="-0.4" minY="0" minZ="-1.2" maxX="4.4" maxY="0.96" maxZ="0.4"/>
  </GeometryBounding>
</LEGOPrimitive>
