<?xml version="1.0" encoding="UTF-8" standalone="no" ?>
<LEGOPrimitive versionMajor="1" versionMinor="0">
  <Annotations>
    <Annotation platformid="200"/>
    <Annotation platformname="SYSTEM"/>
    <Annotation maingroupid="206"/>
    <Annotation maingroupname="BRICKS WITH SLOPE, SPECIAL"/>
    <Annotation designname="ROOF FRONT 6X6X1"/>
    <Annotation aliases="2876"/>
  </Annotations>
  <Collision>
    <Box sX="1.59" sY="0.09" sZ="0.39" angle="0" ax="0" ay="1" az="0" tx="2" ty="0.1" tz="0.8"/>
    <Box sX="1.59" sY="0.111541" sZ="0.39" angle="0" ax="0" ay="1" az="0" tx="2" ty="0.441541" tz="0"/>
    <Box sX="0.39" sY="0.09" sZ="1.99" angle="0" ax="0" ay="1" az="0" tx="0" ty="0.1" tz="-1.6"/>
    <Box sX="0.39" sY="0.15" sZ="0.39" angle="0" ax="0" ay="1" az="0" tx="0.8" ty="0.48" tz="-0.8"/>
    <Box sX="0.39" sY="0.15" sZ="0.39" angle="0" ax="0" ay="1" az="0" tx="0.8" ty="0.48" tz="-3.2"/>
    <Box sX="0.39" sY="0.15" sZ="0.39" angle="0" ax="0" ay="1" az="0" tx="3.2" ty="0.48" tz="-0.8"/>
    <Box sX="0.39" sY="0.15" sZ="0.39" angle="0" ax="0" ay="1" az="0" tx="3.2" ty="0.48" tz="-3.2"/>
    <Box sX="1.59" sY="0.040638" sZ="0.8418" angle="25.415" ax="1" ay="0" az="0" tx="2" ty="0.519831" tz="0.408902"/>
    <Box sX="1.59" sY="0.28551" sZ="0.017683" angle="0" ax="0" ay="1" az="0" tx="2" ty="0.61551" tz="-0.372318"/>
    <Box sX="1.59" sY="0.106151" sZ="0.173734" angle="0" ax="0" ay="1" az="0" tx="2" ty="0.270531" tz="0.583734"/>
    <Box sX="1.59" sY="0.44551" sZ="0.013658" angle="90" ax="0" ay="-1" az="0" tx="0.376342" ty="0.45551" tz="-2"/>
    <Box sX="1.59" sY="0.016671" sZ="0.513437" angle="97.90454" ax="0.347702" ay="-0.87075" az="0.347702" tx="-0.002161" ty="0.541207" tz="-2"/>
    <Box sX="0.251695" sY="0.09" sZ="0.555685" angle="45" ax="0" ay="1" az="0" tx="0.185046" ty="0.1" tz="0.614954"/>
    <Box sX="0.28911" sY="0.126374" sZ="1.86418" angle="0" ax="0" ay="1" az="0" tx="0.05014" ty="0.189006" tz="-1.72582"/>
    <Box sX="0.137388" sY="0.140167" sZ="1.74446" angle="90" ax="0" ay="0" az="-1" tx="0.160506" ty="0.434499" tz="-1.84554"/>
    <Box sX="0.117025" sY="0.11276" sZ="0.386276" angle="45" ax="0" ay="1" az="0" tx="0.188662" ty="0.281032" tz="0.371757"/>
    <Box sX="0.301753" sY="0.085901" sZ="0.386276" angle="45" ax="0" ay="1" az="0" tx="0.457945" ty="0.429897" tz="-0.041628"/>
    <Box sX="0.091398" sY="0.087178" sZ="0.190731" angle="45" ax="0" ay="1" az="0" tx="0.376178" ty="0.627089" tz="-0.236403"/>
    <Box sX="0.39" sY="0.09" sZ="1.99" angle="180" ax="0" ay="1" az="0" tx="4" ty="0.1" tz="-1.6"/>
    <Box sX="1.59" sY="0.44551" sZ="0.013658" angle="90" ax="0" ay="-1" az="0" tx="3.62366" ty="0.45551" tz="-2"/>
    <Box sX="1.59" sY="0.016671" sZ="0.513437" angle="97.90454" ax="-0.347702" ay="-0.87075" az="-0.347702" tx="4.00216" ty="0.541207" tz="-2"/>
    <Box sX="0.251695" sY="0.09" sZ="0.555685" angle="135" ax="0" ay="1" az="0" tx="3.81495" ty="0.1" tz="0.614954"/>
    <Box sX="0.28911" sY="0.126374" sZ="1.86418" angle="180" ax="0" ay="1" az="0" tx="3.94986" ty="0.189006" tz="-1.72582"/>
    <Box sX="0.137388" sY="0.140167" sZ="1.74446" angle="180" ax="-0.707107" ay="0.707107" az="0" tx="3.83949" ty="0.434499" tz="-1.84554"/>
    <Box sX="0.117025" sY="0.11276" sZ="0.386276" angle="135" ax="0" ay="1" az="0" tx="3.81134" ty="0.281032" tz="0.371757"/>
    <Box sX="0.301753" sY="0.085901" sZ="0.386276" angle="135" ax="0" ay="1" az="0" tx="3.54205" ty="0.429897" tz="-0.041628"/>
    <Box sX="0.091398" sY="0.087178" sZ="0.190731" angle="135" ax="0" ay="1" az="0" tx="3.62382" ty="0.627089" tz="-0.236403"/>
  </Collision>
  <Connectivity>
    <Custom2DField type="23" width="8" height="8" angle="0" ax="0" ay="1" az="0" tx="0.4" ty="0.64" tz="-3.6">
      29:0:1,23:4:1,18:1:1,29:0:1,29:0:1,29:0:1,18:1:1,23:4:1,29:0:1,
      23:4:1,0:4:1,23:4:1,29:0:1,29:0:1,29:0:1,23:4:1,0:4:1,23:4:1,
      29:0:1,23:4:1,18:1:1,29:0:1,29:0:1,29:0:1,18:1:1,23:4:1,29:0:1,
      29:0:1,29:0:1,29:0:1,29:0:1,29:0:1,29:0:1,29:0:1,29:0:1,29:0:1,
      29:0:1,29:0:1,29:0:1,29:0:1,29:0:1,29:0:1,29:0:1,29:0:1,29:0:1,
      29:0:1,29:0:1,29:0:1,29:0:1,29:0:1,29:0:1,29:0:1,29:0:1,29:0:1,
      29:0:1,23:4:1,18:1:1,29:0:1,29:0:1,29:0:1,18:1:1,23:4:1,29:0:1,
      23:4:1,0:4:1,23:4:1,29:0:1,29:0:1,29:0:1,23:4:1,0:4:1,23:4:1,
      29:0:1,23:4:1,29:0:1,29:0:1,29:0:1,29:0:1,29:0:1,23:4:1,29:0:1
    </Custom2DField>
    <Custom2DField type="22" width="12" height="12" angle="0" ax="0" ay="1" az="0" tx="-0.4" ty="0" tz="-3.6">
      22:1:1,22:2:1,22:1:1,29:0:1,29:0:1,29:0:1,29:0:1,29:0:1,29:0:1,29:0:1,22:1:1,22:2:1,22:1:1,
      22:2:1,15:4:1,22:2:1,29:0:1,29:0:1,29:0:1,29:0:1,29:0:1,29:0:1,29:0:1,22:2:1,15:4:1,22:2:1,
      22:2:1,22:2:1,22:2:1,29:0:1,29:0:1,29:0:1,29:0:1,29:0:1,29:0:1,29:0:1,22:2:1,22:2:1,22:2:1,
      22:2:1,15:4:1,22:2:1,29:0:1,29:0:1,29:0:1,29:0:1,29:0:1,29:0:1,29:0:1,22:2:1,15:4:1,22:2:1,
      22:2:1,22:2:1,22:2:1,29:0:1,29:0:1,29:0:1,29:0:1,29:0:1,29:0:1,29:0:1,22:2:1,22:2:1,22:2:1,
      22:2:1,15:4:1,22:2:1,29:0:1,29:0:1,29:0:1,29:0:1,29:0:1,29:0:1,29:0:1,22:2:1,15:4:1,22:2:1,
      22:2:1,22:2:1,22:2:1,29:0:1,29:0:1,29:0:1,29:0:1,29:0:1,29:0:1,29:0:1,22:2:1,22:2:1,22:2:1,
      22:2:1,15:4:1,22:2:1,29:0:1,29:0:1,29:0:1,29:0:1,29:0:1,29:0:1,29:0:1,22:2:1,15:4:1,22:2:1,
      22:2:1,22:2:1,22:2:1,29:0:1,29:0:1,29:0:1,29:0:1,29:0:1,29:0:1,29:0:1,22:2:1,22:2:1,22:2:1,
      22:2:1,15:4:1,22:2:1,29:0:1,29:0:1,29:0:1,29:0:1,29:0:1,29:0:1,29:0:1,22:2:1,15:4:1,22:2:1,
      22:1:1,22:2:1,22:3:1,22:2:1,22:2:1,22:2:1,22:2:1,22:2:1,22:2:1,22:2:1,22:3:1,22:2:1,22:1:1,
      29:0:1,22:2:1,22:2:1,15:4:1,9:4:1,15:4:1,9:4:1,15:4:1,9:4:1,15:4:1,22:2:1,22:2:1,29:0:1,
      29:0:1,29:0:1,22:1:1,22:2:1,22:2:1,22:2:1,22:2:1,22:2:1,22:2:1,22:2:1,22:1:1,29:0:1,29:0:1
    </Custom2DField>
    <Custom2DField type="22" width="8" height="10" angle="0" ax="0" ay="1" az="0" tx="0.4" ty="0.32" tz="-3.6">
      29:0:1,22:2:1,22:1:1,29:0:1,29:0:1,29:0:1,22:1:1,22:2:1,29:0:1,
      29:0:1,15:4:1,22:2:1,29:0:1,29:0:1,29:0:1,22:2:1,15:4:1,29:0:1,
      29:0:1,22:2:1,22:1:1,29:0:1,29:0:1,29:0:1,22:1:1,22:2:1,29:0:1,
      29:0:1,29:0:1,29:0:1,29:0:1,29:0:1,29:0:1,29:0:1,29:0:1,29:0:1,
      29:0:1,29:0:1,29:0:1,29:0:1,29:0:1,29:0:1,29:0:1,29:0:1,29:0:1,
      29:0:1,29:0:1,29:0:1,29:0:1,29:0:1,29:0:1,29:0:1,29:0:1,29:0:1,
      29:0:1,22:2:1,22:1:1,29:0:1,29:0:1,29:0:1,22:1:1,22:2:1,29:0:1,
      29:0:1,15:4:1,22:2:1,29:0:1,29:0:1,29:0:1,22:2:1,15:4:1,29:0:1,
      29:0:1,22:2:1,22:2:1,22:2:1,22:2:1,22:2:1,22:2:1,22:2:1,29:0:1,
      29:0:1,15:4:1,9:4:1,15:4:1,9:4:1,15:4:1,9:4:1,15:4:1,29:0:1,
      29:0:1,29:0:1,29:0:1,29:0:1,29:0:1,29:0:1,29:0:1,29:0:1,29:0:1
    </Custom2DField>
  </Connectivity>
  <PhysicsAttributes inertiaTensor="1.9968,0,0,0,3.84,0,0,0,1.9968" centerOfMass="2,0.48,-1.2" mass="1" frictionType="0"/>
  <Bounding>
    <AABB minX="-0.4" minY="0" minZ="-3.6" maxX="4.4" maxY="0.96" maxZ="1.2"/>
  </Bounding>
  <GeometryBounding>
    <AABB minX="-0.4" minY="0" minZ="-3.6" maxX="4.4" maxY="0.96" maxZ="1.2"/>
  </GeometryBounding>
</LEGOPrimitive>
