<?xml version="1.0" encoding="UTF-8" standalone="no" ?>
<LEGOPrimitive versionMajor="1" versionMinor="0">
  <Annotations>
    <Annotation platformid="200"/>
    <Annotation platformname="SYSTEM"/>
    <Annotation maingroupid="202"/>
    <Annotation maingroupname="BRICKS, SPECIAL"/>
    <Annotation designname="PROFILE BRICK 1X2"/>
    <Annotation aliases="2877"/>
  </Annotations>
  <Collision>
    <Box sX="0.79" sY="0.32" sZ="0.47" angle="180" ax="0" ay="-0.707107" az="0.707107" tx="0.4" ty="0.48" tz="0"/>
  </Collision>
  <Connectivity>
    <Custom2DField type="23" width="4" height="2" angle="0" ax="0" ay="1" az="0" tx="-0.4" ty="0.96" tz="-0.4">
      18:1:1,23:4:1,18:2:1,23:4:1,18:1:1,
      23:4:1,0:4:2,23:4:1,0:4:2,23:4:1,
      18:1:1,23:4:1,18:2:1,23:4:1,18:1:1
    </Custom2DField>
    <Custom2DField type="22" width="4" height="2" angle="0" ax="0" ay="1" az="0" tx="-0.4" ty="0" tz="-0.4">
      22:1:1,22:2:1,22:2:1,22:2:1,22:1:1,
      22:2:1,15:4:2,9:4:1,15:4:2,22:2:1,
      22:1:1,22:2:1,22:2:1,22:2:1,22:1:1
    </Custom2DField>
  </Connectivity>
  <PhysicsAttributes inertiaTensor="0.161254,0,0,0,0.266667,0,0,0,0.321254" centerOfMass="0.4,0.569,0" mass="1" frictionType="0"/>
  <Bounding>
    <AABB minX="-0.4" minY="0" minZ="-0.4" maxX="1.2" maxY="1.138" maxZ="0.4"/>
  </Bounding>
  <GeometryBounding>
    <AABB minX="-0.4" minY="0" minZ="-0.4" maxX="1.2" maxY="1.138" maxZ="0.4"/>
  </GeometryBounding>
</LEGOPrimitive>
