<?xml version="1.0" encoding="UTF-8" standalone="no" ?>
<LEGOPrimitive versionMajor="1" versionMinor="0">
  <Annotations>
    <Annotation platformid="300"/>
    <Annotation platformname="TECHNIC"/>
    <Annotation maingroupid="367"/>
    <Annotation maingroupname="TYRES AND RIMS, SPECIAL"/>
    <Annotation designname="RIM Ø61.6 X 13.6"/>
    <Annotation aliases="2903"/>
  </Annotations>
  <Collision>
    <Box sX="1.18886" sY="0.100312" sZ="0.67" angle="22.97419" ax="0" ay="0" az="-1" tx="1.09226" ty="2.60755" tz="-0.4"/>
    <Box sX="1.18886" sY="0.100312" sZ="0.67" angle="68.49577" ax="0" ay="0" az="-1" tx="2.6258" ty="1.04761" tz="-0.4"/>
    <Box sX="1.18885" sY="0.100312" sZ="0.67" angle="114.01735" ax="0" ay="0" az="-1" tx="2.58723" ty="-1.13955" tz="-0.4"/>
    <Box sX="1.18886" sY="0.100312" sZ="0.67" angle="159.53893" ax="0" ay="0" az="-1" tx="0.99963" ty="-2.64444" tz="-0.4"/>
    <Box sX="1.18886" sY="0.100312" sZ="0.67" angle="180" ax="-0.199147" ay="0.97997" az="0" tx="-1.09226" ty="2.60755" tz="-0.4"/>
    <Box sX="1.18886" sY="0.100312" sZ="0.67" angle="180" ax="-0.562774" ay="0.826611" az="0" tx="-2.6258" ty="1.04761" tz="-0.4"/>
    <Box sX="1.18885" sY="0.100312" sZ="0.67" angle="180" ax="0.838753" ay="-0.544512" az="0" tx="-2.58723" ty="-1.13955" tz="-0.4"/>
    <Box sX="1.18886" sY="0.100312" sZ="0.67" angle="180" ax="0.984101" ay="-0.177609" az="0" tx="-0.99963" ty="-2.64444" tz="-0.4"/>
    <Box sX="0.431445" sY="0.758596" sZ="0.34" angle="0" ax="0" ay="1" az="0" tx="0" ty="1.3114" tz="-0.4"/>
    <Box sX="0.149514" sY="0.007558" sZ="0.31" angle="30.19817" ax="0" ay="0" az="-1" tx="-0.136148" ty="2.16838" tz="-0.4"/>
    <Box sX="0.149514" sY="0.007558" sZ="0.31" angle="89.53334" ax="0" ay="0" az="-1" tx="-0.268666" ty="2.39898" tz="-0.4"/>
    <Box sX="0.149514" sY="0.007558" sZ="0.31" angle="148.86852" ax="0" ay="0" az="-1" tx="-0.137899" ty="2.63058" tz="-0.4"/>
    <Box sX="0.431445" sY="0.758596" sZ="0.34" angle="60" ax="0" ay="0" az="-1" tx="1.13571" ty="0.655702" tz="-0.4"/>
    <Box sX="0.149514" sY="0.007558" sZ="0.31" angle="90.19817" ax="0" ay="0" az="-1" tx="1.8098" ty="1.2021" tz="-0.4"/>
    <Box sX="0.149514" sY="0.007558" sZ="0.31" angle="149.53336" ax="0" ay="0" az="-1" tx="1.94325" ty="1.43216" tz="-0.4"/>
    <Box sX="0.149514" sY="0.007558" sZ="0.31" angle="151.13148" ax="0" ay="0" az="1" tx="2.2092" ty="1.43471" tz="-0.4"/>
    <Box sX="0.431445" sY="0.758596" sZ="0.34" angle="120" ax="0" ay="0" az="-1" tx="1.13571" ty="-0.655702" tz="-0.4"/>
    <Box sX="0.149514" sY="0.007558" sZ="0.31" angle="150.19817" ax="0" ay="0" az="-1" tx="1.94595" ty="-0.966284" tz="-0.4"/>
    <Box sX="0.149514" sY="0.007557" sZ="0.31" angle="150.46666" ax="0" ay="0" az="1" tx="2.21191" ty="-0.96682" tz="-0.4"/>
    <Box sX="0.149514" sY="0.007558" sZ="0.31" angle="91.13148" ax="0" ay="0" az="1" tx="2.3471" ty="-1.19587" tz="-0.4"/>
    <Box sX="0.431445" sY="0.758596" sZ="0.34" angle="180" ax="0" ay="0" az="1" tx="0" ty="-1.3114" tz="-0.4"/>
    <Box sX="0.149514" sY="0.007558" sZ="0.31" angle="149.80182" ax="0" ay="0" az="1" tx="0.136148" ty="-2.16838" tz="-0.4"/>
    <Box sX="0.149514" sY="0.007558" sZ="0.31" angle="90.46665" ax="0" ay="0" az="1" tx="0.268666" ty="-2.39898" tz="-0.4"/>
    <Box sX="0.149514" sY="0.007558" sZ="0.31" angle="31.13148" ax="0" ay="0" az="1" tx="0.137899" ty="-2.63058" tz="-0.4"/>
    <Box sX="0.431445" sY="0.758596" sZ="0.34" angle="120" ax="0" ay="0" az="1" tx="-1.13571" ty="-0.655702" tz="-0.4"/>
    <Box sX="0.149514" sY="0.007558" sZ="0.31" angle="89.80183" ax="0" ay="0" az="1" tx="-1.8098" ty="-1.2021" tz="-0.4"/>
    <Box sX="0.149514" sY="0.007558" sZ="0.31" angle="30.46665" ax="0" ay="0" az="1" tx="-1.94325" ty="-1.43216" tz="-0.4"/>
    <Box sX="0.149514" sY="0.007558" sZ="0.31" angle="28.86852" ax="0" ay="0" az="-1" tx="-2.2092" ty="-1.43471" tz="-0.4"/>
    <Box sX="0.431445" sY="0.758596" sZ="0.34" angle="60" ax="0" ay="0" az="1" tx="-1.13571" ty="0.655702" tz="-0.4"/>
    <Box sX="0.149514" sY="0.007558" sZ="0.31" angle="29.80183" ax="0" ay="0" az="1" tx="-1.94595" ty="0.966284" tz="-0.4"/>
    <Box sX="0.149514" sY="0.007557" sZ="0.31" angle="29.53333" ax="0" ay="0" az="-1" tx="-2.21191" ty="0.96682" tz="-0.4"/>
    <Box sX="0.149514" sY="0.007558" sZ="0.31" angle="88.86852" ax="0" ay="0" az="-1" tx="-2.3471" ty="1.19587" tz="-0.4"/>
    <Box sX="0.149514" sY="0.007558" sZ="0.31" angle="180" ax="-0.260489" ay="0.965477" az="0" tx="0.136148" ty="2.16838" tz="-0.4"/>
    <Box sX="0.149514" sY="0.007558" sZ="0.31" angle="180" ax="-0.704221" ay="0.70998" az="0" tx="0.268666" ty="2.39898" tz="-0.4"/>
    <Box sX="0.149514" sY="0.007558" sZ="0.31" angle="180" ax="0.963323" ay="-0.268344" az="0" tx="0.137899" ty="2.63058" tz="-0.4"/>
    <Box sX="0.289122" sY="0.03307" sZ="0.39" angle="180" ax="0.964657" ay="-0.263509" az="0" tx="0.251574" ty="0.423992" tz="-0.4"/>
    <Box sX="0.289122" sY="0.03307" sZ="0.39" angle="180" ax="-0.703871" ay="0.710328" az="0" tx="0.492978" ty="-0.005585" tz="-0.4"/>
    <Box sX="0.289122" sY="0.03307" sZ="0.39" angle="180" ax="-0.254689" ay="0.967023" az="0" tx="0.241904" ty="-0.429582" tz="-0.4"/>
    <Box sX="0.0675" sY="0.0675" sZ="0.39" angle="180" ax="0" ay="1" az="0" tx="0.1675" ty="-0.1675" tz="-0.4"/>
    <Box sX="0.0675" sY="0.0675" sZ="0.39" angle="180" ax="0" ay="1" az="0" tx="0.1675" ty="0.1675" tz="-0.4"/>
    <Box sX="0.0675" sY="0.0675" sZ="0.39" angle="180" ax="0" ay="1" az="0" tx="-0.1675" ty="0.1675" tz="-0.4"/>
    <Box sX="0.0675" sY="0.0675" sZ="0.39" angle="180" ax="0" ay="1" az="0" tx="-0.1675" ty="-0.1675" tz="-0.4"/>
    <Box sX="0.149514" sY="0.007558" sZ="0.31" angle="180" ax="0.705883" ay="0.708329" az="0" tx="1.8098" ty="-1.2021" tz="-0.4"/>
    <Box sX="0.149514" sY="0.007558" sZ="0.31" angle="180" ax="0.262751" ay="0.964864" az="0" tx="1.94325" ty="-1.43216" tz="-0.4"/>
    <Box sX="0.149514" sY="0.007558" sZ="0.31" angle="180" ax="-0.249269" ay="0.968434" az="0" tx="2.2092" ty="-1.43471" tz="-0.4"/>
    <Box sX="0.149514" sY="0.007558" sZ="0.31" angle="180" ax="0.257148" ay="0.966372" az="0" tx="1.94595" ty="0.966284" tz="-0.4"/>
    <Box sX="0.149514" sY="0.007557" sZ="0.31" angle="180" ax="-0.254883" ay="0.966972" az="0" tx="2.21191" ty="0.96682" tz="-0.4"/>
    <Box sX="0.149514" sY="0.007558" sZ="0.31" angle="180" ax="-0.70009" ay="0.714054" az="0" tx="2.3471" ty="1.19587" tz="-0.4"/>
    <Box sX="0.149514" sY="0.007558" sZ="0.31" angle="180" ax="0.965477" ay="0.260489" az="0" tx="-0.136148" ty="-2.16838" tz="-0.4"/>
    <Box sX="0.149514" sY="0.007558" sZ="0.31" angle="180" ax="0.70998" ay="0.704221" az="0" tx="-0.268666" ty="-2.39898" tz="-0.4"/>
    <Box sX="0.149514" sY="0.007558" sZ="0.31" angle="180" ax="0.268344" ay="0.963323" az="0" tx="-0.137899" ty="-2.63058" tz="-0.4"/>
    <Box sX="0.149514" sY="0.007558" sZ="0.31" angle="180" ax="0.966372" ay="-0.257148" az="0" tx="-1.94595" ty="-0.966284" tz="-0.4"/>
    <Box sX="0.149514" sY="0.007557" sZ="0.31" angle="180" ax="0.966972" ay="0.254883" az="0" tx="-2.21191" ty="-0.96682" tz="-0.4"/>
    <Box sX="0.149514" sY="0.007558" sZ="0.31" angle="180" ax="0.714054" ay="0.70009" az="0" tx="-2.3471" ty="-1.19587" tz="-0.4"/>
    <Box sX="0.149514" sY="0.007558" sZ="0.31" angle="180" ax="0.708329" ay="-0.705883" az="0" tx="-1.8098" ty="1.2021" tz="-0.4"/>
    <Box sX="0.149514" sY="0.007558" sZ="0.31" angle="180" ax="0.964864" ay="-0.262751" az="0" tx="-1.94325" ty="1.43216" tz="-0.4"/>
    <Box sX="0.149514" sY="0.007558" sZ="0.31" angle="180" ax="0.968434" ay="0.249269" az="0" tx="-2.2092" ty="1.43471" tz="-0.4"/>
    <Box sX="0.289122" sY="0.03307" sZ="0.39" angle="149.44319" ax="0" ay="0" az="-1" tx="-0.251574" ty="0.423992" tz="-0.4"/>
    <Box sX="0.289122" sY="0.03307" sZ="0.39" angle="89.47672" ax="0" ay="0" az="-1" tx="-0.492978" ty="-0.005585" tz="-0.4"/>
    <Box sX="0.289122" sY="0.03307" sZ="0.39" angle="29.51024" ax="0" ay="0" az="-1" tx="-0.241904" ty="-0.429582" tz="-0.4"/>
  </Collision>
  <Connectivity>
    <Axel type="2" length="0.8" grabbing="0" startCapped="0" endCapped="0" angle="158.90941" ax="-0.186157" ay="0.694747" az="-0.694747" tx="-2.07846" ty="-1.2" tz="0"/>
    <Axel type="2" length="0.8" grabbing="0" startCapped="0" endCapped="0" angle="158.90941" ax="-0.186157" ay="0.694747" az="-0.694747" tx="2.07846" ty="1.2" tz="0"/>
    <Axel type="2" length="0.8" grabbing="0" startCapped="0" endCapped="0" angle="93.84097" ax="-0.935113" ay="0.250563" az="-0.250563" tx="-2.07846" ty="1.2" tz="0"/>
    <Axel type="2" length="0.8" grabbing="0" startCapped="0" endCapped="0" angle="93.84097" ax="-0.935113" ay="0.250563" az="-0.250563" tx="2.07846" ty="-1.2" tz="0"/>
    <Axel type="2" length="0.8" grabbing="0" startCapped="0" endCapped="0" angle="120" ax="-0.57735" ay="0.57735" az="-0.57735" tx="0" ty="2.4" tz="0"/>
    <Axel type="2" length="0.8" grabbing="0" startCapped="0" endCapped="0" angle="120" ax="-0.57735" ay="0.57735" az="-0.57735" tx="0" ty="-2.4" tz="0"/>
    <Axel type="4" length="0.8" grabbing="0" startCapped="0" endCapped="0" angle="120" ax="-0.57735" ay="0.57735" az="-0.57735" tx="0" ty="0" tz="0"/>
    <Fixed type="12" axes="1" angle="90" ax="-1" ay="0" az="0" tx="0" ty="0" tz="-0.4"/>
    <Fixed type="12" axes="1" angle="90" ax="1" ay="0" az="0" tx="0" ty="0" tz="-0.4"/>
  </Connectivity>
  <PhysicsAttributes inertiaTensor="3.51434,0,0,0,3.51434,0,0,0,6.72042" centerOfMass="0,0,-0.4" mass="1" frictionType="0"/>
  <Bounding>
    <AABB minX="-3.175" minY="-3.175" minZ="-1.08" maxX="3.175" maxY="3.175" maxZ="0.28"/>
  </Bounding>
  <GeometryBounding>
    <AABB minX="-3.175" minY="-3.175" minZ="-1.08" maxX="3.175" maxY="3.175" maxZ="0.28"/>
  </GeometryBounding>
</LEGOPrimitive>
