<?xml version="1.0" encoding="UTF-8" standalone="no" ?>
<LEGOPrimitive versionMajor="1" versionMinor="0">
  <Annotations>
    <Annotation platformid="200"/>
    <Annotation platformname="SYSTEM"/>
    <Annotation maingroupid="276"/>
    <Annotation maingroupname="CRAINS AND SCAFFOLD"/>
    <Annotation designname="FRONT FORK"/>
    <Annotation aliases="2904"/>
  </Annotations>
  <Collision>
    <Box sX="0.235" sY="0.47" sZ="0.79" angle="0" ax="0" ay="1" az="0" tx="-0.155" ty="0.48" tz="-0.4"/>
    <Box sX="0.235" sY="0.47" sZ="0.79" angle="0" ax="0" ay="1" az="0" tx="0.955" ty="0.48" tz="-0.4"/>
    <Box sX="0.235" sY="0.365" sZ="0.39" angle="0" ax="0" ay="1" az="0" tx="1.445" ty="0.585" tz="-0.4"/>
    <Box sX="0.035" sY="0.697917" sZ="0.39" angle="15" ax="0" ay="0" az="1" tx="3.13961" ty="0.789507" tz="-0.4"/>
    <Box sX="0.076118" sY="0.403592" sZ="0.39" angle="15" ax="0" ay="0" az="1" tx="2.39821" ty="0.638518" tz="-0.4"/>
    <Box sX="0.234193" sY="0.189918" sZ="0.035" angle="15" ax="0" ay="0" az="1" tx="3.28761" ty="1.5461" tz="-0.755"/>
    <Box sX="0.234193" sY="0.149918" sZ="0.035" angle="15" ax="0" ay="0" az="1" tx="3.27726" ty="1.58473" tz="-0.045"/>
    <Box sX="0.460095" sY="0.189918" sZ="0.035" angle="15" ax="0" ay="0" az="1" tx="3.33205" ty="0.31584" tz="-0.755"/>
    <Box sX="0.460095" sY="0.149918" sZ="0.035" angle="15" ax="0" ay="0" az="1" tx="3.3424" ty="0.277203" tz="-0.045"/>
    <Box sX="0.179307" sY="0.189918" sZ="0.028253" angle="90.9762" ax="-0.129428" ay="0.983106" az="0.129428" tx="4.04324" ty="0.506402" tz="-0.4"/>
    <Box sX="0.179307" sY="0.189962" sZ="0.028253" angle="90.9762" ax="-0.129428" ay="0.983106" az="0.129428" tx="3.73268" ty="1.6654" tz="-0.4"/>
    <Box sX="0.79" sY="0.025" sZ="0.79" angle="0" ax="0" ay="1" az="0" tx="0.4" ty="0.925" tz="-0.4"/>
    <Box sX="0.79" sY="0.125" sZ="0.79" angle="0" ax="0" ay="1" az="0" tx="0.4" ty="0.135" tz="-0.4"/>
    <Box sX="0.490244" sY="0.025" sZ="0.39" angle="0" ax="0" ay="1" az="0" tx="1.70024" ty="0.925" tz="-0.4"/>
    <Box sX="0.7125" sY="0.02" sZ="0.39" angle="0" ax="0" ay="1" az="0" tx="1.9225" ty="0.24" tz="-0.4"/>
    <Box sX="0.145" sY="0.125" sZ="0.065" angle="0" ax="0" ay="1" az="0" tx="2" ty="0.135" tz="-0.075"/>
    <Box sX="0.145" sY="0.125" sZ="0.065" angle="0" ax="0" ay="1" az="0" tx="2" ty="0.135" tz="-0.725"/>
    <Box sX="0.446214" sY="0.057083" sZ="0.39" angle="21.8477" ax="0" ay="0" az="1" tx="2.53015" ty="1.10028" tz="-0.4"/>
    <Box sX="0.1325" sY="0.125" sZ="0.065" angle="0" ax="0" ay="1" az="0" tx="2.7875" ty="0.135" tz="-0.075"/>
    <Box sX="0.1325" sY="0.125" sZ="0.065" angle="0" ax="0" ay="1" az="0" tx="2.7875" ty="0.135" tz="-0.725"/>
    <Box sX="0.21159" sY="0.015923" sZ="0.39" angle="63.20599" ax="0" ay="0" az="1" tx="2.92277" ty="1.46676" tz="-0.4"/>
  </Collision>
  <Connectivity>
    <Custom2DField type="23" width="4" height="4" angle="0" ax="0" ay="1" az="0" tx="-0.4" ty="0.96" tz="-1.2">
      18:1:1,23:4:1,18:2:1,23:4:1,18:1:1,
      23:4:1,1:4:1,23:4:1,1:4:1,23:4:1,
      18:2:1,23:4:1,18:4:1,23:4:1,18:2:1,
      23:4:1,1:4:1,23:4:1,1:4:1,23:4:1,
      18:1:1,23:4:1,18:2:1,23:4:1,18:1:1
    </Custom2DField>
    <Custom2DField type="22" width="4" height="4" angle="0" ax="0" ay="1" az="0" tx="-0.4" ty="0" tz="-1.2">
      22:1:1,22:2:1,22:2:1,22:2:1,22:1:1,
      22:2:1,15:4:1,23:4:1,15:4:1,22:2:1,
      22:2:1,23:4:1,7:4,23:4:1,22:2:1,
      22:2:1,15:4:1,23:4:1,15:4:1,22:2:1,
      22:1:1,22:2:1,22:2:1,22:2:1,22:1:1
    </Custom2DField>
    <Axel type="2" length="0.8" grabbing="0" startCapped="0" endCapped="0" angle="120" ax="-0.57735" ay="0.57735" az="-0.57735" tx="0.4" ty="0.58" tz="0.4"/>
    <Axel type="2" length="0.8" grabbing="0" startCapped="0" endCapped="0" angle="120" ax="-0.57735" ay="0.57735" az="-0.57735" tx="2" ty="0.58" tz="0"/>
    <Axel type="2" length="0.8" grabbing="0" startCapped="0" endCapped="0" angle="111.75204" ax="-0.677661" ay="0.519988" az="-0.519988" tx="2.77274" ty="0.787055" tz="0"/>
    <Axel type="2" length="0.4" grabbing="0" startCapped="0" endCapped="0" angle="90.9762" ax="-0.129428" ay="0.983106" az="0.129428" tx="3.75862" ty="0.223075" tz="-0.4"/>
    <Axel type="2" length="0.4" grabbing="0" startCapped="0" endCapped="0" angle="90.9762" ax="-0.129428" ay="0.983106" az="0.129428" tx="3.44805" ty="1.38211" tz="-0.4"/>
    <Custom2DField type="22" width="2" height="2" angle="90" ax="-1" ay="0" az="0" tx="0" ty="0.18" tz="0.4">
      22:1:1,22:2:1,22:1:1,
      22:2:1,16:4:64,22:2:1,
      22:1:1,22:2:1,22:1:1
    </Custom2DField>
    <Custom2DField type="22" width="2" height="2" angle="90" ax="1" ay="0" az="0" tx="0" ty="0.98" tz="-1.2">
      22:1:1,22:2:1,22:1:1,
      22:2:1,16:4:64,22:2:1,
      22:1:1,22:2:1,22:1:1
    </Custom2DField>
    <Custom2DField type="22" width="2" height="2" angle="90" ax="1" ay="0" az="0" tx="1.6" ty="0.98" tz="-0.8">
      22:1:1,22:2:1,22:1:1,
      22:2:1,16:4:64,22:2:1,
      22:1:1,22:2:1,22:1:1
    </Custom2DField>
    <Custom2DField type="22" width="2" height="2" angle="90" ax="-1" ay="0" az="0" tx="1.6" ty="0.18" tz="0">
      22:1:1,22:2:1,22:1:1,
      22:2:1,16:4:64,22:2:1,
      22:1:1,22:2:1,22:1:1
    </Custom2DField>
    <Custom2DField type="22" width="2" height="2" angle="15" ax="0" ay="0" az="1" tx="3.37224" ty="0.119547" tz="-0.8">
      22:1:1,22:2:1,22:1:1,
      22:2:1,16:4:64,22:2:1,
      22:1:1,22:2:1,22:1:1
    </Custom2DField>
    <Custom2DField type="22" width="2" height="2" angle="180" ax="0.991445" ay="0.130526" az="0" tx="2.95817" ty="1.66489" tz="0">
      22:1:1,22:2:1,22:1:1,
      22:2:1,16:4:64,22:2:1,
      22:1:1,22:2:1,22:1:1
    </Custom2DField>
    <Custom2DField type="22" width="2" height="2" angle="90.9762" ax="-0.983106" ay="-0.129428" az="0.129428" tx="2.49172" ty="0.290342" tz="0">
      22:1:1,22:2:1,22:1:1,
      22:2:1,16:4:64,22:2:1,
      22:1:1,22:2:1,22:1:1
    </Custom2DField>
    <Custom2DField type="22" width="2" height="2" angle="90.9762" ax="0.983106" ay="0.129428" az="0.129428" tx="2.28284" ty="1.0699" tz="-0.8">
      22:1:1,22:2:1,22:1:1,
      22:2:1,16:4:64,22:2:1,
      22:1:1,22:2:1,22:1:1
    </Custom2DField>
    <Axel type="2" length="0.8" grabbing="0" startCapped="0" endCapped="0" angle="120" ax="0.57735" ay="0.57735" az="0.57735" tx="0.4" ty="0.58" tz="-1.2"/>
  </Connectivity>
  <PhysicsAttributes inertiaTensor="0.505347,0,0,0,1.93474,0,0,0,2.01342" centerOfMass="1.87249,0.935971,-0.4" mass="1" frictionType="0"/>
  <Bounding>
    <AABB minX="-0.4" minY="0" minZ="-1.2" maxX="4.14499" maxY="1.87194" maxZ="0.4"/>
  </Bounding>
  <GeometryBounding>
    <AABB minX="-0.4" minY="0" minZ="-1.2" maxX="4.13885" maxY="1.8703" maxZ="0.4"/>
  </GeometryBounding>
</LEGOPrimitive>
