<?xml version="1.0" encoding="UTF-8" standalone="no" ?>
<LEGOPrimitive versionMajor="1" versionMinor="0">
  <Annotations>
    <Annotation platformid="300"/>
    <Annotation platformname="TECHNIC"/>
    <Annotation maingroupid="315"/>
    <Annotation maingroupname="HALF BEAMS"/>
    <Annotation designname="TRIANGLE"/>
    <Annotation aliases="2905"/>
  </Annotations>
  <Collision>
    <Box sX="0.018414" sY="0.19" sZ="0.39" angle="180" ax="0" ay="-0.707107" az="0.707107" tx="1.93841" ty="1.2" tz="-0.2"/>
    <Box sX="0.020313" sY="0.19" sZ="0.390001" angle="180" ax="0" ay="0.707107" az="-0.707107" tx="1.25969" ty="1.2" tz="-0.2"/>
    <Box sX="0.703521" sY="0.19" sZ="0.059205" angle="161.29462" ax="-0.164701" ay="-0.69745" az="0.69745" tx="2.57422" ty="0.645396" tz="-0.2"/>
    <Box sX="0.06868" sY="0.19" sZ="0.078204" angle="180" ax="0" ay="-0.707107" az="0.707107" tx="3.3726" ty="-0.179352" tz="-0.2"/>
    <Box sX="0.06868" sY="0.19" sZ="0.078204" angle="180" ax="0" ay="-0.707107" az="0.707107" tx="-0.168088" ty="-0.179352" tz="-0.2"/>
    <Box sX="0.06868" sY="0.19" sZ="0.078204" angle="180" ax="0" ay="0.707107" az="-0.707107" tx="-0.168088" ty="0.181118" tz="-0.2"/>
    <Box sX="0.06868" sY="0.19" sZ="0.078204" angle="180" ax="0" ay="0.707107" az="-0.707107" tx="3.3726" ty="0.17817" tz="-0.2"/>
    <Box sX="0.703521" sY="0.19" sZ="0.059205" angle="161.29436" ax="-0.164703" ay="0.69745" az="-0.69745" tx="0.629714" ty="0.650158" tz="-0.2"/>
    <Box sX="0.06868" sY="0.19" sZ="0.078204" angle="180" ax="0" ay="-0.707107" az="0.707107" tx="3.0376" ty="-0.179353" tz="-0.2"/>
    <Box sX="0.06868" sY="0.19" sZ="0.078204" angle="180" ax="0" ay="0.707107" az="-0.707107" tx="3.0376" ty="0.178169" tz="-0.2"/>
    <Box sX="0.06868" sY="0.19" sZ="0.078204" angle="180" ax="0" ay="-0.707107" az="0.707107" tx="0.166912" ty="-0.179352" tz="-0.2"/>
    <Box sX="0.06868" sY="0.19" sZ="0.078204" angle="180" ax="0" ay="-0.707107" az="0.707107" tx="0.166912" ty="0.181119" tz="-0.2"/>
    <Box sX="1.59289" sY="0.19" sZ="0.02" angle="180" ax="0" ay="-0.707107" az="0.707107" tx="1.59736" ty="-0.34" tz="-0.2"/>
    <Box sX="0.360311" sY="0.19" sZ="0.08" angle="180" ax="0" ay="0.707107" az="-0.707107" tx="1.59969" ty="1.2" tz="-0.2"/>
    <Box sX="0.355004" sY="0.19" sZ="0.08" angle="119.9996" ax="-0.577355" ay="0.577348" az="-0.577348" tx="1.2" ty="-0.004996" tz="-0.2"/>
    <Box sX="0.354994" sY="0.19" sZ="0.08" angle="119.9996" ax="-0.577355" ay="0.577348" az="-0.577348" tx="2" ty="-0.004996" tz="-0.2"/>
    <Box sX="1.36798" sY="0.19" sZ="0.08" angle="90" ax="-1" ay="0" az="0" tx="1.60437" ty="0.4" tz="-0.2"/>
    <Box sX="0.34734" sY="0.19" sZ="0.079604" angle="119.9996" ax="-0.577355" ay="0.577348" az="-0.577348" tx="0.400399" ty="-0.01267" tz="-0.2"/>
    <Box sX="0.344767" sY="0.19" sZ="0.074179" angle="119.9996" ax="-0.577355" ay="0.577348" az="-0.577348" tx="2.79418" ty="-0.015216" tz="-0.2"/>
    <Box sX="0.408005" sY="0.19" sZ="0.138896" angle="166.60818" ax="-0.1174" ay="0.702217" az="-0.702217" tx="0.88022" ty="0.602789" tz="-0.2"/>
    <Box sX="0.405501" sY="0.19" sZ="0.138896" angle="167.7177" ax="-0.107595" ay="-0.703002" az="0.703002" tx="2.29755" ty="0.588612" tz="-0.2"/>
    <Box sX="0.153725" sY="0.19" sZ="0.027581" angle="120" ax="-0.57735" ay="0.57735" az="-0.57735" tx="-0.28435" ty="0.017648" tz="-0.2"/>
    <Box sX="0.149402" sY="0.19" sZ="0.025595" angle="120" ax="-0.57735" ay="0.57735" az="-0.57735" tx="3.48687" ty="0.021973" tz="-0.2"/>
    <Box sX="0.073969" sY="0.00595" sZ="0.19" angle="0" ax="0" ay="1" az="0" tx="1.6" ty="1.92805" tz="-0.2"/>
    <Box sX="0.079277" sY="0.006412" sZ="0.19" angle="35" ax="0" ay="0" az="-1" tx="1.7886" ty="1.86835" tz="-0.2"/>
    <Box sX="0.077787" sY="0.006413" sZ="0.19" angle="34.99999" ax="0" ay="0" az="1" tx="1.41127" ty="1.86853" tz="-0.2"/>
    <Box sX="1.59" sY="0.02" sZ="0.11" angle="0" ax="0" ay="1" az="0" tx="1.415" ty="-0.28" tz="-0.2"/>
    <Box sX="1.59" sY="0.02" sZ="0.11" angle="0" ax="0" ay="1" az="0" tx="1.415" ty="0.28" tz="-0.2"/>
    <Box sX="1.06562" sY="0.02" sZ="0.11" angle="90" ax="0" ay="0" az="-1" tx="1.88" ty="0.705621" tz="-0.2"/>
    <Box sX="1.06562" sY="0.02" sZ="0.11" angle="90" ax="0" ay="0" az="-1" tx="1.32" ty="0.705621" tz="-0.2"/>
  </Collision>
  <Connectivity>
    <Axel type="2" length="0.4" grabbing="0" startCapped="0" endCapped="0" angle="90" ax="-1" ay="0" az="0" tx="0.8" ty="0" tz="0"/>
    <Axel type="2" length="0.4" grabbing="0" startCapped="0" endCapped="0" angle="90" ax="-1" ay="0" az="0" tx="1.6" ty="0" tz="0"/>
    <Axel type="2" length="0.4" grabbing="0" startCapped="0" endCapped="0" angle="90" ax="-1" ay="0" az="0" tx="2.4" ty="0" tz="0"/>
    <Axel type="2" length="0.4" grabbing="0" startCapped="0" endCapped="0" angle="90" ax="-1" ay="0" az="0" tx="1.6" ty="0.8" tz="0"/>
    <Axel type="2" length="0.4" grabbing="0" startCapped="0" endCapped="0" angle="90" ax="-1" ay="0" az="0" tx="1.6" ty="1.6" tz="0"/>
    <Axel type="4" length="0.4" grabbing="0" startCapped="0" endCapped="0" angle="90" ax="-1" ay="0" az="0" tx="0" ty="0" tz="0"/>
    <Axel type="4" length="0.4" grabbing="0" startCapped="0" endCapped="0" angle="90" ax="-1" ay="0" az="0" tx="3.2" ty="0" tz="0"/>
  </Connectivity>
  <PhysicsAttributes inertiaTensor="0.468167,0,0,0,1.3053,0,0,0,1.7468" centerOfMass="1.6,0.798118,-0.2" mass="1" frictionType="0"/>
  <Bounding>
    <AABB minX="-0.368731" minY="-0.37" minZ="-0.4" maxX="3.56873" maxY="1.96624" maxZ="0"/>
  </Bounding>
  <GeometryBounding>
    <AABB minX="-0.368731" minY="-0.37" minZ="-0.4" maxX="3.56873" maxY="1.96624" maxZ="0"/>
  </GeometryBounding>
</LEGOPrimitive>
