<?xml version="1.0" encoding="UTF-8" standalone="no" ?>
<LEGOPrimitive versionMajor="1" versionMinor="0">
  <Annotations>
    <Annotation platformid="200"/>
    <Annotation platformname="SYSTEM"/>
    <Annotation maingroupid="202"/>
    <Annotation maingroupname="BRICKS, SPECIAL"/>
    <Annotation designname="BRICK 1X1 W. HANDLE"/>
    <Annotation aliases="2921"/>
  </Annotations>
  <Collision>
    <Box sX="0.39" sY="0.47" sZ="0.39" angle="0" ax="0" ay="1" az="0" tx="0" ty="0.48" tz="0"/>
    <Box sX="0.115" sY="0.15" sZ="0.1725" angle="0" ax="0" ay="1" az="0" tx="0" ty="0.48" tz="0.5825"/>
    <Box sX="0.099105" sY="0.47" sZ="0.099105" angle="0" ax="0" ay="1" az="0" tx="0" ty="0.48" tz="0.8"/>
  </Collision>
  <Connectivity>
    <Custom2DField type="23" width="2" height="2" angle="0" ax="0" ay="1" az="0" tx="-0.4" ty="0.96" tz="-0.4">
      18:1:1,23:4:1,18:1:1,
      23:4:1,0:4:1,23:4:1,
      18:1:1,23:4:1,18:1:1
    </Custom2DField>
    <Axel type="7" length="0.96" requireGrabbing="0" startCapped="0" endCapped="0" angle="90" ax="0" ay="1" az="0" tx="0" ty="0" tz="0.8"/>
    <Custom2DField type="22" width="2" height="4" angle="0" ax="0" ay="1" az="0" tx="-0.4" ty="0" tz="-0.4">
      22:1:1,22:2:1,22:1:1,
      22:2:1,15:4:1,22:2:1,
      22:1:1,22:2:1,22:1:1,
      29:0,9:4,29:0,
      29:0,29:0,29:0
    </Custom2DField>
    <Custom2DField type="22" width="2" height="2" angle="180" ax="1" ay="0" az="0" tx="-0.4" ty="0.96" tz="1.2">
      29:0,29:0,29:0,
      29:0,9:4:32,29:0,
      29:0,29:0,29:0
    </Custom2DField>
  </Connectivity>
  <PhysicsAttributes inertiaTensor="0.262054,0,0,0,0.207467,0,0,0,0.161254" centerOfMass="0,0.569,0.28" mass="1" frictionType="0"/>
  <Bounding>
    <AABB minX="-0.4" minY="0" minZ="-0.4" maxX="0.4" maxY="1.138" maxZ="0.96"/>
  </Bounding>
  <GeometryBounding>
    <AABB minX="-0.4" minY="0" minZ="-0.4" maxX="0.4" maxY="1.138" maxZ="0.96"/>
  </GeometryBounding>
</LEGOPrimitive>
