<?xml version="1.0" encoding="UTF-8" standalone="no" ?>
<LEGOPrimitive versionMajor="1" versionMinor="0">
  <Annotations>
    <Annotation platformid="200"/>
    <Annotation platformname="SYSTEM"/>
    <Annotation maingroupid="268"/>
    <Annotation maingroupname="WHEEL BASE"/>
    <Annotation designname="BEARING PLATE 1X4, DOUBLE"/>
    <Annotation aliases="2926"/>
  </Annotations>
  <Collision>
    <Box sX="1.59" sY="0.39" sZ="0.150127" angle="180" ax="0" ay="0.707107" az="-0.707107" tx="1.2" ty="0.159873" tz="0"/>
    <Box sX="0.2895" sY="0.102582" sZ="0.100127" angle="180" ax="0" ay="0.92388" az="-0.382683" tx="-0.7005" ty="0.109873" tz="0"/>
    <Box sX="0.2895" sY="0.102582" sZ="0.100127" angle="180" ax="0" ay="0.92388" az="-0.382683" tx="3.1005" ty="0.109873" tz="0"/>
  </Collision>
  <Connectivity>
    <Custom2DField type="22" width="8" height="2" angle="0" ax="0" ay="1" az="0" tx="-0.4" ty="0" tz="-0.4">
      22:1:1,22:2:1,22:2:1,22:2:1,22:2:1,22:2:1,22:2:1,22:2:1,22:1:1,
      22:2:1,15:4:1,9:4:1,15:4:1,9:4:1,15:4:1,9:4:1,15:4:1,22:2:1,
      22:1:1,22:2:1,22:2:1,22:2:1,22:2:1,22:2:1,22:2:1,22:2:1,22:1:1
    </Custom2DField>
    <Custom2DField type="23" width="8" height="2" angle="0" ax="0" ay="1" az="0" tx="-0.4" ty="0.32" tz="-0.4">
      18:1:1,23:4:1,18:2:1,23:4:1,18:2:1,23:4:1,18:2:1,23:4:1,18:1:1,
      23:4:1,1:4:1,23:4:1,1:4:1,23:4:1,1:4:1,23:4:1,1:4:1,23:4:1,
      18:1:1,23:4:1,18:2:1,23:4:1,18:2:1,23:4:1,18:2:1,23:4:1,18:1:1
    </Custom2DField>
    <Hinge type="87" oriented="0" angle="180" ax="0.707107" ay="-0.707107" az="0" tx="-0.71" ty="0.11" tz="0"/>
    <Hinge type="87" oriented="0" angle="180" ax="0.707107" ay="0.707107" az="0" tx="3.11" ty="0.11" tz="0"/>
    <Axel type="7" length="0.42" requireGrabbing="1" startCapped="1" endCapped="1" angle="180" ax="-0.707107" ay="0.707107" az="0" tx="-0.5" ty="0.11" tz="0"/>
    <Axel type="7" length="0.42" requireGrabbing="1" startCapped="1" endCapped="1" angle="180" ax="-0.707107" ay="-0.707107" az="0" tx="2.9" ty="0.11" tz="0"/>
  </Connectivity>
  <PhysicsAttributes inertiaTensor="0.083333,0,0,0,1.66709,0,0,0,1.64375" centerOfMass="1.2,0.2,0" mass="1" frictionType="0"/>
  <Bounding>
    <AABB minX="-1.00029" minY="-0.1" minZ="-0.4" maxX="3.40029" maxY="0.5" maxZ="0.4"/>
  </Bounding>
  <GeometryBounding>
    <AABB minX="-1" minY="-0.089722" minZ="-0.4" maxX="3.4" maxY="0.5" maxZ="0.4"/>
  </GeometryBounding>
</LEGOPrimitive>
