<?xml version="1.0" encoding="UTF-8" standalone="no" ?>
<LEGOPrimitive versionMajor="1" versionMinor="0">
  <Annotations>
    <Annotation platformid="300"/>
    <Annotation platformname="TECHNIC"/>
    <Annotation maingroupid="372"/>
    <Annotation maingroupname="TRANSPORTATION MEANS, VEHICLES"/>
    <Annotation designname="TRENCHER, SHOVEL"/>
    <Annotation aliases="2950"/>
  </Annotations>
  <Collision>
    <Box sX="0.665" sY="0.065" sZ="0.17775" angle="0" ax="0" ay="1" az="0" tx="4.725" ty="-3.175" tz="-0.80025"/>
    <Box sX="1.4435" sY="0.065" sZ="1.34" angle="0" ax="0" ay="1" az="0" tx="3.3465" ty="-3.125" tz="-0.8"/>
    <Box sX="0.701184" sY="0.033238" sZ="1.34" angle="29.13615" ax="0" ay="0" az="-1" tx="1.21982" ty="-2.79699" tz="-0.8"/>
    <Box sX="0.585273" sY="0.033238" sZ="1.34" angle="78.67882" ax="0" ay="0" az="-1" tx="0.471334" ty="-1.83151" tz="-0.8"/>
    <Box sX="0.615707" sY="0.064441" sZ="1.34" angle="127.99999" ax="0" ay="0" az="-1" tx="0.778695" ty="-0.663894" tz="-0.8"/>
    <Box sX="0.665" sY="0.065" sZ="0.17775" angle="0" ax="0" ay="1" az="0" tx="4.725" ty="-3.175" tz="0.39975"/>
    <Box sX="1.00568" sY="0.90978" sZ="0.065" angle="45" ax="0" ay="0" az="-1" tx="1.73672" ty="-1.80509" tz="0.475"/>
    <Box sX="1.92916" sY="0.228" sZ="0.075" angle="45" ax="0" ay="0" az="-1" tx="3.08964" ty="-1.67622" tz="0.635"/>
    <Box sX="0.055" sY="0.543716" sZ="0.19" angle="150" ax="0" ay="0" az="-1" tx="0.152944" ty="-0.874906" tz="-0.2"/>
    <Box sX="0.055" sY="0.299185" sZ="0.19" angle="120" ax="0" ay="0" az="-1" tx="0.837854" ty="-0.131552" tz="-0.2"/>
    <Box sX="0.31915" sY="0.415875" sZ="0.065" angle="142.82559" ax="0" ay="0" az="1" tx="0.492682" ty="-0.501679" tz="-0.325"/>
    <Box sX="0.665" sY="0.065" sZ="0.17775" angle="0" ax="0" ay="1" az="0" tx="4.725" ty="-3.175" tz="-1.99975"/>
    <Box sX="0.229934" sY="0.682651" sZ="0.065" angle="39.10831" ax="0" ay="0" az="-1" tx="0.980932" ty="-0.869794" tz="0.475"/>
    <Box sX="0.353254" sY="0.902703" sZ="0.065" angle="135.09441" ax="0" ay="0" az="-1" tx="2.99238" ty="-2.27158" tz="0.475"/>
    <Box sX="0.353254" sY="0.902703" sZ="0.065" angle="90" ax="0" ay="0" az="-1" tx="2.59286" ty="-2.72195" tz="0.475"/>
    <Box sX="0.715062" sY="0.065" sZ="0.065" angle="0" ax="0" ay="1" az="0" tx="4.07494" ty="-3.125" tz="0.625"/>
    <Box sX="0.231096" sY="0.019565" sZ="0.15" angle="29.90757" ax="0" ay="0" az="-1" tx="0.379249" ty="0.17459" tz="-0.16"/>
    <Box sX="0.098293" sY="0.0055" sZ="0.15" angle="0" ax="0" ay="1" az="0" tx="0" ty="0.3255" tz="-0.16"/>
    <Box sX="0.098293" sY="0.0055" sZ="0.15" angle="40" ax="0" ay="0" az="1" tx="-0.209227" ty="0.249347" tz="-0.16"/>
    <Box sX="0.098293" sY="0.0055" sZ="0.15" angle="79.99999" ax="0" ay="0" az="1" tx="-0.320555" ty="0.056522" tz="-0.16"/>
    <Box sX="0.18437" sY="0.0055" sZ="0.15" angle="120" ax="0" ay="0" az="1" tx="-0.238853" ty="-0.237295" tz="-0.16"/>
    <Box sX="0.098293" sY="0.0055" sZ="0.15" angle="95" ax="0" ay="0" az="-1" tx="1.92426" ty="-0.028369" tz="0.64"/>
    <Box sX="0.098293" sY="0.0055" sZ="0.15" angle="55" ax="0" ay="0" az="-1" tx="1.86663" ty="0.186699" tz="0.64"/>
    <Box sX="0.098293" sY="0.0055" sZ="0.15" angle="25" ax="0" ay="0" az="1" tx="1.46244" ty="0.295003" tz="0.64"/>
    <Box sX="0.098293" sY="0.0055" sZ="0.15" angle="15" ax="0" ay="0" az="-1" tx="1.68425" ty="0.314409" tz="0.64"/>
    <Box sX="0.098293" sY="0.0055" sZ="0.15" angle="65" ax="0" ay="0" az="1" tx="1.305" ty="0.137562" tz="0.64"/>
    <Box sX="0.098293" sY="0.0055" sZ="0.15" angle="105" ax="0" ay="0" az="1" tx="1.28559" ty="-0.084246" tz="0.64"/>
    <Box sX="0.098293" sY="0.0055" sZ="0.15" angle="145" ax="0" ay="0" az="1" tx="1.4133" ty="-0.266634" tz="0.64"/>
    <Box sX="0.098293" sY="0.0055" sZ="0.15" angle="95" ax="0" ay="0" az="-1" tx="0.324261" ty="-0.028369" tz="-0.16"/>
    <Box sX="0.098293" sY="0.0055" sZ="0.15" angle="135" ax="0" ay="0" az="-1" tx="0.230163" ty="-0.230163" tz="-0.16"/>
    <Box sX="0.098293" sY="0.0055" sZ="0.15" angle="175.00002" ax="0" ay="0" az="-1" tx="0.028369" ty="-0.324261" tz="-0.16"/>
    <Box sX="0.098293" sY="0.0055" sZ="0.15" angle="175.00002" ax="0" ay="0" az="-1" tx="0.028369" ty="-0.324261" tz="-1.44"/>
    <Box sX="0.098293" sY="0.0055" sZ="0.15" angle="135" ax="0" ay="0" az="-1" tx="0.230163" ty="-0.230163" tz="-1.44"/>
    <Box sX="0.098293" sY="0.0055" sZ="0.15" angle="95" ax="0" ay="0" az="-1" tx="0.324261" ty="-0.028369" tz="-1.44"/>
    <Box sX="0.098293" sY="0.0055" sZ="0.15" angle="145" ax="0" ay="0" az="1" tx="1.4133" ty="-0.266634" tz="-2.24"/>
    <Box sX="0.098293" sY="0.0055" sZ="0.15" angle="105" ax="0" ay="0" az="1" tx="1.28559" ty="-0.084246" tz="-2.24"/>
    <Box sX="0.098293" sY="0.0055" sZ="0.15" angle="65" ax="0" ay="0" az="1" tx="1.305" ty="0.137562" tz="-2.24"/>
    <Box sX="0.098293" sY="0.0055" sZ="0.15" angle="15" ax="0" ay="0" az="-1" tx="1.68425" ty="0.314409" tz="-2.24"/>
    <Box sX="0.098293" sY="0.0055" sZ="0.15" angle="25" ax="0" ay="0" az="1" tx="1.46244" ty="0.295003" tz="-2.24"/>
    <Box sX="0.098293" sY="0.0055" sZ="0.15" angle="55" ax="0" ay="0" az="-1" tx="1.86663" ty="0.186699" tz="-2.24"/>
    <Box sX="0.098293" sY="0.0055" sZ="0.15" angle="95" ax="0" ay="0" az="-1" tx="1.92426" ty="-0.028369" tz="-2.24"/>
    <Box sX="0.18437" sY="0.0055" sZ="0.15" angle="120" ax="0" ay="0" az="1" tx="-0.238853" ty="-0.237295" tz="-1.44"/>
    <Box sX="0.098293" sY="0.0055" sZ="0.15" angle="79.99999" ax="0" ay="0" az="1" tx="-0.320555" ty="0.056522" tz="-1.44"/>
    <Box sX="0.098293" sY="0.0055" sZ="0.15" angle="40" ax="0" ay="0" az="1" tx="-0.209227" ty="0.249347" tz="-1.44"/>
    <Box sX="0.098293" sY="0.0055" sZ="0.15" angle="0" ax="0" ay="1" az="0" tx="0" ty="0.3255" tz="-1.44"/>
    <Box sX="0.231096" sY="0.019565" sZ="0.15" angle="29.90757" ax="0" ay="0" az="-1" tx="0.379249" ty="0.17459" tz="-1.44"/>
    <Box sX="0.715062" sY="0.065" sZ="0.065" angle="0" ax="0" ay="1" az="0" tx="4.07494" ty="-3.125" tz="-2.225"/>
    <Box sX="0.353254" sY="0.902703" sZ="0.065" angle="90" ax="0" ay="0" az="-1" tx="2.59286" ty="-2.72195" tz="-2.075"/>
    <Box sX="0.353254" sY="0.902703" sZ="0.065" angle="135.09441" ax="0" ay="0" az="-1" tx="2.99238" ty="-2.27158" tz="-2.075"/>
    <Box sX="0.229934" sY="0.682651" sZ="0.065" angle="39.10831" ax="0" ay="0" az="-1" tx="0.980932" ty="-0.869794" tz="-2.075"/>
    <Box sX="0.31915" sY="0.415875" sZ="0.065" angle="142.82559" ax="0" ay="0" az="1" tx="0.492682" ty="-0.501679" tz="-1.275"/>
    <Box sX="0.055" sY="0.299185" sZ="0.19" angle="120" ax="0" ay="0" az="-1" tx="0.837854" ty="-0.131552" tz="-1.4"/>
    <Box sX="0.055" sY="0.543716" sZ="0.19" angle="150" ax="0" ay="0" az="-1" tx="0.152944" ty="-0.874906" tz="-1.4"/>
    <Box sX="1.92916" sY="0.228" sZ="0.075" angle="45" ax="0" ay="0" az="-1" tx="3.08964" ty="-1.67622" tz="-2.235"/>
    <Box sX="1.00568" sY="0.90978" sZ="0.065" angle="45" ax="0" ay="0" az="-1" tx="1.73672" ty="-1.80509" tz="-2.075"/>
  </Collision>
  <Connectivity>
    <Axel type="2" length="0.4" grabbing="0" startCapped="0" endCapped="0" angle="120" ax="-0.57735" ay="0.57735" az="-0.57735" tx="0" ty="0" tz="0"/>
    <Axel type="2" length="0.4" grabbing="0" startCapped="0" endCapped="0" angle="120" ax="-0.57735" ay="0.57735" az="-0.57735" tx="1.6" ty="0" tz="0.8"/>
    <Axel type="2" length="0.4" grabbing="0" startCapped="0" endCapped="0" angle="120" ax="-0.57735" ay="0.57735" az="-0.57735" tx="0" ty="0" tz="-1.2"/>
    <Axel type="2" length="0.4" grabbing="0" startCapped="0" endCapped="0" angle="120" ax="-0.57735" ay="0.57735" az="-0.57735" tx="1.6" ty="0" tz="-2"/>
  </Connectivity>
  <PhysicsAttributes inertiaTensor="1.94537,0,0,0,3.62774,0,0,0,3.86644" centerOfMass="2.515,-1.44,-0.8" mass="1" frictionType="0"/>
  <Bounding>
    <AABB minX="-0.37" minY="-3.25" minZ="-2.4" maxX="5.4" maxY="0.37" maxZ="0.8"/>
  </Bounding>
  <GeometryBounding>
    <AABB minX="-0.37" minY="-3.25" minZ="-2.4" maxX="5.4" maxY="0.37" maxZ="0.8"/>
  </GeometryBounding>
</LEGOPrimitive>
