<?xml version="1.0" encoding="UTF-8" standalone="no" ?>
<LEGOPrimitive versionMajor="1" versionMinor="0">
  <Annotations>
    <Annotation platformid="300"/>
    <Annotation platformname="TECHNIC"/>
    <Annotation maingroupid="372"/>
    <Annotation maingroupname="TRANSPORTATION MEANS, VEHICLES"/>
    <Annotation designname="FRONT SHOVEL"/>
    <Annotation aliases="2951"/>
  </Annotations>
  <Collision>
    <Box sX="0.59" sY="0.145834" sZ="0.23" angle="0" ax="0" ay="1" az="0" tx="4.96625" ty="-1.81887" tz="0.8"/>
    <Box sX="1.0945" sY="0.065" sZ="3.84" angle="0" ax="0" ay="1" az="0" tx="3.86175" ty="-1.84971" tz="-1.6"/>
    <Box sX="0.591975" sY="0.065" sZ="3.84" angle="22.12765" ax="0" ay="0" az="-1" tx="2.22786" ty="-1.62849" tz="-1.6"/>
    <Box sX="0.458011" sY="0.065" sZ="3.84" angle="61.63377" ax="0" ay="0" az="-1" tx="1.48561" ty="-1.02377" tz="-1.6"/>
    <Box sX="0.458011" sY="0.065" sZ="3.84" angle="127.64545" ax="0" ay="0" az="-1" tx="1.62734" ty="0.609352" tz="-1.6"/>
    <Box sX="0.694777" sY="0.065" sZ="3.68454" angle="138.19048" ax="0" ay="0" az="-1" tx="2.2971" ty="1.26853" tz="-1.6"/>
    <Box sX="0.573242" sY="0.527094" sZ="0.065" angle="0" ax="0" ay="1" az="0" tx="3.10416" ty="-1.23761" tz="2.175"/>
    <Box sX="0.8981" sY="0.684167" sZ="0.065" angle="21.54009" ax="0" ay="0" az="-1" tx="2.64456" ty="-0.942788" tz="2.175"/>
    <Box sX="0.75206" sY="0.557768" sZ="0.065" angle="96.28438" ax="0" ay="0" az="-1" tx="1.97461" ty="-0.215293" tz="2.175"/>
    <Box sX="0.566234" sY="0.527094" sZ="0.065" angle="0" ax="0" ay="1" az="0" tx="3.09715" ty="-1.23761" tz="-5.375"/>
    <Box sX="0.8981" sY="0.684167" sZ="0.065" angle="21.54009" ax="0" ay="0" az="-1" tx="2.64456" ty="-0.942788" tz="-5.375"/>
    <Box sX="1.7247" sY="0.283185" sZ="0.065" angle="52.80138" ax="0" ay="0" az="-1" tx="3.07859" ty="-0.37695" tz="-5.375"/>
    <Box sX="0.75206" sY="0.557768" sZ="0.065" angle="96.28438" ax="0" ay="0" az="-1" tx="1.97461" ty="-0.215293" tz="-5.375"/>
    <Box sX="0.835469" sY="0.02" sZ="0.19" angle="0" ax="0" ay="1" az="0" tx="1.81171" ty="1.61627" tz="-0.2"/>
    <Box sX="0.530949" sY="0.017646" sZ="0.19" angle="55.08246" ax="0" ay="0" az="-1" tx="1.01672" ty="0.607564" tz="-0.2"/>
    <Box sX="0.593156" sY="0.311797" sZ="0.19" angle="45.46867" ax="0" ay="0" az="1" tx="1.54913" ty="0.962657" tz="-0.2"/>
    <Box sX="0.474298" sY="0.190458" sZ="0.19" angle="0" ax="0" ay="1" az="0" tx="1.76181" ty="1.37817" tz="-0.2"/>
    <Box sX="0.692882" sY="0.02" sZ="0.19" angle="0" ax="0" ay="1" az="0" tx="0.702882" ty="0.34" tz="-0.2"/>
    <Box sX="0.989011" sY="0.011201" sZ="0.19" angle="30.79113" ax="0" ay="0" az="-1" tx="0.640137" ty="-0.770691" tz="-0.2"/>
    <Box sX="0.451955" sY="0.412698" sZ="0.19" angle="0" ax="0" ay="1" az="0" tx="0.772316" ty="-0.120349" tz="-0.2"/>
    <Box sX="0.184307" sY="0.625473" sZ="0.19" angle="59.1223" ax="0" ay="0" az="1" tx="0.753234" ty="-0.589471" tz="-0.2"/>
    <Box sX="0.835469" sY="0.02" sZ="0.19" angle="0" ax="0" ay="1" az="0" tx="1.81171" ty="1.61627" tz="-3"/>
    <Box sX="0.530949" sY="0.017646" sZ="0.19" angle="55.08246" ax="0" ay="0" az="-1" tx="1.01672" ty="0.607564" tz="-3"/>
    <Box sX="0.593156" sY="0.311797" sZ="0.19" angle="45.46867" ax="0" ay="0" az="1" tx="1.54913" ty="0.962657" tz="-3"/>
    <Box sX="0.4732" sY="0.190458" sZ="0.19" angle="0" ax="0" ay="1" az="0" tx="1.76291" ty="1.37817" tz="-3"/>
    <Box sX="0.692882" sY="0.02" sZ="0.19" angle="0" ax="0" ay="1" az="0" tx="0.702882" ty="0.34" tz="-3"/>
    <Box sX="0.989011" sY="0.011607" sZ="0.19" angle="30.79113" ax="0" ay="0" az="-1" tx="0.640345" ty="-0.770342" tz="-3"/>
    <Box sX="0.451955" sY="0.430672" sZ="0.19" angle="0" ax="0" ay="1" az="0" tx="0.772316" ty="-0.138324" tz="-3"/>
    <Box sX="0.184308" sY="0.625473" sZ="0.19" angle="59.1223" ax="0" ay="0" az="1" tx="0.753235" ty="-0.589471" tz="-3"/>
    <Box sX="0.59" sY="0.145834" sZ="0.23" angle="0" ax="0" ay="1" az="0" tx="4.96625" ty="-1.81887" tz="2"/>
    <Box sX="0.59" sY="0.145834" sZ="0.23" angle="0" ax="0" ay="1" az="0" tx="4.96625" ty="-1.81887" tz="-0.4"/>
    <Box sX="0.59" sY="0.145834" sZ="0.23" angle="0" ax="0" ay="1" az="0" tx="4.96625" ty="-1.81887" tz="-1.6"/>
    <Box sX="0.59" sY="0.145834" sZ="0.23" angle="0" ax="0" ay="1" az="0" tx="4.96625" ty="-1.81887" tz="-2.8"/>
    <Box sX="0.59" sY="0.145834" sZ="0.23" angle="0" ax="0" ay="1" az="0" tx="4.96625" ty="-1.81887" tz="-4"/>
    <Box sX="0.59" sY="0.145834" sZ="0.23" angle="0" ax="0" ay="1" az="0" tx="4.96625" ty="-1.81887" tz="-5.2"/>
    <Box sX="1.95241" sY="0.226494" sZ="0.065" angle="52.849" ax="0" ay="0" az="-1" tx="3.48228" ty="-0.20532" tz="-5.525"/>
    <Box sX="1.95241" sY="0.226494" sZ="0.065" angle="52.849" ax="0" ay="0" az="-1" tx="3.48228" ty="-0.20532" tz="2.325"/>
    <Box sX="1.7247" sY="0.283185" sZ="0.065" angle="52.80138" ax="0" ay="0" az="-1" tx="3.07859" ty="-0.37695" tz="2.175"/>
    <Box sX="0.126753" sY="0.065" sZ="3.84" angle="103.30576" ax="0" ay="0" az="-1" tx="1.2786" ty="0.02406" tz="-1.6"/>
    <Box sX="0.208259" sY="0.065" sZ="3.84" angle="90.51839" ax="0" ay="0" az="-1" tx="1.24716" ty="-0.31069" tz="-1.6"/>
    <Box sX="0.0055" sY="0.097157" sZ="0.15" angle="70" ax="0" ay="0" az="-1" tx="0.854919" ty="1.58214" tz="-0.16"/>
    <Box sX="0.0055" sY="0.097157" sZ="0.15" angle="35" ax="0" ay="0" az="-1" tx="0.699612" ty="1.46297" tz="-0.16"/>
    <Box sX="0.00612" sY="0.097157" sZ="0.15" angle="35" ax="0" ay="0" az="1" tx="0.695867" ty="1.08695" tz="-0.16"/>
    <Box sX="0.0055" sY="0.097157" sZ="0.15" angle="0" ax="0" ay="1" az="0" tx="0.640746" ty="1.27627" tz="-0.16"/>
    <Box sX="0.0055" sY="0.097157" sZ="0.15" angle="70" ax="0" ay="0" az="-1" tx="0.854919" ty="1.58214" tz="-3.04"/>
    <Box sX="0.0055" sY="0.097157" sZ="0.15" angle="35" ax="0" ay="0" az="-1" tx="0.699612" ty="1.46297" tz="-3.04"/>
    <Box sX="0.00612" sY="0.097157" sZ="0.15" angle="35" ax="0" ay="0" az="1" tx="0.695867" ty="1.08695" tz="-3.04"/>
    <Box sX="0.0055" sY="0.097157" sZ="0.15" angle="0" ax="0" ay="1" az="0" tx="0.640746" ty="1.27627" tz="-3.04"/>
    <Box sX="0.0055" sY="0.097157" sZ="0.15" angle="70" ax="0" ay="0" az="-1" tx="-0.111328" ty="0.30587" tz="-3.04"/>
    <Box sX="0.0055" sY="0.097157" sZ="0.15" angle="35" ax="0" ay="0" az="-1" tx="-0.266634" ty="0.186699" tz="-3.04"/>
    <Box sX="0.0055" sY="0.097157" sZ="0.15" angle="35" ax="0" ay="0" az="1" tx="-0.266634" ty="-0.186699" tz="-3.04"/>
    <Box sX="0.0055" sY="0.097157" sZ="0.15" angle="0" ax="0" ay="1" az="0" tx="-0.3255" ty="0" tz="-3.04"/>
    <Box sX="0.0055" sY="0.097157" sZ="0.15" angle="70" ax="0" ay="0" az="-1" tx="-0.111328" ty="0.30587" tz="-0.16"/>
    <Box sX="0.0055" sY="0.097157" sZ="0.15" angle="35" ax="0" ay="0" az="-1" tx="-0.266634" ty="0.186699" tz="-0.16"/>
    <Box sX="0.0055" sY="0.097157" sZ="0.15" angle="35" ax="0" ay="0" az="1" tx="-0.266634" ty="-0.186699" tz="-0.16"/>
    <Box sX="0.0055" sY="0.097157" sZ="0.15" angle="0" ax="0" ay="1" az="0" tx="-0.3255" ty="0" tz="-0.16"/>
    <Box sX="0.184645" sY="0.065" sZ="3.84" angle="75.65292" ax="0" ay="0" az="-1" tx="1.29108" ty="-0.698257" tz="-1.6"/>
  </Collision>
  <Connectivity>
    <Axel type="2" length="0.4" grabbing="0" startCapped="0" endCapped="0" angle="120" ax="-0.57735" ay="0.57735" az="-0.57735" tx="0" ty="0" tz="0"/>
    <Axel type="2" length="0.4" grabbing="0" startCapped="0" endCapped="0" angle="120" ax="-0.57735" ay="0.57735" az="-0.57735" tx="0.966246" ty="1.27431" tz="0"/>
    <Axel type="2" length="0.4" grabbing="0" startCapped="0" endCapped="0" angle="120" ax="-0.57735" ay="0.57735" az="-0.57735" tx="0" ty="0" tz="-2.8"/>
    <Axel type="2" length="0.4" grabbing="0" startCapped="0" endCapped="0" angle="120" ax="-0.57735" ay="0.57735" az="-0.57735" tx="0.966246" ty="1.27431" tz="-2.8"/>
  </Connectivity>
  <PhysicsAttributes inertiaTensor="6.56213,0,0,0,8.26992,0,0,0,4.16539" centerOfMass="2.59812,-0.054708,-1.6" mass="1" frictionType="0"/>
  <Bounding>
    <AABB minX="-0.37" minY="-1.97471" minZ="-5.6" maxX="5.56625" maxY="1.86529" maxZ="2.4"/>
  </Bounding>
  <GeometryBounding>
    <AABB minX="-0.37" minY="-1.97471" minZ="-5.6" maxX="5.56625" maxY="1.86529" maxZ="2.4"/>
  </GeometryBounding>
</LEGOPrimitive>
