<?xml version="1.0" encoding="UTF-8" standalone="no" ?>
<LEGOPrimitive versionMajor="1" versionMinor="0">
  <Annotations>
    <Annotation platformid="200"/>
    <Annotation platformname="SYSTEM"/>
    <Annotation maingroupid="275"/>
    <Annotation maingroupname="TRANSPORTATION MEANS, AVIATION"/>
    <Annotation designname="PROPELLER W. 2 BLADES"/>
    <Annotation aliases="2952"/>
  </Annotations>
  <Collision>
    <Box sX="1.59573" sY="0.362011" sZ="0.05989" angle="13.89204" ax="-1" ay="0" az="0" tx="-1.98445" ty="-0.000576" tz="-0.007163"/>
    <Box sX="0.076611" sY="0.07651" sZ="0.19" angle="0" ax="0" ay="1" az="0" tx="-0.17661" ty="0.17651" tz="-0.2"/>
    <Box sX="0.075463" sY="0.077943" sZ="0.19" angle="0" ax="0" ay="1" az="0" tx="0.175463" ty="0.177943" tz="-0.2"/>
    <Box sX="0.075463" sY="0.07651" sZ="0.19" angle="0" ax="0" ay="1" az="0" tx="0.175463" ty="-0.17651" tz="-0.2"/>
    <Box sX="0.076611" sY="0.07651" sZ="0.19" angle="0" ax="0" ay="1" az="0" tx="-0.17661" ty="-0.17651" tz="-0.2"/>
    <Box sX="0.134331" sY="0.0525" sZ="0.19" angle="0" ax="0" ay="1" az="0" tx="-0.000567" ty="-0.3075" tz="-0.2"/>
    <Box sX="0.134331" sY="0.0525" sZ="0.19" angle="0" ax="0" ay="1" az="0" tx="-0.000567" ty="0.3075" tz="-0.2"/>
    <Box sX="1.60009" sY="0.362011" sZ="0.059861" angle="180" ax="0" ay="-0.120934" az="0.992661" tx="1.98009" ty="0.000842" tz="-0.008237"/>
    <Box sX="0.050736" sY="0.18044" sZ="0.19" angle="0" ax="0" ay="1" az="0" tx="-0.305735" ty="-0.0121" tz="-0.2"/>
    <Box sX="0.049724" sY="0.18044" sZ="0.19" angle="0" ax="0" ay="1" az="0" tx="0.307091" ty="-0.0121" tz="-0.2"/>
  </Collision>
  <Connectivity>
    <Axel type="4" length="0.4" grabbing="0" startCapped="0" endCapped="0" angle="120" ax="-0.57735" ay="0.57735" az="-0.57735" tx="0" ty="0" tz="0"/>
  </Connectivity>
  <PhysicsAttributes inertiaTensor="0.102196,0,0,0,4.32546,0,0,0,4.36967" centerOfMass="0,0,-0.105069" mass="1" frictionType="0"/>
  <Bounding>
    <AABB minX="-3.59018" minY="-0.468619" minZ="-0.4" maxX="3.59018" maxY="0.468619" maxZ="0.189862"/>
  </Bounding>
  <GeometryBounding>
    <AABB minX="-3.59018" minY="-0.468619" minZ="-0.4" maxX="3.59018" maxY="0.468619" maxZ="0.189862"/>
  </GeometryBounding>
</LEGOPrimitive>
