<?xml version="1.0" encoding="UTF-8" standalone="no" ?>
<LEGOPrimitive versionMajor="1" versionMinor="0">
  <Annotations>
    <Annotation platformid="200"/>
    <Annotation platformname="SYSTEM"/>
    <Annotation maingroupid="216"/>
    <Annotation maingroupname="PLATES, SPECIAL"/>
    <Annotation designname="CHASSIS 6X34X2 2/3"/>
    <Annotation aliases="2972"/>
  </Annotations>
  <Collision>
    <Box sX="7.18999" sY="0.1495" sZ="2.39" angle="0" ax="0" ay="1" az="0" tx="13.20001" ty="0.4805" tz="-2"/>
    <Box sX="0.076772" sY="0.839249" sZ="0.065" angle="180" ax="0.170922" ay="0.985285" az="0" tx="20.19774" ty="1.7304" tz="-3.525"/>
    <Box sX="1.31488" sY="0.045" sZ="2.39" angle="180" ax="0" ay="1" az="0" tx="22.02488" ty="2.505" tz="-2"/>
    <Box sX="0.161984" sY="1.04828" sZ="0.065" angle="180" ax="0.162049" ay="0.986783" az="0" tx="20.83384" ty="1.37771" tz="-4.325"/>
    <Box sX="0.076772" sY="0.839249" sZ="0.065" angle="180" ax="0.170922" ay="0.985285" az="0" tx="20.19774" ty="1.7304" tz="-1.125"/>
    <Box sX="0.076772" sY="0.839249" sZ="0.065" angle="180" ax="0.170922" ay="0.985285" az="0" tx="20.19774" ty="1.7304" tz="-0.475"/>
    <Box sX="0.065001" sY="0.63" sZ="1.47" angle="0" ax="0" ay="1" az="0" tx="20.475" ty="0.64" tz="-2"/>
    <Box sX="0.135212" sY="0.550584" sZ="0.065" angle="180" ax="0" ay="1" az="0" tx="20.25479" ty="1.20058" tz="-0.475"/>
    <Box sX="0.076772" sY="0.839249" sZ="0.065" angle="180" ax="0.170922" ay="0.985285" az="0" tx="20.19774" ty="1.7304" tz="-2.875"/>
    <Box sX="0.065001" sY="1.11" sZ="0.79" angle="180" ax="0" ay="1" az="0" tx="20.475" ty="1.44" tz="-0.4"/>
    <Box sX="0.065001" sY="1.11" sZ="0.789999" angle="180" ax="0" ay="1" az="0" tx="20.475" ty="1.44" tz="-3.6"/>
    <Box sX="0.39" sY="0.15" sZ="0.39" angle="180" ax="0" ay="1" az="0" tx="20" ty="0.8" tz="-3.2"/>
    <Box sX="0.39" sY="0.15" sZ="0.39" angle="180" ax="0" ay="1" az="0" tx="20" ty="0.8" tz="-0.8"/>
    <Box sX="0.135212" sY="0.550584" sZ="0.065" angle="180" ax="0" ay="1" az="0" tx="20.25479" ty="1.20058" tz="-2.875"/>
    <Box sX="0.135212" sY="0.550584" sZ="0.065" angle="180" ax="0" ay="1" az="0" tx="20.25479" ty="1.20058" tz="-3.525"/>
    <Box sX="0.135212" sY="0.550584" sZ="0.065" angle="180" ax="0" ay="1" az="0" tx="20.25479" ty="1.20058" tz="-1.125"/>
    <Box sX="3.19" sY="0.31" sZ="0.065001" angle="180" ax="0" ay="1" az="0" tx="23.6" ty="2.24" tz="0.324999"/>
    <Box sX="3.19" sY="0.31" sZ="0.065001" angle="180" ax="0" ay="1" az="0" tx="23.6" ty="2.24" tz="-4.325"/>
    <Box sX="0.065001" sY="0.31" sZ="2.39" angle="180" ax="0" ay="1" az="0" tx="26.725" ty="2.24" tz="-2"/>
    <Box sX="1.465" sY="0.045" sZ="2.39" angle="180" ax="0" ay="1" az="0" tx="25.325" ty="2.505" tz="-2"/>
    <Box sX="3.04" sY="0.045" sZ="1.065" angle="180" ax="0" ay="1" az="0" tx="23.75" ty="2.505" tz="-0.675"/>
    <Box sX="3.04" sY="0.045" sZ="1.06495" angle="0" ax="0" ay="1" az="0" tx="2.65003" ty="2.505" tz="-3.32495"/>
    <Box sX="3.04" sY="0.045" sZ="1.065" angle="0" ax="0" ay="1" az="0" tx="2.65003" ty="2.505" tz="-0.675"/>
    <Box sX="1.46499" sY="0.045" sZ="2.39" angle="0" ax="0" ay="1" az="0" tx="1.07501" ty="2.505" tz="-2"/>
    <Box sX="0.065001" sY="0.31" sZ="2.39" angle="0" ax="0" ay="1" az="0" tx="-0.324972" ty="2.24" tz="-2"/>
    <Box sX="3.19" sY="0.31" sZ="0.065001" angle="0" ax="0" ay="1" az="0" tx="2.80003" ty="2.24" tz="-4.325"/>
    <Box sX="3.19" sY="0.31" sZ="0.065001" angle="0" ax="0" ay="1" az="0" tx="2.80003" ty="2.24" tz="0.324999"/>
    <Box sX="0.135212" sY="0.550584" sZ="0.065" angle="0" ax="0" ay="1" az="0" tx="6.14524" ty="1.20058" tz="-1.125"/>
    <Box sX="0.135212" sY="0.550584" sZ="0.065" angle="0" ax="0" ay="1" az="0" tx="6.14524" ty="1.20058" tz="-3.525"/>
    <Box sX="0.135212" sY="0.550584" sZ="0.065" angle="0" ax="0" ay="1" az="0" tx="6.14524" ty="1.20058" tz="-2.875"/>
    <Box sX="0.39" sY="0.15" sZ="0.39" angle="0" ax="0" ay="1" az="0" tx="6.40003" ty="0.8" tz="-0.8"/>
    <Box sX="0.39" sY="0.15" sZ="0.39" angle="0" ax="0" ay="1" az="0" tx="6.40003" ty="0.8" tz="-3.2"/>
    <Box sX="0.065001" sY="1.11" sZ="0.789999" angle="0" ax="0" ay="1" az="0" tx="5.92503" ty="1.44" tz="-3.6"/>
    <Box sX="0.065001" sY="1.11" sZ="0.79" angle="0" ax="0" ay="1" az="0" tx="5.92503" ty="1.44" tz="-0.4"/>
    <Box sX="0.076772" sY="0.839249" sZ="0.065" angle="19.68283" ax="0" ay="0" az="1" tx="6.20229" ty="1.7304" tz="-2.875"/>
    <Box sX="0.135212" sY="0.550584" sZ="0.065" angle="0" ax="0" ay="1" az="0" tx="6.14524" ty="1.20058" tz="-0.475"/>
    <Box sX="0.065001" sY="0.63" sZ="1.47" angle="180" ax="0" ay="1" az="0" tx="5.92503" ty="0.64" tz="-2"/>
    <Box sX="0.076772" sY="0.839249" sZ="0.065" angle="19.68283" ax="0" ay="0" az="1" tx="6.20229" ty="1.7304" tz="-0.475"/>
    <Box sX="0.076772" sY="0.839249" sZ="0.065" angle="19.68283" ax="0" ay="0" az="1" tx="6.20229" ty="1.7304" tz="-1.125"/>
    <Box sX="0.158434" sY="1.00997" sZ="0.065" angle="18.65166" ax="0" ay="0" az="1" tx="5.57508" ty="1.34027" tz="-4.325"/>
    <Box sX="1.31488" sY="0.045" sZ="2.39" angle="0" ax="0" ay="1" az="0" tx="4.37514" ty="2.505" tz="-2"/>
    <Box sX="0.076772" sY="0.839249" sZ="0.065" angle="19.68283" ax="0" ay="0" az="1" tx="6.20229" ty="1.7304" tz="-3.525"/>
    <Box sX="3.04" sY="0.045" sZ="1.06495" angle="180" ax="0" ay="1" az="0" tx="23.75" ty="2.505" tz="-3.32495"/>
    <Box sX="7.33999" sY="0.15" sZ="1.59" angle="0" ax="0" ay="1" az="0" tx="13.20001" ty="0.16" tz="-2"/>
    <Box sX="0.065001" sY="0.125065" sZ="0.343569" angle="157.26631" ax="-1" ay="0" az="0" tx="5.92503" ty="0.310693" tz="-3.8739"/>
    <Box sX="0.065001" sY="0.125065" sZ="0.343569" angle="180" ax="0" ay="0.19709" az="0.980385" tx="5.92503" ty="0.310693" tz="-0.126095"/>
    <Box sX="0.065001" sY="0.125065" sZ="0.343569" angle="180" ax="0" ay="0.19709" az="0.980385" tx="20.475" ty="0.310693" tz="-0.126095"/>
    <Box sX="0.065001" sY="0.125065" sZ="0.343569" angle="157.26631" ax="-1" ay="0" az="0" tx="20.475" ty="0.310693" tz="-3.8739"/>
    <Box sX="0.161984" sY="1.04828" sZ="0.065" angle="180" ax="0.162049" ay="0.986783" az="0" tx="20.83384" ty="1.37771" tz="0.325"/>
    <Box sX="0.158434" sY="1.00997" sZ="0.065" angle="18.65166" ax="0" ay="0" az="1" tx="5.57508" ty="1.34027" tz="0.325"/>
  </Collision>
  <Connectivity>
    <Custom2DField type="23" width="36" height="12" angle="0" ax="0" ay="1" az="0" tx="6" ty="0.64" tz="-4.4">
      29:0:1,23:4:1,18:2:1,23:4:1,18:2:1,23:4:1,18:2:1,23:4:1,18:2:1,23:4:1,18:2:1,23:4:1,18:2:1,23:4:1,18:2:1,23:4:1,18:2:1,23:4:1,18:2:1,23:4:1,18:2:1,23:4:1,18:2:1,23:4:1,18:2:1,23:4:1,18:2:1,23:4:1,18:2:1,23:4:1,18:2:1,23:4:1,18:2:1,23:4:1,18:2:1,23:4:1,29:0:1,
      29:0:1,0:4:1,23:4:1,0:4:1,23:4:1,0:4:1,23:4:1,0:4:1,23:4:1,0:4:1,23:4:1,0:4:1,23:4:1,0:4:1,23:4:1,0:4:1,23:4:1,0:4:1,23:4:1,0:4:1,23:4:1,0:4:1,23:4:1,0:4:1,23:4:1,0:4:1,23:4:1,0:4:1,23:4:1,0:4:1,23:4:1,0:4:1,23:4:1,0:4:1,23:4:1,0:4:1,29:0:1,
      29:0:1,29:0:1,29:0:1,23:4:1,18:4:1,23:4:1,18:4:1,23:4:1,18:4:1,23:4:1,18:4:1,23:4:1,18:4:1,23:4:1,18:4:1,23:4:1,18:4:1,23:4:1,18:4:1,23:4:1,18:4:1,23:4:1,18:4:1,23:4:1,18:4:1,23:4:1,18:4:1,23:4:1,18:4:1,23:4:1,18:4:1,23:4:1,18:4:1,23:4:1,29:0:1,29:0:1,29:0:1,
      29:0:1,29:0:1,29:0:1,0:4:1,23:4:1,0:4:1,23:4:1,0:4:1,23:4:1,0:4:1,23:4:1,0:4:1,23:4:1,0:4:1,23:4:1,0:4:1,23:4:1,0:4:1,23:4:1,0:4:1,23:4:1,0:4:1,23:4:1,0:4:1,23:4:1,0:4:1,23:4:1,0:4:1,23:4:1,0:4:1,23:4:1,0:4:1,23:4:1,0:4:1,29:0:1,29:0:1,29:0:1,
      29:0:1,29:0:1,29:0:1,23:4:1,18:4:1,23:4:1,18:4:1,23:4:1,18:4:1,23:4:1,18:4:1,23:4:1,18:4:1,23:4:1,18:4:1,23:4:1,18:4:1,23:4:1,18:4:1,23:4:1,18:4:1,23:4:1,18:4:1,23:4:1,18:4:1,23:4:1,18:4:1,23:4:1,18:4:1,23:4:1,18:4:1,23:4:1,18:4:1,23:4:1,29:0:1,29:0:1,29:0:1,
      29:0:1,0:4:1,23:4:1,0:4:1,23:4:1,0:4:1,23:4:1,0:4:1,23:4:1,0:4:1,23:4:1,0:4:1,23:4:1,0:4:1,23:4:1,0:4:1,23:4:1,0:4:1,23:4:1,0:4:1,23:4:1,0:4:1,23:4:1,0:4:1,23:4:1,0:4:1,23:4:1,0:4:1,23:4:1,0:4:1,23:4:1,0:4:1,23:4:1,0:4:1,23:4:1,0:4:1,29:0:1,
      29:0:1,23:4:1,18:4:1,23:4:1,18:4:1,23:4:1,18:4:1,23:4:1,18:4:1,23:4:1,18:4:1,23:4:1,18:4:1,23:4:1,18:4:1,23:4:1,18:4:1,23:4:1,18:4:1,23:4:1,18:4:1,23:4:1,18:4:1,23:4:1,18:4:1,23:4:1,18:4:1,23:4:1,18:4:1,23:4:1,18:4:1,23:4:1,18:4:1,23:4:1,18:4:1,23:4:1,29:0:1,
      29:0:1,0:4:1,23:4:1,0:4:1,23:4:1,0:4:1,23:4:1,0:4:1,23:4:1,0:4:1,23:4:1,0:4:1,23:4:1,0:4:1,23:4:1,0:4:1,23:4:1,0:4:1,23:4:1,0:4:1,23:4:1,0:4:1,23:4:1,0:4:1,23:4:1,0:4:1,23:4:1,0:4:1,23:4:1,0:4:1,23:4:1,0:4:1,23:4:1,0:4:1,23:4:1,0:4:1,29:0:1,
      29:0:1,29:0:1,29:0:1,23:4:1,18:4:1,23:4:1,18:4:1,23:4:1,18:4:1,23:4:1,18:4:1,23:4:1,18:4:1,23:4:1,18:4:1,23:4:1,18:4:1,23:4:1,18:4:1,23:4:1,18:4:1,23:4:1,18:4:1,23:4:1,18:4:1,23:4:1,18:4:1,23:4:1,18:4:1,23:4:1,18:4:1,23:4:1,18:4:1,23:4:1,29:0:1,29:0:1,29:0:1,
      29:0:1,29:0:1,29:0:1,0:4:1,23:4:1,0:4:1,23:4:1,0:4:1,23:4:1,0:4:1,23:4:1,0:4:1,23:4:1,0:4:1,23:4:1,0:4:1,23:4:1,0:4:1,23:4:1,0:4:1,23:4:1,0:4:1,23:4:1,0:4:1,23:4:1,0:4:1,23:4:1,0:4:1,23:4:1,0:4:1,23:4:1,0:4:1,23:4:1,0:4:1,29:0:1,29:0:1,29:0:1,
      29:0:1,29:0:1,29:0:1,23:4:1,18:4:1,23:4:1,18:4:1,23:4:1,18:4:1,23:4:1,18:4:1,23:4:1,18:4:1,23:4:1,18:4:1,23:4:1,18:4:1,23:4:1,18:4:1,23:4:1,18:4:1,23:4:1,18:4:1,23:4:1,18:4:1,23:4:1,18:4:1,23:4:1,18:4:1,23:4:1,18:4:1,23:4:1,18:4:1,23:4:1,29:0:1,29:0:1,29:0:1,
      29:0:1,0:4:1,23:4:1,0:4:1,23:4:1,0:4:1,23:4:1,0:4:1,23:4:1,0:4:1,23:4:1,0:4:1,23:4:1,0:4:1,23:4:1,0:4:1,23:4:1,0:4:1,23:4:1,0:4:1,23:4:1,0:4:1,23:4:1,0:4:1,23:4:1,0:4:1,23:4:1,0:4:1,23:4:1,0:4:1,23:4:1,0:4:1,23:4:1,0:4:1,23:4:1,0:4:1,29:0:1,
      29:0:1,23:4:1,18:2:1,23:4:1,18:2:1,23:4:1,18:2:1,23:4:1,18:2:1,23:4:1,18:2:1,23:4:1,18:2:1,23:4:1,18:2:1,23:4:1,18:2:1,23:4:1,18:2:1,23:4:1,18:2:1,23:4:1,18:2:1,23:4:1,18:2:1,23:4:1,18:2:1,23:4:1,18:2:1,23:4:1,18:2:1,23:4:1,18:2:1,23:4:1,18:2:1,23:4:1,29:0:1
    </Custom2DField>
    <Custom2DField type="23" width="68" height="12" angle="0" ax="0" ay="1" az="0" tx="-0.4" ty="2.56" tz="-4.4">
      18:1:1,23:4:1,18:2:1,23:4:1,18:2:1,23:4:1,18:2:1,23:4:1,18:2:1,23:4:1,18:2:1,23:4:1,18:2:1,23:4:1,18:2:1,23:4:1,18:1:1,29:0:1,29:0:1,29:0:1,29:0:1,29:0:1,29:0:1,29:0:1,29:0:1,29:0:1,29:0:1,29:0:1,29:0:1,29:0:1,29:0:1,29:0:1,29:0:1,29:0:1,29:0:1,29:0:1,29:0:1,29:0:1,29:0:1,29:0:1,29:0:1,29:0:1,29:0:1,29:0:1,29:0:1,29:0:1,29:0:1,29:0:1,29:0:1,29:0:1,29:0:1,29:0:1,18:1:1,23:4:1,18:2:1,23:4:1,18:2:1,23:4:1,18:2:1,23:4:1,18:2:1,23:4:1,18:2:1,23:4:1,18:2:1,23:4:1,18:2:1,23:4:1,18:1:1,
      23:4:1,0:4:1,23:4:1,0:4:1,23:4:1,0:4:1,23:4:1,0:4:1,23:4:1,0:4:1,23:4:1,0:4:1,23:4:1,0:4:1,23:4:1,0:4:1,23:4:1,29:0:1,29:0:1,29:0:1,29:0:1,29:0:1,29:0:1,29:0:1,29:0:1,29:0:1,29:0:1,29:0:1,29:0:1,29:0:1,29:0:1,29:0:1,29:0:1,29:0:1,29:0:1,29:0:1,29:0:1,29:0:1,29:0:1,29:0:1,29:0:1,29:0:1,29:0:1,29:0:1,29:0:1,29:0:1,29:0:1,29:0:1,29:0:1,29:0:1,29:0:1,29:0:1,23:4:1,0:4:1,23:4:1,0:4:1,23:4:1,0:4:1,23:4:1,0:4:1,23:4:1,0:4:1,23:4:1,0:4:1,23:4:1,0:4:1,23:4:1,0:4:1,23:4:1,
      18:2:1,23:4:1,18:4:1,23:4:1,18:4:1,23:4:1,18:4:1,23:4:1,18:4:1,23:4:1,18:4:1,23:4:1,18:4:1,23:4:1,18:4:1,23:4:1,18:2:1,29:0:1,29:0:1,29:0:1,29:0:1,29:0:1,29:0:1,29:0:1,29:0:1,29:0:1,29:0:1,29:0:1,29:0:1,29:0:1,29:0:1,29:0:1,29:0:1,29:0:1,29:0:1,29:0:1,29:0:1,29:0:1,29:0:1,29:0:1,29:0:1,29:0:1,29:0:1,29:0:1,29:0:1,29:0:1,29:0:1,29:0:1,29:0:1,29:0:1,29:0:1,29:0:1,18:2:1,23:4:1,18:4:1,23:4:1,18:4:1,23:4:1,18:4:1,23:4:1,18:4:1,23:4:1,18:4:1,23:4:1,18:4:1,23:4:1,18:4:1,23:4:1,18:2:1,
      23:4:1,0:4:1,23:4:1,0:4:1,23:4:1,0:4:1,23:4:1,0:4:1,23:4:1,0:4:1,23:4:1,0:4:1,23:4:1,0:4:1,23:4:1,0:4:1,23:4:1,29:0:1,29:0:1,29:0:1,29:0:1,29:0:1,29:0:1,29:0:1,29:0:1,29:0:1,29:0:1,29:0:1,29:0:1,29:0:1,29:0:1,29:0:1,29:0:1,29:0:1,29:0:1,29:0:1,29:0:1,29:0:1,29:0:1,29:0:1,29:0:1,29:0:1,29:0:1,29:0:1,29:0:1,29:0:1,29:0:1,29:0:1,29:0:1,29:0:1,29:0:1,29:0:1,23:4:1,0:4:1,23:4:1,0:4:1,23:4:1,0:4:1,23:4:1,0:4:1,23:4:1,0:4:1,23:4:1,0:4:1,23:4:1,0:4:1,23:4:1,0:4:1,23:4:1,
      18:2:1,23:4:1,18:4:1,23:4:1,18:4:1,23:4:1,18:4:1,23:4:1,18:4:1,23:4:1,18:4:1,23:4:1,18:4:1,23:4:1,18:4:1,23:4:1,18:2:1,29:0:1,29:0:1,29:0:1,29:0:1,29:0:1,29:0:1,29:0:1,29:0:1,29:0:1,29:0:1,29:0:1,29:0:1,29:0:1,29:0:1,29:0:1,29:0:1,29:0:1,29:0:1,29:0:1,29:0:1,29:0:1,29:0:1,29:0:1,29:0:1,29:0:1,29:0:1,29:0:1,29:0:1,29:0:1,29:0:1,29:0:1,29:0:1,29:0:1,29:0:1,29:0:1,18:2:1,23:4:1,18:4:1,23:4:1,18:4:1,23:4:1,18:4:1,23:4:1,18:4:1,23:4:1,18:4:1,23:4:1,18:4:1,23:4:1,18:4:1,23:4:1,18:2:1,
      23:4:1,0:4:1,23:4:1,0:4:1,23:4:1,0:4:1,23:4:1,0:4,23:4:1,0:4,23:4:1,0:4:1,23:4:1,0:4:1,23:4:1,0:4,23:4:1,29:0:1,29:0:1,29:0:1,29:0:1,29:0:1,29:0:1,29:0:1,29:0:1,29:0:1,29:0:1,29:0:1,29:0:1,29:0:1,29:0:1,29:0:1,29:0:1,29:0:1,29:0:1,29:0:1,29:0:1,29:0:1,29:0:1,29:0:1,29:0:1,29:0:1,29:0:1,29:0:1,29:0:1,29:0:1,29:0:1,29:0:1,29:0:1,29:0:1,29:0:1,29:0:1,23:4:1,0:4,23:4:1,0:4:1,23:4:1,0:4:1,23:4:1,0:4,23:4:1,0:4,23:4:1,0:4:1,23:4:1,0:4:1,23:4:1,0:4:1,23:4:1,
      18:2:1,23:4:1,18:4:1,23:4:1,18:4:1,23:4:1,18:4:1,23:4:1,18:4,23:4:1,18:4:1,23:4:1,18:4:1,23:4:1,18:4:1,23:4:1,18:2:1,29:0:1,29:0:1,29:0:1,29:0:1,29:0:1,29:0:1,29:0:1,29:0:1,29:0:1,29:0:1,29:0:1,29:0:1,29:0:1,29:0:1,29:0:1,29:0:1,29:0:1,29:0:1,29:0:1,29:0:1,29:0:1,29:0:1,29:0:1,29:0:1,29:0:1,29:0:1,29:0:1,29:0:1,29:0:1,29:0:1,29:0:1,29:0:1,29:0:1,29:0:1,29:0:1,18:2:1,23:4:1,18:4:1,23:4:1,18:4:1,23:4:1,18:4:1,23:4:1,18:4,23:4:1,18:4:1,23:4:1,18:4:1,23:4:1,18:4:1,23:4:1,18:2:1,
      23:4:1,0:4:1,23:4:1,0:4:1,23:4:1,0:4:1,23:4:1,0:4,23:4:1,0:4,23:4:1,0:4:1,23:4:1,0:4:1,23:4:1,0:4,23:4:1,29:0:1,29:0:1,29:0:1,29:0:1,29:0:1,29:0:1,29:0:1,29:0:1,29:0:1,29:0:1,29:0:1,29:0:1,29:0:1,29:0:1,29:0:1,29:0:1,29:0:1,29:0:1,29:0:1,29:0:1,29:0:1,29:0:1,29:0:1,29:0:1,29:0:1,29:0:1,29:0:1,29:0:1,29:0:1,29:0:1,29:0:1,29:0:1,29:0:1,29:0:1,29:0:1,23:4:1,0:4,23:4:1,0:4:1,23:4:1,0:4:1,23:4:1,0:4,23:4:1,0:4,23:4:1,0:4:1,23:4:1,0:4:1,23:4:1,0:4:1,23:4:1,
      18:2:1,23:4:1,18:4:1,23:4:1,18:4:1,23:4:1,18:4:1,23:4:1,18:4:1,23:4:1,18:4:1,23:4:1,18:4:1,23:4:1,18:4:1,23:4:1,18:2:1,29:0:1,29:0:1,29:0:1,29:0:1,29:0:1,29:0:1,29:0:1,29:0:1,29:0:1,29:0:1,29:0:1,29:0:1,29:0:1,29:0:1,29:0:1,29:0:1,29:0:1,29:0:1,29:0:1,29:0:1,29:0:1,29:0:1,29:0:1,29:0:1,29:0:1,29:0:1,29:0:1,29:0:1,29:0:1,29:0:1,29:0:1,29:0:1,29:0:1,29:0:1,29:0:1,18:2:1,23:4:1,18:4:1,23:4:1,18:4:1,23:4:1,18:4:1,23:4:1,18:4:1,23:4:1,18:4:1,23:4:1,18:4:1,23:4:1,18:4:1,23:4:1,18:2:1,
      23:4:1,0:4:1,23:4:1,0:4:1,23:4:1,0:4:1,23:4:1,0:4:1,23:4:1,0:4:1,23:4:1,0:4:1,23:4:1,0:4:1,23:4:1,0:4:1,23:4:1,29:0:1,29:0:1,29:0:1,29:0:1,29:0:1,29:0:1,29:0:1,29:0:1,29:0:1,29:0:1,29:0:1,29:0:1,29:0:1,29:0:1,29:0:1,29:0:1,29:0:1,29:0:1,29:0:1,29:0:1,29:0:1,29:0:1,29:0:1,29:0:1,29:0:1,29:0:1,29:0:1,29:0:1,29:0:1,29:0:1,29:0:1,29:0:1,29:0:1,29:0:1,29:0:1,23:4:1,0:4:1,23:4:1,0:4:1,23:4:1,0:4:1,23:4:1,0:4:1,23:4:1,0:4:1,23:4:1,0:4:1,23:4:1,0:4:1,23:4:1,0:4:1,23:4:1,
      18:2:1,23:4:1,18:4:1,23:4:1,18:4:1,23:4:1,18:4:1,23:4:1,18:4:1,23:4:1,18:4:1,23:4:1,18:4:1,23:4:1,18:4:1,23:4:1,18:2:1,29:0:1,29:0:1,29:0:1,29:0:1,29:0:1,29:0:1,29:0:1,29:0:1,29:0:1,29:0:1,29:0:1,29:0:1,29:0:1,29:0:1,29:0:1,29:0:1,29:0:1,29:0:1,29:0:1,29:0:1,29:0:1,29:0:1,29:0:1,29:0:1,29:0:1,29:0:1,29:0:1,29:0:1,29:0:1,29:0:1,29:0:1,29:0:1,29:0:1,29:0:1,29:0:1,18:2:1,23:4:1,18:4:1,23:4:1,18:4:1,23:4:1,18:4:1,23:4:1,18:4:1,23:4:1,18:4:1,23:4:1,18:4:1,23:4:1,18:4:1,23:4:1,18:2:1,
      23:4:1,0:4:1,23:4:1,0:4:1,23:4:1,0:4:1,23:4:1,0:4:1,23:4:1,0:4:1,23:4:1,0:4:1,23:4:1,0:4:1,23:4:1,0:4:1,23:4:1,29:0:1,29:0:1,29:0:1,29:0:1,29:0:1,29:0:1,29:0:1,29:0:1,29:0:1,29:0:1,29:0:1,29:0:1,29:0:1,29:0:1,29:0:1,29:0:1,29:0:1,29:0:1,29:0:1,29:0:1,29:0:1,29:0:1,29:0:1,29:0:1,29:0:1,29:0:1,29:0:1,29:0:1,29:0:1,29:0:1,29:0:1,29:0:1,29:0:1,29:0:1,29:0:1,23:4:1,0:4:1,23:4:1,0:4:1,23:4:1,0:4:1,23:4:1,0:4:1,23:4:1,0:4:1,23:4:1,0:4:1,23:4:1,0:4:1,23:4:1,0:4:1,23:4:1,
      18:1:1,23:4:1,18:2:1,23:4:1,18:2:1,23:4:1,18:2:1,23:4:1,18:2:1,23:4:1,18:2:1,23:4:1,18:2:1,23:4:1,18:2:1,23:4:1,18:1:1,29:0:1,29:0:1,29:0:1,29:0:1,29:0:1,29:0:1,29:0:1,29:0:1,29:0:1,29:0:1,29:0:1,29:0:1,29:0:1,29:0:1,29:0:1,29:0:1,29:0:1,29:0:1,29:0:1,29:0:1,29:0:1,29:0:1,29:0:1,29:0:1,29:0:1,29:0:1,29:0:1,29:0:1,29:0:1,29:0:1,29:0:1,29:0:1,29:0:1,29:0:1,29:0:1,18:1:1,23:4:1,18:2:1,23:4:1,18:2:1,23:4:1,18:2:1,23:4:1,18:2:1,23:4:1,18:2:1,23:4:1,18:2:1,23:4:1,18:2:1,23:4:1,18:1:1
    </Custom2DField>
    <Custom2DField type="22" width="16" height="12" angle="0" ax="0" ay="1" az="0" tx="-0.4" ty="2.25" tz="-4.4">
      29:0:1,29:0:1,29:0:1,29:0:1,29:0:1,29:0:1,29:0:1,29:0:1,29:0:1,29:0:1,29:0:1,29:0:1,29:0:1,29:0:1,29:0:1,29:0:1,29:0:1,
      29:0:1,29:0:1,29:0:1,29:0:1,29:0:1,29:0:1,29:0:1,29:0:1,29:0:1,29:0:1,29:0:1,29:0:1,29:0:1,29:0:1,29:0:1,29:0:1,29:0:1,
      29:0:1,29:0:1,7:4:2,23:4:1,7:4:2,23:4:1,7:4:2,23:4:1,7:4:2,23:4:1,7:4:2,23:4:1,7:4:2,23:4:1,7:4:2,29:0:1,29:0:1,
      29:0:1,29:0:1,23:4:1,15:4:1,29:0:1,15:4:1,29:0:1,15:4:1,29:0:1,15:4:1,29:0:1,15:4:1,29:0:1,15:4:1,29:0:1,29:0:1,29:0:1,
      29:0:1,29:0:1,7:4:2,29:0:1,29:0:1,29:0:1,29:0:1,29:0:1,29:0:1,29:0:1,29:0:1,29:0:1,29:0:1,29:0:1,29:0:1,29:0:1,29:0:1,
      29:0:1,29:0:1,29:0:1,29:0:1,29:0:1,15:4:1,29:0:1,15:4:2,29:0:1,15:4:2,29:0:1,15:4:1,29:0:1,29:0:1,29:0:1,29:0:1,29:0:1,
      29:0:1,29:0:1,29:0:1,29:0:1,29:0:1,29:0:1,7:4:2,23:4:1,7:4:1,23:4:1,7:4:2,29:0:1,29:0:1,29:0:1,29:0:1,29:0:1,29:0:1,
      29:0:1,29:0:1,29:0:1,29:0:1,29:0:1,15:4:1,29:0:1,15:4:2,29:0:1,15:4:2,29:0:1,15:4:1,29:0:1,29:0:1,29:0:1,29:0:1,29:0:1,
      29:0:1,29:0:1,7:4:2,29:0:1,29:0:1,29:0:1,29:0:1,29:0:1,29:0:1,29:0:1,29:0:1,29:0:1,29:0:1,29:0:1,29:0:1,29:0:1,29:0:1,
      29:0:1,29:0:1,23:4:1,15:4:1,29:0:1,15:4:1,29:0:1,15:4:1,29:0:1,15:4:1,29:0:1,15:4:1,29:0:1,15:4:1,29:0:1,29:0:1,29:0:1,
      29:0:1,29:0:1,7:4:2,23:4:1,7:4:2,23:4:1,7:4:2,23:4:1,7:4:2,23:4:1,7:4:2,23:4:1,7:4:2,23:4:1,7:4:2,29:0:1,29:0:1,
      29:0:1,29:0:1,29:0:1,29:0:1,29:0:1,29:0:1,29:0:1,29:0:1,29:0:1,29:0:1,29:0:1,29:0:1,29:0:1,29:0:1,29:0:1,29:0:1,29:0:1,
      29:0:1,29:0:1,29:0:1,29:0:1,29:0:1,29:0:1,29:0:1,29:0:1,29:0:1,29:0:1,29:0:1,29:0:1,29:0:1,29:0:1,29:0:1,29:0:1,29:0:1
    </Custom2DField>
    <Custom2DField type="22" width="16" height="12" angle="0" ax="0" ay="1" az="0" tx="20.4" ty="2.25" tz="-4.4">
      29:0:1,29:0:1,29:0:1,29:0:1,29:0:1,29:0:1,29:0:1,29:0:1,29:0:1,29:0:1,29:0:1,29:0:1,29:0:1,29:0:1,29:0:1,29:0:1,29:0:1,
      29:0:1,29:0:1,29:0:1,29:0:1,29:0:1,29:0:1,29:0:1,29:0:1,29:0:1,29:0:1,29:0:1,29:0:1,29:0:1,29:0:1,29:0:1,29:0:1,29:0:1,
      29:0:1,29:0:1,7:4:2,23:4:1,7:4:2,23:4:1,7:4:2,23:4:1,7:4:2,23:4:1,7:4:2,23:4:1,7:4:2,23:4:1,7:4:2,29:0:1,29:0:1,
      29:0:1,29:0:1,29:0:1,15:4:1,29:0:1,15:4:1,29:0:1,15:4:1,29:0:1,15:4:1,29:0:1,15:4:1,29:0:1,15:4:1,23:4:1,29:0:1,29:0:1,
      29:0:1,29:0:1,29:0:1,29:0:1,29:0:1,29:0:1,29:0:1,29:0:1,29:0:1,29:0:1,29:0:1,29:0:1,29:0:1,29:0:1,7:4:2,29:0:1,29:0:1,
      29:0:1,29:0:1,29:0:1,29:0:1,29:0:1,15:4:1,29:0:1,15:4:2,29:0:1,15:4:2,29:0:1,15:4:1,29:0:1,29:0:1,29:0:1,29:0:1,29:0:1,
      29:0:1,29:0:1,29:0:1,29:0:1,29:0:1,29:0:1,7:4:2,23:4:1,7:4,23:4:1,7:4:2,29:0:1,29:0:1,29:0:1,29:0:1,29:0:1,29:0:1,
      29:0:1,29:0:1,29:0:1,29:0:1,29:0:1,15:4:1,29:0:1,15:4:2,29:0:1,15:4:2,29:0:1,15:4:1,29:0:1,29:0:1,29:0:1,29:0:1,29:0:1,
      29:0:1,29:0:1,29:0:1,29:0:1,29:0:1,29:0:1,29:0:1,29:0:1,29:0:1,29:0:1,29:0:1,29:0:1,29:0:1,29:0:1,7:4:2,29:0:1,29:0:1,
      29:0:1,29:0:1,29:0:1,15:4:1,29:0:1,15:4:1,29:0:1,15:4:1,29:0:1,15:4:1,29:0:1,15:4:1,29:0:1,15:4:1,23:4:1,29:0:1,29:0:1,
      29:0:1,29:0:1,7:4:2,23:4:1,7:4:2,23:4:1,7:4:2,23:4:1,7:4:2,23:4:1,7:4:2,23:4:1,7:4:2,23:4:1,7:4:2,29:0:1,29:0:1,
      29:0:1,29:0:1,29:0:1,29:0:1,29:0:1,29:0:1,29:0:1,29:0:1,29:0:1,29:0:1,29:0:1,29:0:1,29:0:1,29:0:1,29:0:1,29:0:1,29:0:1,
      29:0:1,29:0:1,29:0:1,29:0:1,29:0:1,29:0:1,29:0:1,29:0:1,29:0:1,29:0:1,29:0:1,29:0:1,29:0:1,29:0:1,29:0:1,29:0:1,29:0:1
    </Custom2DField>
    <Custom2DField type="22" width="36" height="8" angle="0" ax="0" ay="1" az="0" tx="6" ty="0" tz="-3.6">
      22:1:1,22:2:1,22:2:1,22:2:1,22:2:1,22:2:1,22:2:1,22:2:1,22:2:1,22:2:1,22:2:1,22:2:1,22:2:1,22:2:1,22:2:1,22:2:1,22:2:1,22:2:1,22:2:1,22:2:1,22:2:1,22:2:1,22:2:1,22:2:1,22:2:1,22:2:1,22:2:1,22:2:1,22:2:1,22:2:1,22:2:1,22:2:1,22:2:1,22:2:1,22:2:1,22:2:1,22:1:1,
      22:2:1,15:4:1,22:2:1,15:4:1,23:4:1,15:4:1,22:2:1,15:4:1,23:4:1,15:4:1,22:2:1,15:4,15:4,15:4,22:2:1,15:4:1,23:4:1,15:4:1,22:2:1,15:4:1,23:4:1,15:4:1,22:2:1,15:4,15:4,15:4,22:2:1,15:4:1,23:4:1,15:4:1,22:2:1,15:4:1,23:4:1,15:4:1,22:2:1,15:4:1,22:2:1,
      22:2:1,15:4:1,22:2:1,23:4:1,7:4:2,23:4:1,22:2:1,23:4:1,7:4:2,23:4:1,22:2:1,15:4,29:0:1,15:4,22:2:1,23:4:1,7:4:2,23:4:1,22:2:1,23:4:1,7:4:2,23:4:1,22:2:1,15:4,29:0:1,15:4,22:2:1,23:4:1,7:4:2,23:4:1,22:2:1,23:4:1,7:4:2,23:4:1,22:2:1,15:4:1,22:2:1,
      22:2:1,15:4:1,22:2:1,15:4:1,23:4:1,15:4:1,22:2:1,15:4:1,23:4:1,15:4:1,22:2:1,15:4,15:4,15:4,22:2:1,15:4:1,23:4:1,15:4:1,22:2:1,15:4:1,23:4:1,15:4:1,22:2:1,15:4,15:4,15:4,22:2:1,15:4:1,23:4:1,15:4:1,22:2:1,15:4:1,23:4:1,15:4:1,22:2:1,15:4:1,22:2:1,
      22:2:1,22:2:1,22:2:1,22:2:1,22:2:1,22:2:1,22:2:1,22:2:1,22:2:1,22:2:1,22:2:1,22:2:1,22:2:1,22:2:1,22:2:1,22:2:1,22:2:1,22:2:1,22:2:1,22:2:1,22:2:1,22:2:1,22:2:1,22:2:1,22:2:1,22:2:1,22:2:1,22:2:1,22:2:1,22:2:1,22:2:1,22:2:1,22:2:1,22:2:1,22:2:1,22:2:1,22:2:1,
      22:2:1,15:4:1,22:2:1,15:4:1,23:4:1,15:4:1,22:2:1,15:4:1,23:4:1,15:4:1,22:2:1,15:4,15:4,15:4,22:2:1,15:4:1,23:4:1,15:4:1,22:2:1,15:4:1,23:4:1,15:4:1,22:2:1,15:4,15:4,15:4,22:2:1,15:4:1,23:4:1,15:4:1,22:2:1,15:4:1,23:4:1,15:4:1,22:2:1,15:4:1,22:2:1,
      22:2:1,15:4:1,22:2:1,23:4:1,7:4:2,23:4:1,22:2:1,23:4:1,7:4:2,23:4:1,22:2:1,15:4,29:0:1,15:4,22:2:1,23:4:1,7:4:2,23:4:1,22:2:1,23:4:1,7:4:2,23:4:1,22:2:1,15:4,29:0:1,15:4,22:2:1,23:4:1,7:4:2,23:4:1,22:2:1,23:4:1,7:4:2,23:4:1,22:2:1,15:4:1,22:2:1,
      22:2:1,15:4:1,22:2:1,15:4:1,23:4:1,15:4:1,22:2:1,15:4:1,23:4:1,15:4:1,22:2:1,15:4,15:4,15:4,22:2:1,15:4:1,23:4:1,15:4:1,22:2:1,15:4:1,23:4:1,15:4:1,22:2:1,15:4,15:4,15:4,22:2:1,15:4:1,23:4:1,15:4:1,22:2:1,15:4:1,23:4:1,15:4:1,22:2:1,15:4:1,22:2:1,
      22:1:1,22:2:1,22:2:1,22:2:1,22:2:1,22:2:1,22:2:1,22:2:1,22:2:1,22:2:1,22:2:1,22:2:1,22:2:1,22:2:1,22:2:1,22:2:1,22:2:1,22:2:1,22:2:1,22:2:1,22:2:1,22:2:1,22:2:1,22:2:1,22:2:1,22:2:1,22:2:1,22:2:1,22:2:1,22:2:1,22:2:1,22:2:1,22:2:1,22:2:1,22:2:1,22:2:1,22:1:1
    </Custom2DField>
    <Custom2DField type="22" width="36" height="2" angle="0" ax="0" ay="1" az="0" tx="6" ty="0.32" tz="-0.4">
      29:0:1,29:0:1,29:0:1,29:0:1,29:0:1,29:0:1,29:0:1,29:0:1,29:0:1,29:0:1,29:0:1,29:0:1,29:0:1,29:0:1,29:0:1,29:0:1,29:0:1,29:0:1,29:0:1,29:0:1,29:0:1,29:0:1,29:0:1,29:0:1,29:0:1,29:0:1,29:0:1,29:0:1,29:0:1,29:0:1,29:0:1,29:0:1,29:0:1,29:0:1,29:0:1,29:0:1,29:0:1,
      29:0:1,15:4:1,9:4:1,15:4:1,9:4:1,15:4:1,9:4:1,15:4:1,9:4:1,15:4:1,9:4:1,15:4:1,9:4:1,15:4:1,9:4:1,15:4:1,9:4:1,15:4:1,9:4:1,15:4:1,9:4:1,15:4:1,9:4:1,15:4:1,9:4:1,15:4:1,9:4:1,15:4:1,9:4:1,15:4:1,9:4:1,15:4:1,9:4:1,15:4:1,9:4:1,15:4:1,29:0:1,
      29:0:1,22:2:1,22:2:1,22:2:1,22:2:1,22:2:1,22:2:1,22:2:1,22:2:1,22:2:1,22:2:1,22:2:1,22:2:1,22:2:1,22:2:1,22:2:1,22:2:1,22:2:1,22:2:1,22:2:1,22:2:1,22:2:1,22:2:1,22:2:1,22:2:1,22:2:1,22:2:1,22:2:1,22:2:1,22:2:1,22:2:1,22:2:1,22:2:1,22:2:1,22:2:1,22:2:1,29:0:1
    </Custom2DField>
    <Custom2DField type="22" width="36" height="2" angle="0" ax="0" ay="1" az="0" tx="6" ty="0.32" tz="-4.4">
      29:0:1,22:2:1,22:2:1,22:2:1,22:2:1,22:2:1,22:2:1,22:2:1,22:2:1,22:2:1,22:2:1,22:2:1,22:2:1,22:2:1,22:2:1,22:2:1,22:2:1,22:2:1,22:2:1,22:2:1,22:2:1,22:2:1,22:2:1,22:2:1,22:2:1,22:2:1,22:2:1,22:2:1,22:2:1,22:2:1,22:2:1,22:2:1,22:2:1,22:2:1,22:2:1,22:2:1,29:0:1,
      29:0:1,15:4:1,9:4:1,15:4:1,9:4:1,15:4:1,9:4:1,15:4:1,9:4:1,15:4:1,9:4:1,15:4:1,9:4:1,15:4:1,9:4:1,15:4:1,9:4:1,15:4:1,9:4:1,15:4:1,9:4:1,15:4:1,9:4:1,15:4:1,9:4:1,15:4:1,9:4:1,15:4:1,9:4:1,15:4:1,9:4:1,15:4:1,9:4:1,15:4:1,9:4:1,15:4:1,29:0:1,
      29:0:1,29:0:1,29:0:1,29:0:1,29:0:1,29:0:1,29:0:1,29:0:1,29:0:1,29:0:1,29:0:1,29:0:1,29:0:1,29:0:1,29:0:1,29:0:1,29:0:1,29:0:1,29:0:1,29:0:1,29:0:1,29:0:1,29:0:1,29:0:1,29:0:1,29:0:1,29:0:1,29:0:1,29:0:1,29:0:1,29:0:1,29:0:1,29:0:1,29:0:1,29:0:1,29:0:1,29:0:1
    </Custom2DField>
    <Axel type="8" length="0.32" grabbing="0" startCapped="0" endCapped="0" angle="180" ax="-0.707107" ay="0" az="-0.707107" tx="2.8" ty="2.56" tz="-2"/>
    <Axel type="8" length="0.32" grabbing="0" startCapped="0" endCapped="0" angle="180" ax="-0.707107" ay="0" az="-0.707107" tx="23.6" ty="2.56" tz="-2"/>
    <Custom2DField type="22" width="14" height="12" angle="0" ax="0" ay="1" az="0" tx="-0.4" ty="1.92" tz="-4.4">
      22:1:1,22:2:1,22:2:1,22:2:1,22:2:1,22:2:1,22:2:1,22:2:1,22:2:1,22:2:1,22:2:1,22:2:1,22:2:1,22:2:1,22:2:1,
      22:2:1,15:4:1,15:4:1,15:4:1,15:4:1,15:4:1,15:4:1,15:4:1,15:4:1,15:4:1,15:4:1,15:4:1,15:4:1,15:4:1,15:4:1,
      22:2:1,15:4:1,29:0:1,29:0:1,29:0:1,29:0:1,29:0:1,29:0:1,29:0:1,29:0:1,29:0:1,29:0:1,29:0:1,29:0:1,29:0:1,
      22:2:1,15:4:1,29:0:1,29:0:1,29:0:1,29:0:1,29:0:1,29:0:1,29:0:1,29:0:1,29:0:1,29:0:1,29:0:1,29:0:1,29:0:1,
      22:2:1,15:4:1,29:0:1,29:0:1,29:0:1,29:0:1,29:0:1,29:0:1,29:0:1,29:0:1,29:0:1,29:0:1,29:0:1,29:0:1,29:0:1,
      22:2:1,15:4:1,29:0:1,29:0:1,29:0:1,29:0:1,29:0:1,29:0:1,29:0:1,29:0:1,29:0:1,29:0:1,29:0:1,29:0:1,29:0:1,
      22:2:1,15:4:1,29:0:1,29:0:1,29:0:1,29:0:1,29:0:1,29:0:1,29:0:1,29:0:1,29:0:1,29:0:1,29:0:1,29:0:1,29:0:1,
      22:2:1,15:4:1,29:0:1,29:0:1,29:0:1,29:0:1,29:0:1,29:0:1,29:0:1,29:0:1,29:0:1,29:0:1,29:0:1,29:0:1,29:0:1,
      22:2:1,15:4:1,29:0:1,29:0:1,29:0:1,29:0:1,29:0:1,29:0:1,29:0:1,29:0:1,29:0:1,29:0:1,29:0:1,29:0:1,29:0:1,
      22:2:1,15:4:1,29:0:1,29:0:1,29:0:1,29:0:1,29:0:1,29:0:1,29:0:1,29:0:1,29:0:1,29:0:1,29:0:1,29:0:1,29:0:1,
      22:2:1,15:4:1,29:0:1,29:0:1,29:0:1,29:0:1,29:0:1,29:0:1,29:0:1,29:0:1,29:0:1,29:0:1,29:0:1,29:0:1,29:0:1,
      22:2:1,15:4:1,15:4:1,15:4:1,15:4:1,15:4:1,15:4:1,15:4:1,15:4:1,15:4:1,15:4:1,15:4:1,15:4:1,15:4:1,15:4:1,
      22:1:1,22:2:1,22:2:1,22:2:1,22:2:1,22:2:1,22:2:1,22:2:1,22:2:1,22:2:1,22:2:1,22:2:1,22:2:1,22:2:1,22:2:1
    </Custom2DField>
    <Custom2DField type="22" width="14" height="12" angle="0" ax="0" ay="1" az="0" tx="21.2" ty="1.92" tz="-4.4">
      22:2:1,22:2:1,22:2:1,22:2:1,22:2:1,22:2:1,22:2:1,22:2:1,22:2:1,22:2:1,22:2:1,22:2:1,22:2:1,22:2:1,22:1:1,
      15:4:1,15:4:1,15:4:1,15:4:1,15:4:1,15:4:1,15:4:1,15:4:1,15:4:1,15:4:1,15:4:1,15:4:1,15:4:1,15:4:1,22:2:1,
      29:0:1,29:0:1,29:0:1,29:0:1,29:0:1,29:0:1,29:0:1,29:0:1,29:0:1,29:0:1,29:0:1,29:0:1,29:0:1,15:4:1,22:2:1,
      29:0:1,29:0:1,29:0:1,29:0:1,29:0:1,29:0:1,29:0:1,29:0:1,29:0:1,29:0:1,29:0:1,29:0:1,29:0:1,15:4:1,22:2:1,
      29:0:1,29:0:1,29:0:1,29:0:1,29:0:1,29:0:1,29:0:1,29:0:1,29:0:1,29:0:1,29:0:1,29:0:1,29:0:1,15:4:1,22:2:1,
      29:0:1,29:0:1,29:0:1,29:0:1,29:0:1,29:0:1,29:0:1,29:0:1,29:0:1,29:0:1,29:0:1,29:0:1,29:0:1,15:4:1,22:2:1,
      29:0:1,29:0:1,29:0:1,29:0:1,29:0:1,29:0:1,29:0:1,29:0:1,29:0:1,29:0:1,29:0:1,29:0:1,29:0:1,15:4:1,22:2:1,
      29:0:1,29:0:1,29:0:1,29:0:1,29:0:1,29:0:1,29:0:1,29:0:1,29:0:1,29:0:1,29:0:1,29:0:1,29:0:1,15:4:1,22:2:1,
      29:0:1,29:0:1,29:0:1,29:0:1,29:0:1,29:0:1,29:0:1,29:0:1,29:0:1,29:0:1,29:0:1,29:0:1,29:0:1,15:4:1,22:2:1,
      29:0:1,29:0:1,29:0:1,29:0:1,29:0:1,29:0:1,29:0:1,29:0:1,29:0:1,29:0:1,29:0:1,29:0:1,29:0:1,15:4:1,22:2:1,
      29:0:1,29:0:1,29:0:1,29:0:1,29:0:1,29:0:1,29:0:1,29:0:1,29:0:1,29:0:1,29:0:1,29:0:1,29:0:1,15:4:1,22:2:1,
      15:4:1,15:4:1,15:4:1,15:4:1,15:4:1,15:4:1,15:4:1,15:4:1,15:4:1,15:4:1,15:4:1,15:4:1,15:4:1,15:4:1,22:2:1,
      22:2:1,22:2:1,22:2:1,22:2:1,22:2:1,22:2:1,22:2:1,22:2:1,22:2:1,22:2:1,22:2:1,22:2:1,22:2:1,22:2:1,22:1:1
    </Custom2DField>
    <Hinge type="28" oriented="0" angle="180" ax="-0.707107" ay="0" az="-0.707107" tx="2.8" ty="2.4" tz="-2"/>
    <Hinge type="28" oriented="0" angle="180" ax="-0.707107" ay="0" az="-0.707107" tx="23.6" ty="2.4" tz="-2"/>
  </Connectivity>
  <PhysicsAttributes inertiaTensor="2.54472,0,0,0,63.57334,0,0,0,62.27806" centerOfMass="13.2,1.369,-2" mass="1" frictionType="0"/>
  <Bounding>
    <AABB minX="-0.4" minY="0" minZ="-4.4" maxX="26.8" maxY="2.738" maxZ="0.4"/>
  </Bounding>
  <GeometryBounding>
    <AABB minX="-0.399973" minY="0" minZ="-4.4" maxX="26.8" maxY="2.738" maxZ="0.4"/>
  </GeometryBounding>
</LEGOPrimitive>
