<?xml version="1.0" encoding="UTF-8" standalone="no" ?>
<LEGOPrimitive versionMajor="1" versionMinor="0">
  <Annotations>
    <Annotation platformid="200"/>
    <Annotation platformname="SYSTEM"/>
    <Annotation maingroupid="205"/>
    <Annotation maingroupname="BRICKS WITH SLOPE"/>
    <Annotation designname="ROOF TILE 2X4/45°"/>
    <Annotation aliases="3037"/>
  </Annotations>
  <Collision>
    <Box sX="1.59" sY="0.465" sZ="0.39" angle="0" ax="0" ay="1" az="0" tx="1.2" ty="0.485" tz="0"/>
    <Box sX="1.59" sY="0.085" sZ="0.541725" angle="43.53099" ax="1" ay="0" az="0" tx="1.2" ty="0.511126" tz="0.734571"/>
    <Box sX="1.59" sY="0.085" sZ="0.79" angle="0" ax="0" ay="1" az="0" tx="1.2" ty="0.105" tz="0.4"/>
    <Box sX="1.59" sY="0.27128" sZ="0.231956" angle="0" ax="0" ay="1" az="0" tx="1.2" ty="0.29128" tz="0.566249"/>
  </Collision>
  <Connectivity>
    <Custom2DField type="23" width="8" height="2" angle="0" ax="0" ay="1" az="0" tx="-0.4" ty="0.96" tz="-0.4">
      18:1:1,23:4:1,18:2:1,23:4:1,18:2:1,23:4:1,18:2:1,23:4:1,18:1:1,
      23:4:1,0:4:1,23:4:1,0:4:1,23:4:1,0:4:1,23:4:1,0:4:1,23:4:1,
      18:1:1,23:4:1,29:0:1,23:4:1,29:0:1,23:4:1,29:0:1,23:4:1,18:1:1
    </Custom2DField>
    <Custom2DField type="22" width="8" height="4" angle="0" ax="0" ay="1" az="0" tx="-0.4" ty="0" tz="-0.4">
      22:1:1,22:2:1,22:2:1,22:2:1,22:2:1,22:2:1,22:2:1,22:2:1,22:1:1,
      22:2:1,15:4:1,23:4:1,15:4:1,23:4:1,15:4:1,23:4:1,15:4:1,22:2:1,
      22:2:1,23:4:1,7:4:1,23:4:1,7:4:1,23:4:1,7:4:1,23:4:1,22:2:1,
      22:2:1,15:4:1,23:4:1,15:4:1,23:4:1,15:4:1,23:4:1,15:4:1,22:2:1,
      22:1:1,22:2:1,22:2:1,22:2:1,22:2:1,22:2:1,22:2:1,22:2:1,22:1:1
    </Custom2DField>
  </Connectivity>
  <PhysicsAttributes inertiaTensor="0.321254,0,0,0,1.06667,0,0,0,0.961254" centerOfMass="1.2,0.569,0.4" mass="1" frictionType="0"/>
  <Bounding>
    <AABB minX="-0.4" minY="0" minZ="-0.4" maxX="2.8" maxY="1.138" maxZ="1.2"/>
  </Bounding>
  <GeometryBounding>
    <AABB minX="-0.4" minY="0" minZ="-0.4" maxX="2.8" maxY="1.138" maxZ="1.2"/>
  </GeometryBounding>
</LEGOPrimitive>
