<?xml version="1.0" encoding="UTF-8" standalone="no" ?>
<LEGOPrimitive versionMajor="1" versionMinor="0">
  <Annotations>
    <Annotation platformid="200"/>
    <Annotation platformname="SYSTEM"/>
    <Annotation maingroupid="205"/>
    <Annotation maingroupname="BRICKS WITH SLOPE"/>
    <Annotation designname="ROOF TILE 2X3/45°"/>
    <Annotation aliases="3038"/>
  </Annotations>
  <Collision>
    <Box sX="1.19" sY="0.47" sZ="0.39" angle="0" ax="0" ay="1" az="0" tx="0.8" ty="0.48" tz="0"/>
    <Box sX="1.19" sY="0.541725" sZ="0.117305" angle="46.47" ax="-1" ay="0" az="0" tx="0.8" ty="0.487711" tz="0.712329"/>
    <Box sX="1.19" sY="0.09" sZ="0.79" angle="0" ax="0" ay="1" az="0" tx="0.8" ty="0.1" tz="0.4"/>
  </Collision>
  <Connectivity>
    <Custom2DField type="23" width="6" height="2" angle="0" ax="0" ay="1" az="0" tx="-0.4" ty="0.96" tz="-0.4">
      18:1:1,23:4:1,18:2:1,23:4:1,18:2:1,23:4:1,18:1:1,
      23:4:1,0:4:1,23:4:1,0:4:1,23:4:1,0:4:1,23:4:1,
      18:1:1,23:4:1,29:0:1,23:4:1,29:0:1,23:4:1,18:1:1
    </Custom2DField>
    <Custom2DField type="22" width="6" height="4" angle="0" ax="0" ay="1" az="0" tx="-0.4" ty="0" tz="-0.4">
      22:1:1,22:2:1,22:2:1,22:2:1,22:2:1,22:2:1,22:1:1,
      22:2:1,15:4:1,23:4:1,15:4:1,23:4:1,15:4:1,22:2:1,
      22:2:1,23:4:1,7:4:2,23:4:1,7:4:2,23:4:1,22:2:1,
      22:2:1,15:4:1,23:4:1,15:4:1,23:4:1,15:4:1,22:2:1,
      22:1:1,22:2:1,22:2:1,22:2:1,22:2:1,22:2:1,22:1:1
    </Custom2DField>
  </Connectivity>
  <PhysicsAttributes inertiaTensor="0.321254,0,0,0,0.693334,0,0,0,0.58792" centerOfMass="0.8,0.569,0.4" mass="1" frictionType="0"/>
  <Bounding>
    <AABB minX="-0.4" minY="0" minZ="-0.4" maxX="2" maxY="1.138" maxZ="1.2"/>
  </Bounding>
  <GeometryBounding>
    <AABB minX="-0.4" minY="0" minZ="-0.4" maxX="2" maxY="1.138" maxZ="1.2"/>
  </GeometryBounding>
</LEGOPrimitive>
