<?xml version="1.0" encoding="UTF-8" standalone="no" ?>
<LEGOPrimitive versionMajor="1" versionMinor="0">
  <Annotations>
    <Annotation platformid="200"/>
    <Annotation platformname="SYSTEM"/>
    <Annotation maingroupid="205"/>
    <Annotation maingroupname="BRICKS WITH SLOPE"/>
    <Annotation designname="ROOF TILE 1X2/45°"/>
    <Annotation aliases="3040;6270"/>
  </Annotations>
  <Collision>
    <Box sX="0.39" sY="0.39" sZ="0.47" angle="180" ax="0" ay="0.707107" az="-0.707107" tx="0" ty="0.48" tz="0"/>
    <Box sX="0.39" sY="0.126639" sZ="0.541725" angle="180" ax="0" ay="-0.370817" az="0.928706" tx="0" ty="0.480933" tz="0.705884"/>
    <Box sX="0.39" sY="0.79" sZ="0.09" angle="180" ax="0" ay="0.707107" az="-0.707107" tx="0" ty="0.1" tz="0.4"/>
    <Box sX="0.39" sY="0.21244" sZ="0.255551" angle="180" ax="0" ay="0.707107" az="-0.707107" tx="0" ty="0.267417" tz="0.62244"/>
  </Collision>
  <Connectivity>
    <Custom2DField type="23" width="2" height="2" angle="0" ax="0" ay="1" az="0" tx="-0.4" ty="0.96" tz="-0.4">
      18:1:1,23:4:1,18:1:1,
      23:4:1,0:4:1,23:4:1,
      18:1:1,23:4:1,18:1:1
    </Custom2DField>
    <Custom2DField type="22" width="2" height="4" angle="0" ax="0" ay="1" az="0" tx="-0.4" ty="0" tz="-0.4">
      22:1:1,22:2:1,22:1:1,
      22:2:1,15:4:1,22:2:1,
      22:2:1,9:4:1,22:2:1,
      22:2:1,15:4:1,22:2:1,
      22:1:1,22:2:1,22:1:1
    </Custom2DField>
  </Connectivity>
  <PhysicsAttributes inertiaTensor="0.321254,0,0,0,0.266667,0,0,0,0.161254" centerOfMass="0,0.569,0.4" mass="1" frictionType="0"/>
  <Decoration faces="2" subMaterialRedirectLookupTable="0,0"/>
  <Bounding>
    <AABB minX="-0.4" minY="0" minZ="-0.4" maxX="0.4" maxY="1.138" maxZ="1.2"/>
  </Bounding>
  <GeometryBounding>
    <AABB minX="-0.4" minY="0" minZ="-0.4" maxX="0.4" maxY="1.138" maxZ="1.2"/>
  </GeometryBounding>
</LEGOPrimitive>
