<?xml version="1.0" encoding="UTF-8" standalone="no" ?>
<LEGOPrimitive versionMajor="1" versionMinor="0">
  <Annotations>
    <Annotation platformid="200"/>
    <Annotation platformname="SYSTEM"/>
    <Annotation maingroupid="205"/>
    <Annotation maingroupname="BRICKS WITH SLOPE"/>
    <Annotation designname="RIDGED TILE 2X4/45°"/>
    <Annotation aliases="3041"/>
  </Annotations>
  <Collision>
    <Box sX="1.59" sY="0.09" sZ="0.79" angle="0" ax="0" ay="1" az="0" tx="1.2" ty="0.1" tz="-0.4"/>
    <Box sX="1.59" sY="0.121234" sZ="0.483756" angle="43.4238" ax="1" ay="0" az="0" tx="1.2" ty="0.44309" tz="-0.049764"/>
    <Box sX="1.59" sY="0.118835" sZ="0.483756" angle="43.4238" ax="-1" ay="0" az="0" tx="1.2" ty="0.44536" tz="-0.752705"/>
    <Box sX="1.59" sY="0.189468" sZ="0.418073" angle="0" ax="0" ay="1" az="0" tx="1.2" ty="0.351236" tz="-0.402946"/>
  </Collision>
  <Connectivity>
    <Custom2DField type="22" width="8" height="4" angle="0" ax="0" ay="1" az="0" tx="-0.4" ty="0" tz="-1.2">
      22:1:1,22:2:1,22:2:1,22:2:1,22:2:1,22:2:1,22:2:1,22:2:1,22:1:1,
      22:2:1,15:4:1,23:4:1,15:4:1,23:4:1,15:4:1,23:4:1,15:4:1,22:2:1,
      22:2:1,23:4:1,7:4:1,23:4:1,7:4:1,23:4:1,7:4:1,23:4:1,22:2:1,
      22:2:1,15:4:1,23:4:1,15:4:1,23:4:1,15:4:1,23:4:1,15:4:1,22:2:1,
      22:1:1,22:2:1,22:2:1,22:2:1,22:2:1,22:2:1,22:2:1,22:2:1,22:1:1
    </Custom2DField>
  </Connectivity>
  <PhysicsAttributes inertiaTensor="0.283867,0,0,0,1.06667,0,0,0,0.923867" centerOfMass="1.2,0.46,-0.4" mass="1" frictionType="0"/>
  <Bounding>
    <AABB minX="-0.4" minY="0" minZ="-1.2" maxX="2.8" maxY="0.919999" maxZ="0.4"/>
  </Bounding>
  <GeometryBounding>
    <AABB minX="-0.4" minY="0" minZ="-1.2" maxX="2.8" maxY="0.919999" maxZ="0.4"/>
  </GeometryBounding>
</LEGOPrimitive>
