<?xml version="1.0" encoding="UTF-8" standalone="no" ?>
<LEGOPrimitive versionMajor="1" versionMinor="0">
  <Annotations>
    <Annotation platformid="200"/>
    <Annotation platformname="SYSTEM"/>
    <Annotation maingroupid="205"/>
    <Annotation maingroupname="BRICKS WITH SLOPE"/>
    <Annotation designname="RIDGED TILE 1X2/45°"/>
    <Annotation aliases="3044"/>
  </Annotations>
  <Collision>
    <Box sX="0.39" sY="0.79" sZ="0.09" angle="180" ax="0" ay="0.707107" az="-0.707107" tx="0" ty="0.1" tz="-0.4"/>
    <Box sX="0.39" sY="0.493392" sZ="0.121958" angle="180" ax="0" ay="-0.395225" az="0.918584" tx="0" ty="0.450315" tz="-0.743756"/>
    <Box sX="0.39" sY="0.493392" sZ="0.121958" angle="180" ax="0" ay="0.395225" az="0.918584" tx="0" ty="0.450315" tz="-0.056244"/>
    <Box sX="0.39" sY="0.371153" sZ="0.210673" angle="180" ax="0" ay="0.707107" az="-0.707107" tx="0" ty="0.367137" tz="-0.4"/>
  </Collision>
  <Connectivity>
    <Custom2DField type="22" width="2" height="4" angle="0" ax="0" ay="1" az="0" tx="-0.4" ty="0" tz="-1.2">
      22:1:1,22:2:1,22:1:1,
      22:2:1,15:4:1,22:2:1,
      22:2:1,9:4:1,22:2:1,
      22:2:1,15:4:1,22:2:1,
      22:1:1,22:2:1,22:1:1
    </Custom2DField>
  </Connectivity>
  <PhysicsAttributes inertiaTensor="0.283867,0,0,0,0.266667,0,0,0,0.123867" centerOfMass="0,0.46,-0.4" mass="1" frictionType="0"/>
  <Bounding>
    <AABB minX="-0.4" minY="0" minZ="-1.2" maxX="0.4" maxY="0.919999" maxZ="0.4"/>
  </Bounding>
  <GeometryBounding>
    <AABB minX="-0.4" minY="0" minZ="-1.2" maxX="0.4" maxY="0.919999" maxZ="0.4"/>
  </GeometryBounding>
</LEGOPrimitive>
