<?xml version="1.0" encoding="UTF-8" standalone="no" ?>
<LEGOPrimitive versionMajor="1" versionMinor="0">
  <Annotations>
    <Annotation platformid="200"/>
    <Annotation platformname="SYSTEM"/>
    <Annotation maingroupid="205"/>
    <Annotation maingroupname="BRICKS WITH SLOPE"/>
    <Annotation designname="CORNER BRICK 2X2/45° OUTSIDE"/>
    <Annotation aliases="3045"/>
  </Annotations>
  <Collision>
    <Box sX="0.390053" sY="0.39" sZ="0.47" angle="180" ax="0" ay="0.707107" az="-0.707107" tx="-5.3E-005" ty="0.48" tz="0"/>
    <Box sX="0.390053" sY="0.121296" sZ="0.541725" angle="180" ax="0" ay="-0.370963" az="0.928648" tx="-5.3E-005" ty="0.484709" tz="0.709414"/>
    <Box sX="0.090402" sY="0.570548" sZ="0.296924" angle="180" ax="0" ay="0.707107" az="-0.707107" tx="0.299598" ty="0.306924" tz="0.180548"/>
    <Box sX="0.090402" sY="0.570548" sZ="0.296924" angle="120" ax="0.57735" ay="0.57735" az="-0.57735" tx="-0.180548" ty="0.306924" tz="-0.299598"/>
    <Box sX="0.390053" sY="0.121296" sZ="0.541725" angle="149.59392" ax="0.680497" ay="0.271751" az="-0.680497" tx="-0.709621" ty="0.484775" tz="5.3E-005"/>
    <Box sX="0.254429" sY="0.121296" sZ="0.465046" angle="166.89566" ax="-0.287618" ay="-0.355193" az="0.889446" tx="-0.473299" ty="0.483925" tz="0.71041"/>
    <Box sX="0.254428" sY="0.121296" sZ="0.465046" angle="160.5601" ax="-0.838916" ay="-0.335014" az="-0.428934" tx="-0.71041" ty="0.483924" tz="0.473299"/>
    <Box sX="0.79" sY="0.79" sZ="0.09" angle="180" ax="0" ay="0.707107" az="-0.707107" tx="-0.4" ty="0.1" tz="0.4"/>
    <Box sX="0.109517" sY="0.130702" sZ="0.572294" angle="125.84528" ax="-0.60772" ay="0.792447" az="0.05201" tx="-0.622883" ty="0.485325" tz="0.715518"/>
    <Box sX="0.109517" sY="0.130702" sZ="0.572293" angle="129.75223" ax="-0.358519" ay="0.914325" az="0.188347" tx="-0.691506" ty="0.47946" tz="0.639975"/>
  </Collision>
  <Connectivity>
    <Custom2DField type="22" width="4" height="4" angle="0" ax="0" ay="1" az="0" tx="-1.2" ty="0" tz="-0.4">
      22:1:1,22:2:1,22:2:1,22:2:1,22:1:1,
      22:2:1,15:4:1,23:4:1,15:4:1,22:2:1,
      22:2:1,23:4:1,7:4:1,23:4:1,22:2:1,
      22:2:1,15:4:1,23:4:1,15:4:1,22:2:1,
      22:1:1,22:2:1,22:2:1,22:2:1,22:1:1
    </Custom2DField>
    <Custom2DField type="23" width="2" height="2" angle="0" ax="0" ay="1" az="0" tx="-0.4" ty="0.96" tz="-0.4">
      18:1:1,23:4:1,18:1:1,
      23:4:1,0:4:1,23:4:1,
      29:0:1,23:4:1,18:1:1
    </Custom2DField>
  </Connectivity>
  <PhysicsAttributes inertiaTensor="0.321254,0,0,0,0.426667,0,0,0,0.321254" centerOfMass="-0.4,0.569,0.4" mass="1" frictionType="0"/>
  <Bounding>
    <AABB minX="-1.2" minY="0" minZ="-0.4" maxX="0.4" maxY="1.138" maxZ="1.2"/>
  </Bounding>
  <GeometryBounding>
    <AABB minX="-1.2" minY="0" minZ="-0.4" maxX="0.4" maxY="1.138" maxZ="1.2"/>
  </GeometryBounding>
</LEGOPrimitive>
