<?xml version="1.0" encoding="UTF-8" standalone="no" ?>
<LEGOPrimitive versionMajor="1" versionMinor="0">
  <Annotations>
    <Annotation platformid="200"/>
    <Annotation platformname="SYSTEM"/>
    <Annotation maingroupid="205"/>
    <Annotation maingroupname="BRICKS WITH SLOPE"/>
    <Annotation designname="CORNER BRICK 2X2/45° INSIDE"/>
    <Annotation aliases="3046"/>
  </Annotations>
  <Collision>
    <Box sX="0.79" sY="0.79" sZ="0.09" angle="180" ax="0" ay="0.707107" az="-0.707107" tx="0.4" ty="0.1" tz="0.4"/>
    <Box sX="0.39" sY="0.79" sZ="0.37" angle="180" ax="0" ay="0.707107" az="-0.707107" tx="0.8" ty="0.58" tz="0.4"/>
    <Box sX="0.39" sY="0.39" sZ="0.37" angle="180" ax="0" ay="-0.707107" az="0.707107" tx="0" ty="0.58" tz="0"/>
    <Box sX="0.39" sY="0.127506" sZ="0.541725" angle="180" ax="0" ay="-0.37081" az="0.928709" tx="0" ty="0.480308" tz="0.705293"/>
    <Box sX="0.39" sY="0.127506" sZ="0.541725" angle="149.59842" ax="0.680505" ay="0.271709" az="-0.680505" tx="0.094707" ty="0.480308" tz="0.8"/>
  </Collision>
  <Connectivity>
    <Custom2DField type="23" width="4" height="4" angle="0" ax="0" ay="1" az="0" tx="-0.4" ty="0.96" tz="-0.4">
      18:1:1,23:4:1,18:2:1,23:4:1,18:1:1,
      23:4:1,0:4:1,23:4:1,0:4:1,23:4:1,
      18:1:1,23:4:1,18:3:1,23:4:1,18:2:1,
      29:0:1,29:0:1,23:4:1,0:4:1,23:4:1,
      29:0:1,29:0:1,18:1:1,23:4:1,18:1:1
    </Custom2DField>
    <Custom2DField type="22" width="4" height="4" angle="0" ax="0" ay="1" az="0" tx="-0.4" ty="0" tz="-0.4">
      22:1:1,22:2:1,22:2:1,22:2:1,22:1:1,
      22:2:1,15:4:1,23:4:1,15:4:1,22:2:1,
      22:2:1,23:4:1,7:4:1,23:4:1,22:2:1,
      22:2:1,15:4:1,23:4:1,15:4:1,22:2:1,
      22:1:1,22:2:1,22:2:1,22:2:1,22:1:1
    </Custom2DField>
  </Connectivity>
  <PhysicsAttributes inertiaTensor="0.321254,0,0,0,0.426667,0,0,0,0.321254" centerOfMass="0.4,0.569,0.4" mass="1" frictionType="0"/>
  <Bounding>
    <AABB minX="-0.4" minY="0" minZ="-0.4" maxX="1.2" maxY="1.138" maxZ="1.2"/>
  </Bounding>
  <GeometryBounding>
    <AABB minX="-0.4" minY="0" minZ="-0.4" maxX="1.2" maxY="1.138" maxZ="1.2"/>
  </GeometryBounding>
</LEGOPrimitive>
