<?xml version="1.0" encoding="UTF-8" standalone="no" ?>
<LEGOPrimitive versionMajor="1" versionMinor="0">
  <Annotations>
    <Annotation platformid="200"/>
    <Annotation platformname="SYSTEM"/>
    <Annotation maingroupid="205"/>
    <Annotation maingroupname="BRICKS WITH SLOPE"/>
    <Annotation designname="END RIDGED TILE 1X2/45°"/>
    <Annotation aliases="3048;51974"/>
  </Annotations>
  <Collision>
    <Box sX="0.39" sY="0.79" sZ="0.09" angle="180" ax="0" ay="0.707107" az="-0.707107" tx="0" ty="0.1" tz="-0.4"/>
    <Box sX="0.120528" sY="0.286205" sZ="0.32377" angle="146.5706" ax="-0.300294" ay="-0.674471" az="0.674471" tx="-0.064621" ty="0.326334" tz="-0.4"/>
    <Box sX="0.051226" sY="0.483774" sZ="0.044294" angle="165.2677" ax="-0.290116" ay="-0.874134" az="-0.389517" tx="0.044601" ty="0.489699" tz="-0.796654"/>
    <Box sX="0.090679" sY="0.39051" sZ="0.123901" angle="180" ax="0" ay="0.913418" az="0.407022" tx="0.299321" ty="0.368243" tz="-0.812661"/>
    <Box sX="0.051226" sY="0.483774" sZ="0.044294" angle="165.2677" ax="0.290116" ay="0.874134" az="-0.389517" tx="0.044601" ty="0.489699" tz="-0.003346"/>
    <Box sX="0.090679" sY="0.39051" sZ="0.119923" angle="180" ax="0" ay="0.913418" az="-0.407022" tx="0.299321" ty="0.371201" tz="0.015321"/>
    <Box sX="0.03717" sY="0.087922" sZ="0.42316" angle="180" ax="0" ay="0.707107" az="-0.707107" tx="0.35283" ty="0.43316" tz="-0.4"/>
  </Collision>
  <Connectivity>
    <Custom2DField type="22" width="4" height="2" angle="90" ax="0" ay="1" az="0" tx="-0.4" ty="0" tz="0.4">
      22:1:1,22:2:1,22:2:1,22:2:1,22:1:1,
      22:2:1,15:4:1,9:4:1,15:4:1,22:2:1,
      22:1:1,22:2:1,22:2:1,22:2:1,22:1:1
    </Custom2DField>
  </Connectivity>
  <PhysicsAttributes inertiaTensor="0.283867,0,0,0,0.266667,0,0,0,0.123867" centerOfMass="0,0.46,-0.4" mass="1" frictionType="0"/>
  <Bounding>
    <AABB minX="-0.4" minY="0" minZ="-1.2" maxX="0.4" maxY="0.92" maxZ="0.4"/>
  </Bounding>
  <GeometryBounding>
    <AABB minX="-0.4" minY="0" minZ="-1.2" maxX="0.4" maxY="0.92" maxZ="0.4"/>
  </GeometryBounding>
</LEGOPrimitive>
