<?xml version="1.0" encoding="UTF-8" standalone="no" ?>
<LEGOPrimitive versionMajor="1" versionMinor="0">
  <Annotations>
    <Annotation platformid="200"/>
    <Annotation platformname="SYSTEM"/>
    <Annotation maingroupid="205"/>
    <Annotation maingroupname="BRICKS WITH SLOPE"/>
    <Annotation designname="ATTIC 1X2/45°"/>
    <Annotation aliases="3049"/>
  </Annotations>
  <Collision>
    <Box sX="0.79" sY="0.09" sZ="0.39" angle="89.99996" ax="0" ay="-1" az="0" tx="0" ty="0.1" tz="-0.4"/>
    <Box sX="0.518985" sY="0.09" sZ="0.39" angle="97.56927" ax="0.341165" ay="-0.875907" az="-0.341165" tx="0" ty="0.484142" tz="-0.057261"/>
    <Box sX="0.02" sY="0.032464" sZ="0.699264" angle="89.99996" ax="0" ay="-1" az="0" tx="-0.309264" ty="0.861424" tz="-0.4"/>
    <Box sX="0.518985" sY="0.09" sZ="0.39" angle="150.26128" ax="0.681728" ay="-0.265506" az="-0.681728" tx="0" ty="0.484112" tz="-0.74272"/>
    <Box sX="0.569091" sY="0.019698" sZ="0.06113" angle="142.53987" ax="0.870603" ay="-0.178546" az="-0.458444" tx="-0.633716" ty="0.545126" tz="-0.780215"/>
    <Box sX="0.579287" sY="0.008931" sZ="0.037878" angle="69.04279" ax="0.566271" ay="-0.768017" az="-0.299142" tx="-0.671001" ty="0.543515" tz="-0.00206"/>
    <Box sX="0.388852" sY="0.263051" sZ="0.39" angle="89.99996" ax="0" ay="-1" az="0" tx="0" ty="0.273051" tz="-0.394018"/>
    <Box sX="0.291843" sY="0.008932" sZ="0.160938" angle="69.04279" ax="0.566271" ay="-0.768018" az="-0.299142" tx="-0.5293" ty="0.651867" tz="-0.12005"/>
    <Box sX="0.278442" sY="0.019698" sZ="0.121739" angle="142.53987" ax="0.870603" ay="-0.178546" az="-0.458444" tx="-0.507424" ty="0.660098" tz="-0.654999"/>
  </Collision>
  <Connectivity>
    <Custom2DField type="22" width="2" height="4" angle="0" ax="0" ay="1" az="0" tx="-0.4" ty="0" tz="-1.2">
      22:1:1,22:2:1,22:1:1,
      22:2:1,15:4:1,22:2:1,
      22:2:1,9:4:1,22:2:1,
      22:2:1,15:4:1,22:2:1,
      22:1:1,22:2:1,22:1:1
    </Custom2DField>
  </Connectivity>
  <PhysicsAttributes inertiaTensor="0.283867,0,0,0,0.403342,0,0,0,0.260542" centerOfMass="-0.355,0.46,-0.4" mass="1" frictionType="0"/>
  <Bounding>
    <AABB minX="-1.11" minY="0" minZ="-1.2" maxX="0.4" maxY="0.92" maxZ="0.4"/>
  </Bounding>
  <GeometryBounding>
    <AABB minX="-1.11" minY="0" minZ="-1.2" maxX="0.4" maxY="0.92" maxZ="0.4"/>
  </GeometryBounding>
</LEGOPrimitive>
