<?xml version="1.0" encoding="UTF-8" standalone="no" ?>
<LEGOPrimitive versionMajor="1" versionMinor="0">
  <Annotations>
    <Annotation platformid="200"/>
    <Annotation platformname="SYSTEM"/>
    <Annotation maingroupid="203"/>
    <Annotation maingroupname="BRICKS, SPECIAL CIRCLES AND ANGLES"/>
    <Annotation designname="ROUND BRICK 1X1"/>
    <Annotation aliases="30068;3062"/>
  </Annotations>
  <Collision>
    <Box sX="0.19" sY="0.3635" sZ="0.040705" angle="0" ax="0" ay="1" az="0" tx="0" ty="0.5865" tz="-0.295705"/>
    <Box sX="0.155" sY="0.0965" sZ="0.010394" angle="0" ax="0" ay="1" az="0" tx="0" ty="0.1065" tz="0.265394"/>
    <Box sX="0.19" sY="0.3635" sZ="0.040705" angle="60" ax="0" ay="1" az="0" tx="-0.256088" ty="0.5865" tz="-0.147853"/>
    <Box sX="0.155" sY="0.0965" sZ="0.010394" angle="60" ax="0" ay="1" az="0" tx="0.229838" ty="0.1065" tz="0.132697"/>
    <Box sX="0.19" sY="0.3635" sZ="0.040705" angle="120" ax="0" ay="1" az="0" tx="-0.256088" ty="0.5865" tz="0.147853"/>
    <Box sX="0.155" sY="0.0965" sZ="0.010394" angle="120" ax="0" ay="1" az="0" tx="0.229838" ty="0.1065" tz="-0.132697"/>
    <Box sX="0.19" sY="0.3635" sZ="0.040705" angle="180" ax="0" ay="1" az="0" tx="0" ty="0.5865" tz="0.295705"/>
    <Box sX="0.155" sY="0.0965" sZ="0.010394" angle="180" ax="0" ay="1" az="0" tx="0" ty="0.1065" tz="-0.265394"/>
    <Box sX="0.19" sY="0.3635" sZ="0.040705" angle="120" ax="0" ay="-1" az="0" tx="0.256088" ty="0.5865" tz="0.147853"/>
    <Box sX="0.155" sY="0.0965" sZ="0.010394" angle="120" ax="0" ay="-1" az="0" tx="-0.229838" ty="0.1065" tz="-0.132697"/>
    <Box sX="0.19" sY="0.3635" sZ="0.040705" angle="60" ax="0" ay="-1" az="0" tx="0.256088" ty="0.5865" tz="-0.147853"/>
    <Box sX="0.155" sY="0.0965" sZ="0.010394" angle="60" ax="0" ay="-1" az="0" tx="-0.229838" ty="0.1065" tz="0.132697"/>
  </Collision>
  <Connectivity>
    <Custom2DField type="23" width="2" height="2" angle="0" ax="0" ay="1" az="0" tx="-0.4" ty="0.96" tz="-0.4">
      29:0,29:0,29:0,
      29:0,3:4:36,29:0,
      29:0,29:0,29:0
    </Custom2DField>
    <Custom2DField type="22" width="2" height="2" angle="0" ax="0" ay="1" az="0" tx="-0.4" ty="0" tz="-0.4">
      29:0,29:0,29:0,
      29:0,5:4:32,29:0,
      29:0,29:0,29:0
    </Custom2DField>
    <Axel type="6" length="0.287" grabbing="0" startCapped="0" endCapped="0" angle="180" ax="1" ay="0" az="0" tx="0" ty="1.137" tz="0"/>
  </Connectivity>
  <PhysicsAttributes inertiaTensor="0.161198,0,0,0,0.106667,0,0,0,0.161198" centerOfMass="0,0.568853,0" mass="1" frictionType="0"/>
  <Bounding>
    <AABB minX="-0.4" minY="0" minZ="-0.4" maxX="0.4" maxY="1.13771" maxZ="0.4"/>
  </Bounding>
  <GeometryBounding>
    <AABB minX="-0.4" minY="0" minZ="-0.4" maxX="0.4" maxY="1.13771" maxZ="0.4"/>
  </GeometryBounding>
</LEGOPrimitive>
