<?xml version="1.0" encoding="UTF-8" standalone="no" ?>
<LEGOPrimitive versionMajor="1" versionMinor="0">
  <Annotations>
    <Annotation platformid="200"/>
    <Annotation platformname="SYSTEM"/>
    <Annotation maingroupid="203"/>
    <Annotation maingroupname="BRICKS, SPECIAL CIRCLES AND ANGLES"/>
    <Annotation designname="CURVED BRICK 2 KNOBS"/>
    <Annotation aliases="3063;45417"/>
  </Annotations>
  <Collision>
    <Box sX="0.302218" sY="0.017892" sZ="0.365" angle="148.60028" ax="0.281085" ay="-0.678598" az="0.678598" tx="0.680382" ty="0.585" tz="-0.119617"/>
    <Box sX="0.067447" sY="0.37363" sZ="0.47" angle="180" ax="0" ay="0.707107" az="-0.707107" tx="-0.322447" ty="0.48" tz="-0.01637"/>
    <Box sX="0.0675" sY="0.369538" sZ="0.47" angle="120" ax="-0.57735" ay="0.57735" az="0.57735" tx="0.779537" ty="0.48" tz="-1.1225"/>
    <Box sX="0.302218" sY="0.0613" sZ="0.47" angle="148.60028" ax="0.281085" ay="-0.678598" az="0.678598" tx="0.216102" ty="0.48" tz="-0.583898"/>
    <Box sX="0.19656" sY="0.371621" sZ="0.47" angle="128.0649" ax="0.487032" ay="-0.617576" az="0.617576" tx="0.742032" ty="0.48" tz="-0.9056"/>
    <Box sX="0.196559" sY="0.381351" sZ="0.47" angle="90.50068" ax="0.991299" ay="0.093074" az="-0.093074" tx="-0.121151" ty="0.48" tz="-0.054516"/>
    <Box sX="0.173777" sY="0.036489" sZ="0.47" angle="138.3109" ax="0.380754" ay="-0.653845" az="0.653845" tx="0.945089" ty="0.48" tz="-0.451434"/>
    <Box sX="0.172461" sY="0.037259" sZ="0.47" angle="93.76574" ax="0.936344" ay="0.248253" az="-0.248253" tx="0.345565" ty="0.48" tz="0.14809"/>
    <Box sX="0.545228" sY="0.276622" sZ="0.045" angle="148.60028" ax="0.281085" ay="-0.678598" az="0.678598" tx="0.438628" ty="0.905" tz="-0.351454"/>
  </Collision>
  <Connectivity>
    <Custom2DField type="23" width="4" height="4" angle="0" ax="0" ay="1" az="0" tx="-0.4" ty="0.96" tz="-1.2">
      29:0:1,29:0:1,18:1:1,23:4:1,18:1:1,
      29:0:1,29:0:1,23:4:1,0:4:2,23:4:1,
      18:1:1,23:4:1,18:2:1,23:4:1,18:1:1,
      23:4:1,0:4:2,23:4:1,29:0:1,29:0:1,
      18:1:1,23:4:1,18:1:1,29:0:1,29:0:1
    </Custom2DField>
    <Custom2DField type="22" width="4" height="4" angle="0" ax="0" ay="1" az="0" tx="-0.4" ty="0" tz="-1.2">
      29:0:1,29:0:1,22:2:1,22:2:1,22:1:1,
      29:0:1,29:0:1,22:2:1,15:4,22:2:1,
      22:2:1,22:2:1,29:0:1,22:2:1,22:2:1,
      22:2:1,15:4,22:2:1,29:0:1,29:0:1,
      22:1:1,22:2:1,22:2:1,29:0:1,29:0:1
    </Custom2DField>
  </Connectivity>
  <PhysicsAttributes inertiaTensor="0.321254,0,0,0,0.426667,0,0,0,0.321254" centerOfMass="0.4,0.569,-0.4" mass="1" frictionType="0"/>
  <Bounding>
    <AABB minX="-0.4" minY="0" minZ="-1.2" maxX="1.2" maxY="1.138" maxZ="0.4"/>
  </Bounding>
  <GeometryBounding>
    <AABB minX="-0.4" minY="0" minZ="-1.2" maxX="1.2" maxY="1.138" maxZ="0.4"/>
  </GeometryBounding>
</LEGOPrimitive>
