<?xml version="1.0" encoding="UTF-8" standalone="no" ?>
<LEGOPrimitive versionMajor="1" versionMinor="0">
  <Annotations>
    <Annotation platformid="200"/>
    <Annotation platformname="SYSTEM"/>
    <Annotation maingroupid="216"/>
    <Annotation maingroupname="PLATES, SPECIAL"/>
    <Annotation designname="FLAT TILE 1X2"/>
    <Annotation aliases="3069;45880;44110;63286;30070;88630"/>
  </Annotations>
  <Collision>
    <Box sX="0.79" sY="0.39" sZ="0.15" angle="180" ax="0" ay="-0.707107" az="0.707107" tx="0.4" ty="0.16" tz="0"/>
  </Collision>
  <Connectivity>
    <Custom2DField type="22" width="4" height="2" angle="0" ax="0" ay="1" az="0" tx="-0.399777" ty="0" tz="-0.4">
      22:1:1,22:2:1,22:2:1,22:2:1,22:1:1,
      22:2:1,15:4:2,15:4:2,15:4:2,22:2:1,
      22:1:1,22:2:1,22:2:1,22:2:1,22:1:1
    </Custom2DField>
  </Connectivity>
  <PhysicsAttributes inertiaTensor="0.061867,0,0,0,0.266726,0,0,0,0.221926" centerOfMass="0.400112,0.16,0" mass="1" frictionType="0"/>
  <Decoration faces="2" subMaterialRedirectLookupTable="0,0"/>
  <Bounding>
    <AABB minX="-0.4" minY="0" minZ="-0.4" maxX="1.20022" maxY="0.32" maxZ="0.4"/>
  </Bounding>
  <GeometryBounding>
    <AABB minX="-0.4" minY="0" minZ="-0.4" maxX="1.2" maxY="0.32" maxZ="0.4"/>
  </GeometryBounding>
</LEGOPrimitive>
