<?xml version="1.0" encoding="UTF-8" standalone="no" ?>
<LEGOPrimitive versionMajor="1" versionMinor="0">
  <Annotations>
    <Annotation platformid="200"/>
    <Annotation platformname="SYSTEM"/>
    <Annotation maingroupid="268"/>
    <Annotation maingroupname="WHEEL BASE"/>
    <Annotation designname="TYRE D8"/>
    <Annotation aliases="3139"/>
  </Annotations>
  <Collision>
    <Box sX="0.171173" sY="0.19" sZ="0.134164" angle="169.4086" ax="-0.092691" ay="0.704063" az="-0.704063" tx="-0.137687" ty="0.513857" tz="-0.3"/>
    <Box sX="0.171173" sY="0.19" sZ="0.134164" angle="148.60028" ax="-0.281085" ay="0.678598" az="-0.678598" tx="-0.376169" ty="0.376169" tz="-0.3"/>
    <Box sX="0.171173" sY="0.19" sZ="0.134164" angle="129.00658" ax="-0.476905" ay="0.621515" az="-0.621515" tx="-0.513857" ty="0.137688" tz="-0.3"/>
    <Box sX="0.171173" sY="0.19" sZ="0.134164" angle="111.75204" ax="-0.677661" ay="0.519988" az="-0.519988" tx="-0.513857" ty="-0.137687" tz="-0.3"/>
    <Box sX="0.171173" sY="0.19" sZ="0.134164" angle="98.42106" ax="-0.862856" ay="0.357407" az="-0.357407" tx="-0.376169" ty="-0.376169" tz="-0.3"/>
    <Box sX="0.171173" sY="0.19" sZ="0.134164" angle="90.9762" ax="-0.983106" ay="0.129428" az="-0.129428" tx="-0.137688" ty="-0.513857" tz="-0.3"/>
    <Box sX="0.171173" sY="0.19" sZ="0.134164" angle="90.9762" ax="-0.983106" ay="-0.129428" az="0.129428" tx="0.137687" ty="-0.513857" tz="-0.3"/>
    <Box sX="0.171173" sY="0.19" sZ="0.134164" angle="98.42105" ax="-0.862856" ay="-0.357407" az="0.357407" tx="0.376169" ty="-0.376169" tz="-0.3"/>
    <Box sX="0.171173" sY="0.19" sZ="0.134164" angle="111.75204" ax="-0.677661" ay="-0.519988" az="0.519988" tx="0.513857" ty="-0.137688" tz="-0.3"/>
    <Box sX="0.171173" sY="0.19" sZ="0.134164" angle="129.00656" ax="-0.476905" ay="-0.621515" az="0.621515" tx="0.513857" ty="0.137687" tz="-0.3"/>
    <Box sX="0.171173" sY="0.19" sZ="0.134164" angle="148.60028" ax="-0.281085" ay="-0.678598" az="0.678598" tx="0.376169" ty="0.376169" tz="-0.3"/>
    <Box sX="0.171173" sY="0.19" sZ="0.134164" angle="169.40857" ax="-0.092692" ay="-0.704063" az="0.704063" tx="0.137688" ty="0.513857" tz="-0.3"/>
  </Collision>
  <Connectivity>
    <Fixed type="26" axes="1" angle="90" ax="1" ay="0" az="0" tx="0" ty="0" tz="-0.3"/>
    <Fixed type="26" axes="1" angle="89.99999" ax="-1" ay="0" az="0" tx="0" ty="0" tz="-0.3"/>
  </Connectivity>
  <PhysicsAttributes inertiaTensor="0.176667,0,0,0,0.176667,0,0,0,0.326667" centerOfMass="0,0,-0.3" mass="1" frictionType="0"/>
  <Bounding>
    <AABB minX="-0.7" minY="-0.7" minZ="-0.5" maxX="0.7" maxY="0.7" maxZ="-0.1"/>
  </Bounding>
  <GeometryBounding>
    <AABB minX="-0.689366" minY="-0.7" minZ="-0.5" maxX="0.689365" maxY="0.7" maxZ="-0.1"/>
  </GeometryBounding>
</LEGOPrimitive>
