<?xml version="1.0" encoding="UTF-8" standalone="no" ?>
<LEGOPrimitive versionMajor="1" versionMinor="0">
  <Annotations>
    <Annotation platformid="200"/>
    <Annotation platformname="SYSTEM"/>
    <Annotation maingroupid="216"/>
    <Annotation maingroupname="PLATES, SPECIAL"/>
    <Annotation designname="COUPLING PLATE 2X2"/>
    <Annotation aliases="3176"/>
  </Annotations>
  <Collision>
    <Box sX="0.79" sY="0.15" sZ="0.8595" angle="89.99996" ax="0" ay="-1" az="0" tx="0.3305" ty="0.16" tz="-0.402532"/>
    <Box sX="0.08483" sY="0.15" sZ="0.196931" angle="65.09293" ax="0" ay="-1" az="0" tx="-0.686747" ty="0.16" tz="-1.01484"/>
    <Box sX="0.263845" sY="0.15" sZ="0.0405" angle="89.99996" ax="0" ay="-1" az="0" tx="-1.1015" ty="0.16" tz="-0.399845"/>
    <Box sX="0.086356" sY="0.15" sZ="0.196931" angle="34.92889" ax="0" ay="-1" az="0" tx="-0.953482" ty="0.16" tz="-0.788176"/>
    <Box sX="0.12911" sY="0.15" sZ="0.196931" angle="115.19852" ax="0" ay="-1" az="0" tx="-0.667012" ty="0.16" tz="0.174026"/>
    <Box sX="0.084733" sY="0.15" sZ="0.196931" angle="145.13719" ax="0" ay="-1" az="0" tx="-0.954554" ty="0.16" tz="-0.010942"/>
    <Box sX="0.187482" sY="0.15" sZ="0.158263" angle="0" ax="0" ay="1" az="0" tx="-0.736482" ty="0.16" tz="-0.819263"/>
    <Box sX="0.187482" sY="0.15" sZ="0.158263" angle="0" ax="0" ay="1" az="0" tx="-0.736482" ty="0.16" tz="0.019263"/>
  </Collision>
  <Connectivity>
    <Custom2DField type="23" width="4" height="4" angle="0" ax="0" ay="1" az="0" tx="-0.4" ty="0.32" tz="-1.2">
      18:1:1,23:4:1,18:2:1,23:4:1,18:1:1,
      23:4:1,0:4:1,23:4:1,0:4:1,23:4:1,
      29:0:1,23:4:1,18:4:1,23:4:1,18:2:1,
      23:4:1,0:4:1,23:4:1,0:4:1,23:4:1,
      18:1:1,23:4:1,18:2:1,23:4:1,18:1:1
    </Custom2DField>
    <Custom2DField type="22" width="6" height="4" angle="0" ax="0" ay="1" az="0" tx="-1.2" ty="0" tz="-1.2">
      29:0:1,22:2:1,22:1:1,22:2:1,22:2:1,22:2:1,22:1:1,
      22:2:1,22:2:1,22:2:1,15:4:1,23:4:1,15:4:1,22:2:1,
      22:2:1,15:4:64,22:2:1,23:4:1,7:4:1,23:4:1,22:2:1,
      22:2:1,22:2:1,22:2:1,15:4:1,23:4:1,15:4:1,22:2:1,
      29:0:1,22:2:1,22:1:1,22:2:1,22:2:1,22:2:1,22:1:1
    </Custom2DField>
    <Axel type="8" length="0.32" grabbing="0" startCapped="0" endCapped="0" angle="0" ax="0" ay="0" az="1" tx="-0.8" ty="0" tz="-0.4"/>
    <Custom2DField type="22" width="2" height="2" angle="180" ax="1" ay="0" az="0" tx="-1.2" ty="0.32" tz="0">
      29:0,29:0,29:0,
      29:0,15:4:96,29:0,
      29:0,29:0,29:0
    </Custom2DField>
    <Hinge type="28" oriented="0" angle="0" ax="0" ay="0" az="1" tx="-0.8" ty="0.16" tz="-0.4"/>
  </Connectivity>
  <PhysicsAttributes inertiaTensor="0.234,0,0,0,0.693333,0,0,0,0.500667" centerOfMass="0,0.249,-0.4" mass="1" frictionType="0"/>
  <Bounding>
    <AABB minX="-1.2" minY="0" minZ="-1.2" maxX="1.2" maxY="0.498" maxZ="0.4"/>
  </Bounding>
  <GeometryBounding>
    <AABB minX="-1.2" minY="0" minZ="-1.2" maxX="1.2" maxY="0.498" maxZ="0.4"/>
  </GeometryBounding>
</LEGOPrimitive>
