<?xml version="1.0" encoding="UTF-8" standalone="no" ?>
<LEGOPrimitive versionMajor="1" versionMinor="0">
  <Annotations>
    <Annotation platformid="200"/>
    <Annotation platformname="SYSTEM"/>
    <Annotation maingroupid="216"/>
    <Annotation maingroupname="PLATES, SPECIAL"/>
    <Annotation designname="COUPLING PLATE 1X4 W. BALL"/>
    <Annotation aliases="3184"/>
  </Annotations>
  <Collision>
    <Box sX="1.59" sY="0.15" sZ="0.39" angle="0" ax="0" ay="1" az="0" tx="1.2" ty="0.16" tz="0"/>
    <Box sX="0.095428" sY="0.090697" sZ="0.420375" angle="45" ax="0" ay="0" az="-1" tx="1.2" ty="0.16" tz="0.680376"/>
    <Sphere radius="0.217233" angle="0" ax="0" ay="1" az="0" tx="1.2" ty="0.16" tz="1.1053"/>
  </Collision>
  <Connectivity>
    <Custom2DField type="23" width="8" height="2" angle="0" ax="0" ay="1" az="0" tx="-0.4" ty="0.32" tz="-0.4">
      18:1:1,23:4:1,18:2:1,23:4:1,18:2:1,23:4:1,18:2:1,23:4:1,18:1:1,
      23:4:1,0:4:1,23:4:1,0:4:1,23:4:1,0:4:1,23:4:1,0:4:1,23:4:1,
      18:1:1,23:4:1,18:2:1,23:4:1,18:2:1,23:4:1,18:2:1,23:4:1,18:1:1
    </Custom2DField>
    <Custom2DField type="22" width="8" height="2" angle="0" ax="0" ay="1" az="0" tx="-0.4" ty="0" tz="-0.4">
      22:1:1,22:2:1,22:2:1,22:2:1,22:2:1,22:2:1,22:2:1,22:2:1,22:1:1,
      22:2:1,15:4:1,9:4:1,15:4:1,9:4:1,15:4:1,9:4:1,15:4:1,22:2:1,
      22:1:1,22:2:1,22:2:1,22:2:1,22:2:1,22:2:1,22:2:1,22:2:1,22:1:1
    </Custom2DField>
    <Ball type="3" angle="90" ax="1" ay="0" az="0" tx="1.2" ty="0.16" tz="1.2"/>
  </Connectivity>
  <PhysicsAttributes inertiaTensor="0.301951,0,0,0,1.12184,0,0,0,0.886782" centerOfMass="1.2,0.181225,0.4975" mass="1" frictionType="0"/>
  <Bounding>
    <AABB minX="-0.4" minY="-0.135549" minZ="-0.4" maxX="2.8" maxY="0.498" maxZ="1.395"/>
  </Bounding>
  <GeometryBounding>
    <AABB minX="-0.4" minY="-0.135549" minZ="-0.4" maxX="2.8" maxY="0.498" maxZ="1.395"/>
  </GeometryBounding>
</LEGOPrimitive>
