<?xml version="1.0" encoding="UTF-8" standalone="no" ?>
<LEGOPrimitive versionMajor="1" versionMinor="0">
  <Annotations>
    <Annotation platformid="200"/>
    <Annotation platformname="SYSTEM"/>
    <Annotation maingroupid="235"/>
    <Annotation maingroupname="FENCES AND LADDERS"/>
    <Annotation designname="FENCE 1X4X2"/>
    <Annotation aliases="3185"/>
  </Annotations>
  <Collision>
    <Box sX="1.59" sY="0.115" sZ="0.95063" angle="180" ax="0" ay="0.707107" az="-0.707107" tx="1.2" ty="0.960376" tz="0"/>
    <Box sX="1.59" sY="0.390057" sZ="0.150317" angle="180" ax="0" ay="0.707107" az="-0.707107" tx="1.2" ty="0.160064" tz="3.3E-005"/>
  </Collision>
  <Connectivity>
    <Custom2DField type="22" width="8" height="2" angle="0" ax="0" ay="1" az="0" tx="-0.4" ty="0" tz="-0.4">
      22:1:1,22:2:1,22:2:1,22:2:1,22:2:1,22:2:1,22:2:1,22:2:1,22:1:1,
      22:2:1,15:4:1,9:4:1,15:4:1,9:4:1,15:4:1,9:4:1,15:4:1,22:2:1,
      22:1:1,22:2:1,22:2:1,22:2:1,22:2:1,22:2:1,22:2:1,22:2:1,22:1:1
    </Custom2DField>
  </Connectivity>
  <PhysicsAttributes inertiaTensor="0.359975,0,0,0,0.906667,0,0,0,1.15997" centerOfMass="1.2,0.958874,0" mass="1" frictionType="0"/>
  <Bounding>
    <AABB minX="-0.4" minY="-0.000253" minZ="-0.4" maxX="2.8" maxY="1.918" maxZ="0.4"/>
  </Bounding>
  <GeometryBounding>
    <AABB minX="-0.4" minY="-0.000253" minZ="-0.4" maxX="2.8" maxY="1.918" maxZ="0.4"/>
  </GeometryBounding>
</LEGOPrimitive>
