<?xml version="1.0" encoding="UTF-8" standalone="no" ?>
<LEGOPrimitive versionMajor="1" versionMinor="0">
  <Annotations>
    <Annotation platformid="200"/>
    <Annotation platformname="SYSTEM"/>
    <Annotation maingroupid="235"/>
    <Annotation maingroupname="FENCES AND LADDERS"/>
    <Annotation designname="FENCING GATE 1X4"/>
    <Annotation aliases="3186"/>
  </Annotations>
  <Collision>
    <Box sX="0.272839" sY="0.07" sZ="0.272842" angle="45" ax="0" ay="1" az="0" tx="0" ty="1.52" tz="0"/>
    <Box sX="1.20216" sY="0.79" sZ="0.115" angle="0" ax="0" ay="1" az="0" tx="1.58784" ty="0.8" tz="0"/>
    <Box sX="0.165" sY="0.09" sZ="0.065" angle="0" ax="0" ay="1" az="0" tx="2.474" ty="1.7" tz="0"/>
    <Box sX="0.03489" sY="0.79" sZ="0.196238" angle="0" ax="0" ay="1" az="0" tx="-0.28989" ty="0.8" tz="0"/>
    <Box sX="0.03489" sY="0.79" sZ="0.196238" angle="90" ax="0" ay="1" az="0" tx="0" ty="0.8" tz="0.28989"/>
    <Box sX="0.03489" sY="0.79" sZ="0.196238" angle="90" ax="0" ay="-1" az="0" tx="0" ty="0.8" tz="-0.28989"/>
  </Collision>
  <Connectivity>
    <Custom2DField type="23" width="2" height="2" angle="0" ax="0" ay="1" az="0" tx="-0.4" ty="1.6" tz="-0.4">
      29:0,29:0,29:0,
      29:0,0:4:33,29:0,
      29:0,29:0,29:0
    </Custom2DField>
    <Hinge type="120" oriented="1" angle="0" ax="0" ay="0" az="1" tx="0" ty="0.5" tz="0"/>
    <Custom2DField type="22" width="2" height="2" angle="0" ax="0" ay="1" az="0" tx="-0.4" ty="0" tz="-0.4">
      29:0,29:0,29:0,
      29:0,5:4:34,29:0,
      29:0,29:0,29:0
    </Custom2DField>
  </Connectivity>
  <PhysicsAttributes inertiaTensor="0.323333,0,0,0,0.906666,0,0,0,1.12333" centerOfMass="1.2,0.9,0" mass="1" frictionType="0"/>
  <Bounding>
    <AABB minX="-0.4" minY="0" minZ="-0.399999" maxX="2.8" maxY="1.8" maxZ="0.399999"/>
  </Bounding>
  <GeometryBounding>
    <AABB minX="-0.4" minY="0" minZ="-0.399999" maxX="2.8" maxY="1.8" maxZ="0.399999"/>
  </GeometryBounding>
</LEGOPrimitive>
