<?xml version="1.0" encoding="UTF-8" standalone="no" ?>
<LEGOPrimitive versionMajor="1" versionMinor="0">
  <Annotations>
    <Annotation platformid="200"/>
    <Annotation platformname="SYSTEM"/>
    <Annotation maingroupid="226"/>
    <Annotation maingroupname="GATES AND ROOFS"/>
    <Annotation designname="RIGHT DOOR 1X3X2"/>
    <Annotation aliases="3188"/>
  </Annotations>
  <Collision>
    <Box sX="0.261982" sY="0.261982" sZ="0.95" angle="180" ax="0" ay="0.707107" az="-0.707107" tx="0" ty="0.96" tz="0"/>
    <Box sX="0.99" sY="0.065" sZ="0.95" angle="180" ax="0" ay="0.707107" az="-0.707107" tx="1" ty="0.96" tz="-0.325"/>
    <Box sX="0.23" sY="0.08" sZ="0.155" angle="90" ax="0" ay="0" az="1" tx="1.79" ty="0.948131" tz="-0.435"/>
  </Collision>
  <Connectivity>
    <Custom2DField type="23" width="2" height="2" angle="0" ax="0" ay="1" az="0" tx="-0.4" ty="1.92" tz="-0.4">
      29:0,29:0,29:0,
      29:0,0:4:34,29:0,
      29:0,29:0,29:0
    </Custom2DField>
    <Custom2DField type="22" width="2" height="2" angle="0" ax="0" ay="1" az="0" tx="-0.4" ty="0" tz="-0.4">
      29:0,29:0,29:0,
      29:0,15:4:34,29:0,
      29:0,29:0,29:0
    </Custom2DField>
  </Connectivity>
  <PhysicsAttributes inertiaTensor="0.450134,0,0,0,0.563333,0,0,0,0.8468" centerOfMass="0.8,1.049,-0.1" mass="1" frictionType="0"/>
  <Bounding>
    <AABB minX="-0.4" minY="0" minZ="-0.6" maxX="2" maxY="2.098" maxZ="0.4"/>
  </Bounding>
  <GeometryBounding>
    <AABB minX="-0.4" minY="0" minZ="-0.6" maxX="2" maxY="2.098" maxZ="0.4"/>
  </GeometryBounding>
</LEGOPrimitive>
