<?xml version="1.0" encoding="UTF-8" standalone="no" ?>
<LEGOPrimitive versionMajor="1" versionMinor="0">
  <Annotations>
    <Annotation platformid="200"/>
    <Annotation platformname="SYSTEM"/>
    <Annotation maingroupid="225"/>
    <Annotation maingroupname="FRAMES, WINDOWS, WALLS AND DOORS"/>
    <Annotation designname="DOOR 1X3X3 RIGHT"/>
    <Annotation aliases="3190"/>
  </Annotations>
  <Collision>
    <Box sX="0.263562" sY="0.263562" sZ="1.43" angle="180" ax="0" ay="0.707107" az="-0.707107" tx="0" ty="1.44" tz="0"/>
    <Box sX="0.99" sY="0.065" sZ="1.43" angle="180" ax="0" ay="0.707107" az="-0.707107" tx="1" ty="1.44" tz="-0.325"/>
    <Box sX="0.081" sY="0.09" sZ="0.234905" angle="180" ax="0" ay="0.707107" az="-0.707107" tx="1.59596" ty="1.47887" tz="-0.5"/>
  </Collision>
  <Connectivity>
    <Custom2DField type="23" width="2" height="2" angle="0" ax="0" ay="1" az="0" tx="-0.4" ty="2.88" tz="-0.4">
      29:0,29:0,29:0,
      29:0,0:4:34,29:0,
      29:0,29:0,29:0
    </Custom2DField>
    <Custom2DField type="22" width="2" height="2" angle="0" ax="0" ay="1" az="0" tx="-0.4" ty="0" tz="-0.4">
      29:0,29:0,29:0,
      29:0,15:4:34,29:0,
      29:0,29:0,29:0
    </Custom2DField>
  </Connectivity>
  <PhysicsAttributes inertiaTensor="0.862626,0,0,0,0.563346,0,0,0,1.25928" centerOfMass="0.8,1.529,-0.100037" mass="1" frictionType="0"/>
  <Bounding>
    <AABB minX="-0.4" minY="0" minZ="-0.600074" maxX="2" maxY="3.058" maxZ="0.4"/>
  </Bounding>
  <GeometryBounding>
    <AABB minX="-0.4" minY="0" minZ="-0.6" maxX="2" maxY="3.058" maxZ="0.4"/>
  </GeometryBounding>
</LEGOPrimitive>
