<?xml version="1.0" encoding="UTF-8" standalone="no" ?>
<LEGOPrimitive versionMajor="1" versionMinor="0">
  <Annotations>
    <Annotation platformid="200"/>
    <Annotation platformname="SYSTEM"/>
    <Annotation maingroupid="225"/>
    <Annotation maingroupname="FRAMES, WINDOWS, WALLS AND DOORS"/>
    <Annotation designname="DOOR 1X3X3 LEFT"/>
    <Annotation aliases="3191"/>
  </Annotations>
  <Collision>
    <Box sX="0.272843" sY="0.272843" sZ="1.43" angle="180" ax="0" ay="0.707107" az="-0.707107" tx="0" ty="1.44" tz="0"/>
    <Box sX="0.035" sY="0.09" sZ="0.227942" angle="180" ax="0" ay="0.707107" az="-0.707107" tx="1.59819" ty="1.46969" tz="0.5"/>
    <Box sX="0.99" sY="0.065" sZ="1.43" angle="180" ax="0" ay="0.707107" az="-0.707107" tx="1" ty="1.44" tz="0.325"/>
  </Collision>
  <Connectivity>
    <Custom2DField type="23" width="2" height="2" angle="0" ax="0" ay="1" az="0" tx="-0.4" ty="2.88" tz="-0.4">
      29:0,29:0,29:0,
      29:0,0:4:34,29:0,
      29:0,29:0,29:0
    </Custom2DField>
    <Custom2DField type="22" width="2" height="2" angle="0" ax="0" ay="1" az="0" tx="-0.4" ty="0" tz="-0.4">
      29:0,29:0,29:0,
      29:0,15:4:34,29:0,
      29:0,29:0,29:0
    </Custom2DField>
  </Connectivity>
  <PhysicsAttributes inertiaTensor="0.862614,0,0,0,0.563333,0,0,0,1.25928" centerOfMass="0.8,1.529,0.1" mass="1" frictionType="0"/>
  <Bounding>
    <AABB minX="-0.4" minY="0" minZ="-0.4" maxX="2" maxY="3.058" maxZ="0.6"/>
  </Bounding>
  <GeometryBounding>
    <AABB minX="-0.4" minY="0" minZ="-0.4" maxX="2" maxY="3.058" maxZ="0.6"/>
  </GeometryBounding>
</LEGOPrimitive>
