<?xml version="1.0" encoding="UTF-8" standalone="no" ?>
<LEGOPrimitive versionMajor="1" versionMinor="0">
  <Annotations>
    <Annotation platformid="200"/>
    <Annotation platformname="SYSTEM"/>
    <Annotation maingroupid="225"/>
    <Annotation maingroupname="FRAMES, WINDOWS, WALLS AND DOORS"/>
    <Annotation designname="DOOR 1X3X4 RIGHT"/>
    <Annotation aliases="3192"/>
  </Annotations>
  <Collision>
    <Box sX="0.984" sY="0.055" sZ="1.89" angle="180" ax="0" ay="0.707107" az="0.707107" tx="0.994" ty="1.92" tz="-0.327"/>
    <Box sX="0.237267" sY="0.268272" sZ="1.89" angle="148.60028" ax="-0.281085" ay="0.678598" az="0.678598" tx="0" ty="1.92" tz="0"/>
    <Box sX="0.07699" sY="0.09" sZ="0.238195" angle="180" ax="0" ay="0.707107" az="0.707107" tx="1.598" ty="1.92125" tz="-0.492"/>
    <Box sX="0.237267" sY="0.268272" sZ="1.89" angle="180" ax="0" ay="0.707107" az="0.707107" tx="0" ty="1.92" tz="0"/>
  </Collision>
  <Connectivity>
    <Custom2DField type="23" width="2" height="2" angle="0" ax="0" ay="1" az="0" tx="-0.4" ty="3.84" tz="-0.4">
      29:0,29:0,29:0,
      29:0,0:4:34,29:0,
      29:0,29:0,29:0
    </Custom2DField>
    <Custom2DField type="22" width="2" height="2" angle="0" ax="0" ay="1" az="0" tx="-0.4" ty="0" tz="-0.4">
      29:0,29:0,29:0,
      29:0,15:4:34,29:0,
      29:0,29:0,29:0
    </Custom2DField>
  </Connectivity>
  <PhysicsAttributes inertiaTensor="1.42605,0,0,0,0.552722,0,0,0,1.81739" centerOfMass="0.798,2.009,-0.1" mass="1" frictionType="0"/>
  <Bounding>
    <AABB minX="-0.392" minY="0" minZ="-0.592" maxX="1.988" maxY="4.018" maxZ="0.392"/>
  </Bounding>
  <GeometryBounding>
    <AABB minX="-0.392" minY="0" minZ="-0.592" maxX="1.988" maxY="4.018" maxZ="0.392"/>
  </GeometryBounding>
</LEGOPrimitive>
