<?xml version="1.0" encoding="UTF-8" standalone="no" ?>
<LEGOPrimitive versionMajor="1" versionMinor="0">
  <Annotations>
    <Annotation platformid="200"/>
    <Annotation platformname="SYSTEM"/>
    <Annotation maingroupid="205"/>
    <Annotation maingroupname="BRICKS WITH SLOPE"/>
    <Annotation designname="ROOF TILE 3X4/25°"/>
    <Annotation aliases="3297"/>
  </Annotations>
  <Collision>
    <Box sX="1.59" sY="1.19" sZ="0.09" angle="180" ax="0" ay="0.707107" az="-0.707107" tx="1.2" ty="0.100001" tz="0.8"/>
    <Box sX="1.59" sY="0.875664" sZ="0.079728" angle="180" ax="0" ay="0.845308" az="-0.534279" tx="1.2" ty="0.498921" tz="1.16148"/>
    <Box sX="1.59" sY="0.39" sZ="0.37" angle="180" ax="0" ay="0.707107" az="-0.707107" tx="1.2" ty="0.580001" tz="0"/>
    <Box sX="1.59" sY="0.551759" sZ="0.199937" angle="180" ax="0" ay="0.780993" az="-0.62454" tx="1.2" ty="0.355467" tz="0.851368"/>
  </Collision>
  <Connectivity>
    <Custom2DField type="23" width="8" height="2" angle="0" ax="0" ay="1" az="0" tx="-0.4" ty="0.96" tz="-0.4">
      18:1:1,23:4:1,18:2:1,23:4:1,18:2:1,23:4:1,18:2:1,23:4:1,18:1:1,
      23:4:1,0:4:1,23:4:1,0:4:1,23:4:1,0:4:1,23:4:1,0:4:1,23:4:1,
      18:1:1,23:4:1,29:0:1,23:4:1,29:0:1,23:4:1,29:0:1,23:4:1,18:1:1
    </Custom2DField>
    <Custom2DField type="22" width="8" height="6" angle="0" ax="0" ay="1" az="0" tx="-0.4" ty="0" tz="-0.4">
      22:1:1,22:2:1,22:2:1,22:2:1,22:2:1,22:2:1,22:2:1,22:2:1,22:1:1,
      22:2:1,15:4:1,23:4:1,15:4:1,23:4:1,15:4:1,23:4:1,15:4:1,22:2:1,
      22:2:1,23:4:1,7:4:1,23:4:1,7:4:1,23:4:1,7:4:1,23:4:1,22:2:1,
      22:2:1,15:4:1,23:4:1,15:4:1,23:4:1,15:4:1,23:4:1,15:4:1,22:2:1,
      22:2:1,23:4:1,7:4:1,23:4:1,7:4:1,23:4:1,7:4:1,23:4:1,22:2:1,
      22:2:1,15:4:1,23:4:1,15:4:1,23:4:1,15:4:1,23:4:1,15:4:1,22:2:1,
      22:1:1,22:2:1,22:2:1,22:2:1,22:2:1,22:2:1,22:2:1,22:2:1,22:1:1
    </Custom2DField>
  </Connectivity>
  <PhysicsAttributes inertiaTensor="0.58792,0,0,0,1.33355,0,0,0,0.961471" centerOfMass="1.2,0.569,0.8" mass="1" frictionType="0"/>
  <Bounding>
    <AABB minX="-0.400204" minY="0" minZ="-0.4" maxX="2.8002" maxY="1.138" maxZ="2"/>
  </Bounding>
  <GeometryBounding>
    <AABB minX="-0.400204" minY="0" minZ="-0.4" maxX="2.8002" maxY="1.138" maxZ="2"/>
  </GeometryBounding>
</LEGOPrimitive>
