<?xml version="1.0" encoding="UTF-8" standalone="no" ?>
<LEGOPrimitive versionMajor="1" versionMinor="0">
  <Annotations>
    <Annotation platformid="200"/>
    <Annotation platformname="SYSTEM"/>
    <Annotation maingroupid="205"/>
    <Annotation maingroupname="BRICKS WITH SLOPE"/>
    <Annotation designname="ROOF TILE 2X3/25°"/>
    <Annotation aliases="3298"/>
  </Annotations>
  <Collision>
    <Box sX="0.79" sY="1.19" sZ="0.09" angle="180" ax="0" ay="-0.707107" az="0.707107" tx="0.4" ty="0.100001" tz="0.8"/>
    <Box sX="0.79" sY="0.875664" sZ="0.079729" angle="180" ax="0" ay="0.845308" az="-0.534279" tx="0.4" ty="0.498921" tz="1.16148"/>
    <Box sX="0.79" sY="0.39" sZ="0.37" angle="180" ax="0" ay="0.707107" az="-0.707107" tx="0.4" ty="0.580001" tz="0"/>
    <Box sX="0.79" sY="0.591661" sZ="0.204113" angle="180" ax="0" ay="0.775673" az="-0.631135" tx="0.4" ty="0.369515" tz="0.806997"/>
  </Collision>
  <Connectivity>
    <Custom2DField type="23" width="4" height="2" angle="0" ax="0" ay="1" az="0" tx="-0.4" ty="0.96" tz="-0.4">
      18:1:1,23:4:1,18:2:1,23:4:1,18:1:1,
      23:4:1,0:4:1,23:4:1,0:4:1,23:4:1,
      18:1:1,23:4:1,29:0:1,23:4:1,18:1:1
    </Custom2DField>
    <Custom2DField type="22" width="4" height="6" angle="0" ax="0" ay="1" az="0" tx="-0.4" ty="0" tz="-0.4">
      22:1:1,22:2:1,22:2:1,22:2:1,22:1:1,
      22:2:1,15:4:1,23:4:1,15:4:1,22:2:1,
      22:2:1,23:4:1,7:4:1,23:4:1,22:2:1,
      22:2:1,15:4:1,23:4:1,15:4:1,22:2:1,
      22:2:1,23:4:1,7:4:1,23:4:1,22:2:1,
      22:2:1,15:4:1,23:4:1,15:4:1,22:2:1,
      22:1:1,22:2:1,22:2:1,22:2:1,22:1:1
    </Custom2DField>
  </Connectivity>
  <PhysicsAttributes inertiaTensor="0.58792,0,0,0,0.693415,0,0,0,0.321335" centerOfMass="0.399949,0.569,0.8" mass="1" frictionType="0"/>
  <Bounding>
    <AABB minX="-0.400204" minY="0" minZ="-0.4" maxX="1.2001" maxY="1.138" maxZ="2"/>
  </Bounding>
  <GeometryBounding>
    <AABB minX="-0.400204" minY="0" minZ="-0.4" maxX="1.2001" maxY="1.138" maxZ="2"/>
  </GeometryBounding>
</LEGOPrimitive>
