<?xml version="1.0" encoding="UTF-8" standalone="no" ?>
<LEGOPrimitive versionMajor="1" versionMinor="0">
  <Annotations>
    <Annotation platformid="200"/>
    <Annotation platformname="SYSTEM"/>
    <Annotation maingroupid="205"/>
    <Annotation maingroupname="BRICKS WITH SLOPE"/>
    <Annotation designname="RIDGED TILE 2X4/25°"/>
    <Annotation aliases="3299"/>
  </Annotations>
  <Collision>
    <Box sX="1.59" sY="0.79" sZ="0.09" angle="180" ax="0" ay="0.707107" az="-0.707107" tx="1.2" ty="0.1" tz="-0.4"/>
    <Box sX="1.59" sY="0.43071" sZ="0.097471" angle="180" ax="0" ay="0.842546" az="-0.538624" tx="1.2" ty="0.287453" tz="-0.045114"/>
    <Box sX="1.59" sY="0.43071" sZ="0.095409" angle="180" ax="0" ay="0.842546" az="0.538624" tx="1.2" ty="0.289323" tz="-0.755751"/>
  </Collision>
  <Connectivity>
    <Custom2DField type="22" width="8" height="4" angle="0" ax="0" ay="1" az="0" tx="-0.4" ty="0" tz="-1.2">
      22:1:1,22:2:1,22:2:1,22:2:1,22:2:1,22:2:1,22:2:1,22:2:1,22:1:1,
      22:2:1,15:4:1,23:4:1,15:4:1,23:4:1,15:4:1,23:4:1,15:4:1,22:2:1,
      22:2:1,23:4:1,7:4:1,23:4:1,7:4:1,23:4:1,7:4:1,23:4:1,22:2:1,
      22:2:1,15:4:1,23:4:1,15:4:1,23:4:1,15:4:1,23:4:1,15:4:1,22:2:1,
      22:1:1,22:2:1,22:2:1,22:2:1,22:2:1,22:2:1,22:2:1,22:2:1,22:1:1
    </Custom2DField>
  </Connectivity>
  <PhysicsAttributes inertiaTensor="0.240408,0,0,0,1.06667,0,0,0,0.880408" centerOfMass="1.2,0.285,-0.4" mass="1" frictionType="0"/>
  <Bounding>
    <AABB minX="-0.4" minY="0" minZ="-1.2" maxX="2.8" maxY="0.57" maxZ="0.4"/>
  </Bounding>
  <GeometryBounding>
    <AABB minX="-0.4" minY="0" minZ="-1.2" maxX="2.8" maxY="0.57" maxZ="0.4"/>
  </GeometryBounding>
</LEGOPrimitive>
