<?xml version="1.0" encoding="UTF-8" standalone="no" ?>
<LEGOPrimitive versionMajor="1" versionMinor="0">
  <Annotations>
    <Annotation platformid="200"/>
    <Annotation platformname="SYSTEM"/>
    <Annotation maingroupid="205"/>
    <Annotation maingroupname="BRICKS WITH SLOPE"/>
    <Annotation designname="RIDGED TILE 2X2/25°"/>
    <Annotation aliases="3300"/>
  </Annotations>
  <Collision>
    <Box sX="0.79" sY="0.79" sZ="0.09" angle="180" ax="0" ay="0.707107" az="-0.707107" tx="0.4" ty="0.1" tz="-0.4"/>
    <Box sX="0.79" sY="0.43071" sZ="0.099387" angle="180" ax="0" ay="-0.538697" az="0.842499" tx="0.4" ty="0.285635" tz="-0.754066"/>
    <Box sX="0.79" sY="0.43071" sZ="0.099387" angle="180" ax="0" ay="0.538697" az="0.842499" tx="0.4" ty="0.285635" tz="-0.045934"/>
  </Collision>
  <Connectivity>
    <Custom2DField type="22" width="4" height="4" angle="0" ax="0" ay="1" az="0" tx="-0.4" ty="0" tz="-1.2">
      22:1:1,22:2:1,22:2:1,22:2:1,22:1:1,
      22:2:1,15:4:1,23:4:1,15:4:1,22:2:1,
      22:2:1,23:4:1,7:4:1,23:4:1,22:2:1,
      22:2:1,15:4:1,23:4:1,15:4:1,22:2:1,
      22:1:1,22:2:1,22:2:1,22:2:1,22:1:1
    </Custom2DField>
  </Connectivity>
  <PhysicsAttributes inertiaTensor="0.240408,0,0,0,0.426667,0,0,0,0.240408" centerOfMass="0.4,0.285,-0.4" mass="1" frictionType="0"/>
  <Bounding>
    <AABB minX="-0.4" minY="0" minZ="-1.2" maxX="1.2" maxY="0.57" maxZ="0.4"/>
  </Bounding>
  <GeometryBounding>
    <AABB minX="-0.4" minY="0" minZ="-1.2" maxX="1.2" maxY="0.57" maxZ="0.4"/>
  </GeometryBounding>
</LEGOPrimitive>
