<?xml version="1.0" encoding="UTF-8" standalone="no" ?>
<LEGOPrimitive versionMajor="1" versionMinor="0">
  <Annotations>
    <Annotation platformid="200"/>
    <Annotation platformname="SYSTEM"/>
    <Annotation maingroupid="207"/>
    <Annotation maingroupname="BRICKS WITH BOWS"/>
    <Annotation designname="BRICK W. BOW 1X6X2"/>
    <Annotation aliases="3307"/>
  </Annotations>
  <Collision>
    <Box sX="0.386935" sY="0.39" sZ="0.95" angle="180" ax="0" ay="0.707107" az="-0.707107" tx="-0.003065" ty="0.96" tz="0"/>
    <Box sX="0.386935" sY="0.39" sZ="0.95" angle="180" ax="0" ay="0.707107" az="-0.707107" tx="4.00307" ty="0.96" tz="0"/>
    <Box sX="2.39" sY="0.39" sZ="0.045" angle="180" ax="0" ay="0.707107" az="-0.707107" tx="2" ty="1.865" tz="0"/>
    <Box sX="0.792912" sY="0.065" sZ="0.2" angle="125.93195" ax="-0.510274" ay="0.60812" az="-0.60812" tx="0.326484" ty="0.82718" tz="0.325"/>
    <Box sX="2.39" sY="0.065" sZ="0.2" angle="180" ax="0" ay="0.707107" az="-0.707107" tx="2" ty="1.71" tz="0.325"/>
    <Box sX="0.792912" sY="0.065" sZ="0.2" angle="114.4045" ax="0.6444" ay="-0.540716" az="-0.540716" tx="3.67352" ty="0.82718" tz="0.325"/>
    <Box sX="0.667997" sY="0.065" sZ="0.24526" angle="98.42106" ax="0.862856" ay="-0.357407" az="-0.357407" tx="3.25392" ty="1.24672" tz="0.325"/>
    <Box sX="0.667997" sY="0.065" sZ="0.24526" angle="98.42106" ax="0.862856" ay="-0.357407" az="-0.357407" tx="3.25392" ty="1.24672" tz="-0.325"/>
    <Box sX="0.792912" sY="0.065" sZ="0.2" angle="114.4045" ax="0.6444" ay="-0.540716" az="-0.540716" tx="3.67352" ty="0.82718" tz="-0.325"/>
    <Box sX="2.39" sY="0.065" sZ="0.2" angle="180" ax="0" ay="0.707107" az="-0.707107" tx="2" ty="1.71" tz="-0.325"/>
    <Box sX="0.667997" sY="0.065" sZ="0.24526" angle="148.60028" ax="-0.281085" ay="0.678598" az="-0.678598" tx="0.746084" ty="1.24672" tz="0.325"/>
    <Box sX="0.667997" sY="0.065" sZ="0.24526" angle="148.60028" ax="-0.281085" ay="0.678598" az="-0.678598" tx="0.746084" ty="1.24672" tz="-0.325"/>
    <Box sX="0.792912" sY="0.065" sZ="0.2" angle="125.93195" ax="-0.510274" ay="0.60812" az="-0.60812" tx="0.326484" ty="0.82718" tz="-0.325"/>
  </Collision>
  <Connectivity>
    <Custom2DField type="23" width="12" height="2" angle="0" ax="0" ay="1" az="0" tx="-0.4" ty="1.92" tz="-0.4">
      18:1:1,23:4:1,18:2:1,23:4:1,18:2:1,23:4:1,18:2:1,23:4:1,18:2:1,23:4:1,18:2:1,23:4:1,18:1:1,
      23:4:1,0:4:1,23:4:1,0:4:1,23:4:1,0:4:1,23:4:1,0:4:1,23:4:1,0:4:1,23:4:1,0:4:1,23:4:1,
      18:1:1,23:4:1,18:2:1,23:4:1,18:2:1,23:4:1,18:2:1,23:4:1,18:2:1,23:4:1,18:2:1,23:4:1,18:1:1
    </Custom2DField>
    <Custom2DField type="22" width="12" height="2" angle="0" ax="0" ay="1" az="0" tx="-0.4" ty="0" tz="-0.4">
      22:1:1,22:2:1,22:1:1,29:0:1,29:0:1,29:0:1,29:0:1,29:0:1,29:0:1,29:0:1,22:1:1,22:2:1,22:1:1,
      22:2:1,15:4:1,22:2:1,29:0:1,29:0:1,29:0:1,29:0:1,29:0:1,29:0:1,29:0:1,22:2:1,15:4:1,22:2:1,
      22:1:1,22:2:1,22:1:1,29:0:1,29:0:1,29:0:1,29:0:1,29:0:1,29:0:1,29:0:1,22:1:1,22:2:1,22:1:1
    </Custom2DField>
  </Connectivity>
  <PhysicsAttributes inertiaTensor="0.420134,0,0,0,1.97333,0,0,0,2.2868" centerOfMass="2,1.049,0" mass="1" frictionType="0"/>
  <Bounding>
    <AABB minX="-0.4" minY="0" minZ="-0.4" maxX="4.4" maxY="2.098" maxZ="0.4"/>
  </Bounding>
  <GeometryBounding>
    <AABB minX="-0.4" minY="0" minZ="-0.4" maxX="4.4" maxY="2.098" maxZ="0.4"/>
  </GeometryBounding>
</LEGOPrimitive>
