<?xml version="1.0" encoding="UTF-8" standalone="no" ?>
<LEGOPrimitive versionMajor="1" versionMinor="0">
  <Annotations>
    <Annotation platformid="200"/>
    <Annotation platformname="SYSTEM"/>
    <Annotation maingroupid="207"/>
    <Annotation maingroupname="BRICKS WITH BOWS"/>
    <Annotation designname="BRICK W. BOW 1X8X2"/>
    <Annotation aliases="3308"/>
  </Annotations>
  <Collision>
    <Box sX="0.38749" sY="0.39" sZ="0.95" angle="180" ax="0" ay="0.707107" az="-0.707107" tx="-0.00251" ty="0.96" tz="0"/>
    <Box sX="0.38749" sY="0.39" sZ="0.95" angle="180" ax="0" ay="-0.707107" az="0.707107" tx="5.60251" ty="0.96" tz="0"/>
    <Box sX="3.19" sY="0.39" sZ="0.045" angle="180" ax="0" ay="-0.707107" az="0.707107" tx="2.8" ty="1.865" tz="0"/>
    <Box sX="0.816313" sY="0.065" sZ="0.441463" angle="145.15741" ax="-0.313789" ay="0.671393" az="-0.671393" tx="0.505595" ty="0.984611" tz="0.325"/>
    <Box sX="0.922307" sY="0.065" sZ="0.130281" angle="167.29123" ax="-0.111362" ay="0.702709" az="-0.702709" tx="1.86351" ty="1.49025" tz="-0.325"/>
    <Box sX="0.888127" sY="0.065" sZ="0.130281" angle="167.27946" ax="-0.111466" ay="-0.7027" az="0.7027" tx="3.69751" ty="1.50235" tz="0.325"/>
    <Box sX="0.833528" sY="0.065" sZ="0.422673" angle="145.1373" ax="-0.313982" ay="-0.671348" az="0.671347" tx="5.06907" ty="0.98551" tz="0.325"/>
    <Box sX="0.816313" sY="0.065" sZ="0.441463" angle="145.15741" ax="-0.313789" ay="0.671393" az="-0.671393" tx="0.505595" ty="0.984611" tz="-0.325"/>
    <Box sX="0.833527" sY="0.065001" sZ="0.422673" angle="145.1373" ax="-0.313982" ay="-0.671348" az="0.671347" tx="5.06908" ty="0.98551" tz="-0.325"/>
    <Box sX="0.888127" sY="0.065" sZ="0.130281" angle="167.27946" ax="-0.111466" ay="-0.7027" az="0.7027" tx="3.69751" ty="1.50235" tz="-0.325"/>
    <Box sX="0.922307" sY="0.065" sZ="0.130281" angle="167.29123" ax="-0.111362" ay="0.702709" az="-0.702709" tx="1.86351" ty="1.49025" tz="0.325"/>
    <Box sX="2.39502" sY="0.065" sZ="0.195079" angle="180" ax="0" ay="-0.707107" az="0.707107" tx="2.8" ty="1.71492" tz="0.325"/>
    <Box sX="2.39502" sY="0.065" sZ="0.195079" angle="180" ax="0" ay="-0.707107" az="0.707107" tx="2.8" ty="1.71492" tz="-0.325"/>
  </Collision>
  <Connectivity>
    <Custom2DField type="23" width="16" height="2" angle="0" ax="0" ay="1" az="0" tx="-0.4" ty="1.92" tz="-0.4">
      18:1:1,23:4:1,18:2:1,23:4:1,18:2:1,23:4:1,18:2:1,23:4:1,18:2:1,23:4:1,18:2:1,23:4:1,18:2:1,23:4:1,18:2:1,23:4:1,18:1:1,
      23:4:1,0:4:1,23:4:1,0:4:1,23:4:1,0:4:1,23:4:1,0:4:1,23:4:1,0:4:1,23:4:1,0:4:1,23:4:1,0:4:1,23:4:1,0:4:1,23:4:1,
      18:1:1,23:4:1,18:2:1,23:4:1,18:2:1,23:4:1,18:2:1,23:4:1,18:2:1,23:4:1,18:2:1,23:4:1,18:2:1,23:4:1,18:2:1,23:4:1,18:1:1
    </Custom2DField>
    <Custom2DField type="22" width="16" height="2" angle="0" ax="0" ay="1" az="0" tx="-0.4" ty="0" tz="-0.4">
      22:1:1,22:2:1,22:1:1,29:0:1,29:0:1,29:0:1,29:0:1,29:0:1,29:0:1,29:0:1,29:0:1,29:0:1,29:0:1,29:0:1,22:1:1,22:2:1,22:1:1,
      22:2:1,15:4:1,22:2:1,29:0:1,29:0:1,29:0:1,29:0:1,29:0:1,29:0:1,29:0:1,29:0:1,29:0:1,29:0:1,29:0:1,22:2:1,15:4:1,22:2:1,
      22:1:1,22:2:1,22:1:1,29:0:1,29:0:1,29:0:1,29:0:1,29:0:1,29:0:1,29:0:1,29:0:1,29:0:1,29:0:1,29:0:1,22:1:1,22:2:1,22:1:1
    </Custom2DField>
  </Connectivity>
  <PhysicsAttributes inertiaTensor="0.420224,0,0,0,3.46676,0,0,0,3.78013" centerOfMass="2.8,1.049,-0.000339" mass="1" frictionType="0"/>
  <Bounding>
    <AABB minX="-0.4" minY="0" minZ="-0.400678" maxX="6" maxY="2.098" maxZ="0.4"/>
  </Bounding>
  <GeometryBounding>
    <AABB minX="-0.4" minY="0" minZ="-0.4" maxX="6" maxY="2.098" maxZ="0.4"/>
  </GeometryBounding>
</LEGOPrimitive>
