<?xml version="1.0" encoding="UTF-8" standalone="no" ?>
<LEGOPrimitive versionMajor="1" versionMinor="0">
  <Annotations>
    <Annotation platformid="300"/>
    <Annotation platformname="TECHNIC"/>
    <Annotation maingroupid="399"/>
    <Annotation maingroupname="LOOSE PARTS"/>
    <Annotation designname="CROSS FOR UNIVERSAL JOINT"/>
    <Annotation aliases="3326;62519"/>
  </Annotations>
  <Collision>
    <Box sX="0.166777" sY="0.166777" sZ="0.165" angle="45" ax="0" ay="0" az="1" tx="0" ty="0" tz="0"/>
    <Box sX="0.046569" sY="0.055" sZ="0.046755" angle="45" ax="0" ay="1" az="0" tx="0" ty="-0.315" tz="0"/>
    <Box sX="0.046555" sY="0.055" sZ="0.046369" angle="45" ax="0" ay="1" az="0" tx="0" ty="0.315" tz="0"/>
    <Box sX="0.046569" sY="0.055" sZ="0.046569" angle="98.42106" ax="-0.357407" ay="0.357407" az="0.862856" tx="-0.315" ty="0" tz="0"/>
    <Box sX="0.046569" sY="0.055" sZ="0.046569" angle="98.42106" ax="-0.357407" ay="0.357407" az="0.862856" tx="0.315" ty="0" tz="0"/>
  </Collision>
  <Connectivity>
    <Hinge type="9" oriented="0" angle="90" ax="0" ay="0" az="-1" tx="0" ty="0" tz="0"/>
    <Hinge type="9" oriented="0" angle="180" ax="0" ay="0" az="-1" tx="0" ty="0" tz="0"/>
  </Connectivity>
  <PhysicsAttributes inertiaTensor="0.058342,0,0,0,0.058342,0,0,0,0.096267" centerOfMass="0,0,0" mass="1" frictionType="0"/>
  <Bounding>
    <AABB minX="-0.38" minY="-0.38" minZ="-0.175" maxX="0.38" maxY="0.38" maxZ="0.175"/>
  </Bounding>
  <GeometryBounding>
    <AABB minX="-0.38" minY="-0.38" minZ="-0.175" maxX="0.38" maxY="0.38" maxZ="0.175"/>
  </GeometryBounding>
</LEGOPrimitive>
