<?xml version="1.0" encoding="UTF-8" standalone="no" ?>
<LEGOPrimitive versionMajor="1" versionMinor="0">
  <Annotations>
    <Annotation platformid="200"/>
    <Annotation platformname="SYSTEM"/>
    <Annotation maingroupid="286"/>
    <Annotation maingroupname="FUNCTIONAL ELEMENTS"/>
    <Annotation designname="TURN TABLE, LOWER PART"/>
    <Annotation aliases="3403"/>
  </Annotations>
  <Collision>
    <Box sX="0.5725" sY="0.095" sZ="1.54" angle="0" ax="0" ay="1" az="0" tx="0.2325" ty="0.105" tz="-1.2"/>
    <Box sX="0.597501" sY="0.1125" sZ="1.59" angle="0" ax="0" ay="1" az="0" tx="0.207499" ty="0.1975" tz="-1.2"/>
    <Box sX="0.5725" sY="0.095" sZ="1.54" angle="90" ax="0" ay="1" az="0" tx="1.2" ty="0.105" tz="-0.2325"/>
    <Box sX="0.597501" sY="0.1125" sZ="1.59" angle="90" ax="0" ay="1" az="0" tx="1.2" ty="0.1975" tz="-0.207499"/>
    <Box sX="0.5725" sY="0.095" sZ="1.54" angle="180" ax="0" ay="1" az="0" tx="2.1675" ty="0.105" tz="-1.2"/>
    <Box sX="0.597501" sY="0.1125" sZ="1.59" angle="180" ax="0" ay="1" az="0" tx="2.1925" ty="0.1975" tz="-1.2"/>
    <Box sX="0.5725" sY="0.095" sZ="1.54" angle="90" ax="0" ay="-1" az="0" tx="1.2" ty="0.105" tz="-2.1675"/>
    <Box sX="0.597501" sY="0.1125" sZ="1.59" angle="90" ax="0" ay="-1" az="0" tx="1.2" ty="0.1975" tz="-2.1925"/>
  </Collision>
  <Connectivity>
    <Custom2DField type="22" width="8" height="8" angle="0" ax="0" ay="1" az="0" tx="-0.4" ty="0" tz="-2.8">
      22:1:1,22:2:1,22:2:1,22:2:1,22:2:1,22:2:1,22:2:1,22:2:1,22:1:1,
      22:2:1,15:4:2,23:4:1,15:4:2,23:4:1,15:4:2,23:4:1,15:4:2,22:2:1,
      22:2:1,23:4:1,7:4:1,23:4:1,7:4:1,23:4:1,7:4:1,23:4:1,22:2:1,
      22:2:1,15:4:2,23:4:1,15:4:1,23:4:1,15:4:1,23:4:1,15:4:2,22:2:1,
      22:2:1,23:4:1,7:4:1,23:4:1,29:0:1,23:4:1,7:4:1,23:4:1,22:2:1,
      22:2:1,15:4:2,23:4:1,15:4:1,23:4:1,15:4:1,23:4:1,15:4:2,22:2:1,
      22:2:1,23:4:1,7:4:1,23:4:1,7:4:1,23:4:1,7:4:1,23:4:1,22:2:1,
      22:2:1,15:4:2,23:4:1,15:4:2,23:4:1,15:4:2,23:4:1,15:4:2,22:2:1,
      22:1:1,22:2:1,22:2:1,22:2:1,22:2:1,22:2:1,22:2:1,22:2:1,22:1:1
    </Custom2DField>
    <Hinge type="68" oriented="1" angle="0" ax="0" ay="0" az="1" tx="1.2" ty="0.58" tz="-1.2"/>
  </Connectivity>
  <PhysicsAttributes inertiaTensor="0.912134,0,0,0,1.70667,0,0,0,0.912134" centerOfMass="1.2,0.42,-1.2" mass="1" frictionType="0"/>
  <Bounding>
    <AABB minX="-0.4" minY="0" minZ="-2.8" maxX="2.8" maxY="0.84" maxZ="0.4"/>
  </Bounding>
  <GeometryBounding>
    <AABB minX="-0.4" minY="0" minZ="-2.8" maxX="2.8" maxY="0.84" maxZ="0.4"/>
  </GeometryBounding>
</LEGOPrimitive>
