<?xml version="1.0" encoding="UTF-8" standalone="no" ?>
<LEGOPrimitive versionMajor="1" versionMinor="0">
  <Annotations>
    <Annotation platformid="200"/>
    <Annotation platformname="SYSTEM"/>
    <Annotation maingroupid="286"/>
    <Annotation maingroupname="FUNCTIONAL ELEMENTS"/>
    <Annotation designname="TURN TABLE, UPPER PART"/>
    <Annotation aliases="3404"/>
  </Annotations>
  <Collision>
    <Box sX="0.604103" sY="0.31" sZ="0.602293" angle="22.49999" ax="0" ay="1" az="0" tx="0.401669" ty="0.32" tz="-0.069322"/>
    <Box sX="0.604103" sY="0.31" sZ="0.602293" angle="67.49999" ax="0" ay="1" az="0" tx="0.869318" ty="0.32" tz="0.398329"/>
    <Box sX="0.604103" sY="0.31" sZ="0.602293" angle="22.49999" ax="0" ay="-1" az="0" tx="0.401671" ty="0.32" tz="-0.730679"/>
    <Box sX="0.604103" sY="0.31" sZ="0.602293" angle="67.49999" ax="0" ay="-1" az="0" tx="0.869322" ty="0.32" tz="-1.19833"/>
    <Box sX="0.604103" sY="0.31" sZ="0.602293" angle="157.5" ax="0" ay="-1" az="0" tx="1.99833" ty="0.32" tz="-0.730675"/>
    <Box sX="0.604103" sY="0.31" sZ="0.602293" angle="112.5" ax="0" ay="-1" az="0" tx="1.53068" ty="0.32" tz="-1.19833"/>
    <Box sX="0.604103" sY="0.31" sZ="0.602293" angle="157.5" ax="0" ay="1" az="0" tx="1.99833" ty="0.32" tz="-0.069318"/>
    <Box sX="0.604103" sY="0.31" sZ="0.602293" angle="112.5" ax="0" ay="1" az="0" tx="1.53068" ty="0.32" tz="0.398331"/>
  </Collision>
  <Connectivity>
    <Custom2DField type="23" width="8" height="8" angle="0" ax="0" ay="1" az="0" tx="-0.4" ty="0.64" tz="-2">
      29:0:1,29:0:1,18:1:1,23:4:1,18:2:1,23:4:1,18:1:1,29:0:1,29:0:1,
      29:0:1,29:0:1,23:4:1,0:4:1,23:4:1,0:4:1,23:4:1,29:0:1,29:0:1,
      18:1:1,23:4:1,18:3:1,23:4:1,18:4:1,23:4:1,18:3:1,23:4:1,18:1:1,
      23:4:1,0:4:1,23:4:1,0:4:1,23:4:1,0:4:1,23:4:1,0:4:1,23:4:1,
      18:2:1,23:4:1,18:4:1,23:4:1,18:4:1,23:4:1,18:4:1,23:4:1,18:2:1,
      23:4:1,0:4:1,23:4:1,0:4:1,23:4:1,0:4:1,23:4:1,0:4:1,23:4:1,
      18:1:1,23:4:1,18:3:1,23:4:1,18:4:1,23:4:1,18:3:1,23:4:1,18:1:1,
      29:0:1,29:0:1,23:4:1,0:4:1,23:4:1,0:4:1,23:4:1,29:0:1,29:0:1,
      29:0:1,29:0:1,18:1:1,23:4:1,18:2:1,23:4:1,18:1:1,29:0:1,29:0:1
    </Custom2DField>
    <Hinge type="69" oriented="1" angle="0" ax="0" ay="0" az="1" tx="1.2" ty="0.26" tz="-0.4"/>
  </Connectivity>
  <PhysicsAttributes inertiaTensor="0.909094,0,0,0,1.70667,0,0,0,0.909095" centerOfMass="1.2,0.409,-0.4" mass="1" frictionType="0"/>
  <Bounding>
    <AABB minX="-0.400001" minY="0" minZ="-2" maxX="2.8" maxY="0.818" maxZ="1.2"/>
  </Bounding>
  <GeometryBounding>
    <AABB minX="-0.4" minY="0" minZ="-2" maxX="2.8" maxY="0.818" maxZ="1.2"/>
  </GeometryBounding>
</LEGOPrimitive>
