<?xml version="1.0" encoding="UTF-8" standalone="no" ?>
<LEGOPrimitive versionMajor="1" versionMinor="0">
  <Annotations>
    <Annotation platformid="200"/>
    <Annotation platformname="SYSTEM"/>
    <Annotation maingroupid="267"/>
    <Annotation maingroupname="TYRES AND RIMS, SPECIAL"/>
    <Annotation designname="HUB FOR FORK"/>
    <Annotation aliases="3464;6226"/>
  </Annotations>
  <Collision>
    <Box sX="0.157555" sY="0.157555" sZ="0.31" angle="0" ax="0" ay="1" az="0" tx="0" ty="0" tz="-0.32"/>
    <Box sX="0.054399" sY="0.054399" sZ="0.46" angle="0" ax="0" ay="1" az="0" tx="0" ty="0" tz="-0.32"/>
    <Box sX="0.262805" sY="0.262805" sZ="0.025" angle="0" ax="0" ay="1" az="0" tx="0" ty="0" tz="-0.163"/>
    <Box sX="0.262805" sY="0.262805" sZ="0.025" angle="0" ax="0" ay="1" az="0" tx="0" ty="0" tz="-0.477"/>
  </Collision>
  <Connectivity>
    <Hinge type="61" oriented="0" angle="120" ax="-0.57735" ay="0.57735" az="-0.57735" tx="0" ty="0" tz="-0.32"/>
    <Fixed type="27" axes="1" angle="90" ax="1" ay="0" az="0" tx="0" ty="0" tz="-0.32"/>
    <Fixed type="27" axes="1" angle="89.99999" ax="-1" ay="0" az="0" tx="0" ty="0" tz="-0.32"/>
  </Connectivity>
  <PhysicsAttributes inertiaTensor="0.126967,0,0,0,0.126967,0,0,0,0.106667" centerOfMass="0,0,-0.32" mass="1" frictionType="0"/>
  <Bounding>
    <AABB minX="-0.4" minY="-0.4" minZ="-0.79" maxX="0.4" maxY="0.4" maxZ="0.15"/>
  </Bounding>
  <GeometryBounding>
    <AABB minX="-0.4" minY="-0.4" minZ="-0.79" maxX="0.4" maxY="0.4" maxZ="0.15"/>
  </GeometryBounding>
</LEGOPrimitive>
