<?xml version="1.0" encoding="UTF-8" standalone="no" ?>
<LEGOPrimitive versionMajor="1" versionMinor="0">
  <Annotations>
    <Annotation platformid="200"/>
    <Annotation platformname="SYSTEM"/>
    <Annotation maingroupid="228"/>
    <Annotation maingroupname="PLANTS"/>
    <Annotation designname="SPRUCE TREE H64"/>
    <Annotation aliases="52211;3471"/>
  </Annotations>
  <Collision>
    <Box sX="0.510548" sY="0.49" sZ="0.510548" angle="0" ax="0" ay="1" az="0" tx="0.4" ty="4.53" tz="-0.4"/>
    <Box sX="0.85529" sY="0.49" sZ="0.85529" angle="45" ax="0" ay="1" az="0" tx="0.4" ty="3.53" tz="-0.4"/>
    <Box sX="1.00931" sY="0.578998" sZ="1.00931" angle="0" ax="0" ay="1" az="0" tx="0.4" ty="2.441" tz="-0.4"/>
    <Box sX="1.23453" sY="0.24" sZ="1.23453" angle="45" ax="0" ay="1" az="0" tx="0.4" ty="1.78" tz="-0.4"/>
    <Box sX="0.202132" sY="2.95817" sZ="0.202132" angle="45" ax="0" ay="-1" az="0" tx="0.4" ty="3.32817" tz="-0.4"/>
    <Box sX="0.661751" sY="0.099987" sZ="0.661751" angle="45" ax="0" ay="1" az="0" tx="0.4" ty="0.109987" tz="-0.4"/>
  </Collision>
  <Connectivity>
    <Custom2DField type="22" width="4" height="4" angle="0" ax="0" ay="1" az="0" tx="-0.4" ty="0" tz="-1.2">
      22:1:1,22:2:1,22:2:1,22:2:1,22:1:1,
      22:2:1,15:4:1,23:4:1,15:4:1,22:2:1,
      22:2:1,23:4:1,7:4:2,23:4:1,22:2:1,
      22:2:1,15:4:1,23:4:1,15:4:1,22:2:1,
      22:1:1,22:2:1,22:2:1,22:2:1,22:1:1
    </Custom2DField>
  </Connectivity>
  <PhysicsAttributes inertiaTensor="4.37287,0,0,0,2.09005,0,0,0,4.32448" centerOfMass="0.4,3.14817,-0.354901" mass="1" frictionType="0"/>
  <Bounding>
    <AABB minX="-1.35" minY="0" minZ="-2.1459" maxX="2.15" maxY="6.29633" maxZ="1.43609"/>
  </Bounding>
  <GeometryBounding>
    <AABB minX="-1.35" minY="0" minZ="-2.14553" maxX="2.15" maxY="6.29633" maxZ="1.34553"/>
  </GeometryBounding>
</LEGOPrimitive>
