<?xml version="1.0" encoding="UTF-8" standalone="no" ?>
<LEGOPrimitive versionMajor="1" versionMinor="0">
  <Annotations>
    <Annotation platformid="200"/>
    <Annotation platformname="SYSTEM"/>
    <Annotation maingroupid="217"/>
    <Annotation maingroupname="PLATES, SPECIAL CIRCLES AND ANGLES"/>
    <Annotation designname="ELEVATOR"/>
    <Annotation aliases="3474"/>
  </Annotations>
  <Collision>
    <Box sX="2.1558" sY="0.045" sZ="0.674276" angle="16.0224" ax="0" ay="1" az="0" tx="3.7072" ty="0.265" tz="0.855484"/>
    <Box sX="0.19" sY="0.15" sZ="0.644048" angle="0" ax="0" ay="1" az="0" tx="-0.2" ty="0.16" tz="0.254048"/>
    <Box sX="1.67284" sY="0.15" sZ="0.048614" angle="29.56586" ax="0" ay="1" az="0" tx="4.38016" ty="0.16" tz="1.87191"/>
    <Box sX="1.69231" sY="0.15" sZ="0.04958" angle="29.71949" ax="0" ay="-1" az="0" tx="1.20364" ty="0.16" tz="1.8658"/>
    <Box sX="2.10027" sY="0.045" sZ="0.736271" angle="15.90919" ax="0" ay="-1" az="0" tx="1.92561" ty="0.265" tz="0.924852"/>
    <Box sX="0.19" sY="0.15" sZ="0.616347" angle="0" ax="0" ay="1" az="0" tx="5.8" ty="0.16" tz="0.226347"/>
    <Box sX="0.189962" sY="0.15" sZ="0.671281" angle="16.0224" ax="0" ay="1" az="0" tx="5.59585" ty="0.16" tz="0.310008"/>
    <Box sX="0.169577" sY="0.15" sZ="0.698449" angle="15.90919" ax="0" ay="-1" az="0" tx="0.017713" ty="0.16" tz="0.341714"/>
    <Box sX="2.406" sY="0.15" sZ="0.510656" angle="0" ax="0" ay="1" az="0" tx="2.8" ty="0.16" tz="0.930656"/>
    <Box sX="0.045" sY="0.15" sZ="0.417475" angle="0" ax="0" ay="1" az="0" tx="2.935" ty="0.16" tz="2.30482"/>
    <Box sX="0.045" sY="0.15" sZ="0.417305" angle="0" ax="0" ay="1" az="0" tx="2.665" ty="0.16" tz="2.30465"/>
    <Box sX="1.53926" sY="0.045" sZ="0.28092" angle="29.56586" ax="0" ay="1" az="0" tx="4.38172" ty="0.265" tz="1.60395"/>
    <Box sX="1.53926" sY="0.045" sZ="0.28092" angle="150.40373" ax="0" ay="1" az="0" tx="1.18652" ty="0.265" tz="1.58581"/>
  </Collision>
  <Connectivity>
    <Custom2DField type="22" width="16" height="6" angle="0" ax="0" ay="1" az="0" tx="-0.4" ty="0" tz="-0.4">
      22:1:1,22:2:1,22:2:1,29:0:1,29:0:1,29:0:1,29:0:1,29:0:1,29:0:1,29:0:1,29:0:1,29:0:1,29:0:1,29:0:1,22:2:1,22:2:1,22:1:1,
      22:2:1,15:4:1,22:2:1,29:0:1,29:0:1,29:0:1,29:0:1,29:0:1,29:0:1,29:0:1,29:0:1,29:0:1,29:0:1,29:0:1,22:2:1,15:4:1,22:2:1,
      22:2:1,9:4:1,22:2:1,22:2:1,22:2:1,22:2:1,22:2:1,22:2:1,22:2:1,22:2:1,22:2:1,22:2:1,22:2:1,22:2:1,22:2:1,9:4:1,22:2:1,
      22:2:1,15:4:1,22:2:1,15:4:1,23:4:1,15:4:1,23:4:1,15:4:1,23:4:1,15:4:1,23:4:1,15:4:1,23:4:1,15:4:1,22:2:1,15:4:1,22:2:1,
      29:0:1,22:2:1,22:2:1,23:4:1,7:4:2,23:4:1,7:4:2,23:4:1,7:4:2,23:4:1,7:4:2,23:4:1,7:4:2,23:4:1,22:2:1,22:2:1,29:0:1,
      29:0:1,29:0:1,22:2:1,22:2:1,23:4:1,15:4:1,23:4:1,15:4:1,23:4:1,15:4:1,23:4:1,15:4:1,23:4:1,22:2:1,22:2:1,29:0:1,29:0:1,
      29:0:1,29:0:1,29:0:1,29:0:1,22:2:1,22:2:1,22:2:1,22:2:1,22:2:1,22:2:1,22:2:1,22:2:1,22:2:1,29:0:1,29:0:1,29:0:1,29:0:1
    </Custom2DField>
    <Custom2DField type="23" width="16" height="6" angle="0" ax="0" ay="1" az="0" tx="-0.4" ty="0.32" tz="-0.44">
      18:1:1,23:4:1,29:0:1,29:0:1,29:0:1,29:0:1,29:0:1,29:0:1,29:0:1,29:0:1,29:0:1,29:0:1,29:0:1,29:0:1,29:0:1,23:4:1,18:1:1,
      23:4:1,0:4:1,23:4:1,29:0:1,29:0:1,29:0:1,29:0:1,29:0:1,29:0:1,29:0:1,29:0:1,29:0:1,29:0:1,29:0:1,23:4:1,0:4:1,23:4:1,
      18:2:1,23:4:1,18:3:1,23:4:1,29:0:1,23:4:1,29:0:1,23:4:1,29:0:1,23:4:1,29:0:1,23:4:1,29:0:1,23:4:1,18:3:1,23:4:1,18:2:1,
      23:4:1,0:4:1,23:4:1,0:4:1,23:4:1,0:4:1,23:4:1,0:4:1,23:4:1,0:4:1,23:4:1,0:4:1,23:4:1,0:4:1,23:4:1,0:4:1,23:4:1,
      29:0:1,23:4:1,29:0:1,23:4:1,18:3:1,23:4:1,18:4:1,23:4:1,18:4:1,23:4:1,18:4:1,23:4:1,18:3:1,23:4:1,29:0:1,23:4:1,29:0:1,
      29:0:1,29:0:1,29:0:1,29:0:1,23:4:1,0:4:1,23:4:1,0:4:1,23:4:1,0:4:1,23:4:1,0:4:1,23:4:1,29:0:1,29:0:1,29:0:1,29:0:1,
      29:0:1,29:0:1,29:0:1,29:0:1,29:0:1,23:4:1,29:0:1,23:4:1,29:0:1,23:4:1,29:0:1,23:4:1,29:0:1,29:0:1,29:0:1,29:0:1,29:0:1
    </Custom2DField>
  </Connectivity>
  <PhysicsAttributes inertiaTensor="0.895472,0,0,0,4.28813,0,0,0,3.43401" centerOfMass="2.8,0.248972,1.18" mass="1" frictionType="0"/>
  <Bounding>
    <AABB minX="-0.4" minY="-5.5E-005" minZ="-0.44" maxX="6" maxY="0.498" maxZ="2.8"/>
  </Bounding>
  <GeometryBounding>
    <AABB minX="-0.4" minY="-5.5E-005" minZ="-0.4" maxX="6" maxY="0.498" maxZ="2.8"/>
  </GeometryBounding>
</LEGOPrimitive>
