<?xml version="1.0" encoding="UTF-8" standalone="no" ?>
<LEGOPrimitive versionMajor="1" versionMinor="0">
  <Annotations>
    <Annotation platformid="200"/>
    <Annotation platformname="SYSTEM"/>
    <Annotation maingroupid="275"/>
    <Annotation maingroupname="TRANSPORTATION MEANS, AVIATION"/>
    <Annotation designname="JET ENGINE"/>
    <Annotation aliases="3475"/>
  </Annotations>
  <Collision>
    <Box sX="0.79" sY="0.39" sZ="0.15" angle="180" ax="0" ay="0.707107" az="-0.707107" tx="0.4" ty="0.16" tz="0"/>
    <Box sX="0.79" sY="0.15" sZ="0.09" angle="180" ax="0" ay="0.707107" az="-0.707107" tx="0.399" ty="0.16" tz="0.56"/>
    <Box sX="1.54" sY="0.176188" sZ="0.080826" angle="180" ax="0" ay="0.707107" az="-0.707107" tx="0.4" ty="0.534909" tz="1.19984"/>
    <Box sX="1.54" sY="0.176188" sZ="0.081" angle="180" ax="0" ay="0.707107" az="-0.707107" tx="0.4" ty="-0.204892" tz="1.19984"/>
    <Box sX="1.54" sY="0.081" sZ="0.176" angle="180" ax="0" ay="0.707107" az="-0.707107" tx="0.4" ty="0.166078" tz="1.56292"/>
    <Box sX="1.54" sY="0.081" sZ="0.176" angle="180" ax="0" ay="0.707107" az="-0.707107" tx="0.4" ty="0.163837" tz="0.836748"/>
    <Box sX="1.54" sY="0.097209" sZ="0.106" angle="180" ax="0" ay="0.92388" az="-0.382683" tx="0.4" ty="0.424588" tz="0.937225"/>
    <Box sX="1.54" sY="0.095585" sZ="0.106" angle="180" ax="0" ay="-0.382683" az="0.92388" tx="0.4" ty="0.425737" tz="1.45995"/>
    <Box sX="1.54" sY="0.101" sZ="0.096218" angle="180" ax="0" ay="-0.382684" az="0.92388" tx="0.4" ty="-0.105603" tz="1.4615"/>
    <Box sX="1.54" sY="0.101" sZ="0.097166" angle="180" ax="0" ay="0.92388" az="-0.382683" tx="0.4" ty="-0.102935" tz="0.937634"/>
    <Box sX="0.04" sY="0.255" sZ="0.255" angle="180" ax="0" ay="0.707107" az="-0.707107" tx="0.4" ty="0.16" tz="1.2"/>
  </Collision>
  <Connectivity>
    <Custom2DField type="22" width="4" height="2" angle="0" ax="0" ay="1" az="0" tx="-0.4" ty="0" tz="-0.4">
      22:1:1,22:2:1,22:2:1,22:2:1,22:1:1,
      22:2:1,15:4:1,9:4:1,15:4:1,22:2:1,
      22:1:1,22:2:1,22:2:1,22:2:1,22:1:1
    </Custom2DField>
    <Custom2DField type="23" width="4" height="2" angle="0" ax="0" ay="1" az="0" tx="-0.4" ty="0.32" tz="-0.4">
      18:1:1,23:4:1,18:2:1,23:4:1,18:1:1,
      23:4:1,0:4:1,23:4:1,0:4:1,23:4:1,
      29:0:1,23:4:1,29:0:1,23:4:1,29:0:1
    </Custom2DField>
    <Axel type="4" length="0.8" grabbing="0" startCapped="1" endCapped="0" angle="180" ax="-0.707107" ay="0.707107" az="0" tx="0.35" ty="0.16" tz="1.2"/>
    <Axel type="4" length="0.8" grabbing="0" startCapped="1" endCapped="0" angle="90" ax="0" ay="0" az="-1" tx="0.45" ty="0.16" tz="1.2"/>
    <Custom2DField type="22" width="2" height="2" angle="90" ax="0" ay="0" az="-1" tx="-1.15" ty="0.56" tz="0.8">
      29:0,29:0,29:0,
      29:0,15:4:34,29:0,
      29:0,29:0,29:0
    </Custom2DField>
    <Custom2DField type="22" width="2" height="2" angle="90" ax="0" ay="0" az="1" tx="1.95" ty="-0.24" tz="0.8">
      29:0,29:0,29:0,
      29:0,15:4:34,29:0,
      29:0,29:0,29:0
    </Custom2DField>
  </Connectivity>
  <PhysicsAttributes inertiaTensor="0.437333,0,0,0,1.16137,0,0,0,0.877634" centerOfMass="0.4,0.16,0.64" mass="1" frictionType="0"/>
  <Bounding>
    <AABB minX="-1.15" minY="-0.32" minZ="-0.4" maxX="1.95" maxY="0.64" maxZ="1.68"/>
  </Bounding>
  <GeometryBounding>
    <AABB minX="-1.15" minY="-0.32" minZ="-0.4" maxX="1.95" maxY="0.64" maxZ="1.68"/>
  </GeometryBounding>
</LEGOPrimitive>
