<?xml version="1.0" encoding="UTF-8" standalone="no" ?>
<LEGOPrimitive versionMajor="1" versionMinor="0">
  <Annotations>
    <Annotation platformid="200"/>
    <Annotation platformname="SYSTEM"/>
    <Annotation maingroupid="276"/>
    <Annotation maingroupname="CRAINS AND SCAFFOLD"/>
    <Annotation designname="RUDDER 2X2"/>
    <Annotation aliases="3479"/>
  </Annotations>
  <Collision>
    <Box sX="0.79" sY="0.065" sZ="0.79" angle="0" ax="0" ay="1" az="0" tx="-2" ty="1.845" tz="0"/>
    <Box sX="0.326427" sY="0.911826" sZ="0.065" angle="35.6633" ax="0" ay="0" az="1" tx="-1.50817" ty="0.957348" tz="0"/>
    <Box sX="0.22582" sY="1.08398" sZ="0.065" angle="44.83834" ax="0" ay="0" az="1" tx="-0.718608" ty="0.951439" tz="0"/>
    <Box sX="0.155323" sY="0.947699" sZ="0.065" angle="26.41256" ax="0.000309" ay="-0.001317" az="0.999999" tx="-2.20852" ty="0.951582" tz="0.000102"/>
    <Box sX="0.101325" sY="0.07" sZ="0.39" angle="0" ax="0" ay="1" az="0" tx="-0.4" ty="0.08" tz="0"/>
    <Box sX="0.101325" sY="0.07" sZ="0.39" angle="0" ax="0" ay="1" az="0" tx="-1.2" ty="0.08" tz="0"/>
    <Box sX="0.045662" sY="0.07" sZ="0.39" angle="0" ax="0" ay="1" az="0" tx="-1.94434" ty="0.08" tz="0"/>
    <Box sX="1.19" sY="0.07" sZ="0.065" angle="0" ax="0" ay="1" az="0" tx="-0.8" ty="0.08" tz="0"/>
  </Collision>
  <Connectivity>
    <Custom2DField type="23" width="4" height="4" angle="0" ax="0" ay="1" az="0" tx="-2.8" ty="1.92" tz="-0.8">
      18:1:1,23:4:1,18:2:1,23:4:1,18:1:1,
      23:4:1,1:4:1,23:4:1,1:4:1,23:4:1,
      18:2:1,23:4:1,18:4:1,23:4:1,18:2:1,
      23:4:1,1:4:1,23:4:1,1:4:1,23:4:1,
      18:1:1,23:4:1,18:2:1,23:4:1,18:1:1
    </Custom2DField>
    <Custom2DField type="22" width="6" height="4" angle="0" ax="0" ay="1" az="0" tx="-2" ty="0" tz="-0.8">
      29:0:1,29:0:1,29:0:1,29:0:1,29:0:1,29:0:1,29:0:1,
      22:2:1,15:4,22:2:1,15:4,22:2:1,15:4,29:0:1,
      22:2:1,22:2:1,22:2:1,22:2:1,22:2:1,22:2:1,22:2:1,
      22:2:1,15:4,22:2:1,15:4,22:2:1,15:4,29:0:1,
      29:0:1,29:0:1,29:0:1,29:0:1,29:0:1,29:0:1,29:0:1
    </Custom2DField>
  </Connectivity>
  <PhysicsAttributes inertiaTensor="0.579784,0,0,0,1.06667,0,0,0,1.21978" centerOfMass="-1.2,1.0485,0" mass="1" frictionType="0"/>
  <Bounding>
    <AABB minX="-2.8" minY="0" minZ="-0.8" maxX="0.4" maxY="2.097" maxZ="0.8"/>
  </Bounding>
  <GeometryBounding>
    <AABB minX="-2.8" minY="0" minZ="-0.8" maxX="0.4" maxY="2.097" maxZ="0.8"/>
  </GeometryBounding>
</LEGOPrimitive>
