<?xml version="1.0" encoding="UTF-8" standalone="no" ?>
<LEGOPrimitive versionMajor="1" versionMinor="0">
  <Annotations>
    <Annotation platformid="200"/>
    <Annotation platformname="SYSTEM"/>
    <Annotation maingroupid="266"/>
    <Annotation maingroupname="TYRES AND RIMS FOR/TO SNAP Ø4,85 W. CROSS"/>
    <Annotation designname="TYRE LOW NARROW Ø17 MM"/>
    <Annotation aliases="3483"/>
  </Annotations>
  <Collision>
    <Box sX="0.323165" sY="0.1605" sZ="0.33475" angle="0" ax="0" ay="1" az="0" tx="0" ty="1.0205" tz="-0.40025"/>
    <Box sX="0.323165" sY="0.162484" sZ="0.33475" angle="30" ax="0" ay="0" az="-1" tx="0.509258" ty="0.88206" tz="-0.40025"/>
    <Box sX="0.323165" sY="0.164136" sZ="0.33475" angle="60" ax="0" ay="0" az="-1" tx="0.88063" ty="0.508432" tz="-0.40025"/>
    <Box sX="0.323165" sY="0.1605" sZ="0.33475" angle="90" ax="0" ay="0" az="-1" tx="1.0205" ty="0" tz="-0.40025"/>
    <Box sX="0.323165" sY="0.164136" sZ="0.33475" angle="120" ax="0" ay="0" az="-1" tx="0.88063" ty="-0.508432" tz="-0.40025"/>
    <Box sX="0.323165" sY="0.164136" sZ="0.33475" angle="150" ax="0" ay="0" az="-1" tx="0.508432" ty="-0.88063" tz="-0.40025"/>
    <Box sX="0.323165" sY="0.1605" sZ="0.33475" angle="180" ax="0" ay="0" az="1" tx="0" ty="-1.0205" tz="-0.40025"/>
    <Box sX="0.323165" sY="0.164136" sZ="0.33475" angle="150" ax="0" ay="0" az="1" tx="-0.508432" ty="-0.88063" tz="-0.40025"/>
    <Box sX="0.323165" sY="0.164136" sZ="0.33475" angle="120" ax="0" ay="0" az="1" tx="-0.88063" ty="-0.508432" tz="-0.40025"/>
    <Box sX="0.323165" sY="0.1605" sZ="0.33475" angle="90" ax="0" ay="0" az="1" tx="-1.0205" ty="0" tz="-0.40025"/>
    <Box sX="0.323165" sY="0.164136" sZ="0.33475" angle="60" ax="0" ay="0" az="1" tx="-0.88063" ty="0.508432" tz="-0.40025"/>
    <Box sX="0.323165" sY="0.164136" sZ="0.33475" angle="30" ax="0" ay="0" az="1" tx="-0.508432" ty="0.88063" tz="-0.40025"/>
  </Collision>
  <Connectivity>
    <Fixed type="40" axes="1" angle="90" ax="1" ay="0" az="0" tx="0" ty="0" tz="-0.40025"/>
    <Fixed type="40" axes="1" angle="89.99999" ax="-1" ay="0" az="0" tx="0" ty="0" tz="-0.40025"/>
  </Connectivity>
  <PhysicsAttributes inertiaTensor="0.513124,0,0,0,0.513123,0,0,0,0.946897" centerOfMass="0,0,-0.4" mass="1" frictionType="0"/>
  <Bounding>
    <AABB minX="-1.19178" minY="-1.19178" minZ="-0.745" maxX="1.19178" maxY="1.19178" maxZ="-0.055"/>
  </Bounding>
  <GeometryBounding>
    <AABB minX="-1.19178" minY="-1.19178" minZ="-0.745" maxX="1.19178" maxY="1.19178" maxZ="-0.055"/>
  </GeometryBounding>
</LEGOPrimitive>
