<?xml version="1.0" encoding="UTF-8" standalone="no" ?>
<LEGOPrimitive versionMajor="1" versionMinor="0">
  <Annotations>
    <Annotation platformid="200"/>
    <Annotation platformname="SYSTEM"/>
    <Annotation maingroupid="225"/>
    <Annotation maingroupname="FRAMES, WINDOWS, WALLS AND DOORS"/>
    <Annotation designname="SHUTTER FOR WINDOW"/>
    <Annotation aliases="3582"/>
  </Annotations>
  <Collision>
    <Box sX="0.49" sY="0.95" sZ="0.09" angle="0" ax="0" ay="1" az="0" tx="0.7" ty="0.8" tz="0"/>
    <Box sX="0.119395" sY="0.79" sZ="0.09" angle="0" ax="0" ay="1" az="0" tx="0.070605" ty="0.8" tz="0"/>
  </Collision>
  <Connectivity>
    <Hinge type="77" oriented="0" angle="0" ax="0" ay="0" az="1" tx="0" ty="0.8" tz="0"/>
  </Connectivity>
  <PhysicsAttributes inertiaTensor="0.310533,0,0,0,0.143092,0,0,0,0.446959" centerOfMass="0.552485,0.8,0" mass="1" frictionType="0"/>
  <Bounding>
    <AABB minX="-0.095032" minY="-0.16" minZ="-0.1" maxX="1.2" maxY="1.76" maxZ="0.1"/>
  </Bounding>
  <GeometryBounding>
    <AABB minX="-0.095032" minY="-0.16" minZ="-0.1" maxX="1.2" maxY="1.76" maxZ="0.1"/>
  </GeometryBounding>
</LEGOPrimitive>
