<?xml version="1.0" encoding="UTF-8" standalone="no" ?>
<LEGOPrimitive versionMajor="1" versionMinor="0">
  <Annotations>
    <Annotation platformid="200"/>
    <Annotation platformname="SYSTEM"/>
    <Annotation maingroupid="276"/>
    <Annotation maingroupname="CRAINS AND SCAFFOLD"/>
    <Annotation designname="RUDDER"/>
    <Annotation aliases="3587"/>
  </Annotations>
  <Collision>
    <Box sX="1.19" sY="0.15" sZ="0.79" angle="0" ax="0" ay="1" az="0" tx="0.799995" ty="0.16" tz="-0.4"/>
    <Box sX="2.03651" sY="0.203898" sZ="0.07" angle="45.05" ax="0" ay="0" az="-1" tx="0.402776" ty="1.61725" tz="-0.4"/>
    <Box sX="0.54878" sY="1.15193" sZ="0.07" angle="176.29709" ax="0" ay="0" az="-1" tx="-1.51742" ty="2.15558" tz="-0.4"/>
    <Box sX="0.729864" sY="0.459546" sZ="0.07" angle="180" ax="0" ay="0" az="1" tx="0.339874" ty="0.789546" tz="-0.4"/>
    <Box sX="1.01392" sY="0.637079" sZ="0.07" angle="180" ax="0" ay="0" az="1" tx="-0.976073" ty="1.60707" tz="-0.4"/>
  </Collision>
  <Connectivity>
    <Custom2DField type="23" width="6" height="4" angle="0" ax="0" ay="1" az="0" tx="-0.4" ty="0.32" tz="-1.2">
      18:1:1,23:4:1,18:2:1,23:4:1,18:2:1,23:4:1,18:1:1,
      23:4:1,0:4:1,23:4:1,0:4:1,23:4:1,0:4:1,23:4:1,
      29:0:1,29:0:1,29:0:1,29:0:1,29:0:1,29:0:1,29:0:1,
      23:4:1,0:4:1,23:4:1,0:4:1,23:4:1,0:4:1,23:4:1,
      18:1:1,23:4:1,18:2:1,23:4:1,18:2:1,23:4:1,18:1:1
    </Custom2DField>
    <Custom2DField type="22" width="6" height="4" angle="0" ax="0" ay="1" az="0" tx="-0.4" ty="0" tz="-1.2">
      22:1:1,22:2:1,22:2:1,22:2:1,22:2:1,22:2:1,22:1:1,
      22:2:1,15:4:1,23:4:1,15:4:1,23:4:1,15:4:1,22:2:1,
      22:2:1,23:4:1,7:4:1,23:4:1,7:4:1,23:4:1,22:2:1,
      22:2:1,15:4:1,23:4:1,15:4:1,23:4:1,15:4:1,22:2:1,
      22:1:1,22:2:1,22:2:1,22:2:1,22:2:1,22:2:1,22:1:1
    </Custom2DField>
  </Connectivity>
  <PhysicsAttributes inertiaTensor="1.23304,0,0,0,1.65547,0,0,0,2.46184" centerOfMass="-0.08,1.74904,-0.4" mass="1" frictionType="0"/>
  <Bounding>
    <AABB minX="-2.16" minY="0" minZ="-1.2" maxX="2" maxY="3.49807" maxZ="0.4"/>
  </Bounding>
  <GeometryBounding>
    <AABB minX="-2.16" minY="0" minZ="-1.2" maxX="2" maxY="3.49807" maxZ="0.4"/>
  </GeometryBounding>
</LEGOPrimitive>
