<?xml version="1.0" encoding="UTF-8" standalone="no" ?>
<LEGOPrimitive versionMajor="1" versionMinor="0">
  <Annotations>
    <Annotation platformid="200"/>
    <Annotation platformname="SYSTEM"/>
    <Annotation maingroupid="216"/>
    <Annotation maingroupname="PLATES, SPECIAL"/>
    <Annotation designname="PLATE 1X1 ROUND W. BALL"/>
    <Annotation aliases="3614"/>
  </Annotations>
  <Collision>
    <Box sX="0.19" sY="0.15" sZ="0.040705" angle="0" ax="0" ay="1" az="0" tx="0" ty="0.16" tz="-0.295705"/>
    <Box sX="0.19" sY="0.15" sZ="0.040705" angle="90" ax="0" ay="1" az="0" tx="-0.295705" ty="0.16" tz="0"/>
    <Box sX="0.19" sY="0.15" sZ="0.040705" angle="180" ax="0" ay="1" az="0" tx="0" ty="0.16" tz="0.295705"/>
    <Box sX="0.19" sY="0.15" sZ="0.040705" angle="90" ax="0" ay="-1" az="0" tx="0.295705" ty="0.16" tz="0"/>
    <Box sX="0.145418" sY="0.103137" sZ="0.103137" angle="98.42106" ax="-0.357407" ay="-0.862856" az="-0.357407" tx="0" ty="0.16" tz="0.492218"/>
    <Box sX="0.161201" sY="0.15" sZ="0.040705" angle="45" ax="0" ay="1" az="0" tx="-0.209095" ty="0.16" tz="-0.209095"/>
    <Box sX="0.161201" sY="0.15" sZ="0.040705" angle="135" ax="0" ay="1" az="0" tx="-0.209095" ty="0.16" tz="0.209095"/>
    <Box sX="0.161201" sY="0.15" sZ="0.040705" angle="135" ax="0" ay="-1" az="0" tx="0.209095" ty="0.16" tz="0.209095"/>
    <Box sX="0.161201" sY="0.15" sZ="0.040705" angle="45" ax="0" ay="-1" az="0" tx="0.209095" ty="0.16" tz="-0.209095"/>
    <Sphere radius="0.25" angle="0" ax="0" ay="1" az="0" tx="0" ty="0.16" tz="0.8"/>
  </Collision>
  <Connectivity>
    <Custom2DField type="22" width="2" height="2" angle="0" ax="0" ay="1" az="0" tx="-0.4" ty="0" tz="-0.4">
      29:0,29:0,29:0,
      29:0,5:4:32,29:0,
      29:0,29:0,29:0
    </Custom2DField>
    <Ball type="3" angle="90" ax="1" ay="0" az="0" tx="0" ty="0.16" tz="0.8"/>
    <Axel type="6" length="0.5" grabbing="0" startCapped="0" endCapped="0" angle="0" ax="0" ay="0" az="1" tx="0" ty="0" tz="0"/>
    <Custom2DField type="23" width="2" height="2" angle="0" ax="0" ay="1" az="0" tx="-0.4" ty="0.32" tz="-0.4">
      29:0,29:0,29:0,
      29:0,1:4:38,29:0,
      29:0,29:0,29:0
    </Custom2DField>
  </Connectivity>
  <PhysicsAttributes inertiaTensor="0.219853,0,0,0,0.239585,0,0,0,0.086934" centerOfMass="0,0.182507,0.3475" mass="1" frictionType="0"/>
  <Bounding>
    <AABB minX="-0.4" minY="-0.134987" minZ="-0.4" maxX="0.4" maxY="0.5" maxZ="1.095"/>
  </Bounding>
  <GeometryBounding>
    <AABB minX="-0.4" minY="-0.134987" minZ="-0.4" maxX="0.4" maxY="0.498" maxZ="1.095"/>
  </GeometryBounding>
</LEGOPrimitive>
