<?xml version="1.0" encoding="UTF-8" standalone="no" ?>
<LEGOPrimitive versionMajor="1" versionMinor="0">
  <Annotations>
    <Annotation platformid="200"/>
    <Annotation platformname="SYSTEM"/>
    <Annotation maingroupid="250"/>
    <Annotation maingroupname="FIGURE, THEME"/>
    <Annotation designname="MINI WIG"/>
    <Annotation aliases="3625"/>
  </Annotations>
  <Collision>
    <Box sX="0.394834" sY="0.099717" sZ="0.44" angle="0" ax="0" ay="1" az="0" tx="0" ty="0.142455" tz="0"/>
    <Box sX="0.039332" sY="0.422356" sZ="0.154076" angle="16" ax="0" ay="0" az="1" tx="0.666595" ty="-0.369271" tz="0"/>
    <Box sX="0.024342" sY="0.362732" sZ="0.205574" angle="45" ax="0" ay="1" az="0" tx="0.377837" ty="-0.339993" tz="-0.377837"/>
    <Box sX="0.037956" sY="0.362732" sZ="0.205574" angle="90" ax="0" ay="1" az="0" tx="0" ty="-0.339993" tz="-0.547956"/>
    <Box sX="0.020685" sY="0.362732" sZ="0.205574" angle="135" ax="0" ay="1" az="0" tx="-0.375251" ty="-0.339993" tz="-0.375251"/>
    <Box sX="0.043309" sY="0.423893" sZ="0.154076" angle="180" ax="0.139173" ay="0.990268" az="0" tx="-0.670841" ty="-0.369651" tz="0"/>
    <Box sX="0.007445" sY="0.122404" sZ="0.205574" angle="135" ax="0" ay="-1" az="0" tx="-0.365889" ty="-0.099665" tz="0.365889"/>
    <Box sX="0.037956" sY="0.09597" sZ="0.205574" angle="90" ax="0" ay="-1" az="0" tx="0" ty="-0.073231" tz="0.547956"/>
    <Box sX="0.014469" sY="0.122404" sZ="0.205574" angle="45" ax="0" ay="-1" az="0" tx="0.370856" ty="-0.099665" tz="0.370856"/>
  </Collision>
  <Connectivity>
    <Custom2DField type="22" width="2" height="2" angle="0" ax="0" ay="1" az="0" tx="-0.4" ty="0" tz="-0.4">
      29:0,29:0,29:0,
      29:0,5:4:34,29:0,
      29:0,29:0,29:0
    </Custom2DField>
  </Connectivity>
  <PhysicsAttributes inertiaTensor="0.234062,0,0,0,0.386635,0,0,0,0.365779" centerOfMass="0,-0.256908,0.004343" mass="1" frictionType="0"/>
  <Bounding>
    <AABB minX="-0.881775" minY="-0.822425" minZ="-0.614024" maxX="0.881775" maxY="0.308608" maxZ="0.62271"/>
  </Bounding>
  <GeometryBounding>
    <AABB minX="-0.881775" minY="-0.822425" minZ="-0.614024" maxX="0.881775" maxY="0.308608" maxZ="0.62271"/>
  </GeometryBounding>
</LEGOPrimitive>
