<?xml version="1.0" encoding="UTF-8" standalone="no" ?>
<LEGOPrimitive versionMajor="1" versionMinor="0">
  <Annotations>
    <Annotation platformid="200"/>
    <Annotation platformname="SYSTEM"/>
    <Annotation maingroupid="242"/>
    <Annotation maingroupname="MINI FIGURE HEAD"/>
    <Annotation designname="MINI HEAD"/>
    <Annotation aliases="30011;3626;88475"/>
  </Annotations>
  <DefaultCamera lat="-0.083439" lon="0.165373"/>
  <Collision>
    <Box sX="0.0055" sY="0.47" sZ="0.159789" angle="0" ax="0" ay="1" az="0" tx="-0.2655" ty="0.48" tz="0"/>
    <Box sX="0.0055" sY="0.47" sZ="0.159789" angle="90" ax="0" ay="-1" az="0" tx="0" ty="0.48" tz="-0.2655"/>
    <Box sX="0.0055" sY="0.47" sZ="0.159789" angle="90" ax="0" ay="1" az="0" tx="0" ty="0.48" tz="0.2655"/>
    <Box sX="0.0055" sY="0.47" sZ="0.159789" angle="180" ax="0" ay="1" az="0" tx="0.2655" ty="0.48" tz="0"/>
    <Box sX="0.245209" sY="0.258337" sZ="0.080107" angle="90" ax="0" ay="-1" az="0" tx="-0.337686" ty="0.525756" tz="-0.002523"/>
    <Box sX="0.245209" sY="0.258337" sZ="0.080107" angle="180" ax="0" ay="1" az="0" tx="0.002523" ty="0.525756" tz="-0.337686"/>
    <Box sX="0.245209" sY="0.258337" sZ="0.080107" angle="0" ax="0" ay="1" az="0" tx="-0.002523" ty="0.525756" tz="0.337686"/>
    <Box sX="0.245209" sY="0.258337" sZ="0.080107" angle="90" ax="0" ay="1" az="0" tx="0.337686" ty="0.525756" tz="0.002523"/>
    <Box sX="0.157841" sY="0.142814" sZ="0.04523" angle="0" ax="0" ay="1" az="0" tx="0.001188" ty="0.736263" tz="0.302808"/>
    <Box sX="0.157841" sY="0.142814" sZ="0.04523" angle="90" ax="0" ay="1" az="0" tx="0.302808" ty="0.736263" tz="-0.001188"/>
    <Box sX="0.157841" sY="0.142814" sZ="0.04523" angle="180" ax="0" ay="1" az="0" tx="-0.001188" ty="0.736263" tz="-0.302808"/>
    <Box sX="0.157841" sY="0.142814" sZ="0.04523" angle="90" ax="0" ay="-1" az="0" tx="-0.302808" ty="0.736263" tz="0.001188"/>
    <Box sX="0.227775" sY="0.010166" sZ="0.225245" angle="90" ax="0" ay="-1" az="0" tx="0" ty="0.939834" tz="0.001188"/>
  </Collision>
  <Connectivity>
    <Custom2DField type="22" width="2" height="2" angle="0" ax="0" ay="1" az="0" tx="-0.4" ty="0" tz="-0.4">
      29:0,29:0,29:0,
      29:0,5:4:33,29:0,
      29:0,29:0,29:0
    </Custom2DField>
    <Custom2DField type="23" width="2" height="2" angle="0" ax="0" ay="1" az="0" tx="-0.4" ty="0.96" tz="-0.4">
      29:0,29:0,29:0,
      29:0,3:4:34,29:0,
      29:0,29:0,29:0
    </Custom2DField>
    <Hinge type="200" oriented="1" angle="90" ax="0" ay="1" az="0" tx="0" ty="0" tz="0"/>
  </Connectivity>
  <PhysicsAttributes inertiaTensor="0.190235,0,0,0,0.172149,0,0,0,0.190235" centerOfMass="0,0.559,0" mass="1" frictionType="0"/>
  <Decoration faces="4" subMaterialRedirectLookupTable="0,0,0,0"/>
  <Bounding>
    <AABB minX="-0.508157" minY="0" minZ="-0.508157" maxX="0.508157" maxY="1.118" maxZ="0.508157"/>
  </Bounding>
  <GeometryBounding>
    <AABB minX="-0.508157" minY="0" minZ="-0.508157" maxX="0.508157" maxY="1.118" maxZ="0.508157"/>
  </GeometryBounding>
</LEGOPrimitive>
