<?xml version="1.0" encoding="UTF-8" standalone="no" ?>
<LEGOPrimitive versionMajor="1" versionMinor="0">
  <Annotations>
    <Annotation platformid="200"/>
    <Annotation platformname="SYSTEM"/>
    <Annotation maingroupid="250"/>
    <Annotation maingroupname="FIGURE, THEME"/>
    <Annotation designname="MINI COWBOYHAT"/>
    <Annotation aliases="3629"/>
  </Annotations>
  <Collision>
    <Box sX="0.705919" sY="0.408593" sZ="0.043039" angle="120" ax="-0.57735" ay="0.57735" az="0.57735" tx="0" ty="0.129254" tz="-0.003662"/>
    <Box sX="0.568487" sY="0.619654" sZ="0.033867" angle="120" ax="-0.57735" ay="0.57735" az="0.57735" tx="0" ty="0.164911" tz="0.011326"/>
    <Box sX="0.34434" sY="0.151113" sZ="0.052487" angle="101.52549" ax="0.408081" ay="0.816663" az="-0.408081" tx="0.675441" ty="0.221563" tz="0.011326"/>
    <Box sX="0.277397" sY="0.283126" sZ="0.265245" angle="120" ax="-0.57735" ay="0.57735" az="0.57735" tx="-0.004662" ty="0.482935" tz="0.002726"/>
    <Box sX="0.34434" sY="0.151113" sZ="0.052487" angle="101.52549" ax="0.408081" ay="0.816663" az="-0.408081" tx="0.675441" ty="0.221563" tz="0.011326"/>
    <Box sX="0.34434" sY="0.151113" sZ="0.052487" angle="101.52549" ax="-0.408081" ay="0.816663" az="0.408081" tx="-0.675441" ty="0.221563" tz="0.011326"/>
  </Collision>
  <Connectivity>
    <Custom2DField type="22" width="2" height="2" angle="0" ax="0" ay="1" az="0" tx="-0.4" ty="0" tz="-0.4">
      29:0,29:0,29:0,
      29:0,15:4:33,29:0,
      29:0,29:0,29:0
    </Custom2DField>
  </Connectivity>
  <PhysicsAttributes inertiaTensor="0.318423,0,0,0,0.529784,0,0,0,0.324377" centerOfMass="0,0.411734,0" mass="1" frictionType="0"/>
  <Bounding>
    <AABB minX="-0.896431" minY="0" minZ="-0.886423" maxX="0.89645" maxY="0.823469" maxZ="0.886423"/>
  </Bounding>
  <GeometryBounding>
    <AABB minX="-0.896412" minY="0" minZ="-0.886423" maxX="0.896431" maxY="0.823469" maxZ="0.886423"/>
  </GeometryBounding>
</LEGOPrimitive>
