<?xml version="1.0" encoding="UTF-8" standalone="no" ?>
<LEGOPrimitive versionMajor="1" versionMinor="0">
  <Annotations>
    <Annotation platformid="200"/>
    <Annotation platformname="SYSTEM"/>
    <Annotation maingroupid="268"/>
    <Annotation maingroupname="WHEEL BASE"/>
    <Annotation designname="TRACTOR TYRE Ø17/Ø43"/>
    <Annotation aliases="3634"/>
  </Annotations>
  <Collision>
    <Box sX="0.562139" sY="0.609969" sZ="0.54" angle="0" ax="0" ay="1" az="0" tx="0" ty="1.46997" tz="-0.621442"/>
    <Box sX="0.562139" sY="0.609969" sZ="0.54" angle="30" ax="0" ay="0" az="1" tx="-0.734985" ty="1.27303" tz="-0.621442"/>
    <Box sX="0.562139" sY="0.609969" sZ="0.54" angle="60" ax="0" ay="0" az="1" tx="-1.27303" ty="0.734985" tz="-0.621442"/>
    <Box sX="0.562139" sY="0.609969" sZ="0.54" angle="90" ax="0" ay="0" az="1" tx="-1.46997" ty="0" tz="-0.621442"/>
    <Box sX="0.562139" sY="0.609969" sZ="0.54" angle="120" ax="0" ay="0" az="1" tx="-1.27303" ty="-0.734985" tz="-0.621442"/>
    <Box sX="0.562139" sY="0.609969" sZ="0.54" angle="150" ax="0" ay="0" az="1" tx="-0.734985" ty="-1.27303" tz="-0.621442"/>
    <Box sX="0.562139" sY="0.609969" sZ="0.54" angle="180" ax="0" ay="0" az="1" tx="0" ty="-1.46997" tz="-0.621442"/>
    <Box sX="0.562139" sY="0.609969" sZ="0.54" angle="150" ax="0" ay="0" az="-1" tx="0.734985" ty="-1.27303" tz="-0.621442"/>
    <Box sX="0.562139" sY="0.609969" sZ="0.54" angle="120" ax="0" ay="0" az="-1" tx="1.27303" ty="-0.734985" tz="-0.621442"/>
    <Box sX="0.562139" sY="0.609969" sZ="0.54" angle="90" ax="0" ay="0" az="-1" tx="1.46997" ty="0" tz="-0.621442"/>
    <Box sX="0.562139" sY="0.609969" sZ="0.54" angle="60" ax="0" ay="0" az="-1" tx="1.27303" ty="0.734985" tz="-0.621442"/>
    <Box sX="0.562139" sY="0.609969" sZ="0.54" angle="30" ax="0" ay="0" az="-1" tx="0.734985" ty="1.27303" tz="-0.621442"/>
  </Collision>
  <Connectivity>
    <Fixed type="40" axes="1" angle="90" ax="1" ay="0" az="0" tx="0" ty="0" tz="-0.4"/>
    <Fixed type="40" axes="1" angle="89.99999" ax="-1" ay="0" az="0" tx="0" ty="0" tz="-0.4"/>
  </Connectivity>
  <PhysicsAttributes inertiaTensor="1.62999,0,0,0,1.62999,0,0,0,3.05832" centerOfMass="0,0,-0.621442" mass="1" frictionType="0"/>
  <Bounding>
    <AABB minX="-2.14184" minY="-2.14184" minZ="-1.17144" maxX="2.14184" maxY="2.14184" maxZ="-0.071442"/>
  </Bounding>
  <GeometryBounding>
    <AABB minX="-2.14184" minY="-2.14184" minZ="-1.17144" maxX="2.14184" maxY="2.14184" maxZ="-0.071442"/>
  </GeometryBounding>
</LEGOPrimitive>
