<?xml version="1.0" encoding="UTF-8" standalone="no" ?>
<LEGOPrimitive versionMajor="1" versionMinor="0">
  <Annotations>
    <Annotation platformid="200"/>
    <Annotation platformname="SYSTEM"/>
    <Annotation maingroupid="286"/>
    <Annotation maingroupname="FUNCTIONAL ELEMENTS"/>
    <Annotation designname="PLATE 2X4 CROSS COUPLING"/>
    <Annotation aliases="3639"/>
  </Annotations>
  <Collision>
    <Box sX="1.65" sY="0.15" sZ="0.79" angle="180" ax="0" ay="1" az="0" tx="1.14" ty="0.16" tz="-0.4"/>
    <Box sX="0.25" sY="0.64" sZ="0.15" angle="180" ax="0" ay="1" az="0" tx="-0.78" ty="0.16" tz="-0.4"/>
    <Box sX="0.102644" sY="0.34" sZ="0.102644" angle="180" ax="0" ay="1" az="0" tx="-1.2" ty="0.61" tz="-0.4"/>
    <Box sX="0.102644" sY="0.34" sZ="0.102644" angle="180" ax="0" ay="1" az="0" tx="-1.2" ty="-0.29" tz="-0.4"/>
    <Box sX="0.05" sY="0.668485" sZ="0.44392" angle="180" ax="0" ay="0.924022" az="0.382339" tx="-0.46" ty="0.160611" tz="-0.400612"/>
    <Box sX="0.05" sY="0.442548" sZ="0.66916" angle="180" ax="0" ay="0.924022" az="0.382339" tx="-0.46" ty="0.160358" tz="-0.399642"/>
    <Box sX="0.05" sY="0.79" sZ="0.15" angle="180" ax="0" ay="1" az="0" tx="-0.46" ty="0.16" tz="-0.4"/>
  </Collision>
  <Connectivity>
    <Custom2DField type="23" width="8" height="4" angle="0" ax="0" ay="1" az="0" tx="-0.4" ty="0.32" tz="-1.2">
      29:0:1,23:4:1,18:2:1,23:4:1,18:2:1,23:4:1,18:2:1,23:4:1,18:1:1,
      23:4:1,0:4:1,23:4:1,0:4:1,23:4:1,0:4:1,23:4:1,0:4:1,23:4:1,
      29:0:1,23:4:1,18:4:1,23:4:1,18:4:1,23:4:1,18:4:1,23:4:1,18:2:1,
      23:4:1,0:4:1,23:4:1,0:4:1,23:4:1,0:4:1,23:4:1,0:4:1,23:4:1,
      29:0:1,23:4:1,18:2:1,23:4:1,18:2:1,23:4:1,18:2:1,23:4:1,18:1:1
    </Custom2DField>
    <Custom2DField type="22" width="8" height="4" angle="0" ax="0" ay="1" az="0" tx="-0.4" ty="0" tz="-1.2">
      22:1:1,22:2:1,22:2:1,22:2:1,22:2:1,22:2:1,22:2:1,22:2:1,22:1:1,
      22:2:1,15:4:1,23:4:1,15:4:1,23:4:1,15:4:1,23:4:1,15:4:1,22:2:1,
      22:2:1,23:4:1,7:4:2,23:4:1,7:4:2,23:4:1,7:4:2,23:4:1,22:2:1,
      22:2:1,15:4:1,23:4:1,15:4:1,23:4:1,15:4:1,23:4:1,15:4:1,22:2:1,
      22:1:1,22:2:1,22:2:1,22:2:1,22:2:1,22:2:1,22:2:1,22:2:1,22:1:1
    </Custom2DField>
    <Hinge type="5" oriented="0" angle="180" ax="0" ay="1" az="0" tx="-1.2" ty="0.16" tz="-0.4"/>
  </Connectivity>
  <PhysicsAttributes inertiaTensor="0.426667,0,0,0,1.65554,0,0,0,1.65554" centerOfMass="0.719945,0.16,-0.4" mass="1" frictionType="0"/>
  <Bounding>
    <AABB minX="-1.36011" minY="-0.64" minZ="-1.2" maxX="2.8" maxY="0.96" maxZ="0.4"/>
  </Bounding>
  <GeometryBounding>
    <AABB minX="-1.36" minY="-0.64" minZ="-1.2" maxX="2.8" maxY="0.96" maxZ="0.4"/>
  </GeometryBounding>
</LEGOPrimitive>
