<?xml version="1.0" encoding="UTF-8" standalone="no" ?>
<LEGOPrimitive versionMajor="1" versionMinor="0">
  <Annotations>
    <Annotation platformid="200"/>
    <Annotation platformname="SYSTEM"/>
    <Annotation maingroupid="286"/>
    <Annotation maingroupname="FUNCTIONAL ELEMENTS"/>
    <Annotation designname="PLATE 2X4 ACROSS HINGE"/>
    <Annotation aliases="3640"/>
  </Annotations>
  <Collision>
    <Box sX="1.59" sY="0.15" sZ="0.79" angle="180" ax="0" ay="1" az="0" tx="1.2" ty="0.16" tz="-0.4"/>
    <Box sX="0.158281" sY="0.065" sZ="0.64" angle="180" ax="0" ay="1" az="0" tx="-0.866718" ty="0.885" tz="-0.4"/>
    <Box sX="0.05" sY="0.490381" sZ="0.64" angle="180" ax="-0.217108" ay="0.976148" az="0" tx="-0.540689" ty="0.481359" tz="-0.4"/>
    <Box sX="0.05" sY="0.490381" sZ="0.64" angle="180" ax="0.216006" ay="0.976392" az="0" tx="-0.541771" ty="-0.161004" tz="-0.4"/>
    <Box sX="0.158281" sY="0.065" sZ="0.64" angle="180" ax="0" ay="1" az="0" tx="-0.866718" ty="-0.565" tz="-0.4"/>
    <Box sX="0.18918" sY="0.065" sZ="0.64" angle="180" ax="0" ay="0.707107" az="0.707107" tx="-0.83582" ty="0.16" tz="0.175"/>
    <Box sX="0.18918" sY="0.065" sZ="0.64" angle="180" ax="0" ay="0.707107" az="0.707107" tx="-0.83582" ty="0.16" tz="-0.975"/>
    <Box sX="0.18918" sY="0.05" sZ="0.64" angle="180" ax="0" ay="0.707107" az="0.707107" tx="-0.83582" ty="0.16" tz="-0.4"/>
    <Box sX="0.192027" sY="0.065" sZ="0.192086" angle="108.32255" ax="0" ay="-1" az="0" tx="-1.16333" ty="-0.565" tz="-0.005314"/>
    <Box sX="0.122051" sY="0.065" sZ="0.110747" angle="137.06442" ax="0" ay="-1" az="0" tx="-1.41022" ty="-0.565" tz="-0.061869"/>
    <Box sX="0.11304" sY="0.065" sZ="0.04992" angle="15.29226" ax="0" ay="1" az="0" tx="-1.39382" ty="-0.565" tz="-0.177866"/>
    <Box sX="0.043079" sY="0.065" sZ="0.026226" angle="60.08752" ax="0" ay="1" az="0" tx="-1.54337" ty="-0.565" tz="-0.130759"/>
    <Box sX="0.192027" sY="0.065" sZ="0.192086" angle="108.32255" ax="0" ay="1" az="0" tx="-1.16333" ty="-0.565" tz="-0.793928"/>
    <Box sX="0.122051" sY="0.065" sZ="0.110747" angle="137.06442" ax="0" ay="1" az="0" tx="-1.41022" ty="-0.565" tz="-0.737372"/>
    <Box sX="0.11304" sY="0.065" sZ="0.04992" angle="15.29226" ax="0" ay="-1" az="0" tx="-1.39382" ty="-0.565" tz="-0.621375"/>
    <Box sX="0.043079" sY="0.065" sZ="0.026226" angle="60.08752" ax="0" ay="-1" az="0" tx="-1.54337" ty="-0.565" tz="-0.668482"/>
    <Box sX="0.192027" sY="0.065" sZ="0.192086" angle="108.32255" ax="0" ay="1" az="0" tx="-1.16333" ty="0.885" tz="-0.793928"/>
    <Box sX="0.122051" sY="0.065" sZ="0.110747" angle="137.06442" ax="0" ay="1" az="0" tx="-1.41022" ty="0.885" tz="-0.737372"/>
    <Box sX="0.11304" sY="0.065" sZ="0.04992" angle="15.29226" ax="0" ay="-1" az="0" tx="-1.39382" ty="0.885" tz="-0.621375"/>
    <Box sX="0.043079" sY="0.065" sZ="0.026226" angle="60.08752" ax="0" ay="-1" az="0" tx="-1.54337" ty="0.885" tz="-0.668482"/>
    <Box sX="0.192027" sY="0.065" sZ="0.192086" angle="108.32255" ax="0" ay="-1" az="0" tx="-1.16333" ty="0.885" tz="-0.005314"/>
    <Box sX="0.122051" sY="0.065" sZ="0.110747" angle="137.06442" ax="0" ay="-1" az="0" tx="-1.41022" ty="0.885" tz="-0.061869"/>
    <Box sX="0.11304" sY="0.065" sZ="0.04992" angle="15.29226" ax="0" ay="1" az="0" tx="-1.39382" ty="0.885" tz="-0.177866"/>
    <Box sX="0.043079" sY="0.065" sZ="0.026226" angle="60.08752" ax="0" ay="1" az="0" tx="-1.54337" ty="0.885" tz="-0.130759"/>
    <Box sX="0.430187" sY="0.05" sZ="0.09" angle="180" ax="0" ay="0.707107" az="0.707107" tx="-0.897983" ty="0.16" tz="-0.4"/>
    <Box sX="0.416563" sY="0.14" sZ="0.09" angle="180" ax="0" ay="0.707107" az="0.707107" tx="-0.765828" ty="0.16" tz="-0.4"/>
    <Box sX="0.08362" sY="0.302138" sZ="0.065" angle="180" ax="0" ay="1" az="0" tx="-0.567299" ty="0.160587" tz="0.175"/>
    <Box sX="0.08362" sY="0.302138" sZ="0.065" angle="180" ax="0" ay="1" az="0" tx="-0.567299" ty="0.160587" tz="-0.975"/>
  </Collision>
  <Connectivity>
    <Hinge type="4" oriented="0" angle="0" ax="0" ay="0" az="1" tx="-1.2" ty="0.16" tz="-0.4" LimMin="-1.5707963705062866" LimMax="1.5707963705062866" FlipLimMin="-1.5707963705062866" FlipLimMax="1.5707963705062866" />
    <Custom2DField type="22" width="8" height="4" angle="0" ax="0" ay="1" az="0" tx="-0.4" ty="0" tz="-1.2">
      22:1:1,22:2:1,22:2:1,22:2:1,22:2:1,22:2:1,22:2:1,22:2:1,22:1:1,
      22:2:1,15:4:1,23:4:1,15:4:1,23:4:1,15:4:1,23:4:1,15:4:1,22:2:1,
      22:2:1,23:4:1,7:4:2,23:4:1,7:4:2,23:4:1,7:4:2,23:4:1,22:2:1,
      22:2:1,15:4:1,23:4:1,15:4:1,23:4:1,15:4:1,23:4:1,15:4:1,22:2:1,
      22:1:1,22:2:1,22:2:1,22:2:1,22:2:1,22:2:1,22:2:1,22:2:1,22:1:1
    </Custom2DField>
    <Custom2DField type="23" width="8" height="4" angle="0" ax="0" ay="1" az="0" tx="-0.4" ty="0.32" tz="-1.2">
      29:0:1,23:4:1,18:2:1,23:4:1,18:2:1,23:4:1,18:2:1,23:4:1,18:1:1,
      23:4:1,0:4:1,23:4:1,0:4:1,23:4:1,0:4:1,23:4:1,0:4:1,23:4:1,
      29:0:1,23:4:1,18:4:1,23:4:1,18:4:1,23:4:1,18:4:1,23:4:1,18:2:1,
      23:4:1,0:4:1,23:4:1,0:4:1,23:4:1,0:4:1,23:4:1,0:4:1,23:4:1,
      29:0:1,23:4:1,18:2:1,23:4:1,18:2:1,23:4:1,18:2:1,23:4:1,18:1:1
    </Custom2DField>
  </Connectivity>
  <PhysicsAttributes inertiaTensor="0.426667,0,0,0,1.8234,0,0,0,1.8234" centerOfMass="0.602228,0.16,-0.4" mass="1" frictionType="0"/>
  <Bounding>
    <AABB minX="-1.59554" minY="-0.64" minZ="-1.2" maxX="2.8" maxY="0.96" maxZ="0.4"/>
  </Bounding>
  <GeometryBounding>
    <AABB minX="-1.59554" minY="-0.64" minZ="-1.2" maxX="2.8" maxY="0.96" maxZ="0.4"/>
  </GeometryBounding>
</LEGOPrimitive>
