<?xml version="1.0" encoding="UTF-8" standalone="no" ?>
<LEGOPrimitive versionMajor="1" versionMinor="0">
  <Annotations>
    <Annotation platformid="200"/>
    <Annotation platformname="SYSTEM"/>
    <Annotation maingroupid="265"/>
    <Annotation maingroupname="TYRES AND RIMS FOR SNAP Ø3,2"/>
    <Annotation designname="TYRE HIGH NARROW Ø15 X 6"/>
    <Annotation aliases="3641"/>
  </Annotations>
  <Collision>
    <Box sX="0.244011" sY="0.117444" sZ="0.29" angle="22.49999" ax="0" ay="0" az="1" tx="-0.205653" ty="0.505664" tz="-0.3"/>
    <Box sX="0.244011" sY="0.117444" sZ="0.29" angle="22.49999" ax="0" ay="0" az="-1" tx="0.211646" ty="0.503076" tz="-0.3"/>
    <Box sX="0.244011" sY="0.117444" sZ="0.29" angle="67.5" ax="0" ay="0" az="-1" tx="0.504891" ty="0.20617" tz="-0.3"/>
    <Box sX="0.244011" sY="0.117444" sZ="0.29" angle="112.49999" ax="0" ay="0" az="-1" tx="0.502302" ty="-0.211129" tz="-0.3"/>
    <Box sX="0.244011" sY="0.117444" sZ="0.29" angle="157.5" ax="0" ay="0" az="-1" tx="0.205397" ty="-0.504374" tz="-0.3"/>
    <Box sX="0.244011" sY="0.117444" sZ="0.29" angle="157.5" ax="0" ay="0" az="1" tx="-0.211903" ty="-0.501786" tz="-0.3"/>
    <Box sX="0.244011" sY="0.117444" sZ="0.29" angle="112.49999" ax="0" ay="0" az="1" tx="-0.505148" ty="-0.20488" tz="-0.3"/>
    <Box sX="0.244011" sY="0.117444" sZ="0.29" angle="67.5" ax="0" ay="0" az="1" tx="-0.502559" ty="0.21242" tz="-0.3"/>
  </Collision>
  <Connectivity>
    <Fixed type="26" axes="1" angle="90" ax="1" ay="0" az="0" tx="0" ty="0" tz="-0.3"/>
    <Fixed type="26" axes="1" angle="89.99999" ax="-1" ay="0" az="0" tx="0" ty="0" tz="-0.3"/>
  </Connectivity>
  <PhysicsAttributes inertiaTensor="0.203236,0,0,0,0.203236,0,0,0,0.346471" centerOfMass="0,0,-0.3" mass="1" frictionType="0"/>
  <Bounding>
    <AABB minX="-0.720907" minY="-0.720907" minZ="-0.6" maxX="0.720907" maxY="0.720907" maxZ="0"/>
  </Bounding>
  <GeometryBounding>
    <AABB minX="-0.720907" minY="-0.720907" minZ="-0.6" maxX="0.720907" maxY="0.720907" maxZ="0"/>
  </GeometryBounding>
</LEGOPrimitive>
