<?xml version="1.0" encoding="UTF-8" standalone="no" ?>
<LEGOPrimitive versionMajor="1" versionMinor="0">
  <Annotations>
    <Annotation platformid="300"/>
    <Annotation platformname="TECHNIC"/>
    <Annotation maingroupid="388"/>
    <Annotation maingroupname="FUNCTIONAL ELEMENTS, GEAR WHEELS AND RACKS"/>
    <Annotation designname="GEAR WHEEL T=8, M=1"/>
    <Annotation aliases="3647"/>
  </Annotations>
  <Collision>
    <Box sX="0.018035" sY="0.083594" sZ="0.189741" angle="0" ax="0" ay="1" az="0" tx="-5.2E-005" ty="0.396554" tz="-0.39973"/>
    <Box sX="0.018898" sY="0.050283" sZ="0.390282" angle="0" ax="0" ay="1" az="0" tx="-0.27397" ty="0.000515" tz="-0.399793"/>
    <Box sX="0.011038" sY="0.050283" sZ="0.390282" angle="22.49999" ax="0" ay="0" az="1" tx="-0.260574" ty="-0.107376" tz="-0.399793"/>
    <Box sX="0.018898" sY="0.050283" sZ="0.390282" angle="45" ax="0" ay="0" az="1" tx="-0.19409" ty="-0.193362" tz="-0.399793"/>
    <Box sX="0.011038" sY="0.050283" sZ="0.390282" angle="67.49999" ax="0" ay="0" az="1" tx="-0.108328" ty="-0.26018" tz="-0.399793"/>
    <Box sX="0.018898" sY="0.050283" sZ="0.390282" angle="90" ax="0" ay="0" az="1" tx="-0.000515" ty="-0.27397" tz="-0.399793"/>
    <Box sX="0.010865" sY="0.050283" sZ="0.390282" angle="112.5" ax="0" ay="0" az="1" tx="0.107442" ty="-0.260734" tz="-0.399793"/>
    <Box sX="0.018898" sY="0.050283" sZ="0.390282" angle="135" ax="0" ay="0" az="1" tx="0.193362" ty="-0.19409" tz="-0.399793"/>
    <Box sX="0.018035" sY="0.034783" sZ="0.189741" angle="0" ax="0" ay="1" az="0" tx="-5.2E-005" ty="0.445365" tz="-0.39973"/>
    <Box sX="0.018035" sY="0.083583" sZ="0.189741" angle="45" ax="0" ay="0" az="1" tx="-0.28045" ty="0.280377" tz="-0.39973"/>
    <Box sX="0.018035" sY="0.034783" sZ="0.189741" angle="45" ax="0" ay="0" az="1" tx="-0.314957" ty="0.314884" tz="-0.39973"/>
    <Box sX="0.018035" sY="0.083594" sZ="0.189741" angle="90" ax="0" ay="0" az="1" tx="-0.396554" ty="-5.2E-005" tz="-0.39973"/>
    <Box sX="0.018035" sY="0.034783" sZ="0.189741" angle="90" ax="0" ay="0" az="1" tx="-0.445365" ty="-5.2E-005" tz="-0.39973"/>
    <Box sX="0.018035" sY="0.083502" sZ="0.189741" angle="135" ax="0" ay="0" az="1" tx="-0.280434" ty="-0.280508" tz="-0.39973"/>
    <Box sX="0.018035" sY="0.034783" sZ="0.189741" angle="135" ax="0" ay="0" az="1" tx="-0.314884" ty="-0.314957" tz="-0.39973"/>
    <Box sX="0.018035" sY="0.083583" sZ="0.189741" angle="180" ax="0" ay="0" az="1" tx="5.2E-005" ty="-0.396565" tz="-0.39973"/>
    <Box sX="0.018035" sY="0.034783" sZ="0.189741" angle="180" ax="0" ay="0" az="1" tx="5.2E-005" ty="-0.445365" tz="-0.39973"/>
    <Box sX="0.018035" sY="0.083502" sZ="0.189741" angle="135" ax="0" ay="0" az="-1" tx="0.280508" ty="-0.280434" tz="-0.39973"/>
    <Box sX="0.018035" sY="0.034783" sZ="0.189741" angle="135" ax="0" ay="0" az="-1" tx="0.314957" ty="-0.314884" tz="-0.39973"/>
    <Box sX="0.018035" sY="0.083502" sZ="0.189741" angle="90" ax="0" ay="0" az="-1" tx="0.396646" ty="5.2E-005" tz="-0.39973"/>
    <Box sX="0.018035" sY="0.034783" sZ="0.189741" angle="90" ax="0" ay="0" az="-1" tx="0.445365" ty="5.2E-005" tz="-0.39973"/>
    <Box sX="0.018035" sY="0.083451" sZ="0.189741" angle="45" ax="0" ay="0" az="-1" tx="0.28047" ty="0.280544" tz="-0.39973"/>
    <Box sX="0.018035" sY="0.034783" sZ="0.189741" angle="45" ax="0" ay="0" az="-1" tx="0.314884" ty="0.314957" tz="-0.39973"/>
    <Box sX="0.051313" sY="0.052384" sZ="0.390282" angle="0" ax="0" ay="1" az="0" tx="-0.151141" ty="0.153114" tz="-0.399793"/>
    <Box sX="0.051313" sY="0.052384" sZ="0.390282" angle="90" ax="0" ay="0" az="1" tx="-0.152213" ty="-0.151141" tz="-0.399793"/>
    <Box sX="0.051313" sY="0.052384" sZ="0.390282" angle="180" ax="0" ay="0" az="1" tx="0.152043" ty="-0.152213" tz="-0.399793"/>
    <Box sX="0.051313" sY="0.052384" sZ="0.390282" angle="90" ax="0" ay="0" az="-1" tx="0.153114" ty="0.152043" tz="-0.399793"/>
    <Box sX="0.011038" sY="0.050283" sZ="0.390282" angle="157.5" ax="0" ay="0" az="1" tx="0.26018" ty="-0.108327" tz="-0.399793"/>
    <Box sX="0.018898" sY="0.050283" sZ="0.390282" angle="180" ax="0" ay="0" az="1" tx="0.27397" ty="-0.000515" tz="-0.399793"/>
    <Box sX="0.010865" sY="0.050283" sZ="0.390282" angle="157.5" ax="0" ay="0" az="-1" tx="0.260734" ty="0.107442" tz="-0.399793"/>
    <Box sX="0.018898" sY="0.050283" sZ="0.390282" angle="135" ax="0" ay="0" az="-1" tx="0.19409" ty="0.193362" tz="-0.399793"/>
    <Box sX="0.010865" sY="0.050283" sZ="0.390282" angle="112.5" ax="0" ay="0" az="-1" tx="0.108394" ty="0.26034" tz="-0.399793"/>
    <Box sX="0.018898" sY="0.050283" sZ="0.390282" angle="90" ax="0" ay="0" az="-1" tx="0.000515" ty="0.27397" tz="-0.399793"/>
    <Box sX="0.011038" sY="0.050283" sZ="0.390282" angle="67.49999" ax="0" ay="0" az="-1" tx="-0.107376" ty="0.260575" tz="-0.399793"/>
    <Box sX="0.018898" sY="0.050283" sZ="0.390282" angle="45" ax="0" ay="0" az="-1" tx="-0.193362" ty="0.19409" tz="-0.399793"/>
    <Box sX="0.010865" sY="0.050283" sZ="0.390282" angle="22.49999" ax="0" ay="0" az="-1" tx="-0.26034" ty="0.108394" tz="-0.399793"/>
  </Collision>
  <Connectivity>
    <Axel type="4" length="0.8" grabbing="0" startCapped="0" endCapped="0" angle="120" ax="-0.57735" ay="0.57735" az="-0.57735" tx="0" ty="0" tz="0"/>
    <Gear type="3" toothCount="8" radius="0.40000000596046448"  angle="0" ax="0" ay="0" az="1" tx="0" ty="0" tz="-0.585"/>
  </Connectivity>
  <PhysicsAttributes inertiaTensor="0.13349,0,0,0,0.13349,0,0,0,0.160163" centerOfMass="0,0,-0.399793" mass="1" frictionType="0"/>
  <Bounding>
    <AABB minX="-0.490148" minY="-0.490148" minZ="-0.800075" maxX="0.490148" maxY="0.490148" maxZ="0.00049"/>
  </Bounding>
  <GeometryBounding>
    <AABB minX="-0.490148" minY="-0.490148" minZ="-0.800075" maxX="0.490148" maxY="0.490148" maxZ="0.00049"/>
  </GeometryBounding>
</LEGOPrimitive>
