<?xml version="1.0" encoding="UTF-8" standalone="no" ?>
<LEGOPrimitive versionMajor="1" versionMinor="0">
  <Annotations>
    <Annotation platformid="200"/>
    <Annotation platformname="SYSTEM"/>
    <Annotation maingroupid="205"/>
    <Annotation maingroupname="BRICKS WITH SLOPE"/>
    <Annotation designname="ROOF TILE 2X2/45 INV."/>
    <Annotation aliases="3660"/>
  </Annotations>
  <Collision>
    <Box sX="0.79" sY="0.39" sZ="0.47" angle="180" ax="0" ay="0.707107" az="-0.707107" tx="0.4" ty="0.48" tz="0"/>
    <Box sX="0.79" sY="0.082472" sZ="0.56603" angle="180" ax="0" ay="0.920437" az="-0.390892" tx="0.4" ty="0.478714" tz="0.733458"/>
    <Box sX="0.79" sY="0.79" sZ="0.0555" angle="180" ax="0" ay="-0.707107" az="0.707107" tx="0.4" ty="0.8945" tz="0.4"/>
    <Box sX="0.79" sY="0.574912" sZ="0.273575" angle="180" ax="0" ay="-0.707107" az="0.707107" tx="0.4" ty="0.676425" tz="0.184912"/>
  </Collision>
  <Connectivity>
    <Custom2DField type="22" width="4" height="2" angle="0" ax="0" ay="1" az="0" tx="-0.4" ty="0" tz="-0.4">
      22:1:1,22:2:1,22:2:1,22:2:1,22:1:1,
      22:2:1,15:4:1,24:4:1,15:4:1,22:2:1,
      22:1:1,22:2:1,22:2:1,22:2:1,22:1:1
    </Custom2DField>
    <Custom2DField type="23" width="4" height="4" angle="0" ax="0" ay="1" az="0" tx="-0.4" ty="0.96" tz="-0.4">
      18:1:1,23:4:1,18:2:1,23:4:1,18:1:1,
      23:4:1,0:4:1,23:4:1,0:4:1,23:4:1,
      18:2:1,23:4:1,18:4:1,23:4:1,18:2:1,
      23:4:1,1:4,23:4:1,1:4,23:4:1,
      18:1:1,23:4:1,18:2:1,23:4:1,18:1:1
    </Custom2DField>
  </Connectivity>
  <PhysicsAttributes inertiaTensor="0.321254,0,0,0,0.426667,0,0,0,0.321254" centerOfMass="0.4,0.569,0.4" mass="1" frictionType="0"/>
  <Bounding>
    <AABB minX="-0.4" minY="0" minZ="-0.4" maxX="1.2" maxY="1.138" maxZ="1.2"/>
  </Bounding>
  <GeometryBounding>
    <AABB minX="-0.4" minY="0" minZ="-0.4" maxX="1.2" maxY="1.138" maxZ="1.2"/>
  </GeometryBounding>
</LEGOPrimitive>
