<?xml version="1.0" encoding="UTF-8" standalone="no" ?>
<LEGOPrimitive versionMajor="1" versionMinor="0">
  <Annotations>
    <Annotation platformid="300"/>
    <Annotation platformname="TECHNIC"/>
    <Annotation maingroupid="385"/>
    <Annotation maingroupname="CONNECTORS"/>
    <Annotation designname="CONNECTOR PEG"/>
    <Annotation aliases="3673"/>
  </Annotations>
  <Collision>
    <Box sX="0.11255" sY="0.016088" sZ="0.789496" angle="0" ax="0" ay="1" az="0" tx="0.000229" ty="0.186088" tz="-0.800505"/>
    <Box sX="0.202427" sY="0.018939" sZ="0.075" angle="45" ax="0" ay="0" az="1" tx="-0.129745" ty="0.129745" tz="-0.8"/>
    <Box sX="0.11255" sY="0.016088" sZ="0.789496" angle="90" ax="0" ay="0" az="-1" tx="0.186317" ty="0" tz="-0.800505"/>
    <Box sX="0.202427" sY="0.018939" sZ="0.075" angle="45" ax="0" ay="0" az="-1" tx="0.129745" ty="0.129745" tz="-0.8"/>
    <Box sX="0.11255" sY="0.016088" sZ="0.789496" angle="180" ax="0" ay="0" az="1" tx="0.000229" ty="-0.186088" tz="-0.800505"/>
    <Box sX="0.202427" sY="0.018939" sZ="0.075" angle="135" ax="0" ay="0" az="-1" tx="0.129745" ty="-0.129745" tz="-0.8"/>
    <Box sX="0.11255" sY="0.016088" sZ="0.789496" angle="90" ax="0" ay="0" az="1" tx="-0.185859" ty="0" tz="-0.800505"/>
    <Box sX="0.202427" sY="0.018939" sZ="0.075" angle="135" ax="0" ay="0" az="1" tx="-0.129745" ty="-0.129745" tz="-0.8"/>
    <Box sX="0.158825" sY="0.0055" sZ="0.04" angle="45" ax="0" ay="0" az="-1" tx="0.120242" ty="0.120242" tz="-0.05"/>
    <Box sX="0.158825" sY="0.0055" sZ="0.04" angle="45" ax="0" ay="0" az="-1" tx="0.120242" ty="0.120242" tz="-1.55"/>
    <Box sX="0.158825" sY="0.0055" sZ="0.04" angle="45" ax="0" ay="0" az="1" tx="-0.120242" ty="0.120242" tz="-0.05"/>
    <Box sX="0.158825" sY="0.0055" sZ="0.04" angle="135" ax="0" ay="0" az="1" tx="-0.120242" ty="-0.120242" tz="-0.05"/>
    <Box sX="0.158825" sY="0.0055" sZ="0.04" angle="135" ax="0" ay="0" az="-1" tx="0.120242" ty="-0.120242" tz="-0.05"/>
    <Box sX="0.158825" sY="0.0055" sZ="0.04" angle="45" ax="0" ay="0" az="1" tx="-0.120242" ty="0.120242" tz="-1.55"/>
    <Box sX="0.158825" sY="0.0055" sZ="0.04" angle="135" ax="0" ay="0" az="-1" tx="0.120242" ty="-0.120242" tz="-1.55"/>
    <Box sX="0.158825" sY="0.0055" sZ="0.04" angle="135" ax="0" ay="0" az="1" tx="-0.120242" ty="-0.120242" tz="-1.55"/>
  </Collision>
  <Connectivity>
    <Axel type="19" length="0.8" requireGrabbing="0" startCapped="0" endCapped="1" angle="120" ax="-0.57735" ay="0.57735" az="-0.57735" tx="0" ty="0" tz="0"/>
    <Axel type="19" length="0.8" requireGrabbing="0" startCapped="0" endCapped="1" angle="120" ax="0.57735" ay="0.57735" az="0.57735" tx="0" ty="0" tz="-1.6"/>
    <Axel type="6" length="0.8" grabbing="0" startCapped="0" endCapped="1" angle="120" ax="0.57735" ay="0.57735" az="0.57735" tx="0" ty="0" tz="-1.6"/>
    <Axel type="6" length="0.8" grabbing="0" startCapped="1" endCapped="0" angle="120" ax="0.57735" ay="0.57735" az="0.57735" tx="0" ty="0" tz="-0.8"/>
  </Connectivity>
  <PhysicsAttributes inertiaTensor="0.244342,0,0,0,0.244342,0,0,0,0.062017" centerOfMass="0,0,-0.799999" mass="1" frictionType="0"/>
  <Bounding>
    <AABB minX="-0.305" minY="-0.305" minZ="-1.6" maxX="0.305" maxY="0.305" maxZ="0"/>
  </Bounding>
  <GeometryBounding>
    <AABB minX="-0.305" minY="-0.305" minZ="-1.6" maxX="0.305" maxY="0.305" maxZ="0"/>
  </GeometryBounding>
</LEGOPrimitive>
