<?xml version="1.0" encoding="UTF-8" standalone="no" ?>
<LEGOPrimitive versionMajor="1" versionMinor="0">
  <Annotations>
    <Annotation platformid="200"/>
    <Annotation platformname="SYSTEM"/>
    <Annotation maingroupid="205"/>
    <Annotation maingroupname="BRICKS WITH SLOPE"/>
    <Annotation designname="CORNER OUTSIDE 3X3/25°"/>
    <Annotation aliases="3675"/>
  </Annotations>
  <Collision>
    <Box sX="0.390005" sY="0.389935" sZ="0.47" angle="180" ax="0" ay="0.707107" az="-0.707107" tx="0" ty="0.48" tz="-6.5E-005"/>
    <Box sX="1.19001" sY="1.19" sZ="0.090013" angle="180" ax="0" ay="0.707107" az="-0.707107" tx="-0.799999" ty="0.100013" tz="0.799999"/>
    <Box sX="0.38973" sY="0.877971" sZ="0.090013" angle="180" ax="0" ay="0.844935" az="-0.534869" tx="0.00028" ty="0.48953" tz="1.15461"/>
    <Box sX="0.877152" sY="0.38958" sZ="0.090013" angle="162.1869" ax="-0.156713" ay="0.69837" az="-0.69837" tx="-1.15518" ty="0.488665" tz="-0.000419"/>
    <Box sX="0.566473" sY="0.38958" sZ="0.19327" angle="170.72676" ax="-0.081102" ay="0.704777" az="-0.704777" tx="-0.784758" ty="0.370151" tz="-0.00042"/>
    <Box sX="0.38973" sY="0.541325" sZ="0.210372" angle="180" ax="0" ay="0.77854" az="-0.627595" tx="0.00028" ty="0.354803" tz="0.835231"/>
    <Box sX="1.0126" sY="0.171462" sZ="0.090013" angle="168.10175" ax="0.394703" ay="-0.591303" az="0.703257" tx="-1.15102" ty="0.490635" tz="0.947982"/>
    <Box sX="0.104482" sY="0.713947" sZ="0.090013" angle="162.18689" ax="-0.156713" ay="0.69837" az="-0.69837" tx="-1.85377" ty="0.158519" tz="1.06125"/>
    <Box sX="0.539408" sY="0.281013" sZ="0.090013" angle="155.16859" ax="0.493764" ay="-0.529557" az="0.689758" tx="-1.43803" ty="0.354992" tz="0.663355"/>
    <Box sX="0.693431" sY="0.107743" sZ="0.090013" angle="180" ax="0" ay="0.844935" az="-0.534869" tx="-1.08147" ty="0.160002" tz="1.85079"/>
    <Box sX="0.173811" sY="1.0117" sZ="0.090013" angle="157.93465" ax="0.307999" ay="0.80386" az="-0.508867" tx="-0.948447" ty="0.492847" tz="1.1476"/>
    <Box sX="0.290274" sY="0.478299" sZ="0.090013" angle="153.32509" ax="0.374517" ay="0.783441" az="-0.495941" tx="-0.679604" ty="0.350389" tz="1.44857"/>
  </Collision>
  <Connectivity>
    <Custom2DField type="22" width="6" height="6" angle="0" ax="0" ay="1" az="0" tx="-2" ty="0" tz="-0.4">
      22:1:1,22:2:1,22:2:1,22:2:1,22:2:1,22:2:1,22:1:1,
      22:2:1,15:4:1,23:4:1,15:4:1,23:4:1,15:4:1,22:2:1,
      22:2:1,23:4:1,7:4:2,23:4:1,7:4:2,23:4:1,22:2:1,
      22:2:1,15:4:1,23:4:1,15:4:1,23:4:1,15:4:1,22:2:1,
      22:2:1,23:4:1,7:4:2,23:4:1,7:4:2,23:4:1,22:2:1,
      22:2:1,15:4:1,23:4:1,15:4:1,23:4:1,15:4:1,22:2:1,
      22:1:1,22:2:1,22:2:1,22:2:1,22:2:1,22:2:1,22:1:1
    </Custom2DField>
    <Custom2DField type="23" width="2" height="2" angle="0" ax="0" ay="1" az="0" tx="-0.4" ty="0.96" tz="-0.4">
      18:1:1,23:4:1,18:1:1,
      23:4:1,0:4:1,23:4:1,
      29:0:1,23:4:1,18:1:1
    </Custom2DField>
  </Connectivity>
  <PhysicsAttributes inertiaTensor="0.587921,0,0,0,0.96,0,0,0,0.58792" centerOfMass="-0.8,0.569,0.8" mass="1" frictionType="0"/>
  <Bounding>
    <AABB minX="-2" minY="0" minZ="-0.4" maxX="0.4" maxY="1.138" maxZ="2"/>
  </Bounding>
  <GeometryBounding>
    <AABB minX="-2" minY="0" minZ="-0.4" maxX="0.4" maxY="1.138" maxZ="2"/>
  </GeometryBounding>
</LEGOPrimitive>
