<?xml version="1.0" encoding="UTF-8" standalone="no" ?>
<LEGOPrimitive versionMajor="1" versionMinor="0">
  <Annotations>
    <Annotation platformid="200"/>
    <Annotation platformname="SYSTEM"/>
    <Annotation maingroupid="205"/>
    <Annotation maingroupname="BRICKS WITH SLOPE"/>
    <Annotation designname="ROOF TILE CORN. INVERT.2X2/45°"/>
    <Annotation aliases="3676"/>
  </Annotations>
  <Collision>
    <Box sX="0.79" sY="0.790018" sZ="0.052993" angle="180" ax="0" ay="0.707107" az="-0.707107" tx="-0.4" ty="0.897007" tz="0.400018"/>
    <Box sX="0.083912" sY="0.577949" sZ="0.274765" angle="180" ax="0" ay="0.707107" az="-0.707107" tx="0.306088" ty="0.675235" tz="0.187949"/>
    <Box sX="0.083912" sY="0.577377" sZ="0.274765" angle="120" ax="0.57735" ay="-0.57735" az="0.57735" tx="-0.187377" ty="0.675235" tz="-0.306088"/>
    <Box sX="0.390482" sY="0.47" sZ="0.390482" angle="0" ax="0" ay="1" az="0" tx="-0.000482" ty="0.48" tz="0.000482"/>
    <Box sX="0.566032" sY="0.082097" sZ="0.390482" angle="46.01874" ax="0" ay="0" az="-1" tx="-0.73374" ty="0.478448" tz="0.000482"/>
    <Box sX="0.65384" sY="0.064075" sZ="0.046184" angle="57.05412" ax="0.233768" ay="0.578729" az="-0.781297" tx="-0.746437" ty="0.468635" tz="0.732343"/>
    <Box sX="0.273866" sY="0.082256" sZ="0.588713" angle="45.98804" ax="0" ay="0" az="-1" tx="-0.936663" ty="0.688708" tz="0.198713"/>
    <Box sX="0.045596" sY="0.653946" sZ="0.062646" angle="55.52573" ax="0.766753" ay="-0.246204" az="0.592851" tx="-0.733573" ty="0.467708" tz="0.74588"/>
    <Box sX="0.588954" sY="0.08211" sZ="0.273866" angle="46.04016" ax="-1" ay="0" az="0" tx="-0.198472" ty="0.688726" tz="0.936524"/>
    <Box sX="0.390482" sY="0.081399" sZ="0.566252" angle="46.15678" ax="-1" ay="0" az="0" tx="0" ty="0.478926" tz="0.733242"/>
  </Collision>
  <Connectivity>
    <Custom2DField type="23" width="4" height="4" angle="0" ax="0" ay="1" az="0" tx="-1.2" ty="0.96" tz="-0.4">
      18:1:1,23:4:1,18:2:1,23:4:1,18:1:1,
      23:4:1,1:4:1,23:4:1,0:4:1,23:4:1,
      18:2:1,23:4:1,18:4:1,23:4:1,18:2:1,
      23:4:1,1:4:1,23:4:1,1:4:1,23:4:1,
      18:1:1,23:4:1,18:2:1,23:4:1,18:1:1
    </Custom2DField>
    <Custom2DField type="22" width="2" height="2" angle="0" ax="0" ay="1" az="0" tx="-0.4" ty="0" tz="-0.4">
      22:1:1,22:2:1,22:1:1,
      22:2:1,15:4:1,22:2:1,
      22:1:1,22:2:1,22:1:1
    </Custom2DField>
  </Connectivity>
  <PhysicsAttributes inertiaTensor="0.321254,0,0,0,0.426667,0,0,0,0.321254" centerOfMass="-0.4,0.569,0.4" mass="1" frictionType="0"/>
  <Bounding>
    <AABB minX="-1.2" minY="0" minZ="-0.4" maxX="0.4" maxY="1.138" maxZ="1.2"/>
  </Bounding>
  <GeometryBounding>
    <AABB minX="-1.2" minY="0" minZ="-0.4" maxX="0.4" maxY="1.138" maxZ="1.2"/>
  </GeometryBounding>
</LEGOPrimitive>
