<?xml version="1.0" encoding="UTF-8" standalone="no" ?>
<LEGOPrimitive versionMajor="1" versionMinor="0">
  <Annotations>
    <Annotation platformid="200"/>
    <Annotation platformname="SYSTEM"/>
    <Annotation maingroupid="286"/>
    <Annotation maingroupname="FUNCTIONAL ELEMENTS"/>
    <Annotation designname="TURN PLATE 2X2, UPPER PART"/>
    <Annotation aliases="3679"/>
  </Annotations>
  <Collision>
    <Box sX="0.310625" sY="0.045023" sZ="0.563422" angle="180" ax="0" ay="1" az="0" tx="0.401096" ty="-0.055023" tz="-0.397578"/>
    <Box sX="0.561339" sY="0.045023" sZ="0.315868" angle="180" ax="0" ay="1" az="0" tx="0.397339" ty="-0.055023" tz="-0.4"/>
  </Collision>
  <Connectivity>
    <Hinge type="31" oriented="1" angle="180" ax="0" ay="1" az="0" tx="0.4" ty="-0.210023" tz="-0.4"/>
    <Custom2DField type="23" width="4" height="4" angle="0" ax="0" ay="1" az="0" tx="-0.4" ty="0" tz="-1.2">
      29:0:1,23:4:1,18:2:1,23:4:1,29:0:1,
      23:4:1,0:4,23:4:1,0:4,23:4:1,
      18:2:1,23:4:1,18:4:1,23:4:1,18:2:1,
      23:4:1,0:4,23:4:1,0:4,23:4:1,
      29:0:1,23:4:1,18:2:1,23:4:1,29:0:1
    </Custom2DField>
  </Connectivity>
  <PhysicsAttributes inertiaTensor="0.233199,0,0,0,0.426667,0,0,0,0.233199" centerOfMass="0.4,-0.065872,-0.4" mass="1" frictionType="0"/>
  <Bounding>
    <AABB minX="-0.4" minY="-0.31" minZ="-1.2" maxX="1.2" maxY="0.178255" maxZ="0.4"/>
  </Bounding>
  <GeometryBounding>
    <AABB minX="-0.3" minY="-0.31" minZ="-1.1" maxX="1.1" maxY="0.178255" maxZ="0.3"/>
  </GeometryBounding>
</LEGOPrimitive>
