<?xml version="1.0" encoding="UTF-8" standalone="no" ?>
<LEGOPrimitive versionMajor="1" versionMinor="0">
  <Annotations>
    <Annotation platformid="200"/>
    <Annotation platformname="SYSTEM"/>
    <Annotation maingroupid="286"/>
    <Annotation maingroupname="FUNCTIONAL ELEMENTS"/>
    <Annotation designname="TURN PLATE 2X2, LOWER PART"/>
    <Annotation aliases="3680"/>
  </Annotations>
  <Collision>
    <Box sX="0.79" sY="0.15" sZ="0.03" angle="180" ax="0" ay="1" az="0" tx="0.4" ty="0.16" tz="-1.16"/>
    <Box sX="0.03" sY="0.15" sZ="0.79" angle="180" ax="0" ay="1" az="0" tx="-0.36" ty="0.16" tz="-0.4"/>
    <Box sX="0.79" sY="0.15" sZ="0.03" angle="180" ax="0" ay="1" az="0" tx="0.4" ty="0.16" tz="0.36"/>
    <Box sX="0.03" sY="0.15" sZ="0.79" angle="180" ax="0" ay="1" az="0" tx="1.16" ty="0.16" tz="-0.4"/>
    <Box sX="0.716859" sY="0.05" sZ="0.71" angle="180" ax="0" ay="1" az="0" tx="0.4" ty="0.095563" tz="-0.4"/>
  </Collision>
  <Connectivity>
    <Hinge type="30" oriented="1" angle="0" ax="0" ay="0" az="1" tx="0.4" ty="0.11" tz="-0.4"/>
    <Custom2DField type="22" width="4" height="4" angle="0" ax="0" ay="1" az="0" tx="-0.4" ty="0" tz="-1.2">
      22:1:1,22:2:1,22:2:1,22:2:1,22:1:1,
      22:2:1,15:4:1,22:2:1,15:4:1,22:2:1,
      22:2:1,22:2:1,22:2:1,22:2:1,22:2:1,
      22:2:1,15:4:1,22:2:1,15:4:1,22:2:1,
      22:1:1,22:2:1,22:2:1,22:2:1,22:1:1
    </Custom2DField>
  </Connectivity>
  <PhysicsAttributes inertiaTensor="0.221867,0,0,0,0.426667,0,0,0,0.221867" centerOfMass="0.4,0.16,-0.4" mass="1" frictionType="0"/>
  <Bounding>
    <AABB minX="-0.4" minY="0" minZ="-1.2" maxX="1.2" maxY="0.32" maxZ="0.4"/>
  </Bounding>
  <GeometryBounding>
    <AABB minX="-0.4" minY="0" minZ="-1.2" maxX="1.2" maxY="0.32" maxZ="0.4"/>
  </GeometryBounding>
</LEGOPrimitive>
