<?xml version="1.0" encoding="UTF-8" standalone="no" ?>
<LEGOPrimitive versionMajor="1" versionMinor="0">
  <Annotations>
    <Annotation platformid="200"/>
    <Annotation platformname="SYSTEM"/>
    <Annotation maingroupid="205"/>
    <Annotation maingroupname="BRICKS WITH SLOPE"/>
    <Annotation designname="ROOF TILE CORNER 2X2X3/73°"/>
    <Annotation aliases="3685"/>
  </Annotations>
  <Collision>
    <Box sX="0.390001" sY="0.39" sZ="1.43" angle="180" ax="0" ay="0.707107" az="-0.707107" tx="0" ty="1.44" tz="0"/>
    <Box sX="0.790003" sY="0.79" sZ="0.135889" angle="180" ax="0" ay="0.707107" az="-0.707107" tx="-0.400003" ty="0.145889" tz="0.4"/>
    <Box sX="0.303242" sY="0.39" sZ="1.38843" angle="168.26152" ax="-0.102797" ay="-0.703361" az="0.703361" tx="-0.499644" ty="1.45029" tz="0"/>
    <Box sX="0.303242" sY="0.39" sZ="1.38843" angle="110.88562" ax="0.512651" ay="-0.512651" az="0.688751" tx="0" ty="1.4497" tz="0.498597"/>
    <Box sX="0.200234" sY="0.368663" sZ="1.37004" angle="99.91777" ax="0.465871" ay="-0.625468" az="0.625902" tx="-0.433707" ty="1.4416" tz="0.558391"/>
    <Box sX="0.79" sY="0.79" sZ="0.09" angle="180" ax="0" ay="0.707107" az="-0.707107" tx="-0.4" ty="0.1" tz="0.4"/>
  </Collision>
  <Connectivity>
    <Custom2DField type="23" width="2" height="2" angle="0" ax="0" ay="1" az="0" tx="-0.4" ty="2.88" tz="-0.4">
      18:1:1,23:4:1,18:1:1,
      23:4:1,1:4:1,23:4:1,
      18:1:1,23:4:1,18:1:1
    </Custom2DField>
    <Custom2DField type="22" width="4" height="4" angle="0" ax="0" ay="1" az="0" tx="-1.2" ty="0" tz="-0.4">
      22:1:1,22:2:1,22:2:1,22:2:1,22:1:1,
      22:2:1,15:4:1,23:4:1,15:4:1,22:2:1,
      22:2:1,23:4:1,7:4:2,23:4:1,22:2:1,
      22:2:1,15:4:1,23:4:1,15:4:1,22:2:1,
      22:1:1,22:2:1,22:2:1,22:2:1,22:1:1
    </Custom2DField>
  </Connectivity>
  <PhysicsAttributes inertiaTensor="0.992614,0,0,0,0.426667,0,0,0,0.992614" centerOfMass="-0.4,1.529,0.4" mass="1" frictionType="0"/>
  <Bounding>
    <AABB minX="-1.2" minY="0" minZ="-0.4" maxX="0.4" maxY="3.058" maxZ="1.2"/>
  </Bounding>
  <GeometryBounding>
    <AABB minX="-1.2" minY="0" minZ="-0.4" maxX="0.4" maxY="3.058" maxZ="1.2"/>
  </GeometryBounding>
</LEGOPrimitive>
