<?xml version="1.0" encoding="UTF-8" standalone="no" ?>
<LEGOPrimitive versionMajor="1" versionMinor="0">
  <Annotations>
    <Annotation platformid="200"/>
    <Annotation platformname="SYSTEM"/>
    <Annotation maingroupid="205"/>
    <Annotation maingroupname="BRICKS WITH SLOPE"/>
    <Annotation designname="PYRAMID BRICK 2X2X2/73°"/>
    <Annotation aliases="3688"/>
  </Annotations>
  <Collision>
    <Box sX="0.270003" sY="0.27" sZ="0.95" angle="180" ax="0" ay="0.707107" az="-0.707107" tx="0.4" ty="0.96" tz="-0.4"/>
    <Box sX="0.79" sY="0.79" sZ="0.09" angle="180" ax="0" ay="0.707107" az="-0.707107" tx="0.4" ty="0.1" tz="-0.4"/>
    <Box sX="0.046001" sY="0.732694" sZ="0.34368" angle="91.25187" ax="-0.146221" ay="-0.978386" az="0.146221" tx="0.400001" ty="0.893869" tz="0.129304"/>
    <Box sX="0.214002" sY="0.874329" sZ="0.214001" angle="91.62836" ax="-0.283061" ay="-0.959099" az="-0.002444" tx="0.080218" ty="0.978893" tz="-0.085177"/>
    <Box sX="0.046001" sY="0.732694" sZ="0.34368" angle="180" ax="0.147809" ay="0.989016" az="0" tx="-0.129303" ty="0.893869" tz="-0.399999"/>
    <Box sX="0.214002" sY="0.874329" sZ="0.214001" angle="179.25192" ax="-0.142291" ay="-0.979181" az="-0.14477" tx="0.085177" ty="0.978893" tz="-0.719782"/>
    <Box sX="0.046001" sY="0.732694" sZ="0.34368" angle="91.25187" ax="0.146221" ay="0.978386" az="0.146221" tx="0.399999" ty="0.893869" tz="-0.929304"/>
    <Box sX="0.214002" sY="0.874329" sZ="0.214001" angle="93.09492" ax="-0.002414" ay="0.960112" az="0.279606" tx="0.719782" ty="0.978893" tz="-0.714823"/>
    <Box sX="0.046001" sY="0.732694" sZ="0.34368" angle="16.99999" ax="0" ay="0" az="1" tx="0.929304" ty="0.893869" tz="-0.400001"/>
    <Box sX="0.214002" sY="0.874329" sZ="0.214001" angle="23.43555" ax="-0.712817" ay="0.032151" az="0.700613" tx="0.714823" ty="0.978893" tz="-0.080218"/>
  </Collision>
  <Connectivity>
    <Custom2DField type="23" width="2" height="2" angle="0" ax="0" ay="1" az="0" tx="0" ty="1.92" tz="-0.8">
      18:1:1,23:4:1,18:1:1,
      23:4:1,1:4,23:4:1,
      18:1:1,23:4:1,18:1:1
    </Custom2DField>
    <Custom2DField type="22" width="4" height="4" angle="0" ax="0" ay="1" az="0" tx="-0.4" ty="0" tz="-1.2">
      22:1:1,22:2:1,22:2:1,22:2:1,22:1:1,
      22:2:1,15:4:1,23:4:1,15:4:1,22:2:1,
      22:2:1,23:4:1,7:4:2,23:4:1,22:2:1,
      22:2:1,15:4:1,23:4:1,15:4:1,22:2:1,
      22:1:1,22:2:1,22:2:1,22:2:1,22:1:1
    </Custom2DField>
  </Connectivity>
  <PhysicsAttributes inertiaTensor="0.580099,0,0,0,0.426667,0,0,0,0.580099" centerOfMass="0.4,1.04895,-0.4" mass="1" frictionType="0"/>
  <Bounding>
    <AABB minX="-0.4" minY="0" minZ="-1.2" maxX="1.2" maxY="2.0979" maxZ="0.4"/>
  </Bounding>
  <GeometryBounding>
    <AABB minX="-0.4" minY="0" minZ="-1.2" maxX="1.2" maxY="2.0979" maxZ="0.4"/>
  </GeometryBounding>
</LEGOPrimitive>
