<?xml version="1.0" encoding="UTF-8" standalone="no" ?>
<LEGOPrimitive versionMajor="1" versionMinor="0">
  <Annotations>
    <Annotation platformid="200"/>
    <Annotation platformname="SYSTEM"/>
    <Annotation maingroupid="204"/>
    <Annotation maingroupname="BRICKS AND BEAMS, SPECIAL Ø 4,85"/>
    <Annotation designname="TECHNIC BRICK 1X2, Ø4.9"/>
    <Annotation aliases="3700"/>
  </Annotations>
  <Collision>
    <Box sX="0.235" sY="0.39" sZ="0.47" angle="180" ax="0" ay="0.707107" az="-0.707107" tx="-0.155" ty="0.48" tz="0"/>
    <Box sX="0.235" sY="0.39" sZ="0.47" angle="180" ax="0" ay="0.707107" az="-0.707107" tx="0.955" ty="0.48" tz="0"/>
    <Box sX="0.79" sY="0.39" sZ="0.025" angle="180" ax="0" ay="0.707107" az="-0.707107" tx="0.4" ty="0.925" tz="0"/>
    <Box sX="0.79" sY="0.39" sZ="0.125" angle="180" ax="0" ay="0.707107" az="-0.707107" tx="0.4" ty="0.135" tz="0"/>
    <Box sX="0.79" sY="0.301" sZ="0.055" angle="180" ax="0" ay="0.707107" az="-0.707107" tx="0.4" ty="0.895" tz="0"/>
    <Box sX="0.79" sY="0.301" sZ="0.155" angle="180" ax="0" ay="0.707107" az="-0.707107" tx="0.4" ty="0.165" tz="0"/>
  </Collision>
  <Connectivity>
    <Custom2DField type="22" width="4" height="2" angle="0" ax="0" ay="1" az="0" tx="-0.4" ty="0" tz="-0.4">
      22:1:1,22:2:1,22:2:1,22:2:1,22:1:1,
      22:2:1,15:4:1,9:4:1,15:4:1,22:2:1,
      22:1:1,22:2:1,22:2:1,22:2:1,22:1:1
    </Custom2DField>
    <Custom2DField type="23" width="4" height="2" angle="0" ax="0" ay="1" az="0" tx="-0.4" ty="0.96" tz="-0.4">
      18:1:1,23:4:1,18:2:1,23:4:1,18:1:1,
      23:4:1,1:4:1,23:4:1,1:4:1,23:4:1,
      18:1:1,23:4:1,18:2:1,23:4:1,18:1:1
    </Custom2DField>
    <Axel type="2" length="0.8" grabbing="0" startCapped="0" endCapped="0" angle="120" ax="-0.57735" ay="0.57735" az="-0.57735" tx="0.4" ty="0.58" tz="0.4"/>
    <Custom2DField type="22" width="2" height="2" angle="90" ax="-1" ay="0" az="0" tx="0" ty="0.18" tz="0.4">
      22:1:1,22:2:1,22:1:1,
      22:2:1,16:4:64,22:2:1,
      22:1:1,22:2:1,22:1:1
    </Custom2DField>
    <Custom2DField type="22" width="2" height="2" angle="180" ax="0" ay="0.707107" az="0.707107" tx="0.8" ty="0.18" tz="-0.4">
      22:1:1,22:2:1,22:1:1,
      22:2:1,16:4:64,22:2:1,
      22:1:1,22:2:1,22:1:1
    </Custom2DField>
  </Connectivity>
  <PhysicsAttributes inertiaTensor="0.161633,0,0,0,0.266667,0,0,0,0.321633" centerOfMass="0.4,0.57,0" mass="1" frictionType="0"/>
  <Bounding>
    <AABB minX="-0.4" minY="0" minZ="-0.4" maxX="1.2" maxY="1.14" maxZ="0.4"/>
  </Bounding>
  <GeometryBounding>
    <AABB minX="-0.4" minY="0" minZ="-0.4" maxX="1.2" maxY="1.14" maxZ="0.4"/>
  </GeometryBounding>
</LEGOPrimitive>
