<?xml version="1.0" encoding="UTF-8" standalone="no" ?>
<LEGOPrimitive versionMajor="1" versionMinor="0">
  <Annotations>
    <Annotation platformid="300"/>
    <Annotation platformname="TECHNIC"/>
    <Annotation maingroupid="385"/>
    <Annotation maingroupname="CONNECTORS"/>
    <Annotation designname="CROSS AXLE 6M"/>
    <Annotation aliases="3706"/>
  </Annotations>
  <Collision>
    <Box sX="0.215" sY="0.0675" sZ="2.39" angle="0" ax="0" ay="1" az="0" tx="0" ty="0" tz="-2.4"/>
    <Box sX="0.0675" sY="0.215" sZ="2.39" angle="0" ax="0" ay="1" az="0" tx="0" ty="0" tz="-2.4"/>
  </Collision>
  <Connectivity>
    <Axel type="5" length="4.8" requireGrabbing="0" startCapped="0" endCapped="0" angle="120" ax="-0.57735" ay="0.57735" az="-0.57735" tx="0" ty="0" tz="0"/>
  </Connectivity>
  <PhysicsAttributes inertiaTensor="1.94001,0,0,0,1.94001,0,0,0,0.040017" centerOfMass="0,0,-2.4" mass="1" frictionType="0"/>
  <Bounding>
    <AABB minX="-0.245" minY="-0.245" minZ="-4.8" maxX="0.245" maxY="0.245" maxZ="0"/>
  </Bounding>
  <GeometryBounding>
    <AABB minX="-0.245" minY="-0.245" minZ="-4.8" maxX="0.245" maxY="0.245" maxZ="0"/>
  </GeometryBounding>
</LEGOPrimitive>
