<?xml version="1.0" encoding="UTF-8" standalone="no" ?>
<LEGOPrimitive versionMajor="1" versionMinor="0">
  <Annotations>
    <Annotation platformid="300"/>
    <Annotation platformname="TECHNIC"/>
    <Annotation maingroupid="385"/>
    <Annotation maingroupname="CONNECTORS"/>
    <Annotation designname="CROSS AXLE 8M"/>
    <Annotation aliases="3707"/>
  </Annotations>
  <Collision>
    <Box sX="0.215" sY="0.0675" sZ="3.19" angle="0" ax="0" ay="1" az="0" tx="0" ty="0" tz="-3.2"/>
    <Box sX="0.0675" sY="0.215" sZ="3.19" angle="0" ax="0" ay="1" az="0" tx="0" ty="0" tz="-3.2"/>
  </Collision>
  <Connectivity>
    <Axel type="5" length="6.4" requireGrabbing="0" startCapped="0" endCapped="0" angle="120" ax="-0.57735" ay="0.57735" az="-0.57735" tx="0" ty="0" tz="0"/>
  </Connectivity>
  <PhysicsAttributes inertiaTensor="3.43334,0,0,0,3.43334,0,0,0,0.040017" centerOfMass="0,0,-3.2" mass="1" frictionType="0"/>
  <Bounding>
    <AABB minX="-0.245" minY="-0.245" minZ="-6.4" maxX="0.245" maxY="0.245" maxZ="0"/>
  </Bounding>
  <GeometryBounding>
    <AABB minX="-0.245" minY="-0.245" minZ="-6.4" maxX="0.245" maxY="0.245" maxZ="0"/>
  </GeometryBounding>
</LEGOPrimitive>
