<?xml version="1.0" encoding="UTF-8" standalone="no" ?>
<LEGOPrimitive versionMajor="1" versionMinor="0">
  <Annotations>
    <Annotation platformid="200"/>
    <Annotation platformname="SYSTEM"/>
    <Annotation maingroupid="216"/>
    <Annotation maingroupname="PLATES, SPECIAL"/>
    <Annotation designname="PLATE 2X2 W. BALL"/>
    <Annotation aliases="3729"/>
  </Annotations>
  <Collision>
    <Box sX="0.79" sY="0.15" sZ="0.79" angle="0" ax="0" ay="1" az="0" tx="0.4" ty="0.16" tz="-0.4"/>
    <Box sX="0.103137" sY="0.103137" sZ="0.453636" angle="45" ax="0" ay="0" az="-1" tx="0.4" ty="0.16" tz="0.863636"/>
    <Sphere radius="0.25" angle="0" ax="0" ay="1" az="0" tx="0.4" ty="0.16" tz="1.2"/>
    <Box sX="0.103137" sY="0.103137" sZ="0.453636" angle="0" ax="0" ay="1" az="0" tx="0.4" ty="0.16" tz="0.863636"/>
  </Collision>
  <Connectivity>
    <Custom2DField type="23" width="4" height="4" angle="0" ax="0" ay="1" az="0" tx="-0.4" ty="0.32" tz="-1.2">
      18:1:1,23:4:1,18:2:1,23:4:1,18:1:1,
      23:4:1,0:4:1,23:4:1,0:4:1,23:4:1,
      18:2:1,23:4:1,18:4:1,23:4:1,18:2:1,
      23:4:1,0:4:1,23:4:1,0:4:1,23:4:1,
      18:1:1,23:4:1,18:2:1,23:4:1,18:1:1
    </Custom2DField>
    <Custom2DField type="22" width="4" height="4" angle="0" ax="0" ay="1" az="0" tx="-0.4" ty="0" tz="-1.2">
      22:1:1,22:2:1,22:2:1,22:2:1,22:1:1,
      22:2:1,15:4:1,23:4:1,15:4:1,22:2:1,
      22:2:1,23:4:1,7:4:2,23:4:1,22:2:1,
      22:2:1,15:4:1,23:4:1,15:4:1,22:2:1,
      22:1:1,22:2:1,22:2:1,22:2:1,22:1:1
    </Custom2DField>
    <Ball type="3" angle="180" ax="0" ay="0.707107" az="0.707107" tx="0.4" ty="0.16" tz="1.2"/>
  </Connectivity>
  <PhysicsAttributes inertiaTensor="0.640574,0,0,0,0.820833,0,0,0,0.246407" centerOfMass="0.4,0.183005,0.15" mass="1" frictionType="0"/>
  <Bounding>
    <AABB minX="-0.4" minY="-0.131991" minZ="-1.2" maxX="1.2" maxY="0.498" maxZ="1.5"/>
  </Bounding>
  <GeometryBounding>
    <AABB minX="-0.4" minY="-0.131991" minZ="-1.2" maxX="1.2" maxY="0.498" maxZ="1.5"/>
  </GeometryBounding>
</LEGOPrimitive>
