<?xml version="1.0" encoding="UTF-8" standalone="no" ?>
<LEGOPrimitive versionMajor="1" versionMinor="0">
  <Annotations>
    <Annotation platformid="200"/>
    <Annotation platformname="SYSTEM"/>
    <Annotation maingroupid="216"/>
    <Annotation maingroupname="PLATES, SPECIAL"/>
    <Annotation designname="PLATE 2X2 W. BALL SOCKET"/>
    <Annotation aliases="3730"/>
  </Annotations>
  <Collision>
    <Box sX="0.79" sY="0.15" sZ="0.79" angle="0" ax="0" ay="1" az="0" tx="0.4" ty="0.16" tz="-0.4"/>
    <Box sX="0.209203" sY="0.209203" sZ="0.03" angle="45" ax="0" ay="0" az="1" tx="0.4" ty="0.16" tz="0.44"/>
    <Box sX="0.446982" sY="0.15" sZ="0.03" angle="0" ax="0" ay="1" az="0" tx="0.4" ty="0.16" tz="0.430758"/>
    <Box sX="0.137789" sY="0.040571" sZ="0.281065" angle="34.98918" ax="0" ay="0" az="1" tx="0.20059" ty="0.440881" tz="0.751107"/>
    <Box sX="0.137789" sY="0.040571" sZ="0.281065" angle="180" ax="0.953745" ay="-0.300616" az="0" tx="0.20059" ty="-0.120881" tz="0.751107"/>
    <Box sX="0.137789" sY="0.040571" sZ="0.281065" angle="180" ax="0.300616" ay="0.953745" az="0" tx="0.59941" ty="0.440881" tz="0.751107"/>
    <Box sX="0.137789" sY="0.040571" sZ="0.281065" angle="145.01082" ax="0" ay="0" az="-1" tx="0.59941" ty="-0.120881" tz="0.751107"/>
    <Box sX="0.043945" sY="0.15" sZ="0.248393" angle="0" ax="0" ay="1" az="0" tx="0.036055" ty="0.16" tz="0.651615"/>
    <Box sX="0.043945" sY="0.15" sZ="0.248393" angle="0" ax="0" ay="1" az="0" tx="0.763945" ty="0.16" tz="0.651615"/>
    <Box sX="0.155638" sY="0.033938" sZ="0.043056" angle="0" ax="0" ay="1" az="0" tx="0.4" ty="0.513937" tz="0.526944"/>
    <Box sX="0.155638" sY="0.033938" sZ="0.043056" angle="0" ax="0" ay="1" az="0" tx="0.4" ty="-0.193937" tz="0.526944"/>
  </Collision>
  <Connectivity>
    <Ball type="2" angle="90" ax="-1" ay="0" az="0" tx="0.4" ty="0.16" tz="0.8"/>
    <Custom2DField type="23" width="4" height="4" angle="0" ax="0" ay="1" az="0" tx="-0.4" ty="0.32" tz="-1.2">
      18:1:1,23:4:1,18:2:1,23:4:1,18:1:1,
      23:4:1,0:4:1,23:4:1,0:4:1,23:4:1,
      18:2:1,23:4:1,18:4:1,23:4:1,18:2:1,
      23:4:1,0:4:1,23:4:1,0:4:1,23:4:1,
      18:1:1,23:4:1,18:2:1,23:4:1,18:1:1
    </Custom2DField>
    <Custom2DField type="22" width="4" height="4" angle="0" ax="0" ay="1" az="0" tx="-0.4" ty="0" tz="-1.2">
      22:1:1,22:2:1,22:2:1,22:2:1,22:1:1,
      22:2:1,15:4:1,23:4:1,15:4:1,22:2:1,
      22:2:1,23:4:1,7:4:2,23:4:1,22:2:1,
      22:2:1,15:4:1,23:4:1,15:4:1,22:2:1,
      22:1:1,22:2:1,22:2:1,22:2:1,22:1:1
    </Custom2DField>
  </Connectivity>
  <PhysicsAttributes inertiaTensor="0.5007,0,0,0,0.646534,0,0,0,0.280833" centerOfMass="0.4,0.16,-0.06" mass="1" frictionType="0"/>
  <Bounding>
    <AABB minX="-0.4" minY="-0.29" minZ="-1.2" maxX="1.2" maxY="0.61" maxZ="1.08"/>
  </Bounding>
  <GeometryBounding>
    <AABB minX="-0.4" minY="-0.29" minZ="-1.2" maxX="1.2" maxY="0.61" maxZ="1.08"/>
  </GeometryBounding>
</LEGOPrimitive>
