<?xml version="1.0" encoding="UTF-8" standalone="no" ?>
<LEGOPrimitive versionMajor="1" versionMinor="0">
  <Annotations>
    <Annotation platformid="200"/>
    <Annotation platformname="SYSTEM"/>
    <Annotation maingroupid="286"/>
    <Annotation maingroupname="FUNCTIONAL ELEMENTS"/>
    <Annotation designname="TOOTHED BAR M=1, Z=10"/>
    <Annotation aliases="3743"/>
  </Annotations>
  <Collision>
    <Box sX="0.034" sY="0.095219" sZ="0.390038" angle="0" ax="0" ay="1" az="0" tx="-0.240653" ty="0.47516" tz="-0.001204"/>
    <Box sX="0.034" sY="0.095219" sZ="0.390038" angle="0" ax="0" ay="1" az="0" tx="0.078931" ty="0.474781" tz="-3.8E-005"/>
    <Box sX="0.034" sY="0.095219" sZ="0.390038" angle="0" ax="0" ay="1" az="0" tx="0.399948" ty="0.474401" tz="-0.000305"/>
    <Box sX="0.034" sY="0.095219" sZ="0.390038" angle="0" ax="0" ay="1" az="0" tx="0.719533" ty="0.474895" tz="-0.000572"/>
    <Box sX="0.034" sY="0.095219" sZ="0.390038" angle="0" ax="0" ay="1" az="0" tx="1.03912" ty="0.474929" tz="-0.000839"/>
    <Box sX="0.034" sY="0.095219" sZ="0.390038" angle="0" ax="0" ay="1" az="0" tx="1.36013" ty="0.47455" tz="-0.001428"/>
    <Box sX="0.034" sY="0.095219" sZ="0.390038" angle="0" ax="0" ay="1" az="0" tx="1.67972" ty="0.475626" tz="-0.000897"/>
    <Box sX="0.034" sY="0.095219" sZ="0.390038" angle="0" ax="0" ay="1" az="0" tx="1.9993" ty="0.475246" tz="-0.001318"/>
    <Box sX="0.034" sY="0.095219" sZ="0.390038" angle="0" ax="0" ay="1" az="0" tx="2.31986" ty="0.474867" tz="-0.001617"/>
    <Box sX="0.033644" sY="0.095219" sZ="0.390038" angle="0" ax="0" ay="1" az="0" tx="2.63983" ty="0.474161" tz="-0.001244"/>
    <Box sX="1.59" sY="0.174826" sZ="0.39" angle="0" ax="0" ay="1" az="0" tx="1.19848" ty="0.185135" tz="0"/>
  </Collision>
  <Connectivity>
    <Custom2DField type="22" width="8" height="2" angle="0" ax="0" ay="1" az="0" tx="-0.4" ty="0" tz="-0.4">
      22:1:1,22:2:1,22:2:1,22:2:1,22:2:1,22:2:1,22:2:1,22:2:1,22:1:1,
      22:2:1,15:4:1,9:4:1,15:4:1,9:4:1,15:4:1,9:4:1,15:4:1,22:2:1,
      22:1:1,22:2:1,22:2:1,22:2:1,22:2:1,22:2:1,22:2:1,22:2:1,22:1:1
    </Custom2DField>
  </Connectivity>
  <PhysicsAttributes inertiaTensor="0.081367,0,0,0,0.908334,0,0,0,0.883034" centerOfMass="1.19968,0.29,0" mass="1" frictionType="0"/>
  <Bounding>
    <AABB minX="-0.401883" minY="0" minZ="-0.4" maxX="2.80124" maxY="0.58" maxZ="0.4"/>
  </Bounding>
  <GeometryBounding>
    <AABB minX="-0.401883" minY="0" minZ="-0.4" maxX="2.80124" maxY="0.58" maxZ="0.4"/>
  </GeometryBounding>
</LEGOPrimitive>
