<?xml version="1.0" encoding="UTF-8" standalone="no" ?>
<LEGOPrimitive versionMajor="1" versionMinor="0">
  <Annotations>
    <Annotation platformid="200"/>
    <Annotation platformname="SYSTEM"/>
    <Annotation maingroupid="205"/>
    <Annotation maingroupname="BRICKS WITH SLOPE"/>
    <Annotation designname="ROOF TILE 2X3/25° INV."/>
    <Annotation aliases="3747"/>
  </Annotations>
  <Collision>
    <Box sX="0.79" sY="0.39" sZ="0.47" angle="180" ax="0" ay="0.707107" az="-0.707107" tx="0.4" ty="0.48" tz="0"/>
    <Box sX="0.79" sY="0.082473" sZ="0.668232" angle="180" ax="0" ay="0.975534" az="-0.219847" tx="0.4" ty="0.5524" tz="1.34777"/>
    <Box sX="0.79" sY="1.19" sZ="0.09" angle="180" ax="0" ay="-0.707107" az="0.707107" tx="0.4" ty="0.86" tz="0.8"/>
    <Box sX="0.79" sY="0.801406" sZ="0.273575" angle="180" ax="0" ay="-0.707107" az="0.707107" tx="0.4" ty="0.676425" tz="0.411406"/>
    <Box sX="0.070885" sY="0.082473" sZ="0.875664" angle="180" ax="0" ay="0.975534" az="-0.219847" tx="-0.319115" ty="0.463425" tz="1.16039"/>
    <Box sX="0.070885" sY="0.082473" sZ="0.875664" angle="180" ax="0" ay="0.975534" az="-0.219847" tx="1.11912" ty="0.463425" tz="1.16039"/>
    <Box sX="0.151769" sY="0.082473" sZ="0.875664" angle="180" ax="0" ay="0.975534" az="-0.219847" tx="0.4" ty="0.463425" tz="1.16039"/>
  </Collision>
  <Connectivity>
    <Custom2DField type="23" width="4" height="6" angle="0" ax="0" ay="1" az="0" tx="-0.4" ty="0.96" tz="-0.4">
      18:1:1,23:4:1,18:2:1,23:4:1,18:1:1,
      23:4:1,0:4:1,23:4:1,0:4:1,23:4:1,
      18:2:1,23:4:1,18:4:1,23:4:1,18:2:1,
      23:4:1,1:4:1,23:4:1,1:4:1,23:4:1,
      18:2:1,23:4:1,18:4:1,23:4:1,18:2:1,
      23:4:1,1:4:1,23:4:1,1:4:1,23:4:1,
      18:1:1,23:4:1,18:2:1,23:4:1,18:1:1
    </Custom2DField>
    <Custom2DField type="22" width="4" height="2" angle="0" ax="0" ay="1" az="0" tx="-0.4" ty="0" tz="-0.4">
      22:1:1,22:2:1,22:2:1,22:2:1,22:1:1,
      22:2:1,15:4:1,24:4:1,15:4:1,22:2:1,
      22:1:1,22:2:1,22:2:1,22:2:1,22:1:1
    </Custom2DField>
  </Connectivity>
  <PhysicsAttributes inertiaTensor="0.588015,0,0,0,0.693333,0,0,0,0.321349" centerOfMass="0.4,0.56925,0.8" mass="1" frictionType="0"/>
  <Bounding>
    <AABB minX="-0.4" minY="0" minZ="-0.4" maxX="1.2" maxY="1.1385" maxZ="2"/>
  </Bounding>
  <GeometryBounding>
    <AABB minX="-0.4" minY="0" minZ="-0.4" maxX="1.2" maxY="1.138" maxZ="2"/>
  </GeometryBounding>
</LEGOPrimitive>
