<?xml version="1.0" encoding="UTF-8" standalone="no" ?>
<LEGOPrimitive versionMajor="1" versionMinor="0">
  <Annotations>
    <Annotation platformid="200"/>
    <Annotation platformname="SYSTEM"/>
    <Annotation maingroupid="201"/>
    <Annotation maingroupname="BRICKS"/>
    <Annotation designname="BRICK 1X6X5 H"/>
    <Annotation aliases="3754;44590"/>
  </Annotations>
  <Collision>
    <Box sX="2.39" sY="0.39" sZ="2.39" angle="180" ax="0" ay="0.707107" az="-0.707107" tx="2" ty="2.4" tz="0"/>
  </Collision>
  <Connectivity>
    <Custom2DField type="23" width="12" height="2" angle="0" ax="0" ay="1" az="0" tx="-0.4" ty="4.8" tz="-0.4">
      18:1:1,23:4:1,18:2:1,23:4:1,18:2:1,23:4:1,18:2:1,23:4:1,18:2:1,23:4:1,18:2:1,23:4:1,18:1:1,
      23:4:1,1:4:1,23:4:1,1:4:1,23:4:1,1:4:1,23:4:1,1:4:1,23:4:1,1:4:1,23:4:1,1:4:1,23:4:1,
      18:1:1,23:4:1,18:2:1,23:4:1,18:2:1,23:4:1,18:2:1,23:4:1,18:2:1,23:4:1,18:2:1,23:4:1,18:1:1
    </Custom2DField>
    <Custom2DField type="22" width="12" height="2" angle="0" ax="0" ay="1" az="0" tx="-0.4" ty="0" tz="-0.4">
      22:1:1,22:2:1,22:2:1,22:2:1,22:2:1,22:2:1,22:2:1,22:2:1,22:2:1,22:2:1,22:2:1,22:2:1,22:1:1,
      22:2:1,15:4:1,15:4:1,15:4:1,22:2:1,15:4:1,15:4:1,15:4:1,22:2:1,15:4:1,15:4:1,15:4:1,22:2:1,
      22:1:1,22:2:1,22:2:1,22:2:1,22:2:1,22:2:1,22:2:1,22:2:1,22:2:1,22:2:1,22:2:1,22:2:1,22:1:1
    </Custom2DField>
  </Connectivity>
  <PhysicsAttributes inertiaTensor="2.11837,0,0,0,1.97333,0,0,0,3.98504" centerOfMass="2,2.489,0" mass="1" frictionType="0"/>
  <Bounding>
    <AABB minX="-0.4" minY="0" minZ="-0.4" maxX="4.4" maxY="4.978" maxZ="0.4"/>
  </Bounding>
  <GeometryBounding>
    <AABB minX="-0.4" minY="0" minZ="-0.4" maxX="4.4" maxY="4.978" maxZ="0.4"/>
  </GeometryBounding>
</LEGOPrimitive>
