<?xml version="1.0" encoding="UTF-8" standalone="no" ?>
<LEGOPrimitive versionMajor="1" versionMinor="0">
  <Annotations>
    <Annotation platformid="200"/>
    <Annotation platformname="SYSTEM"/>
    <Annotation maingroupid="201"/>
    <Annotation maingroupname="BRICKS"/>
    <Annotation designname="BRICK 1X3X5"/>
    <Annotation aliases="3755"/>
  </Annotations>
  <Collision>
    <Box sX="1.19" sY="0.067656" sZ="2.39" angle="180" ax="0" ay="0.707107" az="-0.707107" tx="0.801489" ty="2.39977" tz="0.322656"/>
    <Box sX="1.19" sY="0.067344" sZ="2.39" angle="180" ax="0" ay="0.707107" az="-0.707107" tx="0.801489" ty="2.39977" tz="-0.322344"/>
    <Box sX="0.066755" sY="0.390156" sZ="2.39" angle="180" ax="0" ay="0.707107" az="-0.707107" tx="-0.321755" ty="2.39977" tz="0.000156"/>
    <Box sX="0.069475" sY="0.390156" sZ="2.39" angle="180" ax="0" ay="0.707107" az="-0.707107" tx="1.92447" ty="2.39977" tz="0.000156"/>
    <Box sX="0.63" sY="0.390156" sZ="0.045536" angle="180" ax="0" ay="0.707107" az="-0.707107" tx="0.8" ty="4.74423" tz="0.000156"/>
  </Collision>
  <Connectivity>
    <Custom2DField type="23" width="6" height="2" angle="0" ax="0" ay="1" az="0" tx="-0.4" ty="4.8" tz="-0.4">
      18:1:1,23:4:1,18:2:1,23:4:1,18:2:1,23:4:1,18:1:1,
      23:4:1,1:4:4,23:4:1,1:4:1,23:4:1,1:4:4,23:4:1,
      18:1:1,23:4:1,18:2:1,23:4:1,18:2:1,23:4:1,18:1:1
    </Custom2DField>
    <Custom2DField type="22" width="6" height="2" angle="0" ax="0" ay="1" az="0" tx="-0.4" ty="0" tz="-0.4">
      22:1:1,22:2:1,22:2:1,22:2:1,22:2:1,22:2:1,22:1:1,
      22:2:1,15:4:1,15:4:1,15:4:1,15:4:1,15:4:1,22:2:1,
      22:1:1,22:2:1,22:2:1,22:2:1,22:2:1,22:2:1,22:1:1
    </Custom2DField>
    <Axel type="6" length="0.289301" grabbing="0" startCapped="0" endCapped="0" angle="90" ax="0" ay="1" az="0" tx="0" ty="4.6887" tz="0"/>
    <Axel type="6" length="0.289301" grabbing="0" startCapped="0" endCapped="0" angle="90" ax="0" ay="1" az="0" tx="1.6" ty="4.6887" tz="0"/>
  </Connectivity>
  <PhysicsAttributes inertiaTensor="2.11896,0,0,0,0.533721,0,0,0,2.54531" centerOfMass="0.799951,2.48914,-0.001304" mass="1" frictionType="0"/>
  <Bounding>
    <AABB minX="-0.400098" minY="0" minZ="-0.402608" maxX="2" maxY="4.97828" maxZ="0.4"/>
  </Bounding>
  <GeometryBounding>
    <AABB minX="-0.400098" minY="0" minZ="-0.402608" maxX="2" maxY="4.97828" maxZ="0.4"/>
  </GeometryBounding>
</LEGOPrimitive>
