<?xml version="1.0" encoding="UTF-8" standalone="no" ?>
<LEGOPrimitive versionMajor="1" versionMinor="0">
  <Annotations>
    <Annotation platformid="200"/>
    <Annotation platformname="SYSTEM"/>
    <Annotation maingroupid="236"/>
    <Annotation maingroupname="SIGNS AND FLAGS"/>
    <Annotation designname="CYPRESS (H=115)"/>
    <Annotation aliases="3778"/>
  </Annotations>
  <Collision>
    <Box sX="0.223345" sY="5.54269" sZ="0.223345" angle="45" ax="0" ay="1" az="0" tx="0.4" ty="5.91269" tz="-0.4"/>
    <Box sX="0.664193" sY="0.17" sZ="0.661751" angle="45" ax="0" ay="1" az="0" tx="0.398273" ty="0.18" tz="-0.398273"/>
    <Box sX="0.664193" sY="4.1354" sZ="0.661751" angle="45" ax="0" ay="1" az="0" tx="0.398273" ty="5.7054" tz="-0.398273"/>
    <Box sX="1.28857" sY="1.55014" sZ="1.28386" angle="45" ax="0" ay="1" az="0" tx="0.396675" ty="4.74014" tz="-0.396674"/>
    <Box sX="0.974231" sY="1.17249" sZ="0.970666" angle="45" ax="0" ay="1" az="0" tx="0.397479" ty="7.28249" tz="-0.397479"/>
  </Collision>
  <Connectivity>
    <Custom2DField type="22" width="4" height="4" angle="0" ax="0" ay="1" az="0" tx="-0.4" ty="0" tz="-1.2">
      29:0:1,22:2:1,22:2:1,22:2:1,29:0:1,
      22:2:1,15:4,23:4:1,15:4,22:2:1,
      22:2:1,23:4:1,7:4:2,23:4:1,22:2:1,
      22:2:1,15:4,23:4:1,15:4,22:2:1,
      29:0:1,22:2:1,22:2:1,22:2:1,29:0:1
    </Custom2DField>
  </Connectivity>
  <PhysicsAttributes inertiaTensor="12.1621,0,0,0,2.2058,0,0,0,12.1621" centerOfMass="0.396675,5.76,-0.396674" mass="1" frictionType="0"/>
  <Bounding>
    <AABB minX="-1.42231" minY="0" minZ="-2.21566" maxX="2.21566" maxY="11.52" maxZ="1.42231"/>
  </Bounding>
  <GeometryBounding>
    <AABB minX="-1.35" minY="0" minZ="-2.13966" maxX="2.15" maxY="11.52" maxZ="1.33966"/>
  </GeometryBounding>
</LEGOPrimitive>
