<?xml version="1.0" encoding="UTF-8" standalone="no" ?>
<LEGOPrimitive versionMajor="1" versionMinor="0">
  <Annotations>
    <Annotation platformid="200"/>
    <Annotation platformname="SYSTEM"/>
    <Annotation maingroupid="216"/>
    <Annotation maingroupname="PLATES, SPECIAL"/>
    <Annotation designname="PLATE 2X2 W. SCREEN"/>
    <Annotation aliases="3787"/>
  </Annotations>
  <Collision>
    <Box sX="0.79" sY="0.15" sZ="0.79" angle="0" ax="0" ay="1" az="0" tx="0.4" ty="0.16" tz="-0.4"/>
    <Box sX="0.39" sY="0.09" sZ="0.39" angle="0" ax="0" ay="1" az="0" tx="-0.8" ty="0.54" tz="-0.4"/>
    <Box sX="0.39" sY="0.074089" sZ="0.318024" angle="127.56" ax="-1" ay="0" az="0" tx="-0.8" ty="0.32871" tz="0.133302"/>
    <Box sX="0.39" sY="0.074089" sZ="0.318024" angle="52.44" ax="-1" ay="0" az="0" tx="-0.8" ty="0.32871" tz="-0.933302"/>
    <Box sX="0.39" sY="0.09" sZ="0.39" angle="0" ax="0" ay="1" az="0" tx="1.6" ty="0.54" tz="-0.4"/>
    <Box sX="0.39" sY="0.074089" sZ="0.318024" angle="127.56" ax="-1" ay="0" az="0" tx="1.6" ty="0.32871" tz="0.133302"/>
    <Box sX="0.39" sY="0.074089" sZ="0.318024" angle="52.44" ax="-1" ay="0" az="0" tx="1.6" ty="0.32871" tz="-0.933302"/>
  </Collision>
  <Connectivity>
    <Custom2DField type="23" width="4" height="4" angle="0" ax="0" ay="1" az="0" tx="-0.4" ty="0.32" tz="-1.2">
      29:0:1,23:4:1,18:2:1,23:4:1,29:0:1,
      23:4:1,0:4:1,23:4:1,0:4:1,23:4:1,
      29:0:1,23:4:1,18:4:1,23:4:1,29:0:1,
      23:4:1,0:4:1,23:4:1,0:4:1,23:4:1,
      29:0:1,23:4:1,18:2:1,23:4:1,29:0:1
    </Custom2DField>
    <Custom2DField type="22" width="4" height="4" angle="0" ax="0" ay="1" az="0" tx="-0.4" ty="0" tz="-1.2">
      22:1:1,22:2:1,22:2:1,22:2:1,22:1:1,
      22:2:1,15:4:1,23:4:1,15:4:1,22:2:1,
      22:2:1,23:4:1,7:4:2,23:4:1,22:2:1,
      22:2:1,15:4:1,23:4:1,15:4:1,22:2:1,
      22:1:1,22:2:1,22:2:1,22:2:1,22:1:1
    </Custom2DField>
  </Connectivity>
  <PhysicsAttributes inertiaTensor="0.247467,0,0,0,1.06667,0,0,0,0.887467" centerOfMass="0.4,0.32,-0.4" mass="1" frictionType="0"/>
  <Bounding>
    <AABB minX="-1.2" minY="0" minZ="-1.2" maxX="2" maxY="0.64" maxZ="0.4"/>
  </Bounding>
  <GeometryBounding>
    <AABB minX="-1.2" minY="0" minZ="-1.2" maxX="2" maxY="0.64" maxZ="0.4"/>
  </GeometryBounding>
</LEGOPrimitive>
