<?xml version="1.0" encoding="UTF-8" standalone="no" ?>
<LEGOPrimitive versionMajor="1" versionMinor="0">
  <Annotations>
    <Annotation platformid="200"/>
    <Annotation platformname="SYSTEM"/>
    <Annotation maingroupid="216"/>
    <Annotation maingroupname="PLATES, SPECIAL"/>
    <Annotation designname="MUDGUARD 2X4"/>
    <Annotation aliases="3788"/>
  </Annotations>
  <Collision>
    <Box sX="0.79" sY="0.15" sZ="0.79" angle="0" ax="0" ay="1" az="0" tx="1.2" ty="0.16" tz="-0.4"/>
    <Box sX="0.39" sY="0.045" sZ="0.79" angle="0" ax="0" ay="1" az="0" tx="0" ty="0.585" tz="-0.4"/>
    <Box sX="0.39" sY="0.255" sZ="0.045" angle="0" ax="0" ay="1" az="0" tx="0" ty="0.265" tz="0.345"/>
    <Box sX="0.39" sY="0.255" sZ="0.045" angle="0" ax="0" ay="1" az="0" tx="0" ty="0.265" tz="-1.145"/>
    <Box sX="0.39" sY="0.255" sZ="0.045" angle="0" ax="0" ay="1" az="0" tx="2.4" ty="0.265" tz="0.345"/>
    <Box sX="0.39" sY="0.255" sZ="0.045" angle="0" ax="0" ay="1" az="0" tx="2.4" ty="0.265" tz="-1.145"/>
    <Box sX="0.39" sY="0.045" sZ="0.79" angle="0" ax="0" ay="1" az="0" tx="2.4" ty="0.585" tz="-0.4"/>
    <Box sX="0.045" sY="0.258465" sZ="0.092347" angle="41.5" ax="-1" ay="0" az="0" tx="-0.345" ty="0.326414" tz="0.137865"/>
    <Box sX="0.045" sY="0.258465" sZ="0.092347" angle="41.5" ax="-1" ay="0" az="0" tx="2.745" ty="0.326414" tz="0.137865"/>
    <Box sX="0.045" sY="0.258465" sZ="0.092347" angle="180" ax="0" ay="0.935135" az="0.354291" tx="-0.345" ty="0.326414" tz="-0.937865"/>
    <Box sX="0.045" sY="0.258465" sZ="0.092347" angle="180" ax="0" ay="0.935135" az="0.354291" tx="2.745" ty="0.326414" tz="-0.937865"/>
  </Collision>
  <Connectivity>
    <Custom2DField type="23" width="8" height="4" angle="0" ax="0" ay="1" az="0" tx="-0.4" ty="0.64" tz="-1.2">
      18:1:1,23:4:1,18:2:1,29:0:1,29:0:1,29:0:1,18:2:1,23:4:1,18:1:1,
      23:4:1,0:4:1,23:4:1,29:0:1,29:0:1,29:0:1,23:4:1,0:4:1,23:4:1,
      18:2:1,23:4:1,18:4:1,29:0:1,29:0:1,29:0:1,18:4:1,23:4:1,18:2:1,
      23:4:1,0:4:1,23:4:1,29:0:1,29:0:1,29:0:1,23:4:1,0:4:1,23:4:1,
      18:1:1,23:4:1,18:2:1,29:0:1,29:0:1,29:0:1,18:2:1,23:4:1,18:1:1
    </Custom2DField>
    <Custom2DField type="23" width="4" height="4" angle="0" ax="0" ay="1" az="0" tx="0.4" ty="0.32" tz="-1.2">
      18:1:1,23:4:1,18:2:1,23:4:1,18:1:1,
      23:4:1,0:4:1,23:4:1,0:4:1,23:4:1,
      18:2:1,23:4:1,18:4:1,23:4:1,18:2:1,
      23:4:1,0:4:1,23:4:1,0:4:1,23:4:1,
      18:1:1,23:4:1,18:2:1,23:4:1,18:1:1
    </Custom2DField>
    <Custom2DField type="22" width="4" height="4" angle="0" ax="0" ay="1" az="0" tx="0.4" ty="0" tz="-1.2">
      22:1:1,22:2:1,22:2:1,22:2:1,22:1:1,
      22:2:1,15:4:1,23:4:1,15:4:1,22:2:1,
      22:2:1,23:4:1,7:4:1,23:4:1,22:2:1,
      22:2:1,15:4:1,23:4:1,15:4:1,22:2:1,
      22:1:1,22:2:1,22:2:1,22:2:1,22:1:1
    </Custom2DField>
  </Connectivity>
  <PhysicsAttributes inertiaTensor="0.269094,0,0,0,1.06667,0,0,0,0.909094" centerOfMass="1.2,0.409,-0.4" mass="1" frictionType="0"/>
  <Bounding>
    <AABB minX="-0.4" minY="0" minZ="-1.2" maxX="2.8" maxY="0.818" maxZ="0.4"/>
  </Bounding>
  <GeometryBounding>
    <AABB minX="-0.4" minY="0" minZ="-1.2" maxX="2.8" maxY="0.818" maxZ="0.4"/>
  </GeometryBounding>
</LEGOPrimitive>
