<?xml version="1.0" encoding="UTF-8" standalone="no" ?>
<LEGOPrimitive versionMajor="1" versionMinor="0">
  <Annotations>
    <Annotation platformid="200"/>
    <Annotation platformname="SYSTEM"/>
    <Annotation maingroupid="299"/>
    <Annotation maingroupname="LOOSE PARTS"/>
    <Annotation designname="MINI UPPER PART"/>
    <Annotation aliases="3814;88476"/>
  </Annotations>
  <Collision>
    <Box sX="0.039748" sY="0.39" sZ="0.625412" angle="173.39445" ax="-0.057708" ay="0.705928" az="-0.705928" tx="1.01462" ty="0.643736" tz="0"/>
    <Box sX="0.027" sY="0.64882" sZ="0.309051" angle="120" ax="0.57735" ay="-0.57735" az="0.57735" tx="0.402393" ty="0.319051" tz="-0.363"/>
    <Box sX="0.027" sY="0.64882" sZ="0.309051" angle="120" ax="0.57735" ay="-0.57735" az="0.57735" tx="0.402393" ty="0.319051" tz="0.363"/>
    <Box sX="0.31" sY="0.556618" sZ="0.39" angle="90" ax="0" ay="0" az="1" tx="0.40122" ty="0.96" tz="0"/>
    <Box sX="0.16385" sY="0.154579" sZ="0.154579" angle="90" ax="0" ay="0" az="1" tx="0.4" ty="1.47215" tz="0"/>
    <Box sX="0.035525" sY="0.39" sZ="0.625412" angle="173.49821" ax="-0.0568" ay="-0.705965" az="0.705965" tx="-0.220175" ty="0.644799" tz="0"/>
  </Collision>
  <Connectivity>
    <Fixed type="4" axes="2" angle="180" ax="0" ay="1" az="0" tx="0.9" ty="0" tz="0"/>
    <Hinge type="14" oriented="1" angle="100.49999" ax="0" ay="0" az="-1" tx="-0.072512" ty="0.882665" tz="0"/>
    <Hinge type="14" oriented="1" angle="100.49999" ax="0" ay="0" az="1" tx="0.872512" ty="0.882665" tz="0"/>
    <Hinge type="201" oriented="1" angle="90" ax="0" ay="1" az="0" tx="0.4" ty="1.28" tz="0"/>
    <Fixed type="31" axes="2" angle="180" ax="0" ay="1" az="0" tx="0.7" ty="1.28" tz="0"/>
    <Custom2DField type="22" width="4" height="2" angle="0" ax="0" ay="1" az="0" tx="-0.4" ty="0" tz="-0.4">
      22:1:1,22:2:1,22:2:1,22:2:1,22:1:1,
      22:2:1,15:4:1,15:4:1,15:4:1,22:2:1,
      22:1:1,22:2:1,22:2:1,22:2:1,22:1:1
    </Custom2DField>
    <Custom2DField type="23" width="2" height="2" angle="0" ax="0" ay="1" az="0" tx="0" ty="1.28" tz="-0.4">
      29:0,29:0,29:0,
      29:0,0:4:33,29:0,
      29:0,29:0,29:0
    </Custom2DField>
    <Fixed type="4" axes="2" angle="0" ax="0" ay="1" az="0" tx="-0.1" ty="0" tz="0"/>
    <Hinge type="201" oriented="1" angle="90" ax="0" ay="1" az="0" tx="0.4" ty="1.43" tz="0"/>
    <Fixed type="31" axes="2" angle="0" ax="0" ay="1" az="0" tx="0.1" ty="1.28" tz="0"/>
  </Connectivity>
  <PhysicsAttributes inertiaTensor="0.27911,0,0,0,0.266667,0,0,0,0.43911" centerOfMass="0.4,0.823,0" mass="1" frictionType="0"/>
  <Decoration faces="3" subMaterialRedirectLookupTable="0,0,0"/>
  <Bounding>
    <AABB minX="-0.4" minY="0" minZ="-0.4" maxX="1.2" maxY="1.646" maxZ="0.4"/>
  </Bounding>
  <GeometryBounding>
    <AABB minX="-0.37" minY="0" minZ="-0.4" maxX="1.17" maxY="1.646" maxZ="0.4"/>
  </GeometryBounding>
</LEGOPrimitive>
