<?xml version="1.0" encoding="UTF-8" standalone="no" ?>
<LEGOPrimitive versionMajor="1" versionMinor="0">
  <Annotations>
    <Annotation platformid="200"/>
    <Annotation platformname="SYSTEM"/>
    <Annotation maingroupid="299"/>
    <Annotation maingroupname="LOOSE PARTS"/>
    <Annotation designname="MINI HIP"/>
    <Annotation aliases="3815;88477"/>
  </Annotations>
  <Collision>
    <Box sX="0.065" sY="0.239063" sZ="0.195137" angle="180" ax="0" ay="0.707107" az="-0.707107" tx="0.40022" ty="-0.48" tz="0"/>
    <Box sX="0.27" sY="0.072732" sZ="0.072732" angle="180" ax="0" ay="0.707107" az="-0.707107" tx="0.40022" ty="-0.48" tz="0"/>
    <Box sX="0.69" sY="0.39" sZ="0.0545" angle="180" ax="0" ay="0.707107" az="-0.707107" tx="0.40022" ty="-0.0645" tz="0"/>
    <Box sX="0.202911" sY="0.08734" sZ="0.2" angle="180" ax="0" ay="0.707107" az="-0.707107" tx="0.022309" ty="0.21" tz="0"/>
    <Box sX="0.08734" sY="0.2245" sZ="0.2" angle="180" ax="0" ay="0.707107" az="-0.707107" tx="0.80022" ty="0.21" tz="0.0005"/>
    <Box sX="0.202911" sY="0.08734" sZ="0.2" angle="180" ax="0" ay="0.707107" az="-0.707107" tx="0.778131" ty="0.21" tz="0"/>
    <Box sX="0.08734" sY="0.225" sZ="0.2" angle="180" ax="0" ay="0.707107" az="-0.707107" tx="0.00022" ty="0.21" tz="0"/>
  </Collision>
  <Connectivity>
    <Hinge type="13" oriented="1" angle="180" ax="-0.707107" ay="0.707107" az="0" tx="0.2255" ty="-0.475" tz="0"/>
    <Hinge type="13" oriented="1" angle="90" ax="0" ay="0" az="-1" tx="0.575" ty="-0.475" tz="0"/>
    <Fixed type="5" axes="2" angle="180" ax="0" ay="1" az="0" tx="0.9" ty="0" tz="0"/>
    <Fixed type="5" axes="2" angle="180" ax="0" ay="1" az="0" tx="0.9" ty="0.09" tz="0"/>
    <Fixed type="5" axes="2" angle="0" ax="0" ay="1" az="0" tx="-0.1" ty="0" tz="0"/>
    <Fixed type="5" axes="2" angle="0" ax="0" ay="1" az="0" tx="-0.1" ty="0.09" tz="0"/>
  </Connectivity>
  <PhysicsAttributes inertiaTensor="0.183333,0,0,0,0.216667,0,0,0,0.293333" centerOfMass="0.4,-0.2045,0" mass="1" frictionType="0"/>
  <Decoration faces="3" subMaterialRedirectLookupTable="0,0,0"/>
  <Bounding>
    <AABB minX="-0.3" minY="-0.829" minZ="-0.4" maxX="1.1" maxY="0.42" maxZ="0.4"/>
  </Bounding>
  <GeometryBounding>
    <AABB minX="-0.3" minY="-0.829" minZ="-0.4" maxX="1.1" maxY="0.42" maxZ="0.4"/>
  </GeometryBounding>
</LEGOPrimitive>
