<?xml version="1.0" encoding="UTF-8" standalone="no" ?>
<LEGOPrimitive versionMajor="1" versionMinor="0">
  <Annotations>
    <Annotation platformid="200"/>
    <Annotation platformname="SYSTEM"/>
    <Annotation maingroupid="299"/>
    <Annotation maingroupname="LOOSE PARTS"/>
    <Annotation designname="MINI ARM, RIGHT"/>
    <Annotation aliases="3818;88480"/>
  </Annotations>
  <Collision>
    <Box sX="0.069203" sY="0.312745" sZ="0.088942" angle="167.07077" ax="0.033936" ay="0.888855" az="-0.45693" tx="-0.155074" ty="-0.130403" tz="0.193689"/>
    <Box sX="0.131669" sY="0.14476" sZ="0.088942" angle="180" ax="0" ay="0.707107" az="-0.707107" tx="-0.209122" ty="-0.269462" tz="0.528182"/>
  </Collision>
  <Connectivity>
    <Hinge type="16" oriented="1" angle="120" ax="-0.57735" ay="0.57735" az="-0.57735" tx="-0.21" ty="-0.282743" tz="0.732879"/>
    <Hinge type="15" oriented="1" angle="90" ax="0" ay="0" az="-1" tx="0.15" ty="0" tz="0"/>
    <Hinge type="141" oriented="0" angle="120" ax="-0.57735" ay="-0.57735" az="0.57735" tx="-0.21" ty="-0.282743" tz="0.632879"/>
  </Connectivity>
  <PhysicsAttributes inertiaTensor="0.136881,0,0,0,0.117646,0,0,0,0.076273" centerOfMass="-0.1425,-0.129243,0.26785" mass="1" frictionType="0"/>
  <Bounding>
    <AABB minX="-0.435" minY="-0.507743" minZ="-0.24924" maxX="0.15" maxY="0.249257" maxZ="0.784939"/>
  </Bounding>
  <GeometryBounding>
    <AABB minX="-0.435" minY="-0.507743" minZ="-0.24924" maxX="0" maxY="0.249257" maxZ="0.783005"/>
  </GeometryBounding>
</LEGOPrimitive>
