<?xml version="1.0" encoding="UTF-8" standalone="no" ?>
<LEGOPrimitive versionMajor="1" versionMinor="0">
  <Annotations>
    <Annotation platformid="200"/>
    <Annotation platformname="SYSTEM"/>
    <Annotation maingroupid="299"/>
    <Annotation maingroupname="LOOSE PARTS"/>
    <Annotation designname="MINI ARM, LEFT"/>
    <Annotation aliases="3819;88481"/>
  </Annotations>
  <Collision>
    <Box sX="0.069203" sY="0.312745" sZ="0.088942" angle="165.18921" ax="0.09028" ay="-0.888382" az="0.45014" tx="0.182736" ty="-0.130403" tz="0.167091"/>
    <Box sX="0.131669" sY="0.14476" sZ="0.088942" angle="180" ax="0" ay="0.707107" az="-0.707107" tx="0.210287" ty="-0.269462" tz="0.528182"/>
  </Collision>
  <Connectivity>
    <Hinge type="15" oriented="1" angle="180" ax="-0.707107" ay="0.707107" az="0" tx="-0.15" ty="0" tz="0"/>
    <Hinge type="16" oriented="1" angle="120" ax="-0.57735" ay="0.57735" az="-0.57735" tx="0.21" ty="-0.282603" tz="0.732879"/>
    <Hinge type="141" oriented="0" angle="120" ax="-0.57735" ay="-0.57735" az="0.57735" tx="0.21" ty="-0.282603" tz="0.632879"/>
  </Connectivity>
  <PhysicsAttributes inertiaTensor="0.136548,0,0,0,0.117313,0,0,0,0.076273" centerOfMass="0.1425,-0.129243,0.266883" mass="1" frictionType="0"/>
  <Bounding>
    <AABB minX="-0.15" minY="-0.507743" minZ="-0.24924" maxX="0.435" maxY="0.249257" maxZ="0.783005"/>
  </Bounding>
  <GeometryBounding>
    <AABB minX="0" minY="-0.507743" minZ="-0.24924" maxX="0.435" maxY="0.249257" maxZ="0.783005"/>
  </GeometryBounding>
</LEGOPrimitive>
