<?xml version="1.0" encoding="UTF-8" standalone="no" ?>
<LEGOPrimitive versionMajor="1" versionMinor="0">
  <Annotations>
    <Annotation platformid="200"/>
    <Annotation platformname="SYSTEM"/>
    <Annotation maingroupid="299"/>
    <Annotation maingroupname="LOOSE PARTS"/>
    <Annotation designname="MINI HAND"/>
    <Annotation aliases="3820;88482"/>
  </Annotations>
  <Collision>
    <Box sX="0.082171" sY="0.097481" sZ="0.084664" angle="180" ax="0" ay="0.707107" az="-0.707107" tx="-0.000677" ty="0.000795" tz="0.107481"/>
    <Box sX="0.01175" sY="0.069867" sZ="0.101973" angle="78.71296" ax="-0.937952" ay="0.211429" az="0.274851" tx="-0.19484" ty="-0.079835" tz="0.480995"/>
    <Box sX="0.022734" sY="0.108955" sZ="0.12114" angle="171.02399" ax="0.102036" ay="-0.78848" az="0.606538" tx="0.181646" ty="-0.059889" tz="0.3333"/>
    <Box sX="0.01175" sY="0.069867" sZ="0.101973" angle="164.58958" ax="0.175883" ay="0.780261" az="-0.600216" tx="0.19484" ty="-0.079835" tz="0.480995"/>
    <Box sX="0.022734" sY="0.108955" sZ="0.12114" angle="76.36201" ax="-0.97821" ay="-0.126589" az="-0.164561" tx="-0.181646" ty="-0.059889" tz="0.3333"/>
    <Box sX="0.038014" sY="0.108955" sZ="0.12114" angle="128.42206" ax="0.62812" ay="-0.616748" az="0.474434" tx="0" ty="-0.020433" tz="0.184611"/>
  </Collision>
  <Connectivity>
    <Axel type="6" length="0.44" grabbing="1" startCapped="0" endCapped="0" angle="90.9762" ax="0.129428" ay="0.983106" az="0.129428" tx="0" ty="-0.2" tz="0.35"/>
    <Hinge type="17" oriented="1" angle="120" ax="-0.57735" ay="0.57735" az="-0.57735" tx="0" ty="0" tz="0.05"/>
    <Custom2DField type="23" width="2" height="2" angle="15" ax="1" ay="0" az="0" tx="-0.4" ty="0.156513" tz="0.031764">
      29:0,29:0,29:0,
      29:0,0:4:40,29:0,
      29:0,29:0,29:0
    </Custom2DField>
  </Connectivity>
  <PhysicsAttributes inertiaTensor="0.059544,0,0,0,0.056805,0,0,0,0.042852" centerOfMass="0,0.029497,0.332033" mass="1" frictionType="0"/>
  <Bounding>
    <AABB minX="-0.245295" minY="-0.232012" minZ="0" maxX="0.245295" maxY="0.291006" maxZ="0.664067"/>
  </Bounding>
  <GeometryBounding>
    <AABB minX="-0.245295" minY="-0.232012" minZ="0" maxX="0.245295" maxY="0.291006" maxZ="0.664067"/>
  </GeometryBounding>
</LEGOPrimitive>
