<?xml version="1.0" encoding="UTF-8" standalone="no" ?>
<LEGOPrimitive versionMajor="1" versionMinor="0">
  <Annotations>
    <Annotation platformid="200"/>
    <Annotation platformname="SYSTEM"/>
    <Annotation maingroupid="226"/>
    <Annotation maingroupname="GATES AND ROOFS"/>
    <Annotation designname="RIGHT DOOR 1X3"/>
    <Annotation aliases="3821"/>
  </Annotations>
  <Collision>
    <Box sX="0.99" sY="0.065" sZ="0.47" angle="180" ax="0" ay="0.707107" az="-0.707107" tx="1" ty="0.48" tz="-0.325"/>
    <Box sX="0.269894" sY="0.269894" sZ="0.47" angle="148.60028" ax="0.281085" ay="0.678598" az="-0.678598" tx="0" ty="0.48" tz="0"/>
    <Box sX="0.24" sY="0.165" sZ="0.08" angle="180" ax="0" ay="0.707107" az="-0.707107" tx="1.6" ty="0.47" tz="-0.425"/>
  </Collision>
  <Connectivity>
    <Custom2DField type="23" width="2" height="2" angle="0" ax="0" ay="1" az="0" tx="-0.4" ty="0.96" tz="-0.4">
      29:0,29:0,29:0,
      29:0,0:4:34,29:0,
      29:0,29:0,29:0
    </Custom2DField>
    <Custom2DField type="22" width="2" height="2" angle="0" ax="0" ay="1" az="0" tx="-0.4" ty="0" tz="-0.4">
      29:0,29:0,29:0,
      29:0,15:4:34,29:0,
      29:0,29:0,29:0
    </Custom2DField>
  </Connectivity>
  <PhysicsAttributes inertiaTensor="0.191254,0,0,0,0.563333,0,0,0,0.58792" centerOfMass="0.8,0.569,-0.1" mass="1" frictionType="0"/>
  <Bounding>
    <AABB minX="-0.4" minY="0" minZ="-0.6" maxX="2" maxY="1.138" maxZ="0.4"/>
  </Bounding>
  <GeometryBounding>
    <AABB minX="-0.4" minY="0" minZ="-0.6" maxX="2" maxY="1.138" maxZ="0.4"/>
  </GeometryBounding>
</LEGOPrimitive>
