<?xml version="1.0" encoding="UTF-8" standalone="no" ?>
<LEGOPrimitive versionMajor="1" versionMinor="0">
  <Annotations>
    <Annotation platformid="200"/>
    <Annotation platformname="SYSTEM"/>
    <Annotation maingroupid="277"/>
    <Annotation maingroupname="WINDSCREENS AND COCKPITS"/>
    <Annotation designname="WINDSCREEN 2X4X2"/>
    <Annotation aliases="3823"/>
  </Annotations>
  <Collision>
    <Box sX="0.19" sY="0.79" sZ="0.15" angle="180" ax="0" ay="0.707107" az="-0.707107" tx="-0.2" ty="0.16" tz="-0.4"/>
    <Box sX="0.19" sY="0.6" sZ="0.15" angle="180" ax="0" ay="0.707107" az="-0.707107" tx="0.199999" ty="0.16" tz="-0.21"/>
    <Box sX="0.79" sY="0.39" sZ="0.15" angle="180" ax="0" ay="-0.707107" az="0.707107" tx="1.2" ty="0.16" tz="0"/>
    <Box sX="0.32" sY="0.39" sZ="0.095" angle="180" ax="0" ay="0.707107" az="-0.707107" tx="-0.07" ty="1.815" tz="-0.8"/>
    <Box sX="0.32" sY="0.39" sZ="0.095" angle="180" ax="0" ay="0.707107" az="-0.707107" tx="2.47" ty="1.815" tz="-0.8"/>
    <Box sX="0.19" sY="0.6" sZ="0.15" angle="180" ax="0" ay="0.707107" az="-0.707107" tx="2.2" ty="0.16" tz="-0.21"/>
    <Box sX="0.19" sY="0.79" sZ="0.15" angle="180" ax="0" ay="-0.707107" az="0.707107" tx="2.6" ty="0.16" tz="-0.4"/>
    <Box sX="0.059329" sY="1.19" sZ="0.933941" angle="106.77911" ax="0.473301" ay="-0.473301" az="0.742948" tx="1.2" ty="1.03619" tz="-0.061774"/>
    <Box sX="0.065" sY="0.39" sZ="0.74" angle="180" ax="0" ay="0.707107" az="-0.707107" tx="-0.325" ty="0.96" tz="-0.8"/>
    <Box sX="0.065" sY="0.39" sZ="0.74" angle="180" ax="0" ay="0.707107" az="-0.707107" tx="2.725" ty="0.96" tz="-0.8"/>
    <Box sX="0.260972" sY="0.073827" sZ="0.917157" angle="116.50903" ax="-0.956616" ay="0.246179" az="0.155828" tx="2.51425" ty="0.978657" tz="-0.187213"/>
    <Box sX="0.260972" sY="0.073826" sZ="0.917157" angle="155.8316" ax="0.135519" ay="0.53807" az="-0.831935" tx="-0.114251" ty="0.978657" tz="-0.187213"/>
  </Collision>
  <Connectivity>
    <Custom2DField type="23" width="2" height="2" angle="0" ax="0" ay="1" az="0" tx="2" ty="1.92" tz="-1.2">
      29:0,29:0,29:0,
      29:0,1:4:34,29:0,
      29:0,29:0,29:0
    </Custom2DField>
    <Custom2DField type="23" width="2" height="2" angle="0" ax="0" ay="1" az="0" tx="-0.4" ty="1.92" tz="-1.2">
      29:0,29:0,29:0,
      29:0,1:4:34,29:0,
      29:0,29:0,29:0
    </Custom2DField>
    <Custom2DField type="22" width="8" height="4" angle="0" ax="0" ay="1" az="0" tx="-0.4" ty="0" tz="-1.2">
      22:1:1,22:2:1,29:0:1,29:0:1,29:0:1,29:0:1,29:0:1,22:2:1,22:1:1,
      22:2:1,15:4,22:2:1,29:0:1,29:0:1,29:0:1,22:2:1,15:4,22:2:1,
      22:2:1,9:4:1,22:2:1,22:2:1,22:2:1,22:2:1,22:2:1,9:4:1,22:2:1,
      22:2:1,15:4,9:4:1,15:4:1,9:4:1,15:4:1,9:4:1,15:4,22:2:1,
      22:1:1,22:2:1,22:2:1,22:2:1,22:2:1,22:2:1,22:2:1,22:2:1,22:1:1
    </Custom2DField>
  </Connectivity>
  <PhysicsAttributes inertiaTensor="0.580483,0,0,0,1.06667,0,0,0,1.22048" centerOfMass="1.2,1.0495,-0.4" mass="1" frictionType="0"/>
  <Bounding>
    <AABB minX="-0.4" minY="0" minZ="-1.2" maxX="2.8" maxY="2.099" maxZ="0.4"/>
  </Bounding>
  <GeometryBounding>
    <AABB minX="-0.4" minY="0" minZ="-1.2" maxX="2.8" maxY="2.099" maxZ="0.4"/>
  </GeometryBounding>
</LEGOPrimitive>
