<?xml version="1.0" encoding="UTF-8" standalone="no" ?>
<LEGOPrimitive versionMajor="1" versionMinor="0">
  <Annotations>
    <Annotation platformid="200"/>
    <Annotation platformname="SYSTEM"/>
    <Annotation maingroupid="286"/>
    <Annotation maingroupname="FUNCTIONAL ELEMENTS"/>
    <Annotation designname="HINGE 1X2 UPPER PART"/>
    <Annotation aliases="3830"/>
  </Annotations>
  <Collision>
    <Box sX="0.63" sY="0.47" sZ="0.39" angle="0" ax="0" ay="1" az="0" tx="0.56" ty="0.48" tz="0"/>
    <Box sX="0.15" sY="0.47" sZ="0.23" angle="0" ax="0" ay="1" az="0" tx="-0.24" ty="0.48" tz="-0.16"/>
    <Box sX="0.157588" sY="0.31" sZ="0.157588" angle="45" ax="0" ay="1" az="0" tx="-0.4" ty="0.32" tz="0.4"/>
    <Box sX="0.21645" sY="0.15" sZ="0.21645" angle="45" ax="0" ay="1" az="0" tx="-0.4" ty="0.8" tz="0.4"/>
    <Box sX="0.15" sY="0.15" sZ="0.15" angle="0" ax="0" ay="1" az="0" tx="-0.24" ty="0.8" tz="0.24"/>
  </Collision>
  <Connectivity>
    <Custom2DField type="22" width="4" height="2" angle="0" ax="0" ay="1" az="0" tx="-0.4" ty="0" tz="-0.4">
      22:1:1,22:2:1,22:2:1,22:2:1,22:1:1,
      22:2:1,15:4,9:4:1,15:4:1,22:2:1,
      29:0:1,22:2:1,22:2:1,22:2:1,22:1:1
    </Custom2DField>
    <Custom2DField type="23" width="4" height="2" angle="0" ax="0" ay="1" az="0" tx="-0.4" ty="0.96" tz="-0.4">
      18:1:1,23:4:1,18:2:1,23:4:1,18:1:1,
      23:4:1,0:4:1,23:4:1,0:4:1,23:4:1,
      29:0:1,23:4:1,18:2:1,23:4:1,18:1:1
    </Custom2DField>
    <Hinge type="55" oriented="1" angle="0" ax="0" ay="0" az="1" tx="-0.4" ty="0.32" tz="0.4"/>
  </Connectivity>
  <PhysicsAttributes inertiaTensor="0.212454,0,0,0,0.411733,0,0,0,0.41512" centerOfMass="0.24,0.569,0.16" mass="1" frictionType="0"/>
  <Bounding>
    <AABB minX="-0.72" minY="0" minZ="-0.4" maxX="1.2" maxY="1.138" maxZ="0.72"/>
  </Bounding>
  <GeometryBounding>
    <AABB minX="-0.72" minY="0" minZ="-0.4" maxX="1.2" maxY="1.138" maxZ="0.72"/>
  </GeometryBounding>
</LEGOPrimitive>
