<?xml version="1.0" encoding="UTF-8" standalone="no" ?>
<LEGOPrimitive versionMajor="1" versionMinor="0">
  <Annotations>
    <Annotation platformid="200"/>
    <Annotation platformname="SYSTEM"/>
    <Annotation maingroupid="246"/>
    <Annotation maingroupname="FIGURE ACCESSORIES IN HAND"/>
    <Annotation designname="MINI FIREMAN&apos;S AXE"/>
    <Annotation aliases="3835"/>
  </Annotations>
  <Collision>
    <Box sX="0.073736" sY="0.983168" sZ="0.091309" angle="45" ax="0" ay="-1" az="0" tx="0.029154" ty="0.993168" tz="-0.008094"/>
    <Box sX="0.453811" sY="0.245654" sZ="0.095" angle="0" ax="0" ay="1" az="0" tx="0.216189" ty="2.23328" tz="0"/>
  </Collision>
  <Connectivity>
    <Axel type="7" length="1.41331" requireGrabbing="0" startCapped="0" endCapped="1" angle="90" ax="0" ay="1" az="0" tx="0" ty="0" tz="0"/>
    <Custom2DField type="22" width="2" height="2" angle="0" ax="0" ay="1" az="0" tx="-0.4" ty="0" tz="-0.4">
      29:0,29:0,29:0,
      29:0,9:4:34,29:0,
      29:0,29:0,29:0
    </Custom2DField>
  </Connectivity>
  <PhysicsAttributes inertiaTensor="0.550408,0,0,0,0.083742,0,0,0,0.617083" centerOfMass="0.205,1.275,0" mass="1" frictionType="0"/>
  <Bounding>
    <AABB minX="-0.27" minY="0" minZ="-0.16" maxX="0.68" maxY="2.55" maxZ="0.16"/>
  </Bounding>
  <GeometryBounding>
    <AABB minX="-0.27" minY="0" minZ="-0.16" maxX="0.68" maxY="2.55" maxZ="0.16"/>
  </GeometryBounding>
</LEGOPrimitive>
