<?xml version="1.0" encoding="UTF-8" standalone="no" ?>
<LEGOPrimitive versionMajor="1" versionMinor="0">
  <Annotations>
    <Annotation platformid="200"/>
    <Annotation platformname="SYSTEM"/>
    <Annotation maingroupid="246"/>
    <Annotation maingroupname="FIGURE ACCESSORIES IN HAND"/>
    <Annotation designname="MINI SHOVEL"/>
    <Annotation aliases="3837;88431"/>
  </Annotations>
  <Collision>
    <Box sX="0.47" sY="0.565365" sZ="0.089377" angle="23.99999" ax="1" ay="0" az="0" tx="0" ty="3.04669" tz="0.110505"/>
    <Box sX="0.0975" sY="0.0975" sZ="1.22056" angle="90" ax="1" ay="0" az="0" tx="0" ty="1.26222" tz="0"/>
    <Box sX="0.0975" sY="0.0975" sZ="1.22056" angle="98.42106" ax="0.862856" ay="-0.357407" az="0.357407" tx="0" ty="1.26222" tz="0"/>
  </Collision>
  <Connectivity>
    <Axel type="7" length="2.1" requireGrabbing="0" startCapped="0" endCapped="1" angle="90" ax="0" ay="1" az="0" tx="0" ty="0" tz="0"/>
  </Connectivity>
  <PhysicsAttributes inertiaTensor="1.12176,0,0,0,0.11052,0,0,0,1.16484" centerOfMass="0,1.80669,0.116957" mass="1" frictionType="0"/>
  <Bounding>
    <AABB minX="-0.48" minY="0" minZ="-0.2011" maxX="0.48" maxY="3.61337" maxZ="0.435015"/>
  </Bounding>
  <GeometryBounding>
    <AABB minX="-0.48" minY="0.00017" minZ="-0.16" maxX="0.48" maxY="3.61337" maxZ="0.435015"/>
  </GeometryBounding>
</LEGOPrimitive>
