<?xml version="1.0" encoding="UTF-8" standalone="no" ?>
<LEGOPrimitive versionMajor="1" versionMinor="0">
  <Annotations>
    <Annotation platformid="200"/>
    <Annotation platformname="SYSTEM"/>
    <Annotation maingroupid="216"/>
    <Annotation maingroupname="PLATES, SPECIAL"/>
    <Annotation designname="MINI HANDLE"/>
    <Annotation aliases="3839"/>
  </Annotations>
  <Collision>
    <Box sX="0.892426" sY="0.39" sZ="0.05" angle="180" ax="0" ay="0.707107" az="-0.707107" tx="0.402426" ty="0.06" tz="0"/>
    <Box sX="0.79" sY="0.39" sZ="0.09" angle="180" ax="0" ay="0.707107" az="-0.707107" tx="0.4" ty="0.22" tz="0"/>
    <Box sX="0.103137" sY="0.79" sZ="0.103137" angle="148.60028" ax="-0.281085" ay="0.678598" az="-0.678598" tx="-0.64" ty="0.06" tz="0.4"/>
    <Box sX="0.103137" sY="0.79" sZ="0.103137" angle="148.60028" ax="-0.281085" ay="0.678598" az="-0.678598" tx="1.44" ty="0.06" tz="0.4"/>
  </Collision>
  <Connectivity>
    <Custom2DField type="22" width="4" height="2" angle="0" ax="0" ay="1" az="0" tx="-0.4" ty="0" tz="-0.4">
      22:1:1,22:2:1,22:2:1,22:2:1,22:1:1,
      22:2:1,15:4:1,9:4:1,15:4:1,22:2:1,
      22:1:1,22:2:1,22:2:1,22:2:1,22:1:1
    </Custom2DField>
    <Custom2DField type="23" width="4" height="2" angle="0" ax="0" ay="1" az="0" tx="-0.4" ty="0.32" tz="-0.4">
      18:1:1,23:4:1,18:2:1,23:4:1,18:1:1,
      23:4:1,0:4:1,23:4:1,0:4:1,23:4:1,
      29:0:1,23:4:1,18:2:1,23:4:1,29:0:1
    </Custom2DField>
    <Axel type="7" length="1.6" requireGrabbing="0" startCapped="0" endCapped="0" angle="120" ax="-0.57735" ay="0.57735" az="-0.57735" tx="-0.64" ty="0.06" tz="1.2"/>
    <Axel type="7" length="1.6" requireGrabbing="0" startCapped="0" endCapped="0" angle="120" ax="-0.57735" ay="0.57735" az="-0.57735" tx="1.44" ty="0.06" tz="1.2"/>
    <Custom2DField type="22" width="2" height="2" angle="90" ax="-1" ay="0" az="0" tx="-1.04" ty="-0.34" tz="1.2">
      29:0,29:0,29:0,
      29:0,9:4:32,29:0,
      29:0,29:0,29:0
    </Custom2DField>
    <Custom2DField type="22" width="2" height="2" angle="90" ax="-1" ay="0" az="0" tx="1.04" ty="-0.34" tz="1.2">
      29:0,29:0,29:0,
      29:0,9:4:32,29:0,
      29:0,29:0,29:0
    </Custom2DField>
  </Connectivity>
  <PhysicsAttributes inertiaTensor="0.243134,0,0,0,0.693333,0,0,0,0.5098" centerOfMass="0.4,0.199,0.4" mass="1" frictionType="0"/>
  <Bounding>
    <AABB minX="-0.8" minY="-0.1" minZ="-0.4" maxX="1.6" maxY="0.498" maxZ="1.2"/>
  </Bounding>
  <GeometryBounding>
    <AABB minX="-0.8" minY="-0.1" minZ="-0.4" maxX="1.6" maxY="0.498" maxZ="1.2"/>
  </GeometryBounding>
</LEGOPrimitive>
