<?xml version="1.0" encoding="UTF-8" standalone="no" ?>
<LEGOPrimitive versionMajor="1" versionMinor="0">
  <Annotations>
    <Annotation platformid="200"/>
    <Annotation platformname="SYSTEM"/>
    <Annotation maingroupid="253"/>
    <Annotation maingroupname="FIGURE ACCESSORIES, UPPER BODY"/>
    <Annotation designname="MINI CAPE"/>
    <Annotation aliases="3840"/>
  </Annotations>
  <Collision>
    <Box sX="0.52" sY="0.675" sZ="0.04" angle="0" ax="0" ay="1" az="0" tx="0" ty="-0.585" tz="-0.45"/>
    <Box sX="0.52" sY="0.675" sZ="0.04" angle="0" ax="0" ay="1" az="0" tx="0" ty="-0.585" tz="0.45"/>
    <Box sX="0.52" sY="0.04" sZ="0.1125" angle="0" ax="0" ay="1" az="0" tx="0" ty="0.05" tz="-0.3775"/>
    <Box sX="0.49" sY="0.04" sZ="0.1275" angle="90" ax="0" ay="1" az="0" tx="-0.3925" ty="0.05" tz="0"/>
    <Box sX="0.52" sY="0.04" sZ="0.1125" angle="180" ax="0" ay="1" az="0" tx="0" ty="0.05" tz="0.3775"/>
    <Box sX="0.49" sY="0.04" sZ="0.1275" angle="90" ax="0" ay="-1" az="0" tx="0.3925" ty="0.05" tz="0"/>
  </Collision>
  <Connectivity>
    <Fixed type="30" axes="2" angle="180" ax="0" ay="1" az="0" tx="0.3" ty="0" tz="0"/>
    <Custom2DField type="22" width="2" height="2" angle="0" ax="0" ay="1" az="0" tx="-0.4" ty="0" tz="-0.4">
      29:0,29:0,29:0,
      29:0,15:4:32,29:0,
      29:0,29:0,29:0
    </Custom2DField>
    <Custom2DField type="22" width="2" height="2" angle="180" ax="1" ay="0" az="0" tx="-0.4" ty="0.1" tz="0.4">
      29:0,29:0,29:0,
      29:0,15:4:32,29:0,
      29:0,29:0,29:0
    </Custom2DField>
    <Fixed type="30" axes="2" angle="0" ax="0" ay="1" az="0" tx="-0.3" ty="0" tz="0"/>
  </Connectivity>
  <PhysicsAttributes inertiaTensor="0.239742,0,0,0,0.176967,0,0,0,0.250042" centerOfMass="0,-0.585,0" mass="1" frictionType="0"/>
  <Bounding>
    <AABB minX="-0.53" minY="-1.27" minZ="-0.5" maxX="0.53" maxY="0.1" maxZ="0.5"/>
  </Bounding>
  <GeometryBounding>
    <AABB minX="-0.53" minY="-1.27" minZ="-0.5" maxX="0.53" maxY="0.1" maxZ="0.5"/>
  </GeometryBounding>
</LEGOPrimitive>
