<?xml version="1.0" encoding="UTF-8" standalone="no" ?>
<LEGOPrimitive versionMajor="1" versionMinor="0">
  <Annotations>
    <Annotation platformid="200"/>
    <Annotation platformname="SYSTEM"/>
    <Annotation maingroupid="246"/>
    <Annotation maingroupname="FIGURE ACCESSORIES IN HAND"/>
    <Annotation designname="MINI PICKAXE"/>
    <Annotation aliases="3841"/>
  </Annotations>
  <Collision>
    <Box sX="0.097828" sY="1.64" sZ="0.097828" angle="0" ax="0" ay="1" az="0" tx="0" ty="1.65" tz="0"/>
    <Box sX="0.21" sY="0.23" sZ="0.13" angle="0" ax="0" ay="1" az="0" tx="0" ty="2.99" tz="0"/>
    <Box sX="1.14661" sY="0.064337" sZ="0.0656" angle="0" ax="0" ay="1" az="0" tx="0.015668" ty="2.88434" tz="0"/>
    <Box sX="0.898546" sY="0.127889" sZ="0.072143" angle="180" ax="0" ay="1" az="0" tx="0" ty="2.94789" tz="0"/>
    <Box sX="0.577083" sY="0.173418" sZ="0.073125" angle="180" ax="0" ay="1" az="0" tx="0" ty="2.99342" tz="0"/>
  </Collision>
  <Connectivity>
    <Axel type="7" length="2.75" requireGrabbing="0" startCapped="0" endCapped="1" angle="90" ax="0" ay="1" az="0" tx="0" ty="0" tz="0"/>
    <Custom2DField type="22" width="2" height="2" angle="0" ax="0" ay="1" az="0" tx="-0.4" ty="0" tz="-0.4">
      29:0,29:0,29:0,
      29:0,9:4:34,29:0,
      29:0,29:0,29:0
    </Custom2DField>
  </Connectivity>
  <PhysicsAttributes inertiaTensor="0.916033,0,0,0,0.468742,0,0,0,1.36771" centerOfMass="0,1.65,0" mass="1" frictionType="0"/>
  <Bounding>
    <AABB minX="-1.175" minY="0" minZ="-0.16" maxX="1.175" maxY="3.3" maxZ="0.16"/>
  </Bounding>
  <GeometryBounding>
    <AABB minX="-1.175" minY="0" minZ="-0.16" maxX="1.175" maxY="3.3" maxZ="0.16"/>
  </GeometryBounding>
</LEGOPrimitive>
