<?xml version="1.0" encoding="UTF-8" standalone="no" ?>
<LEGOPrimitive versionMajor="1" versionMinor="0">
  <Annotations>
    <Annotation platformid="200"/>
    <Annotation platformname="SYSTEM"/>
    <Annotation maingroupid="247"/>
    <Annotation maingroupname="FIGURE, WEAPONS"/>
    <Annotation designname="MINI SHIELD"/>
    <Annotation aliases="3846"/>
  </Annotations>
  <Collision>
    <Box sX="0.096118" sY="0.107308" sZ="0.416668" angle="0" ax="0" ay="1" az="0" tx="0" ty="0.705758" tz="-0.12"/>
    <Box sX="0.078019" sY="0.096938" sZ="0.321811" angle="90" ax="1" ay="0" az="0" tx="0.022611" ty="0.331811" tz="-0.003239"/>
    <Box sX="0.234218" sY="0.234218" sZ="0.019306" angle="45" ax="0" ay="0" az="1" tx="0" ty="-0.204692" tz="0.38"/>
    <Box sX="0.749781" sY="0.345776" sZ="0.05" angle="0" ax="0" ay="1" az="0" tx="0" ty="0.944224" tz="0.38"/>
    <Box sX="0.484526" sY="0.327904" sZ="0.05" angle="0" ax="0" ay="1" az="0" tx="0" ty="0.285465" tz="0.38"/>
  </Collision>
  <Connectivity>
    <Axel type="7" length="0.448432" requireGrabbing="0" startCapped="0" endCapped="1" angle="90" ax="0" ay="1" az="0" tx="0" ty="0" tz="0"/>
    <Axel type="7" length="0.866668" requireGrabbing="0" startCapped="0" endCapped="1" angle="120" ax="0.57735" ay="0.57735" az="0.57735" tx="0" ty="0.70597" tz="-0.56"/>
    <Custom2DField type="22" width="2" height="2" angle="0" ax="0" ay="1" az="0" tx="-0.4" ty="0" tz="-0.4">
      29:0,29:0,29:0,
      29:0,9:4:34,29:0,
      29:0,29:0,29:0
    </Custom2DField>
    <Custom2DField type="22" width="2" height="2" angle="120" ax="0.57735" ay="0.57735" az="0.57735" tx="-0.4" ty="0.30597" tz="-0.56">
      29:0,29:0,29:0,
      29:0,9:4:34,29:0,
      29:0,29:0,29:0
    </Custom2DField>
  </Connectivity>
  <PhysicsAttributes inertiaTensor="0.371667,0,0,0,0.296667,0,0,0,0.501667" centerOfMass="0,0.369946,-0.06" mass="1" frictionType="0"/>
  <Decoration faces="2" subMaterialRedirectLookupTable="0,0"/>
  <Bounding>
    <AABB minX="-0.8" minY="-0.560108" minZ="-0.56" maxX="0.8" maxY="1.3" maxZ="0.44"/>
  </Bounding>
  <GeometryBounding>
    <AABB minX="-0.8" minY="-0.560108" minZ="-0.56" maxX="0.8" maxY="1.3" maxZ="0.44"/>
  </GeometryBounding>
</LEGOPrimitive>
