<?xml version="1.0" encoding="UTF-8" standalone="no" ?>
<LEGOPrimitive versionMajor="1" versionMinor="0">
  <Annotations>
    <Annotation platformid="200"/>
    <Annotation platformname="SYSTEM"/>
    <Annotation maingroupid="247"/>
    <Annotation maingroupname="FIGURE, WEAPONS"/>
    <Annotation designname="MINI SWORD"/>
    <Annotation aliases="3847"/>
  </Annotations>
  <Collision>
    <Box sX="0.183368" sY="1.03863" sZ="0.022473" angle="0" ax="0" ay="1" az="0" tx="0" ty="1.82393" tz="0.002375"/>
    <Box sX="0.0975" sY="0.0975" sZ="0.435273" angle="90" ax="1" ay="0" az="0" tx="0" ty="0.194727" tz="0"/>
    <Box sX="0.0975" sY="0.0975" sZ="0.435273" angle="98.42106" ax="0.862856" ay="-0.357407" az="0.357407" tx="0" ty="0.194727" tz="0"/>
    <Box sX="0.0975" sY="0.0975" sZ="0.645546" angle="90" ax="0" ay="-1" az="0" tx="0" ty="0.64" tz="0"/>
    <Box sX="0.0975" sY="0.0975" sZ="0.645546" angle="98.42106" ax="-0.357407" ay="-0.862856" az="0.357407" tx="0" ty="0.64" tz="0"/>
  </Collision>
  <Connectivity>
    <Axel type="7" length="0.44" requireGrabbing="0" startCapped="0" endCapped="1" angle="90" ax="0" ay="1" az="0" tx="0" ty="0.04" tz="0"/>
    <Axel type="7" length="0.205" requireGrabbing="0" startCapped="1" endCapped="0" angle="120" ax="-0.57735" ay="0.57735" az="0.57735" tx="-0.16" ty="0.640004" tz="0"/>
    <Axel type="7" length="0.205" requireGrabbing="0" startCapped="0" endCapped="1" angle="120" ax="-0.57735" ay="0.57735" az="0.57735" tx="0.365" ty="0.640004" tz="0"/>
  </Connectivity>
  <PhysicsAttributes inertiaTensor="0.846472,0,0,0,0.155942,0,0,0,0.985347" centerOfMass="0,1.3255,0" mass="1" frictionType="0"/>
  <Bounding>
    <AABB minX="-0.665" minY="-0.26" minZ="-0.16" maxX="0.665" maxY="2.911" maxZ="0.16"/>
  </Bounding>
  <GeometryBounding>
    <AABB minX="-0.665" minY="-0.26" minZ="-0.16" maxX="0.665" maxY="2.911" maxZ="0.16"/>
  </GeometryBounding>
</LEGOPrimitive>
