<?xml version="1.0" encoding="UTF-8" standalone="no" ?>
<LEGOPrimitive versionMajor="1" versionMinor="0">
  <Annotations>
    <Annotation platformid="200"/>
    <Annotation platformname="SYSTEM"/>
    <Annotation maingroupid="247"/>
    <Annotation maingroupname="FIGURE, WEAPONS"/>
    <Annotation designname="MINI BATTLE AXE"/>
    <Annotation aliases="3848;53610"/>
  </Annotations>
  <Collision>
    <Box sX="0.095" sY="2.45283" sZ="0.095" angle="0" ax="0" ay="1" az="0" tx="0" ty="2.46283" tz="0"/>
    <Box sX="0.115564" sY="0.324758" sZ="0.009147" angle="0" ax="0" ay="1" az="0" tx="0.886528" ty="4.1" tz="0"/>
    <Box sX="0.319835" sY="0.190001" sZ="0.095" angle="0" ax="0" ay="1" az="0" tx="0.359331" ty="4.1" tz="0"/>
    <Box sX="0.116216" sY="0.624278" sZ="0.012651" angle="0" ax="0" ay="1" az="0" tx="0.766988" ty="4.1" tz="0"/>
  </Collision>
  <Connectivity>
    <Axel type="7" length="4.55823" requireGrabbing="0" startCapped="0" endCapped="0" angle="90" ax="0" ay="1" az="0" tx="0" ty="0" tz="0"/>
    <Custom2DField type="22" width="2" height="2" angle="0" ax="0" ay="1" az="0" tx="-0.4" ty="0" tz="-0.4">
      29:0,29:0,29:0,
      29:0,9:4:32,29:0,
      29:0,29:0,29:0
    </Custom2DField>
  </Connectivity>
  <PhysicsAttributes inertiaTensor="2.0336,0,0,0,0.140827,0,0,0,2.15736" centerOfMass="0.469984,2.46479,0" mass="1" frictionType="0"/>
  <Bounding>
    <AABB minX="-0.16" minY="0" minZ="-0.16" maxX="1.09997" maxY="4.92958" maxZ="0.16"/>
  </Bounding>
  <GeometryBounding>
    <AABB minX="-0.16" minY="0" minZ="-0.16" maxX="1.09997" maxY="4.92958" maxZ="0.16"/>
  </GeometryBounding>
</LEGOPrimitive>
