<?xml version="1.0" encoding="UTF-8" standalone="no" ?>
<LEGOPrimitive versionMajor="1" versionMinor="0">
  <Annotations>
    <Annotation platformid="200"/>
    <Annotation platformname="SYSTEM"/>
    <Annotation maingroupid="247"/>
    <Annotation maingroupname="FIGURE, WEAPONS"/>
    <Annotation designname="MINI LANCE"/>
    <Annotation aliases="3849"/>
  </Annotations>
  <Collision>
    <Box sX="0.104839" sY="3.59" sZ="0.103137" angle="45" ax="0" ay="1" az="0" tx="0" ty="3.6" tz="0"/>
    <Box sX="0.103137" sY="0.34" sZ="0.103137" angle="98.42106" ax="-0.357407" ay="0.357407" az="0.862856" tx="0.35" ty="1.045" tz="0"/>
    <Box sX="0.299379" sY="0.13504" sZ="0.294793" angle="0" ax="0" ay="1" az="0" tx="0" ty="1.56504" tz="0"/>
  </Collision>
  <Connectivity>
    <Axel type="7" length="1.42" requireGrabbing="0" startCapped="0" endCapped="1" angle="90" ax="0" ay="1" az="0" tx="0" ty="0" tz="0"/>
    <Axel type="7" length="0.54" requireGrabbing="0" startCapped="0" endCapped="1" angle="180" ax="-0.707107" ay="0.707107" az="0" tx="0.7" ty="1.045" tz="0"/>
    <Axel type="7" length="5.32992" requireGrabbing="0" startCapped="1" endCapped="0" angle="90" ax="0" ay="1" az="0" tx="0" ty="1.71008" tz="0"/>
    <Custom2DField type="22" width="2" height="2" angle="0" ax="0" ay="1" az="0" tx="-0.4" ty="0" tz="-0.4">
      29:0,29:0,29:0,
      29:0,9:4:34,29:0,
      29:0,29:0,29:0
    </Custom2DField>
    <Custom2DField type="22" width="2" height="2" angle="90" ax="0" ay="0" az="1" tx="0.7" ty="0.645" tz="-0.4">
      29:0,29:0,29:0,
      29:0,9:4:34,29:0,
      29:0,29:0,29:0
    </Custom2DField>
  </Connectivity>
  <PhysicsAttributes inertiaTensor="4.37333,0,0,0,0.154167,0,0,0,4.42083" centerOfMass="0.15,3.6,0" mass="1" frictionType="0"/>
  <Bounding>
    <AABB minX="-0.4" minY="0" minZ="-0.4" maxX="0.7" maxY="7.2" maxZ="0.4"/>
  </Bounding>
  <GeometryBounding>
    <AABB minX="-0.4" minY="0" minZ="-0.4" maxX="0.7" maxY="7.2" maxZ="0.4"/>
  </GeometryBounding>
</LEGOPrimitive>
