<?xml version="1.0" encoding="UTF-8" standalone="no" ?>
<LEGOPrimitive versionMajor="1" versionMinor="0">
  <Annotations>
    <Annotation platformid="200"/>
    <Annotation platformname="SYSTEM"/>
    <Annotation maingroupid="246"/>
    <Annotation maingroupname="FIGURE ACCESSORIES IN HAND"/>
    <Annotation designname="HAIR BRUSH"/>
    <Annotation aliases="3852"/>
  </Annotations>
  <Collision>
    <Box sX="0.37856" sY="0.746002" sZ="0.165" angle="0" ax="0" ay="1" az="0" tx="0.001381" ty="1.74302" tz="0.075"/>
    <Box sX="0.103137" sY="0.487333" sZ="0.103137" angle="45" ax="0" ay="1" az="0" tx="0" ty="0.497333" tz="0"/>
  </Collision>
  <Connectivity>
    <Axel type="7" length="0.716073" requireGrabbing="0" startCapped="0" endCapped="0" angle="90" ax="0" ay="1" az="0" tx="0" ty="0" tz="0"/>
    <Custom2DField type="22" width="2" height="2" angle="0" ax="0" ay="1" az="0" tx="-0.4" ty="0" tz="-0.4">
      29:0,29:0,29:0,
      29:0,9:4:32,29:0,
      29:0,29:0,29:0
    </Custom2DField>
  </Connectivity>
  <PhysicsAttributes inertiaTensor="0.534433,0,0,0,0.064335,0,0,0,0.570751" centerOfMass="0.001381,1.24951,0.045" mass="1" frictionType="0"/>
  <Bounding>
    <AABB minX="-0.387179" minY="0" minZ="-0.16" maxX="0.389941" maxY="2.49902" maxZ="0.25"/>
  </Bounding>
  <GeometryBounding>
    <AABB minX="-0.387179" minY="0" minZ="-0.16" maxX="0.389941" maxY="2.49902" maxZ="0.25"/>
  </GeometryBounding>
</LEGOPrimitive>
