<?xml version="1.0" encoding="UTF-8" standalone="no" ?>
<LEGOPrimitive versionMajor="1" versionMinor="0">
  <Annotations>
    <Annotation platformid="200"/>
    <Annotation platformname="SYSTEM"/>
    <Annotation maingroupid="225"/>
    <Annotation maingroupname="FRAMES, WINDOWS, WALLS AND DOORS"/>
    <Annotation designname="INSIDE FRAME 2X3"/>
    <Annotation aliases="3854"/>
  </Annotations>
  <Collision>
    <Box sX="0.095" sY="1.19013" sZ="0.09" angle="0" ax="0" ay="1" az="0" tx="0.005" ty="1.19987" tz="0"/>
    <Box sX="0.1" sY="1.19013" sZ="0.09" angle="0" ax="0" ay="1" az="0" tx="1.19" ty="1.19987" tz="0"/>
    <Box sX="0.585" sY="0.105" sZ="0.09" angle="0" ax="0" ay="1" az="0" tx="0.705" ty="2.285" tz="0"/>
    <Box sX="0.585" sY="0.1" sZ="0.09" angle="0" ax="0" ay="1" az="0" tx="0.705" ty="1.2" tz="0"/>
    <Box sX="0.585" sY="0.105127" sZ="0.09" angle="0" ax="0" ay="1" az="0" tx="0.705" ty="0.114873" tz="0"/>
  </Collision>
  <Connectivity>
    <Hinge type="19" oriented="0" angle="0" ax="0" ay="0" az="1" tx="0" ty="1.2" tz="0"/>
  </Connectivity>
  <PhysicsAttributes inertiaTensor="0.524167,0,0,0,0.166667,0,0,0,0.684167" centerOfMass="0.6,1.2,0" mass="1" frictionType="0"/>
  <Bounding>
    <AABB minX="-0.1" minY="-0.05" minZ="-0.1" maxX="1.3" maxY="2.45" maxZ="0.1"/>
  </Bounding>
  <GeometryBounding>
    <AABB minX="-0.1" minY="-0.05" minZ="-0.1" maxX="1.3" maxY="2.45" maxZ="0.1"/>
  </GeometryBounding>
</LEGOPrimitive>
