<?xml version="1.0" encoding="UTF-8" standalone="no" ?>
<LEGOPrimitive versionMajor="1" versionMinor="0">
  <Annotations>
    <Annotation platformid="200"/>
    <Annotation platformname="SYSTEM"/>
    <Annotation maingroupid="225"/>
    <Annotation maingroupname="FRAMES, WINDOWS, WALLS AND DOORS"/>
    <Annotation designname="GLASS 23, 75X28, 5X2"/>
    <Annotation aliases="3855"/>
  </Annotations>
  <Collision>
    <Box sX="1.43996" sY="1.19366" sZ="0.090024" angle="0" ax="0" ay="1" az="0" tx="1.19996" ty="1.51634" tz="-0.15001"/>
  </Collision>
  <Connectivity>
    <Hinge type="23" oriented="0" angle="90" ax="0" ay="0" az="-1" tx="1.20083" ty="1.51635" tz="-0.150013"/>
  </Connectivity>
  <PhysicsAttributes inertiaTensor="0.486267,0,0,0,0.735827,0,0,0,1.21542" centerOfMass="1.19996,1.51635,-0.150012" mass="1" frictionType="0"/>
  <Bounding>
    <AABB minX="-0.282428" minY="0.312687" minZ="-0.250037" maxX="2.68235" maxY="2.72" maxZ="-0.049986"/>
  </Bounding>
  <GeometryBounding>
    <AABB minX="-0.282428" minY="0.312687" minZ="-0.250037" maxX="2.68235" maxY="2.72" maxZ="-0.049986"/>
  </GeometryBounding>
</LEGOPrimitive>
