<?xml version="1.0" encoding="UTF-8" standalone="no" ?>
<LEGOPrimitive versionMajor="1" versionMinor="0">
  <Annotations>
    <Annotation platformid="200"/>
    <Annotation platformname="SYSTEM"/>
    <Annotation maingroupid="225"/>
    <Annotation maingroupname="FRAMES, WINDOWS, WALLS AND DOORS"/>
    <Annotation designname="SHUTTER 2X3"/>
    <Annotation aliases="3856"/>
  </Annotations>
  <Collision>
    <Box sX="0.126514" sY="1.19" sZ="0.043024" angle="0" ax="0" ay="1" az="0" tx="-0.266514" ty="1.52" tz="0.52001"/>
    <Box sX="0.605" sY="1.24" sZ="0.09" angle="0" ax="0" ay="1" az="0" tx="0.485" ty="1.52" tz="0.52"/>
    <Box sX="0.63" sY="1.29" sZ="0.04" angle="0" ax="0" ay="1" az="0" tx="0.51" ty="1.52" tz="0.52"/>
  </Collision>
  <Connectivity>
    <Hinge type="19" oriented="0" angle="0" ax="0" ay="0" az="1" tx="-0.350009" ty="1.52" tz="0.520015"/>
  </Connectivity>
  <PhysicsAttributes inertiaTensor="0.566689,0,0,0,0.216689,0,0,0,0.776666" centerOfMass="0.350001,1.52,0.520116" mass="1" frictionType="0"/>
  <Bounding>
    <AABB minX="-0.449999" minY="0.22" minZ="0.419774" maxX="1.15" maxY="2.82" maxZ="0.620457"/>
  </Bounding>
  <GeometryBounding>
    <AABB minX="-0.449998" minY="0.22" minZ="0.419774" maxX="1.15" maxY="2.82" maxZ="0.620226"/>
  </GeometryBounding>
</LEGOPrimitive>
