<?xml version="1.0" encoding="UTF-8" standalone="no" ?>
<LEGOPrimitive versionMajor="1" versionMinor="0">
  <Annotations>
    <Annotation platformid="200"/>
    <Annotation platformname="SYSTEM"/>
    <Annotation maingroupid="225"/>
    <Annotation maingroupname="FRAMES, WINDOWS, WALLS AND DOORS"/>
    <Annotation designname="DOOR 4X5"/>
    <Annotation aliases="3861"/>
  </Annotations>
  <Collision>
    <Box sX="1.375" sY="2.2845" sZ="0.06" angle="0" ax="0" ay="1" az="0" tx="1.385" ty="2.5045" tz="-0.33"/>
    <Box sX="0.202132" sY="2.3895" sZ="0.06" angle="45.58736" ax="0" ay="1" az="0" tx="-0.181284" ty="2.3995" tz="-0.178519"/>
    <Box sX="0.19" sY="0.24" sZ="0.06" angle="0" ax="0" ay="1" az="0" tx="0.2" ty="0.25" tz="-0.33"/>
    <Box sX="0.24" sY="0.08" sZ="0.09" angle="0" ax="0" ay="1" az="0" tx="2.26" ty="2.135" tz="-0.5"/>
    <Box sX="0.333604" sY="0.0645" sZ="0.12" angle="0" ax="0" ay="1" az="0" tx="0.056396" ty="4.7245" tz="-0.13"/>
    <Box sX="0.253106" sY="0.0645" sZ="0.12" angle="47.54811" ax="0" ay="1" az="0" tx="0.100802" ty="4.7245" tz="0.104874"/>
    <Box sX="0.190016" sY="0.0645" sZ="0.12" angle="0" ax="0" ay="1" az="0" tx="-0.199984" ty="4.7255" tz="0.27"/>
    <Box sX="0.258788" sY="0.0645" sZ="0.26741" angle="0" ax="0" ay="1" az="0" tx="-0.01842" ty="4.7245" tz="0.01741"/>
    <Box sX="0.333604" sY="0.15" sZ="0.12" angle="0" ax="0" ay="1" az="0" tx="0.056396" ty="0.16" tz="-0.13"/>
    <Box sX="0.253106" sY="0.15" sZ="0.12" angle="47.54811" ax="0" ay="1" az="0" tx="0.100802" ty="0.16" tz="0.104874"/>
    <Box sX="0.190016" sY="0.15" sZ="0.12" angle="0" ax="0" ay="1" az="0" tx="-0.199984" ty="0.16" tz="0.27"/>
    <Box sX="0.258788" sY="0.15" sZ="0.26741" angle="0" ax="0" ay="1" az="0" tx="-0.01842" ty="0.16" tz="0.01741"/>
  </Collision>
  <Connectivity>
    <Custom2DField type="23" width="2" height="2" angle="0" ax="0" ay="1" az="0" tx="-0.4" ty="4.8" tz="-0.4">
      29:0,29:0,29:0,
      29:0,1:4:33,29:0,
      29:0,29:0,29:0
    </Custom2DField>
    <Custom2DField type="22" width="2" height="2" angle="0" ax="0" ay="1" az="0" tx="-0.4" ty="0" tz="-0.4">
      29:0,29:0,29:0,
      29:0,15:4:34,29:0,
      29:0,29:0,29:0
    </Custom2DField>
  </Connectivity>
  <PhysicsAttributes inertiaTensor="2.14754,0,0,0,0.920742,0,0,0,2.90162" centerOfMass="1.185,2.4885,-0.1" mass="1" frictionType="0"/>
  <Bounding>
    <AABB minX="-0.4" minY="0" minZ="-0.6" maxX="2.77" maxY="4.977" maxZ="0.4"/>
  </Bounding>
  <GeometryBounding>
    <AABB minX="-0.4" minY="0" minZ="-0.6" maxX="2.77" maxY="4.977" maxZ="0.4"/>
  </GeometryBounding>
</LEGOPrimitive>
