<?xml version="1.0" encoding="UTF-8" standalone="no" ?>
<LEGOPrimitive versionMajor="1" versionMinor="0">
  <Annotations>
    <Annotation platformid="200"/>
    <Annotation platformname="SYSTEM"/>
    <Annotation maingroupid="250"/>
    <Annotation maingroupname="FIGURE, THEME"/>
    <Annotation designname="MINI HELMET/COOT OF MAIL"/>
    <Annotation aliases="3896"/>
  </Annotations>
  <Collision>
    <Box sX="0.261665" sY="0.029201" sZ="0.455756" angle="104.47751" ax="0.774597" ay="-0.447214" az="0.447214" tx="-0.521188" ty="-0.498452" tz="0.218873"/>
    <Box sX="0.335137" sY="0.029201" sZ="0.455756" angle="138.59036" ax="0.377964" ay="-0.654654" az="0.654654" tx="-0.48688" ty="-0.498452" tz="-0.278297"/>
    <Box sX="0.335137" sY="0.029201" sZ="0.455756" angle="180" ax="0" ay="0.707107" az="-0.707107" tx="-0.002428" ty="-0.498452" tz="-0.560799"/>
    <Box sX="0.335137" sY="0.029201" sZ="0.455756" angle="138.59036" ax="0.377964" ay="0.654654" az="-0.654654" tx="0.484452" ty="-0.498452" tz="-0.282502"/>
    <Box sX="0.26662" sY="0.029201" sZ="0.455756" angle="104.47751" ax="0.774597" ay="0.447214" az="-0.447214" tx="0.521138" ty="-0.498452" tz="0.21896"/>
    <Box sX="0.335137" sY="0.029201" sZ="0.101653" angle="90" ax="1" ay="0" az="0" tx="0.002428" ty="-0.852556" tz="0.560799"/>
    <Box sX="0.49" sY="0.227476" sZ="0.49" angle="0" ax="0" ay="1" az="0" tx="0" ty="0.235749" tz="0"/>
  </Collision>
  <Connectivity>
    <Custom2DField type="22" width="2" height="2" angle="0" ax="0" ay="1" az="0" tx="-0.4" ty="0" tz="-0.4">
      29:0,29:0,29:0,
      29:0,5:4:34,29:0,
      29:0,29:0,29:0
    </Custom2DField>
  </Connectivity>
  <PhysicsAttributes inertiaTensor="0.383609,0,0,0,0.292685,0,0,0,0.398952" centerOfMass="0,-0.110434,0" mass="1" frictionType="0"/>
  <Bounding>
    <AABB minX="-0.679737" minY="-0.967647" minZ="-0.64499" maxX="0.679737" maxY="0.746779" maxZ="0.64499"/>
  </Bounding>
  <GeometryBounding>
    <AABB minX="-0.644989" minY="-0.960755" minZ="-0.64499" maxX="0.644989" maxY="0.740582" maxZ="0.64499"/>
  </GeometryBounding>
</LEGOPrimitive>
