<?xml version="1.0" encoding="UTF-8" standalone="no" ?>
<LEGOPrimitive versionMajor="1" versionMinor="0">
  <Annotations>
    <Annotation platformid="200"/>
    <Annotation platformname="SYSTEM"/>
    <Annotation maingroupid="246"/>
    <Annotation maingroupname="FIGURE ACCESSORIES IN HAND"/>
    <Annotation designname="MUG"/>
    <Annotation aliases="3899;6264"/>
  </Annotations>
  <Collision>
    <Box sX="0.095" sY="0.319892" sZ="0.095" angle="45" ax="0" ay="1" az="0" tx="-0.8" ty="0.539892" tz="0"/>
    <Box sX="0.095" sY="0.245" sZ="0.095" angle="98.42106" ax="0.357407" ay="0.357407" az="-0.862856" tx="-0.545" ty="0.8" tz="0"/>
    <Box sX="0.151335" sY="0.47" sZ="0.010864" angle="0" ax="0" ay="1" az="0" tx="0" ty="0.48" tz="0.265864"/>
    <Box sX="0.151335" sY="0.47" sZ="0.010864" angle="60" ax="0" ay="1" az="0" tx="0.230245" ty="0.48" tz="0.132932"/>
    <Box sX="0.151335" sY="0.47" sZ="0.010864" angle="120" ax="0" ay="1" az="0" tx="0.230245" ty="0.48" tz="-0.132932"/>
    <Box sX="0.151335" sY="0.47" sZ="0.010864" angle="180" ax="0" ay="1" az="0" tx="0" ty="0.48" tz="-0.265864"/>
    <Box sX="0.151335" sY="0.47" sZ="0.010864" angle="120" ax="0" ay="-1" az="0" tx="-0.230245" ty="0.48" tz="-0.132932"/>
    <Box sX="0.151335" sY="0.47" sZ="0.010864" angle="60" ax="0" ay="-1" az="0" tx="-0.230245" ty="0.48" tz="0.132932"/>
    <Box sX="0.219848" sY="0.05" sZ="0.219848" angle="0" ax="0" ay="1" az="0" tx="0" ty="0.27" tz="0"/>
  </Collision>
  <Connectivity>
    <Axel type="7" length="0.569902" requireGrabbing="0" startCapped="0" endCapped="0" angle="90" ax="0" ay="1" az="0" tx="-0.8" ty="0.21" tz="0"/>
    <Axel type="7" length="0.419518" requireGrabbing="0" startCapped="0" endCapped="0" angle="120" ax="-0.57735" ay="0.57735" az="0.57735" tx="-0.38" ty="0.8" tz="0"/>
    <Custom2DField type="22" width="2" height="2" angle="0" ax="0" ay="1" az="0" tx="-0.4" ty="0" tz="-0.4">
      29:0,29:0,29:0,
      29:0,5:4:34,29:0,
      29:0,29:0,29:0
    </Custom2DField>
    <Custom2DField type="22" width="2" height="2" angle="0" ax="0" ay="1" az="0" tx="-1.2" ty="0.21" tz="-0.4">
      29:0,29:0,29:0,
      29:0,9:4:32,29:0,
      29:0,29:0,29:0
    </Custom2DField>
  </Connectivity>
  <PhysicsAttributes inertiaTensor="0.124933,0,0,0,0.197767,0,0,0,0.226433" centerOfMass="-0.29,0.48,0" mass="1" frictionType="0"/>
  <Bounding>
    <AABB minX="-0.96" minY="0" minZ="-0.38" maxX="0.38" maxY="0.96" maxZ="0.38"/>
  </Bounding>
  <GeometryBounding>
    <AABB minX="-0.96" minY="0" minZ="-0.38" maxX="0.38" maxY="0.96" maxZ="0.38"/>
  </GeometryBounding>
</LEGOPrimitive>
