<?xml version="1.0" encoding="UTF-8" standalone="no" ?>
<LEGOPrimitive versionMajor="1" versionMinor="0">
  <Annotations>
    <Annotation platformid="200"/>
    <Annotation platformname="SYSTEM"/>
    <Annotation maingroupid="246"/>
    <Annotation maingroupname="FIGURE ACCESSORIES IN HAND"/>
    <Annotation designname="SIGN - STOP"/>
    <Annotation aliases="3900"/>
  </Annotations>
  <Collision>
    <Box sX="0.10243" sY="0.445939" sZ="0.10243" angle="0" ax="0" ay="1" az="0" tx="0" ty="0.455939" tz="0"/>
    <Box sX="0.10243" sY="0.234061" sZ="0.070348" angle="0" ax="0" ay="1" az="0" tx="0" ty="1.15594" tz="0.005348"/>
    <Box sX="0.353884" sY="0.366785" sZ="0.065" angle="0" ax="0" ay="1" az="0" tx="0" ty="1.95343" tz="0"/>
    <Box sX="0.353884" sY="0.366785" sZ="0.065" angle="45" ax="0" ay="0" az="1" tx="0" ty="1.95343" tz="0"/>
  </Collision>
  <Connectivity>
    <Custom2DField type="23" width="2" height="2" angle="90" ax="1" ay="0" az="0" tx="-0.4" ty="2.35" tz="0.075">
      29:0,29:0,29:0,
      29:0,3:4:34,29:0,
      29:0,29:0,29:0
    </Custom2DField>
    <Axel type="7" length="0.927955" requireGrabbing="0" startCapped="0" endCapped="1" angle="90" ax="0" ay="1" az="0" tx="0" ty="0" tz="0"/>
    <Custom2DField type="22" width="2" height="2" angle="0" ax="0" ay="1" az="0" tx="-0.4" ty="0" tz="-0.4">
      29:0,29:0,29:0,
      29:0,9:4:34,29:0,
      29:0,29:0,29:0
    </Custom2DField>
  </Connectivity>
  <PhysicsAttributes inertiaTensor="0.536602,0,0,0,0.116602,0,0,0,0.621667" centerOfMass="0,1.25,0.0575" mass="1" frictionType="0"/>
  <Bounding>
    <AABB minX="-0.55" minY="0" minZ="-0.16" maxX="0.55" maxY="2.5" maxZ="0.275"/>
  </Bounding>
  <GeometryBounding>
    <AABB minX="-0.55" minY="0" minZ="-0.16" maxX="0.55" maxY="2.5" maxZ="0.275"/>
  </GeometryBounding>
</LEGOPrimitive>
