<?xml version="1.0" encoding="UTF-8" standalone="no" ?>
<LEGOPrimitive versionMajor="1" versionMinor="0">
  <Annotations>
    <Annotation platformid="200"/>
    <Annotation platformname="SYSTEM"/>
    <Annotation maingroupid="286"/>
    <Annotation maingroupname="FUNCTIONAL ELEMENTS"/>
    <Annotation designname="ROCKER BEARING 1X2"/>
    <Annotation aliases="3937"/>
  </Annotations>
  <Collision>
    <Box sX="0.065" sY="0.0505" sZ="0.29" angle="90" ax="1" ay="0" az="0" tx="1.125" ty="0.3" tz="0.2245"/>
    <Box sX="0.79" sY="0.315" sZ="0.07" angle="90" ax="1" ay="0" az="0" tx="0.4" ty="0.08" tz="0.075"/>
    <Box sX="0.065" sY="0.09" sZ="0.42" angle="90" ax="1" ay="0" az="0" tx="1.125" ty="0.43" tz="-0.3"/>
    <Box sX="0.065" sY="0.09" sZ="0.42" angle="90" ax="1" ay="0" az="0" tx="-0.325" ty="0.43" tz="-0.3"/>
    <Box sX="0.065" sY="0.0505" sZ="0.29" angle="90" ax="1" ay="0" az="0" tx="-0.325" ty="0.3" tz="0.2245"/>
    <Box sX="0.64" sY="0.05" sZ="0.42" angle="90" ax="1" ay="0" az="0" tx="0.4" ty="0.43" tz="-0.34"/>
    <Box sX="0.79" sY="0.2575" sZ="0.065" angle="90" ax="1" ay="0" az="0" tx="0.4" ty="0.245" tz="0.0175"/>
  </Collision>
  <Connectivity>
    <Hinge type="4" oriented="0" angle="90" ax="0" ay="0" az="-1" tx="0.4" ty="0.56" tz="0" LimMin="-1.5707963705062866" LimMax="0" FlipLimMin="-1.5707963705062866" FlipLimMax="0" />
    <Custom2DField type="22" width="4" height="2" angle="0" ax="0" ay="1" az="0" tx="-0.4" ty="0" tz="-0.4">
      22:1:1,22:2:1,22:2:1,22:2:1,22:1:1,
      22:2:1,15:4:1,22:2:1,15:4:1,22:2:1,
      22:1:1,22:2:1,22:2:1,22:2:1,22:1:1
    </Custom2DField>
  </Connectivity>
  <PhysicsAttributes inertiaTensor="0.114967,0,0,0,0.266667,0,0,0,0.274967" centerOfMass="0.4,0.43,0" mass="1" frictionType="0"/>
  <Bounding>
    <AABB minX="-0.4" minY="0" minZ="-0.4" maxX="1.2" maxY="0.86" maxZ="0.4"/>
  </Bounding>
  <GeometryBounding>
    <AABB minX="-0.4" minY="0" minZ="-0.4" maxX="1.2" maxY="0.86" maxZ="0.4"/>
  </GeometryBounding>
</LEGOPrimitive>
