<?xml version="1.0" encoding="UTF-8" standalone="no" ?>
<LEGOPrimitive versionMajor="1" versionMinor="0">
  <Annotations>
    <Annotation platformid="200"/>
    <Annotation platformname="SYSTEM"/>
    <Annotation maingroupid="286"/>
    <Annotation maingroupname="FUNCTIONAL ELEMENTS"/>
    <Annotation designname="PLATE 1X2 (ROCKING)"/>
    <Annotation aliases="3938"/>
  </Annotations>
  <Collision>
    <Box sX="0.79" sY="0.39" sZ="0.04" angle="180" ax="0" ay="0.707107" az="-0.707107" tx="0.401802" ty="0.35" tz="0"/>
    <Box sX="0.04" sY="0.16749" sZ="0.2" angle="180" ax="0" ay="0.707107" az="-0.707107" tx="1" ty="0.09" tz="0"/>
    <Box sX="0.04" sY="0.16754" sZ="0.2" angle="180" ax="0" ay="0.707107" az="-0.707107" tx="-0.2" ty="0.09" tz="0"/>
    <Box sX="0.214099" sY="0.053992" sZ="0.245" angle="180" ax="0" ay="0.707107" az="-0.707107" tx="0.075901" ty="0.045768" tz="-0.003992"/>
    <Box sX="0.114157" sY="0.09" sZ="0.09" angle="180" ax="0" ay="0.707107" az="-0.707107" tx="-0.274157" ty="0.002262" tz="0"/>
    <Box sX="0.215901" sY="0.053992" sZ="0.245" angle="180" ax="0" ay="0.707107" az="-0.707107" tx="0.725901" ty="0.045768" tz="-0.003992"/>
    <Box sX="0.115901" sY="0.09" sZ="0.09" angle="180" ax="0" ay="0.707107" az="-0.707107" tx="1.0759" ty="0.002262" tz="0"/>
    <Box sX="0.540901" sY="0.053992" sZ="0.085384" angle="180" ax="0" ay="0.707107" az="-0.707107" tx="0.400901" ty="0.205384" tz="-0.003992"/>
  </Collision>
  <Connectivity>
    <Hinge type="5" oriented="0" angle="90" ax="0" ay="0" az="-1" tx="0.4" ty="0" tz="0"/>
    <Custom2DField type="23" width="4" height="2" angle="0" ax="0" ay="1" az="0" tx="-0.4" ty="0.4" tz="-0.4">
      18:1:1,23:4:1,18:2:1,23:4:1,18:1:1,
      23:4:1,1:4:1,23:4:1,1:4:1,23:4:1,
      18:1:1,23:4:1,18:2:1,23:4:1,18:1:1
    </Custom2DField>
  </Connectivity>
  <PhysicsAttributes inertiaTensor="0.106533,0,0,0,0.266667,0,0,0,0.266533" centerOfMass="0.4,0.1795,0" mass="1" frictionType="0"/>
  <Bounding>
    <AABB minX="-0.4" minY="-0.22" minZ="-0.4" maxX="1.2" maxY="0.579" maxZ="0.4"/>
  </Bounding>
  <GeometryBounding>
    <AABB minX="-0.4" minY="-0.22" minZ="-0.4" maxX="1.2" maxY="0.579" maxZ="0.4"/>
  </GeometryBounding>
</LEGOPrimitive>
