<?xml version="1.0" encoding="UTF-8" standalone="no" ?>
<LEGOPrimitive versionMajor="1" versionMinor="0">
  <Annotations>
    <Annotation platformid="200"/>
    <Annotation platformname="SYSTEM"/>
    <Annotation maingroupid="206"/>
    <Annotation maingroupname="BRICKS WITH SLOPE, SPECIAL"/>
    <Annotation designname="WINDSCREEN 3X6/25°"/>
    <Annotation aliases="3939;6208"/>
  </Annotations>
  <Collision>
    <Box sX="0.39" sY="0.39" sZ="0.47" angle="180" ax="0" ay="-0.707107" az="0.707107" tx="0" ty="0.48" tz="0"/>
    <Box sX="0.39" sY="0.875641" sZ="0.081104" angle="180" ax="0" ay="0.843391" az="-0.5373" tx="0" ty="0.503144" tz="1.16416"/>
    <Box sX="0.39" sY="0.79" sZ="0.09" angle="180" ax="0" ay="0.707107" az="-0.707107" tx="0" ty="0.1" tz="1.2"/>
    <Box sX="0.39" sY="0.404705" sZ="0.171217" angle="180" ax="0" ay="0.707107" az="-0.707107" tx="0" ty="0.381217" tz="0.814705"/>
    <Box sX="0.39" sY="0.39" sZ="0.47" angle="89.99999" ax="-1" ay="0" az="0" tx="4" ty="0.48" tz="0"/>
    <Box sX="0.39" sY="0.875641" sZ="0.081104" angle="65" ax="-1" ay="0" az="0" tx="4" ty="0.503144" tz="1.16416"/>
    <Box sX="0.39" sY="0.79" sZ="0.09" angle="90" ax="-1" ay="0" az="0" tx="4" ty="0.1" tz="1.2"/>
    <Box sX="0.39" sY="0.404705" sZ="0.171217" angle="90" ax="-1" ay="0" az="0" tx="4" ty="0.381217" tz="0.814705"/>
    <Box sX="1.59" sY="0.39" sZ="0.045" angle="180" ax="0" ay="0.707107" az="-0.707107" tx="2" ty="0.905" tz="0"/>
    <Box sX="1.59" sY="0.875616" sZ="0.045" angle="180" ax="0" ay="0.848048" az="-0.529919" tx="2" ty="0.522338" tz="1.17188"/>
  </Collision>
  <Connectivity>
    <Custom2DField type="23" width="12" height="2" angle="0" ax="0" ay="1" az="0" tx="-0.4" ty="0.96" tz="-0.4">
      18:1:1,23:4:1,18:2:1,29:0:1,29:0:1,29:0:1,29:0:1,29:0:1,29:0:1,29:0:1,18:2:1,23:4:1,18:1:1,
      23:4:1,0:4:1,23:4:1,29:0:1,29:0:1,29:0:1,29:0:1,29:0:1,29:0:1,29:0:1,23:4:1,0:4:1,23:4:1,
      29:0:1,23:4:1,29:0:1,29:0:1,29:0:1,29:0:1,29:0:1,29:0:1,29:0:1,29:0:1,29:0:1,23:4:1,29:0:1
    </Custom2DField>
    <Custom2DField type="22" width="12" height="6" angle="0" ax="0" ay="1" az="0" tx="-0.4" ty="0" tz="-0.4">
      22:1:1,22:2:1,22:1:1,29:0:1,29:0:1,29:0:1,29:0:1,29:0:1,29:0:1,29:0:1,22:1:1,22:2:1,22:1:1,
      22:2:1,15:4:1,22:2:1,29:0:1,29:0:1,29:0:1,29:0:1,29:0:1,29:0:1,29:0:1,22:2:1,15:4:1,22:2:1,
      22:2:1,15:4:1,22:2:1,29:0:1,29:0:1,29:0:1,29:0:1,29:0:1,29:0:1,29:0:1,22:2:1,15:4:1,22:2:1,
      22:2:1,15:4:1,22:2:1,29:0:1,29:0:1,29:0:1,29:0:1,29:0:1,29:0:1,29:0:1,22:2:1,15:4:1,22:2:1,
      22:2:1,15:4:1,22:2:1,29:0:1,29:0:1,29:0:1,29:0:1,29:0:1,29:0:1,29:0:1,22:2:1,15:4:1,22:2:1,
      22:2:1,15:4:1,22:2:1,29:0:1,29:0:1,29:0:1,29:0:1,29:0:1,29:0:1,29:0:1,22:2:1,15:4:1,22:2:1,
      22:1:1,22:2:1,22:2:1,22:2:1,22:2:1,22:2:1,22:2:1,22:2:1,22:2:1,22:2:1,22:2:1,22:2:1,22:1:1
    </Custom2DField>
  </Connectivity>
  <PhysicsAttributes inertiaTensor="0.58792,0,0,0,2.4,0,0,0,2.02792" centerOfMass="2,0.569,0.8" mass="1" frictionType="0"/>
  <Bounding>
    <AABB minX="-0.4" minY="0" minZ="-0.4" maxX="4.4" maxY="1.138" maxZ="2"/>
  </Bounding>
  <GeometryBounding>
    <AABB minX="-0.4" minY="0" minZ="-0.4" maxX="4.4" maxY="1.138" maxZ="2"/>
  </GeometryBounding>
</LEGOPrimitive>
