<?xml version="1.0" encoding="UTF-8" standalone="no" ?>
<LEGOPrimitive versionMajor="1" versionMinor="0">
  <Annotations>
    <Annotation platformid="200"/>
    <Annotation platformname="SYSTEM"/>
    <Annotation maingroupid="217"/>
    <Annotation maingroupname="PLATES, SPECIAL CIRCLES AND ANGLES"/>
    <Annotation designname="UNDERCARRIAGE 2X2X2"/>
    <Annotation aliases="3940"/>
  </Annotations>
  <Collision>
    <Box sX="0.19" sY="0.040705" sZ="0.467868" angle="104.47749" ax="0.774596" ay="0.447213" az="-0.447214" tx="0.656088" ty="0.482132" tz="-0.252147"/>
    <Box sX="0.49239" sY="0.22129" sZ="0.04" angle="120" ax="0.57735" ay="0.57735" az="-0.57735" tx="0.00871" ty="1.87" tz="-0.4"/>
    <Box sX="0.19" sY="0.040705" sZ="0.467868" angle="138.59039" ax="0.377965" ay="0.654654" az="-0.654653" tx="0.656088" ty="0.482132" tz="-0.547853"/>
    <Box sX="0.19" sY="0.040705" sZ="0.467868" angle="180" ax="0" ay="0.707107" az="-0.707107" tx="0.4" ty="0.482132" tz="-0.695705"/>
    <Box sX="0.128659" sY="0.010396" sZ="0.525" angle="180" ax="0" ay="-0.707106" az="0.707108" tx="0.402732" ty="1.385" tz="-0.218224"/>
    <Box sX="0.19" sY="0.040705" sZ="0.467868" angle="138.59035" ax="0.377964" ay="-0.654654" az="0.654654" tx="0.143912" ty="0.482132" tz="-0.547853"/>
    <Box sX="0.190001" sY="0.040706" sZ="0.467868" angle="104.47755" ax="0.774596" ay="-0.447213" az="0.447215" tx="0.143912" ty="0.482132" tz="-0.252147"/>
    <Box sX="0.19" sY="0.040705" sZ="0.467868" angle="90.00006" ax="1" ay="0" az="0" tx="0.4" ty="0.482132" tz="-0.104295"/>
    <Box sX="0.49239" sY="0.22129" sZ="0.04" angle="180" ax="0" ay="0.707107" az="-0.707107" tx="0.4" ty="1.87" tz="-0.008711"/>
    <Box sX="0.128661" sY="0.010395" sZ="0.525001" angle="120.00002" ax="0.577353" ay="-0.57735" az="0.577348" tx="0.581776" ty="1.385" tz="-0.402732"/>
    <Box sX="0.49239" sY="0.22129" sZ="0.04" angle="119.99998" ax="0.57735" ay="-0.57735" az="0.57735" tx="0.79129" ty="1.87" tz="-0.4"/>
    <Box sX="0.128659" sY="0.010399" sZ="0.525" angle="89.9995" ax="1" ay="0" az="0" tx="0.397268" ty="1.385" tz="-0.581776"/>
    <Box sX="0.49239" sY="0.22129" sZ="0.04" angle="90" ax="1" ay="0" az="0" tx="0.4" ty="1.87" tz="-0.791289"/>
    <Box sX="0.216683" sY="0.061" sZ="0.32059" angle="135" ax="0" ay="-1" az="0" tx="0.73353" ty="0.249" tz="-0.73353"/>
    <Box sX="0.216683" sY="0.061" sZ="0.32059" angle="135" ax="0" ay="1" az="0" tx="0.73353" ty="0.249" tz="-0.06647"/>
    <Box sX="0.216683" sY="0.061" sZ="0.32059" angle="45" ax="0" ay="1" az="0" tx="0.06647" ty="0.249" tz="-0.06647"/>
    <Box sX="0.216683" sY="0.061" sZ="0.32059" angle="45" ax="0" ay="-1" az="0" tx="0.06647" ty="0.249" tz="-0.73353"/>
    <Box sX="0.197055" sY="0.01141" sZ="0.15" angle="111.73595" ax="0.677866" ay="-0.519854" az="0.519854" tx="-0.325625" ty="0.16" tz="-0.205581"/>
    <Box sX="0.197055" sY="0.01141" sZ="0.15" angle="128.98735" ax="0.477111" ay="-0.621436" az="0.621436" tx="-0.325619" ty="0.16" tz="-0.594441"/>
    <Box sX="0.197055" sY="0.01141" sZ="0.15" angle="169.38681" ax="0.092883" ay="-0.70405" az="0.70405" tx="0.205581" ty="0.16" tz="-1.12562"/>
    <Box sX="0.197055" sY="0.01141" sZ="0.15" angle="169.43036" ax="0.0925" ay="0.704075" az="-0.704075" tx="0.594441" ty="0.16" tz="-1.12562"/>
    <Box sX="0.197055" sY="0.01141" sZ="0.15" angle="129.02579" ax="0.476699" ay="0.621594" az="-0.621594" tx="1.12562" ty="0.16" tz="-0.594419"/>
    <Box sX="0.197055" sY="0.01141" sZ="0.15" angle="111.76811" ax="0.677457" ay="0.520121" az="-0.520121" tx="1.12562" ty="0.16" tz="-0.205559"/>
    <Box sX="0.197055" sY="0.01141" sZ="0.15" angle="90.98021" ax="0.983037" ay="0.129689" az="-0.129689" tx="0.594418" ty="0.16" tz="0.325625"/>
    <Box sX="0.197055" sY="0.01141" sZ="0.15" angle="90.9722" ax="0.983174" ay="-0.129167" az="0.129167" tx="0.205559" ty="0.16" tz="0.325619"/>
    <Box sX="0.128661" sY="0.010398" sZ="0.525001" angle="120.00019" ax="0.577348" ay="0.577348" az="-0.577354" tx="0.218224" ty="1.385" tz="-0.397268"/>
  </Collision>
  <Connectivity>
    <Custom2DField type="22" width="4" height="4" angle="0" ax="0" ay="1" az="0" tx="-0.4" ty="0" tz="-1.2">
      29:0:1,22:2:1,22:2:1,22:2:1,29:0:1,
      22:2:1,15:4,22:2:1,15:4,22:2:1,
      22:2:1,22:2:1,7:4:2,22:2:1,22:2:1,
      22:2:1,15:4,22:2:1,15:4,22:2:1,
      29:0:1,22:2:1,22:2:1,22:2:1,29:0:1
    </Custom2DField>
    <Custom2DField type="23" width="4" height="4" angle="0" ax="0" ay="1" az="0" tx="-0.4" ty="1.92" tz="-1.2">
      29:0:1,23:4:1,18:2:1,23:4:1,29:0:1,
      23:4:1,1:4,23:4:1,1:4,23:4:1,
      18:2:1,23:4:1,18:4:1,23:4:1,18:2:1,
      23:4:1,1:4,23:4:1,1:4,23:4:1,
      29:0:1,23:4:1,18:2:1,23:4:1,29:0:1
    </Custom2DField>
    <Axel type="4" length="0.64" grabbing="0" startCapped="0" endCapped="0" angle="90" ax="0" ay="1" az="0" tx="0.4" ty="0.21" tz="-0.4"/>
    <Axel type="6" length="1.07" grabbing="0" startCapped="0" endCapped="0" angle="180" ax="1" ay="0" az="0" tx="0.4" ty="1.92" tz="-0.4"/>
    <Hinge type="137" oriented="1" angle="0" ax="0" ay="0" az="1" tx="0.4" ty="0" tz="-0.4"/>
  </Connectivity>
  <PhysicsAttributes inertiaTensor="0.580134,0,0,0,0.426667,0,0,0,0.580134" centerOfMass="0.4,1.049,-0.4" mass="1" frictionType="0"/>
  <Bounding>
    <AABB minX="-0.4" minY="0" minZ="-1.2" maxX="1.2" maxY="2.098" maxZ="0.4"/>
  </Bounding>
  <GeometryBounding>
    <AABB minX="-0.4" minY="0" minZ="-1.2" maxX="1.2" maxY="2.098" maxZ="0.4"/>
  </GeometryBounding>
</LEGOPrimitive>
