<?xml version="1.0" encoding="UTF-8" standalone="no" ?>
<LEGOPrimitive versionMajor="1" versionMinor="0">
  <Annotations>
    <Annotation platformid="200"/>
    <Annotation platformname="SYSTEM"/>
    <Annotation maingroupid="203"/>
    <Annotation maingroupname="BRICKS, SPECIAL CIRCLES AND ANGLES"/>
    <Annotation designname="NOSE CONE 2X2X2"/>
    <Annotation aliases="3942;63417;40047"/>
  </Annotations>
  <Collision>
    <Box sX="0.240042" sY="0.035309" sZ="0.861191" angle="112.95134" ax="0.52967" ay="0.662496" az="-0.529669" tx="0.911449" ty="1.06062" tz="-0.4"/>
    <Box sX="0.240042" sY="0.035309" sZ="0.861191" angle="145.21715" ax="0.250419" ay="0.756171" az="-0.604563" tx="0.761649" ty="1.06062" tz="-0.761649"/>
    <Box sX="0.240042" sY="0.035309" sZ="0.861191" angle="180" ax="0" ay="0.781057" az="-0.624459" tx="0.4" ty="1.06062" tz="-0.911449"/>
    <Box sX="0.240042" sY="0.035309" sZ="0.861191" angle="145.21719" ax="0.250418" ay="-0.756171" az="0.604563" tx="0.038351" ty="1.06062" tz="-0.761649"/>
    <Box sX="0.240042" sY="0.035309" sZ="0.861191" angle="87.62604" ax="0.833337" ay="0.431741" az="-0.345179" tx="0.761649" ty="1.06062" tz="-0.038351"/>
    <Box sX="0.240042" sY="0.035309" sZ="0.861191" angle="77.28503" ax="1" ay="0" az="0" tx="0.4" ty="1.06062" tz="0.111448"/>
    <Box sX="0.240042" sY="0.035309" sZ="0.861191" angle="87.62607" ax="0.833337" ay="-0.431742" az="0.34518" tx="0.038351" ty="1.06062" tz="-0.038352"/>
    <Box sX="0.240042" sY="0.035309" sZ="0.861191" angle="112.95138" ax="0.529669" ay="-0.662496" az="0.52967" tx="-0.111449" ty="1.06062" tz="-0.4"/>
    <Box sX="0.197055" sY="0.01141" sZ="0.079" angle="90.9722" ax="0.983174" ay="-0.129167" az="0.129167" tx="0.205559" ty="0.089" tz="0.325619"/>
    <Box sX="0.197055" sY="0.01141" sZ="0.079" angle="90.98021" ax="0.983037" ay="0.129689" az="-0.129689" tx="0.594418" ty="0.089" tz="0.325625"/>
    <Box sX="0.197055" sY="0.01141" sZ="0.079" angle="111.76811" ax="0.677457" ay="0.520121" az="-0.520121" tx="1.12562" ty="0.089" tz="-0.205559"/>
    <Box sX="0.197055" sY="0.01141" sZ="0.079" angle="129.02579" ax="0.476699" ay="0.621594" az="-0.621594" tx="1.12562" ty="0.089" tz="-0.594419"/>
    <Box sX="0.197055" sY="0.01141" sZ="0.079" angle="169.43036" ax="0.0925" ay="0.704075" az="-0.704075" tx="0.594441" ty="0.089" tz="-1.12562"/>
    <Box sX="0.197055" sY="0.01141" sZ="0.079" angle="169.38681" ax="0.092883" ay="-0.70405" az="0.70405" tx="0.205581" ty="0.089" tz="-1.12562"/>
    <Box sX="0.197055" sY="0.01141" sZ="0.079" angle="128.98735" ax="0.477111" ay="-0.621436" az="0.621436" tx="-0.325619" ty="0.089" tz="-0.594441"/>
    <Box sX="0.197055" sY="0.01141" sZ="0.079" angle="111.73595" ax="0.677866" ay="-0.519854" az="0.519854" tx="-0.325625" ty="0.089" tz="-0.205582"/>
    <Box sX="0.175843" sY="0.030881" sZ="0.663682" angle="120" ax="0.57735" ay="-0.57735" az="0.57735" tx="0.110881" ty="0.673682" tz="-0.4"/>
    <Box sX="0.175843" sY="0.030881" sZ="0.663682" angle="90" ax="1" ay="0" az="0" tx="0.4" ty="0.673682" tz="-0.110881"/>
    <Box sX="0.175843" sY="0.030881" sZ="0.663682" angle="120" ax="0.57735" ay="0.57735" az="-0.57735" tx="0.689119" ty="0.673682" tz="-0.4"/>
    <Box sX="0.175843" sY="0.030881" sZ="0.663682" angle="180" ax="0" ay="0.707107" az="-0.707107" tx="0.4" ty="0.673682" tz="-0.689119"/>
  </Collision>
  <Connectivity>
    <Custom2DField type="22" width="4" height="4" angle="0" ax="0" ay="1" az="0" tx="-0.4" ty="0" tz="-1.2">
      29:0:1,22:2:1,22:2:1,22:2:1,29:0:1,
      22:2:1,15:4,23:4:1,15:4,22:2:1,
      22:2:1,23:4:1,7:4:2,23:4:1,22:2:1,
      22:2:1,15:4,23:4:1,15:4,22:2:1,
      29:0:1,22:2:1,22:2:1,22:2:1,29:0:1
    </Custom2DField>
    <Axel type="4" length="0.6" grabbing="0" startCapped="0" endCapped="0" angle="180" ax="0.707107" ay="0" az="-0.707107" tx="0.4" ty="1.81" tz="-0.4"/>
    <Custom2DField type="23" width="2" height="2" angle="0" ax="0" ay="1" az="0" tx="0" ty="1.92" tz="-0.8">
      29:0,29:0,29:0,
      29:0,3:4:38,29:0,
      29:0,29:0,29:0
    </Custom2DField>
    <Axel type="6" length="0.287" grabbing="0" startCapped="0" endCapped="0" angle="180" ax="1" ay="0" az="0" tx="0.4" ty="2.098" tz="-0.4"/>
    <Hinge type="137" oriented="1" angle="0" ax="0" ay="0" az="1" tx="0.4" ty="0" tz="-0.4"/>
  </Connectivity>
  <PhysicsAttributes inertiaTensor="0.580811,0,0,0,0.426667,0,0,0,0.580811" centerOfMass="0.4,1.04803,-0.4" mass="1" frictionType="0"/>
  <Bounding>
    <AABB minX="-0.4" minY="-0.001935" minZ="-1.2" maxX="1.2" maxY="2.098" maxZ="0.4"/>
  </Bounding>
  <GeometryBounding>
    <AABB minX="-0.4" minY="-0.001935" minZ="-1.2" maxX="1.2" maxY="2.098" maxZ="0.4"/>
  </GeometryBounding>
</LEGOPrimitive>
