<?xml version="1.0" encoding="UTF-8" standalone="no" ?>
<LEGOPrimitive versionMajor="1" versionMinor="0">
  <Annotations>
    <Annotation platformid="200"/>
    <Annotation platformname="SYSTEM"/>
    <Annotation maingroupid="203"/>
    <Annotation maingroupname="BRICKS, SPECIAL CIRCLES AND ANGLES"/>
    <Annotation designname="ROCKET STEP 4X4X2"/>
    <Annotation aliases="3943"/>
  </Annotations>
  <Collision>
    <Box sX="0.213756" sY="0.235" sZ="0.920409" angle="161.90024" ax="-0.159277" ay="-0.69808" az="0.69808" tx="-0.050175" ty="0.955749" tz="-0.8"/>
    <Box sX="0.213756" sY="0.235" sZ="0.920409" angle="127.50602" ax="0.177452" ay="-0.615172" az="0.768163" tx="0.273981" ty="0.955749" tz="-0.131254"/>
    <Box sX="0.213756" sY="0.235" sZ="0.920409" angle="100.62264" ax="0.576629" ay="-0.394522" az="0.715438" tx="0.999761" ty="0.955749" tz="0.028566"/>
    <Box sX="0.213756" sY="0.235" sZ="0.920409" angle="90.0033" ax="0.90427" ay="0.007579" az="0.426894" tx="1.57483" ty="0.955749" tz="-0.442166"/>
    <Box sX="0.213756" sY="0.235" sZ="0.920409" angle="101.31713" ax="0.914256" ay="0.405027" az="-0.0094" tx="1.56156" ty="0.955749" tz="-1.18522"/>
    <Box sX="0.213756" sY="0.235" sZ="0.920409" angle="128.57863" ax="0.702657" ay="0.619742" az="-0.34956" tx="0.970043" ty="0.955749" tz="-1.63511"/>
    <Box sX="0.213756" sY="0.235" sZ="0.920409" angle="163.11392" ax="0.437053" ay="0.699274" az="-0.565686" tx="0.250434" ty="0.955749" tz="-1.44947"/>
    <Box sX="0.586377" sY="0.889424" sZ="0.095" angle="180" ax="0" ay="0.707107" az="-0.707107" tx="-0.041376" ty="0.105" tz="-0.799136"/>
    <Box sX="0.584932" sY="0.889424" sZ="0.095" angle="120" ax="0.57735" ay="-0.57735" az="0.57735" tx="0.802592" ty="0.105" tz="0.041659"/>
    <Box sX="0.585148" sY="0.889424" sZ="0.095" angle="90" ax="1" ay="0" az="0" tx="1.6436" ty="0.105" tz="-0.800864"/>
    <Box sX="0.572151" sY="0.889424" sZ="0.095" angle="120" ax="0.57735" ay="0.57735" az="-0.57735" tx="0.800864" ty="0.105" tz="-1.62888"/>
  </Collision>
  <Connectivity>
    <Custom2DField type="23" width="4" height="4" angle="0" ax="0" ay="1" az="0" tx="-0.008111" ty="1.92015" tz="-1.60013">
      18:1:1,23:4:1,18:2:1,23:4:1,18:1:1,
      23:4:1,0:4,23:4:1,0:4,23:4:1,
      18:2:1,23:4:1,18:4:1,23:4:1,18:2:1,
      23:4:1,0:4,23:4:1,0:4,23:4:1,
      18:1:1,23:4:1,18:2:1,23:4:1,18:1:1
    </Custom2DField>
    <Custom2DField type="22" width="8" height="8" angle="0" ax="0" ay="1" az="0" tx="-0.8" ty="0" tz="-2.4">
      29:0:1,29:0:1,22:2:1,22:2:1,22:2:1,22:2:1,22:2:1,29:0:1,29:0:1,
      29:0:1,29:0:1,22:2:1,15:4,23:4:1,15:4,22:2:1,29:0:1,29:0:1,
      22:2:1,22:2:1,29:0:1,23:4:1,7:4:2,23:4:1,29:0:1,22:2:1,22:2:1,
      22:2:1,15:4,23:4:1,15:4,23:4:1,15:4,23:4:1,15:4,22:2:1,
      22:2:1,23:4:1,7:4:2,23:4:1,7:4:2,23:4:1,7:4:2,23:4:1,22:2:1,
      22:2:1,15:4,23:4:1,15:4,23:4:1,15:4,23:4:1,15:4,22:2:1,
      22:2:1,22:2:1,29:0:1,23:4:1,7:4:2,23:4:1,29:0:1,22:2:1,22:2:1,
      29:0:1,29:0:1,22:2:1,15:4,23:4:1,15:4,22:2:1,29:0:1,29:0:1,
      29:0:1,29:0:1,22:2:1,22:2:1,22:2:1,22:2:1,22:2:1,29:0:1,29:0:1
    </Custom2DField>
    <Axel type="4" length="0.74" grabbing="0" startCapped="0" endCapped="0" angle="180" ax="0.707107" ay="0" az="0.707107" tx="0.8" ty="1.92" tz="-0.8"/>
  </Connectivity>
  <PhysicsAttributes inertiaTensor="1.22018,0,0,0,1.7088,0,0,0,1.22231" centerOfMass="0.799728,1.04894,-0.8" mass="1" frictionType="0"/>
  <Bounding>
    <AABB minX="-0.802272" minY="-0.000128" minZ="-2.4" maxX="2.40173" maxY="2.098" maxZ="0.8"/>
  </Bounding>
  <GeometryBounding>
    <AABB minX="-0.798272" minY="0" minZ="-2.4" maxX="2.40173" maxY="2.098" maxZ="0.8"/>
  </GeometryBounding>
</LEGOPrimitive>
