<?xml version="1.0" encoding="UTF-8" standalone="no" ?>
<LEGOPrimitive versionMajor="1" versionMinor="0">
  <Annotations>
    <Annotation platformid="200"/>
    <Annotation platformname="SYSTEM"/>
    <Annotation maingroupid="216"/>
    <Annotation maingroupname="PLATES, SPECIAL"/>
    <Annotation designname="PLATE 2X2 ANGLE"/>
    <Annotation aliases="3956"/>
  </Annotations>
  <Collision>
    <Box sX="0.95" sY="0.149092" sZ="0.065" angle="180" ax="0.707107" ay="0" az="-0.707107" tx="1.12486" ty="0.159092" tz="-0.240504"/>
    <Box sX="0.95" sY="0.150248" sZ="0.065" angle="180" ax="0.707107" ay="0" az="-0.707107" tx="-0.325139" ty="0.157937" tz="-0.240504"/>
    <Box sX="0.424748" sY="0.044092" sZ="0.79" angle="180" ax="0.707107" ay="0" az="-0.707107" tx="0.399861" ty="0.264092" tz="0.284748"/>
    <Box sX="0.263596" sY="0.150248" sZ="0.789931" angle="120.00002" ax="-0.57735" ay="0.57735" az="-0.57735" tx="0.399792" ty="1.6436" tz="0.559745"/>
    <Box sX="0.266404" sY="0.150248" sZ="0.789931" angle="120" ax="-0.57735" ay="0.57735" az="-0.57735" tx="0.399792" ty="0.593596" tz="0.559745"/>
    <Box sX="0.272904" sY="0.150248" sZ="0.265069" angle="120" ax="-0.57735" ay="0.57735" az="-0.57735" tx="-0.12507" ty="1.0871" tz="0.559745"/>
    <Box sX="0.272904" sY="0.150248" sZ="0.265" angle="119.99998" ax="-0.57735" ay="0.57735" az="-0.57735" tx="0.925" ty="1.0871" tz="0.559745"/>
    <Box sX="0.265252" sY="0.043845" sZ="0.79" angle="180" ax="0.707107" ay="0" az="-0.707107" tx="0.399861" ty="0.263844" tz="-0.925252"/>
    <Box sX="0.065" sY="0.148845" sZ="0.79" angle="180" ax="-0.707107" ay="0" az="0.707107" tx="0.399861" ty="0.158844" tz="-1.1255"/>
    <Box sX="0.515252" sY="0.044092" sZ="0.264931" angle="180" ax="0.707107" ay="0" az="-0.707107" tx="0.924931" ty="0.264092" tz="-0.675252"/>
    <Box sX="0.515252" sY="0.044092" sZ="0.265069" angle="180" ax="0.707107" ay="0" az="-0.707107" tx="-0.125069" ty="0.264092" tz="-0.675252"/>
  </Collision>
  <Connectivity>
    <Custom2DField type="23" width="4" height="4" angle="90" ax="1" ay="0" az="0" tx="-0.4" ty="1.92" tz="0.72">
      18:1:1,23:4:1,18:2:1,23:4:1,18:1:1,
      23:4:1,0:4:2,23:4:1,0:4:2,23:4:1,
      18:2:1,23:4:1,18:4,23:4:1,18:2:1,
      23:4:1,0:4:2,23:4:1,0:4:2,23:4:1,
      18:1:1,23:4:1,18:2:1,23:4:1,18:1:1
    </Custom2DField>
    <Custom2DField type="22" width="4" height="4" angle="0" ax="0" ay="1" az="0" tx="-0.4" ty="0" tz="-1.2">
      22:1:1,22:2:1,22:2:1,22:2:1,22:1:1,
      22:2:1,15:4:2,23:4:1,15:4:2,22:2:1,
      22:2:1,23:4:1,7:4,23:4:1,22:2:1,
      22:2:1,15:4:2,23:4:1,15:4:2,22:2:1,
      22:1:1,22:2:1,22:3:1,22:2:1,22:1:1
    </Custom2DField>
    <Custom2DField type="22" width="4" height="4" angle="90" ax="1" ay="0" az="0" tx="-0.4" ty="1.92" tz="0.4">
      22:1:1,22:2:1,22:2:1,22:2:1,22:1:1,
      22:2:1,15:4:2,23:4:1,15:4:2,22:2:1,
      22:2:1,23:4:1,7:4,23:4:1,22:2:1,
      22:2:1,15:4:2,23:4:1,15:4:2,22:2:1,
      29:0:1,22:2:1,29:0:1,22:2:1,29:0:1
    </Custom2DField>
    <Axel type="8" length="0.32" grabbing="0" startCapped="0" endCapped="0" angle="0" ax="0" ay="0" az="1" tx="0.4" ty="0" tz="-0.4"/>
    <Axel type="8" length="0.32" grabbing="0" startCapped="0" endCapped="0" angle="90" ax="-1" ay="0" az="0" tx="0.4" ty="1.12" tz="0.72"/>
    <Hinge type="28" oriented="0" angle="0" ax="0" ay="0" az="1" tx="0.4" ty="0.16" tz="-0.4"/>
    <Hinge type="28" oriented="0" angle="90" ax="-1" ay="0" az="0" tx="0.4" ty="1.12" tz="0.56"/>
  </Connectivity>
  <PhysicsAttributes inertiaTensor="0.674001,0,0,0,0.580208,0,0,0,0.520607" centerOfMass="0.4,0.96,-0.151" mass="1" frictionType="0"/>
  <Bounding>
    <AABB minX="-0.400139" minY="0" minZ="-1.2" maxX="1.20014" maxY="1.92" maxZ="0.898"/>
  </Bounding>
  <GeometryBounding>
    <AABB minX="-0.4" minY="0" minZ="-1.2" maxX="1.2" maxY="1.92" maxZ="0.898"/>
  </GeometryBounding>
</LEGOPrimitive>
