<?xml version="1.0" encoding="UTF-8" standalone="no" ?>
<LEGOPrimitive versionMajor="1" versionMinor="0">
  <Annotations>
    <Annotation platformid="200"/>
    <Annotation platformname="SYSTEM"/>
    <Annotation maingroupid="236"/>
    <Annotation maingroupname="SIGNS AND FLAGS"/>
    <Annotation designname="STICK/AERIAL"/>
    <Annotation aliases="30064;3957;40045;54413"/>
  </Annotations>
  <Collision>
    <Box sX="0.218321" sY="0.218321" sZ="0.15" angle="180" ax="0" ay="0.707107" az="-0.707107" tx="0" ty="0.16" tz="0"/>
    <Box sX="0.098333" sY="0.098333" sZ="1.661" angle="180" ax="0" ay="0.707107" az="-0.707107" tx="0" ty="2.169" tz="0"/>
    <Box sX="0.218321" sY="0.218321" sZ="0.15" angle="148.60028" ax="0.281085" ay="-0.678598" az="0.678598" tx="0" ty="0.16" tz="0"/>
  </Collision>
  <Connectivity>
    <Custom2DField type="22" width="2" height="2" angle="0" ax="0" ay="1" az="0" tx="-0.4" ty="0" tz="-0.4">
      29:0,29:0,29:0,
      29:0,5:4:34,29:0,
      29:0,29:0,29:0
    </Custom2DField>
    <Axel type="7" length="3.18" requireGrabbing="0" startCapped="1" endCapped="0" angle="90" ax="0" ay="1" az="0" tx="0" ty="0.5" tz="0"/>
    <Custom2DField type="23" width="2" height="2" angle="0" ax="0" ay="1" az="0" tx="-0.4" ty="0.32" tz="-0.4">
      29:0,29:0,29:0,
      29:0,2:4:32,29:0,
      29:0,29:0,29:0
    </Custom2DField>
  </Connectivity>
  <PhysicsAttributes inertiaTensor="1.2651,0,0,0,0.0726,0,0,0,1.2651" centerOfMass="0,1.92,0" mass="1" frictionType="0"/>
  <Bounding>
    <AABB minX="-0.33" minY="0" minZ="-0.33" maxX="0.33" maxY="3.84" maxZ="0.33"/>
  </Bounding>
  <GeometryBounding>
    <AABB minX="-0.33" minY="0" minZ="-0.33" maxX="0.33" maxY="3.84" maxZ="0.33"/>
  </GeometryBounding>
</LEGOPrimitive>
