<?xml version="1.0" encoding="UTF-8" standalone="no" ?>
<LEGOPrimitive versionMajor="1" versionMinor="0">
  <Annotations>
    <Annotation platformid="200"/>
    <Annotation platformname="SYSTEM"/>
    <Annotation maingroupid="251"/>
    <Annotation maingroupname="FIGURE, SPECIAL"/>
    <Annotation designname="BUTT"/>
    <Annotation aliases="3959"/>
  </Annotations>
  <Collision>
    <Box sX="0.09696" sY="0.300007" sZ="0.098855" angle="90" ax="0" ay="0" az="1" tx="0.389992" ty="0.00448" tz="0.001271"/>
    <Box sX="0.09456" sY="0.699639" sZ="0.099624" angle="0" ax="0" ay="1" az="0" tx="0.000651" ty="-0.389639" tz="0.004737"/>
    <Box sX="0.189964" sY="0.015" sZ="0.336431" angle="0" ax="0" ay="1" az="0" tx="0" ty="0.345" tz="0"/>
    <Box sX="0.189964" sY="0.015" sZ="0.336431" angle="90" ax="0" ay="1" az="0" tx="-0.004087" ty="0.345" tz="0.005388"/>
    <Box sX="0.060605" sY="0.155" sZ="0.060605" angle="90" ax="0" ay="1" az="0" tx="0.160605" ty="0.585" tz="-0.160605"/>
    <Box sX="0.060605" sY="0.155" sZ="0.060605" angle="90" ax="0" ay="1" az="0" tx="-0.160605" ty="0.585" tz="-0.160605"/>
    <Box sX="0.060605" sY="0.155" sZ="0.060605" angle="90" ax="0" ay="1" az="0" tx="-0.160605" ty="0.585" tz="0.160605"/>
    <Box sX="0.060605" sY="0.155" sZ="0.060605" angle="90" ax="0" ay="1" az="0" tx="0.160605" ty="0.585" tz="0.160605"/>
    <Box sX="0.15497" sY="0.309639" sZ="0.0055" angle="0" ax="0" ay="1" az="0" tx="0" ty="0.640361" tz="0.272676"/>
    <Box sX="0.15497" sY="0.309639" sZ="0.0055" angle="60" ax="0" ay="1" az="0" tx="0.236144" ty="0.640361" tz="0.136338"/>
    <Box sX="0.15497" sY="0.309639" sZ="0.0055" angle="120" ax="0" ay="1" az="0" tx="0.236145" ty="0.640361" tz="-0.136338"/>
    <Box sX="0.15497" sY="0.309639" sZ="0.0055" angle="180" ax="0" ay="1" az="0" tx="0" ty="0.640361" tz="-0.272676"/>
    <Box sX="0.15497" sY="0.309639" sZ="0.0055" angle="120" ax="0" ay="-1" az="0" tx="-0.236144" ty="0.640361" tz="-0.136338"/>
    <Box sX="0.15497" sY="0.309639" sZ="0.0055" angle="60" ax="0" ay="-1" az="0" tx="-0.236145" ty="0.640361" tz="0.136338"/>
  </Collision>
  <Connectivity>
    <Axel type="7" length="1.41928" requireGrabbing="0" startCapped="0" endCapped="1" angle="90" ax="0" ay="1" az="0" tx="0" ty="-1.09928" tz="0"/>
    <Axel type="7" length="0.54" requireGrabbing="0" startCapped="0" endCapped="1" angle="120" ax="-0.57735" ay="0.57735" az="0.57735" tx="0.7" ty="0" tz="0"/>
    <Custom2DField type="22" width="2" height="2" angle="0" ax="0" ay="1" az="0" tx="-0.4" ty="-1.09928" tz="-0.4">
      29:0,29:0,29:0,
      29:0,9:4:32,29:0,
      29:0,29:0,29:0
    </Custom2DField>
    <Custom2DField type="22" width="2" height="2" angle="90" ax="0" ay="0" az="1" tx="0.7" ty="-0.4" tz="-0.4">
      29:0,29:0,29:0,
      29:0,9:4:32,29:0,
      29:0,29:0,29:0
    </Custom2DField>
    <Custom2DField type="22" width="2" height="2" angle="180" ax="1" ay="0" az="0" tx="-0.4" ty="0.96" tz="0.4">
      29:0,29:0,29:0,
      29:0,5:4:34,29:0,
      29:0,29:0,29:0
    </Custom2DField>
    <Axel type="4" length="0.33" grabbing="0" startCapped="1" endCapped="0" angle="0" ax="0" ay="0" az="1" tx="0" ty="0.42" tz="0"/>
  </Connectivity>
  <PhysicsAttributes inertiaTensor="0.406719,0,0,0,0.154167,0,0,0,0.454219" centerOfMass="0.15,-0.069639,0" mass="1" frictionType="0"/>
  <Bounding>
    <AABB minX="-0.4" minY="-1.09928" minZ="-0.4" maxX="0.7" maxY="0.96" maxZ="0.4"/>
  </Bounding>
  <GeometryBounding>
    <AABB minX="-0.4" minY="-1.09928" minZ="-0.4" maxX="0.7" maxY="0.96" maxZ="0.4"/>
  </GeometryBounding>
</LEGOPrimitive>
