<?xml version="1.0" encoding="UTF-8" standalone="no" ?>
<LEGOPrimitive versionMajor="1" versionMinor="0">
  <Annotations>
    <Annotation platformid="200"/>
    <Annotation platformname="SYSTEM"/>
    <Annotation maingroupid="217"/>
    <Annotation maingroupname="PLATES, SPECIAL CIRCLES AND ANGLES"/>
    <Annotation designname="ROUND PLATE Ø64X9.6"/>
    <Annotation aliases="3961"/>
  </Annotations>
  <Collision>
    <Box sX="0.896654" sY="0.318327" sZ="0.149317" angle="180" ax="0" ay="0.707107" az="-0.707107" tx="0.4" ty="0.159317" tz="-0.978327"/>
    <Box sX="0.896654" sY="0.318327" sZ="0.149317" angle="120" ax="0.57735" ay="-0.57735" az="0.57735" tx="-0.178327" ty="0.159317" tz="-0.4"/>
    <Box sX="0.896654" sY="0.318327" sZ="0.149317" angle="90" ax="1" ay="0" az="0" tx="0.4" ty="0.159317" tz="0.178327"/>
    <Box sX="0.896654" sY="0.318327" sZ="0.149317" angle="120" ax="0.57735" ay="0.57735" az="-0.57735" tx="0.978327" ty="0.159317" tz="-0.4"/>
    <Box sX="0.673656" sY="0.025088" sZ="1.12115" angle="16.5754" ax="-1" ay="0" az="0" tx="0.4" ty="-0.082668" tz="-2.42565"/>
    <Box sX="0.673656" sY="0.025088" sZ="1.12115" angle="34.1823" ax="-0.473752" ay="0.871461" az="0.126942" tx="-0.612823" ty="-0.082668" tz="-2.15426"/>
    <Box sX="0.673656" sY="0.025088" sZ="1.12115" angle="62.04137" ax="-0.242229" ay="0.960087" az="0.139851" tx="-1.35426" ty="-0.082668" tz="-1.41282"/>
    <Box sX="0.673656" sY="0.025088" sZ="1.12115" angle="91.19054" ax="-0.142669" ay="0.979434" az="0.142669" tx="-1.62565" ty="-0.082668" tz="-0.4"/>
    <Box sX="0.673656" sY="0.025088" sZ="1.12115" angle="120.68973" ax="-0.082935" ay="0.986148" az="0.143647" tx="-1.35426" ty="-0.082668" tz="0.612823"/>
    <Box sX="0.673656" sY="0.025088" sZ="1.12115" angle="150.32054" ax="-0.038594" ay="0.98882" az="0.144036" tx="-0.612823" ty="-0.082668" tz="1.35426"/>
    <Box sX="0.673656" sY="0.025088" sZ="1.12115" angle="180" ax="0" ay="0.989557" az="0.144144" tx="0.4" ty="-0.082668" tz="1.62565"/>
    <Box sX="0.673656" sY="0.025088" sZ="1.12115" angle="150.32054" ax="-0.038594" ay="-0.98882" az="-0.144036" tx="1.41282" ty="-0.082668" tz="1.35426"/>
    <Box sX="0.673656" sY="0.025088" sZ="1.12115" angle="120.68973" ax="-0.082935" ay="-0.986148" az="-0.143647" tx="2.15426" ty="-0.082668" tz="0.612823"/>
    <Box sX="0.673656" sY="0.025088" sZ="1.12115" angle="91.19054" ax="-0.142669" ay="-0.979434" az="-0.142669" tx="2.42565" ty="-0.082668" tz="-0.4"/>
    <Box sX="0.673656" sY="0.025088" sZ="1.12115" angle="62.04137" ax="-0.242229" ay="-0.960087" az="-0.139851" tx="2.15426" ty="-0.082668" tz="-1.41282"/>
    <Box sX="0.673656" sY="0.025088" sZ="1.12115" angle="34.1823" ax="-0.473752" ay="-0.871461" az="-0.126942" tx="1.41282" ty="-0.082668" tz="-2.15426"/>
    <Box sX="0.673656" sY="0.080297" sZ="0.020034" angle="164.99998" ax="0" ay="-1" az="0" tx="1.20262" ty="-0.549703" tz="2.59543"/>
    <Box sX="0.673656" sY="0.080297" sZ="0.020034" angle="135" ax="0" ay="-1" az="0" tx="2.5928" ty="-0.549703" tz="1.7928"/>
    <Box sX="0.673657" sY="0.080297" sZ="0.020034" angle="105" ax="0" ay="-1" az="0" tx="3.39543" ty="-0.549703" tz="0.402622"/>
    <Box sX="0.673656" sY="0.080297" sZ="0.020034" angle="75" ax="0" ay="-1" az="0" tx="3.39543" ty="-0.549703" tz="-1.20262"/>
    <Box sX="0.673656" sY="0.080297" sZ="0.020034" angle="45" ax="0" ay="-1" az="0" tx="2.5928" ty="-0.549703" tz="-2.5928"/>
    <Box sX="0.673657" sY="0.080297" sZ="0.020034" angle="15" ax="0" ay="-1" az="0" tx="1.20262" ty="-0.549703" tz="-3.39543"/>
    <Box sX="0.673656" sY="0.080297" sZ="0.020034" angle="15" ax="0" ay="1" az="0" tx="-0.402622" ty="-0.54931" tz="-3.39543"/>
    <Box sX="0.673656" sY="0.080297" sZ="0.020034" angle="45" ax="0" ay="1" az="0" tx="-1.7928" ty="-0.54931" tz="-2.5928"/>
    <Box sX="0.673657" sY="0.080297" sZ="0.020034" angle="75" ax="0" ay="1" az="0" tx="-2.59543" ty="-0.54931" tz="-1.20262"/>
    <Box sX="0.673656" sY="0.080297" sZ="0.020034" angle="105" ax="0" ay="1" az="0" tx="-2.59543" ty="-0.54931" tz="0.402622"/>
    <Box sX="0.673656" sY="0.080297" sZ="0.020034" angle="135" ax="0" ay="1" az="0" tx="-1.7928" ty="-0.54931" tz="1.7928"/>
    <Box sX="0.673657" sY="0.080297" sZ="0.020034" angle="164.99998" ax="0" ay="1" az="0" tx="-0.402622" ty="-0.54931" tz="2.59543"/>
  </Collision>
  <Connectivity>
    <Custom2DField type="23" width="4" height="4" angle="0" ax="0" ay="1" az="0" tx="-0.4" ty="0.32" tz="-1.2">
      18:1:1,23:4:1,18:2:1,23:4:1,18:1:1,
      23:4:1,0:4:1,23:4:1,0:4:1,23:4:1,
      18:2:1,23:4:1,18:4,23:4:1,18:2:1,
      23:4:1,0:4:1,23:4:1,0:4:1,23:4:1,
      18:1:1,23:4:1,18:2:1,23:4:1,18:1:1
    </Custom2DField>
    <Custom2DField type="22" width="4" height="4" angle="0" ax="0" ay="1" az="0" tx="-0.4" ty="0" tz="-1.2">
      29:0:1,22:2:1,22:2:1,22:2:1,29:0:1,
      22:2:1,15:4:1,23:4:1,15:4:1,22:2:1,
      22:2:1,23:4:1,7:4,23:4:1,22:2:1,
      22:2:1,15:4:1,23:4:1,15:4:1,22:2:1,
      29:0:1,22:2:1,22:2:1,22:2:1,29:0:1
    </Custom2DField>
    <Axel type="8" length="0.32" grabbing="0" startCapped="0" endCapped="0" angle="180" ax="0.707107" ay="0" az="0.707107" tx="0.4" ty="0.319606" tz="-0.4"/>
    <Hinge type="28" oriented="0" angle="180" ax="0.707107" ay="0" az="0.707107" tx="0.4" ty="0.159606" tz="-0.4"/>
  </Connectivity>
  <PhysicsAttributes inertiaTensor="3.52204,0,0,0,6.82823,0,0,0,3.52204" centerOfMass="0.4,-0.071,-0.4" mass="1" frictionType="0"/>
  <Bounding>
    <AABB minX="-2.80037" minY="-0.64" minZ="-3.60037" maxX="3.60037" maxY="0.498" maxZ="2.80037"/>
  </Bounding>
  <GeometryBounding>
    <AABB minX="-2.80037" minY="-0.64" minZ="-3.60037" maxX="3.60037" maxY="0.498" maxZ="2.80037"/>
  </GeometryBounding>
</LEGOPrimitive>
