<?xml version="1.0" encoding="UTF-8" standalone="no" ?>
<LEGOPrimitive versionMajor="1" versionMinor="0">
  <Annotations>
    <Annotation platformid="200"/>
    <Annotation platformname="SYSTEM"/>
    <Annotation maingroupid="275"/>
    <Annotation maingroupname="TRANSPORTATION MEANS, AVIATION"/>
    <Annotation designname="STEERING NOZZLE"/>
    <Annotation aliases="3963"/>
  </Annotations>
  <Collision>
    <Box sX="0.79" sY="0.39" sZ="0.15" angle="180" ax="0" ay="-0.707107" az="0.707107" tx="0.4" ty="0.8" tz="0"/>
    <Box sX="0.39" sY="0.39" sZ="0.31" angle="180" ax="0" ay="0.707107" az="-0.707107" tx="0" ty="0.32" tz="0"/>
    <Box sX="0.196755" sY="0.39" sZ="0.020213" angle="93.84097" ax="-0.935113" ay="0.250563" az="-0.250563" tx="0.145856" ty="0.832631" tz="-0.8"/>
    <Box sX="0.196755" sY="0.39" sZ="0.020213" angle="89.99997" ax="0" ay="0" az="1" tx="-0.8" ty="0.58" tz="-0.291713"/>
    <Box sX="0.196755" sY="0.39" sZ="0.020213" angle="120" ax="-0.57735" ay="0.57735" az="-0.57735" tx="0.291713" ty="0.58" tz="-0.8"/>
    <Box sX="0.196755" sY="0.39" sZ="0.020213" angle="138.59038" ax="-0.654654" ay="0.654654" az="0.377964" tx="-0.8" ty="0.832631" tz="-0.145856"/>
    <Box sX="0.196755" sY="0.39" sZ="0.020213" angle="104.4775" ax="-0.447214" ay="0.447214" az="0.774597" tx="-0.8" ty="0.832631" tz="0.145856"/>
    <Box sX="0.196755" sY="0.39" sZ="0.020213" angle="90" ax="0" ay="0" az="1" tx="-0.8" ty="0.58" tz="0.291713"/>
    <Box sX="0.196755" sY="0.39" sZ="0.020213" angle="104.47751" ax="0.447214" ay="-0.447214" az="0.774597" tx="-0.8" ty="0.327369" tz="0.145856"/>
    <Box sX="0.196755" sY="0.39" sZ="0.020213" angle="138.59038" ax="0.654654" ay="-0.654654" az="0.377964" tx="-0.8" ty="0.327369" tz="-0.145856"/>
    <Box sX="0.196755" sY="0.39" sZ="0.020213" angle="158.90941" ax="-0.186157" ay="0.694747" az="-0.694747" tx="0.145856" ty="0.327369" tz="-0.8"/>
    <Box sX="0.196755" sY="0.39" sZ="0.020213" angle="120" ax="-0.57735" ay="-0.57735" az="0.57735" tx="-0.291713" ty="0.58" tz="-0.8"/>
    <Box sX="0.196755" sY="0.39" sZ="0.020213" angle="158.90941" ax="-0.186157" ay="-0.694747" az="0.694747" tx="-0.145856" ty="0.327369" tz="-0.8"/>
    <Box sX="0.196755" sY="0.39" sZ="0.020213" angle="93.84097" ax="-0.935113" ay="-0.250563" az="0.250563" tx="-0.145856" ty="0.832631" tz="-0.8"/>
    <Box sX="0.196755" sY="0.39" sZ="0.020213" angle="158.90941" ax="0.186157" ay="0.694747" az="0.694747" tx="0.145856" ty="0.832631" tz="0.8"/>
    <Box sX="0.196755" sY="0.39" sZ="0.020213" angle="93.84097" ax="0.935113" ay="0.250563" az="0.250563" tx="0.145856" ty="0.327369" tz="0.8"/>
    <Box sX="0.196755" sY="0.39" sZ="0.020213" angle="120" ax="0.57735" ay="0.57735" az="0.57735" tx="0.291713" ty="0.58" tz="0.8"/>
    <Box sX="0.196755" sY="0.39" sZ="0.020213" angle="93.84097" ax="0.935113" ay="-0.250563" az="-0.250563" tx="-0.145856" ty="0.327369" tz="0.8"/>
    <Box sX="0.196755" sY="0.39" sZ="0.020213" angle="158.90941" ax="0.186157" ay="-0.694747" az="-0.694747" tx="-0.145856" ty="0.832631" tz="0.8"/>
    <Box sX="0.196755" sY="0.39" sZ="0.020213" angle="120" ax="0.57735" ay="-0.57735" az="-0.57735" tx="-0.291713" ty="0.58" tz="0.8"/>
  </Collision>
  <Connectivity>
    <Custom2DField type="23" width="4" height="2" angle="0" ax="0" ay="1" az="0" tx="-0.4" ty="0.96" tz="-0.4">
      18:1:1,23:4:1,18:2:1,23:4:1,18:1:1,
      23:4:1,0:4:1,23:4:1,0:4:1,23:4:1,
      18:1:1,23:4:1,18:2:1,23:4:1,18:1:1
    </Custom2DField>
    <Custom2DField type="22" width="2" height="2" angle="0" ax="0" ay="1" az="0" tx="-0.4" ty="0" tz="-0.4">
      22:1:1,22:2:1,22:1:1,
      22:2:1,15:4:1,22:2:1,
      22:1:1,22:2:1,22:1:1
    </Custom2DField>
    <Custom2DField type="22" width="2" height="2" angle="0" ax="0" ay="1" az="0" tx="0.4" ty="0.64" tz="-0.4">
      29:0:1,22:2:1,22:1:1,
      22:2:1,15:4:1,22:2:1,
      29:0:1,22:2:1,22:1:1
    </Custom2DField>
    <Axel type="4" length="0.27" grabbing="0" startCapped="1" endCapped="0" angle="120" ax="-0.57735" ay="0.57735" az="-0.57735" tx="0" ty="0.58" tz="-0.72"/>
    <Axel type="4" length="0.27" grabbing="0" startCapped="1" endCapped="0" angle="120" ax="0.57735" ay="0.57735" az="0.57735" tx="0" ty="0.58" tz="0.72"/>
    <Axel type="4" length="0.27" grabbing="0" startCapped="1" endCapped="0" angle="90" ax="0" ay="0" az="1" tx="-0.72" ty="0.58" tz="0"/>
    <Custom2DField type="22" width="2" height="2" angle="90" ax="0" ay="0" az="-1" tx="-1.2" ty="0.98" tz="-0.4">
      29:0,29:0,29:0,
      29:0,5:4:34,29:0,
      29:0,29:0,29:0
    </Custom2DField>
    <Custom2DField type="22" width="2" height="2" angle="90" ax="-1" ay="0" az="0" tx="-0.4" ty="0.18" tz="1.2">
      29:0,29:0,29:0,
      29:0,5:4:34,29:0,
      29:0,29:0,29:0
    </Custom2DField>
    <Custom2DField type="22" width="2" height="2" angle="90" ax="1" ay="0" az="0" tx="-0.4" ty="0.98" tz="-1.2">
      29:0,29:0,29:0,
      29:0,5:4:34,29:0,
      29:0,29:0,29:0
    </Custom2DField>
  </Connectivity>
  <PhysicsAttributes inertiaTensor="0.58792,0,0,0,0.96,0,0,0,0.58792" centerOfMass="0,0.569,0" mass="1" frictionType="0"/>
  <Bounding>
    <AABB minX="-1.2" minY="0" minZ="-1.2" maxX="1.2" maxY="1.138" maxZ="1.2"/>
  </Bounding>
  <GeometryBounding>
    <AABB minX="-1.2" minY="0" minZ="-1.2" maxX="1.2" maxY="1.138" maxZ="1.2"/>
  </GeometryBounding>
</LEGOPrimitive>
