<?xml version="1.0" encoding="UTF-8" standalone="no" ?>
<LEGOPrimitive versionMajor="1" versionMinor="0">
  <Annotations>
    <Annotation platformid="200"/>
    <Annotation platformname="SYSTEM"/>
    <Annotation maingroupid="251"/>
    <Annotation maingroupname="FIGURE, SPECIAL"/>
    <Annotation designname="WHEEL BARROW"/>
    <Annotation aliases="4003"/>
  </Annotations>
  <Collision>
    <Box sX="0.54" sY="0.103137" sZ="0.103137" angle="45" ax="1" ay="0" az="0" tx="1.8" ty="-0.309" tz="1.61987"/>
    <Box sX="0.132352" sY="0.475" sZ="0.115038" angle="16.37254" ax="0" ay="-1" az="0" tx="0.471335" ty="-0.635" tz="1.38611"/>
    <Box sX="0.661194" sY="0.100016" sZ="0.061171" angle="0" ax="0" ay="1" az="0" tx="-2.02629" ty="-0.359984" tz="0.828701"/>
    <Box sX="0.24459" sY="0.088582" sZ="0.061171" angle="35.02197" ax="0" ay="0" az="1" tx="-2.49363" ty="0.102622" tz="0.828701"/>
    <Box sX="0.368049" sY="0.389731" sZ="0.061171" angle="0" ax="0" ay="1" az="0" tx="-2.03139" ty="-0.070269" tz="0.828701"/>
    <Box sX="1.14" sY="0.285" sZ="0.061171" angle="4.41087" ax="0" ay="-1" az="0" tx="-0.39112" ty="0.145" tz="1.71547"/>
    <Box sX="0.064851" sY="0.739159" sZ="1.23784" angle="29.80372" ax="0" ay="0" az="1" tx="-1.8574" ty="0.537274" tz="0.399872"/>
    <Box sX="0.065" sY="0.285" sZ="1.31322" angle="0" ax="0" ay="1" az="0" tx="0.675" ty="0.145" tz="0.409727"/>
    <Box sX="1.14" sY="0.065" sZ="1.31322" angle="0" ax="0" ay="1" az="0" tx="-0.4" ty="-0.075" tz="0.409727"/>
    <Box sX="0.54" sY="0.103137" sZ="0.103137" angle="45" ax="-1" ay="0" az="0" tx="1.8" ty="-0.309" tz="-0.820129"/>
    <Box sX="1.38615" sY="0.15" sZ="0.061171" angle="18.38801" ax="0" ay="1" az="0" tx="-0.052687" ty="-0.31" tz="-0.473007"/>
    <Box sX="0.661194" sY="0.100016" sZ="0.061171" angle="0" ax="0" ay="1" az="0" tx="-2.02629" ty="-0.359984" tz="-0.028958"/>
    <Box sX="0.24459" sY="0.088582" sZ="0.061171" angle="35.02197" ax="0" ay="0" az="1" tx="-2.49363" ty="0.102622" tz="-0.028958"/>
    <Box sX="0.368049" sY="0.389731" sZ="0.061171" angle="0" ax="0" ay="1" az="0" tx="-2.03139" ty="-0.07027" tz="-0.028958"/>
    <Box sX="1.14" sY="0.285" sZ="0.061171" angle="4.41087" ax="0" ay="1" az="0" tx="-0.39112" ty="0.145" tz="-0.915724"/>
    <Box sX="1.43871" sY="0.151077" sZ="0.061171" angle="15.56929" ax="-0.036924" ay="0.2817" az="-0.958792" tx="-0.681538" ty="0.657732" tz="-0.893322"/>
    <Box sX="1.41652" sY="0.18881" sZ="0.061171" angle="15.61204" ax="0.036933" ay="-0.280919" az="-0.95902" tx="-0.669721" ty="0.616667" tz="1.69398"/>
    <Box sX="1.38615" sY="0.15" sZ="0.061171" angle="18.38801" ax="0" ay="-1" az="0" tx="-0.052687" ty="-0.31" tz="1.27275"/>
    <Box sX="0.132352" sY="0.475" sZ="0.115038" angle="16.01783" ax="0" ay="1" az="0" tx="0.471209" ty="-0.635" tz="-0.583778"/>
  </Collision>
  <Connectivity>
    <Custom2DField type="23" width="4" height="4" angle="0" ax="0" ay="1" az="0" tx="-1.2" ty="0" tz="-0.4">
      18:1:1,23:4:1,18:2:1,23:4:1,18:1:1,
      23:4:1,0:4:1,23:4:1,0:4:1,23:4:1,
      18:2:1,23:4:1,18:4:1,23:4:1,18:2:1,
      23:4:1,0:4:1,23:4:1,0:4:1,23:4:1,
      18:1:1,23:4:1,18:2:1,23:4:1,18:1:1
    </Custom2DField>
    <Hinge type="60" oriented="0" angle="92.18121" ax="0.962637" ay="0.19148" az="0.19148" tx="-2.49599" ty="-0.150032" tz="0.4"/>
    <Axel type="7" length="1.1" requireGrabbing="0" startCapped="1" endCapped="0" angle="90" ax="0" ay="0" az="-1" tx="1.25" ty="-0.32" tz="1.61987"/>
    <Axel type="7" length="1.1" requireGrabbing="0" startCapped="1" endCapped="0" angle="90" ax="0" ay="0" az="-1" tx="1.25" ty="-0.32" tz="-0.820129"/>
  </Connectivity>
  <PhysicsAttributes inertiaTensor="1.19497,0,0,0,2.93996,0,0,0,2.68451" centerOfMass="-0.227644,0.067136,0.399872" mass="1" frictionType="0"/>
  <Bounding>
    <AABB minX="-2.80529" minY="-1.12" minZ="-1.07513" maxX="2.35" maxY="1.25427" maxZ="1.87487"/>
  </Bounding>
  <GeometryBounding>
    <AABB minX="-2.80529" minY="-1.12" minZ="-1.07513" maxX="2.35" maxY="1.25427" maxZ="1.87487"/>
  </GeometryBounding>
</LEGOPrimitive>
