<?xml version="1.0" encoding="UTF-8" standalone="no" ?>
<LEGOPrimitive versionMajor="1" versionMinor="0">
  <Annotations>
    <Annotation platformid="200"/>
    <Annotation platformname="SYSTEM"/>
    <Annotation maingroupid="246"/>
    <Annotation maingroupname="FIGURE ACCESSORIES IN HAND"/>
    <Annotation designname="SCREWDRIVER/SPANNER"/>
    <Annotation aliases="4006;88631"/>
  </Annotations>
  <Collision>
    <Box sX="0.103035" sY="0.91583" sZ="0.103035" angle="0" ax="0" ay="1" az="0" tx="0" ty="0.925831" tz="0"/>
    <Box sX="0.10613" sY="0.486285" sZ="0.103035" angle="16.96236" ax="0" ay="0" az="1" tx="-0.159421" ty="2.26973" tz="0"/>
    <Box sX="0.096138" sY="0.206141" sZ="0.15" angle="32.34216" ax="0" ay="0" az="-1" tx="-0.238807" ty="2.80087" tz="0"/>
    <Box sX="0.233817" sY="0.166151" sZ="0.103035" angle="78.8066" ax="0" ay="0" az="1" tx="0.028888" ty="2.19281" tz="0"/>
    <Box sX="0.367278" sY="0.066631" sZ="0.15" angle="54.46484" ax="0" ay="0" az="1" tx="0.17845" ty="2.23064" tz="0"/>
  </Collision>
  <Connectivity>
    <Axel type="7" length="0.954377" requireGrabbing="0" startCapped="0" endCapped="1" angle="90" ax="0" ay="1" az="0" tx="0" ty="0.765623" tz="0"/>
    <Custom2DField type="22" width="2" height="2" angle="90" ax="-1" ay="0" az="0" tx="-0.298162" ty="2.28184" tz="0.16">
      29:0,29:0,29:0,
      29:0,15:4:32,29:0,
      29:0,29:0,29:0
    </Custom2DField>
    <Custom2DField type="22" width="2" height="2" angle="180" ax="0" ay="0.707107" az="0.707107" tx="0.501838" ty="2.28184" tz="-0.16">
      29:0,29:0,29:0,
      29:0,15:4:32,29:0,
      29:0,29:0,29:0
    </Custom2DField>
  </Connectivity>
  <PhysicsAttributes inertiaTensor="0.771823,0,0,0,0.074909,0,0,0,0.829665" centerOfMass="-0.000102,1.51323,0" mass="1" frictionType="0"/>
  <Bounding>
    <AABB minX="-0.446338" minY="0" minZ="-0.16" maxX="0.446134" maxY="3.02646" maxZ="0.16"/>
  </Bounding>
  <GeometryBounding>
    <AABB minX="-0.446338" minY="0" minZ="-0.16" maxX="0.412299" maxY="2.98749" maxZ="0.16"/>
  </GeometryBounding>
</LEGOPrimitive>
