<?xml version="1.0" encoding="UTF-8" standalone="no" ?>
<LEGOPrimitive versionMajor="1" versionMinor="0">
  <Annotations>
    <Annotation platformid="300"/>
    <Annotation platformname="TECHNIC"/>
    <Annotation maingroupid="387"/>
    <Annotation maingroupname="FUNCTIONAL ELEMENTS, OTHERS"/>
    <Annotation designname="GEAR WHEEL Z=16, M=1"/>
    <Annotation aliases="4019"/>
  </Annotations>
  <Collision>
    <Box sX="0.035894" sY="0.146016" sZ="0.175" angle="0" ax="0" ay="1" az="0" tx="0" ty="0.716015" tz="-0.385"/>
    <Box sX="0.116145" sY="0.123144" sZ="0.375" angle="0" ax="0" ay="1" az="0" tx="0.221145" ty="0.214145" tz="-0.385"/>
    <Box sX="0.116145" sY="0.123144" sZ="0.375" angle="90" ax="0" ay="0" az="-1" tx="0.214145" ty="-0.221145" tz="-0.385"/>
    <Box sX="0.116145" sY="0.123144" sZ="0.375" angle="180" ax="0" ay="0" az="1" tx="-0.221145" ty="-0.214145" tz="-0.385"/>
    <Box sX="0.116145" sY="0.123144" sZ="0.375" angle="90" ax="0" ay="0" az="1" tx="-0.214145" ty="0.221145" tz="-0.385"/>
    <Box sX="0.035894" sY="0.146015" sZ="0.175" angle="22.49999" ax="0" ay="0" az="-1" tx="0.274007" ty="0.661512" tz="-0.385"/>
    <Box sX="0.035894" sY="0.146015" sZ="0.175" angle="45" ax="0" ay="0" az="-1" tx="0.506299" ty="0.506299" tz="-0.385"/>
    <Box sX="0.035894" sY="0.146015" sZ="0.175" angle="67.49999" ax="0" ay="0" az="-1" tx="0.661512" ty="0.274007" tz="-0.385"/>
    <Box sX="0.035894" sY="0.146016" sZ="0.175" angle="90" ax="0" ay="0" az="-1" tx="0.716015" ty="0" tz="-0.385"/>
    <Box sX="0.035894" sY="0.146015" sZ="0.175" angle="112.5" ax="0" ay="0" az="-1" tx="0.661512" ty="-0.274007" tz="-0.385"/>
    <Box sX="0.035894" sY="0.146015" sZ="0.175" angle="135" ax="0" ay="0" az="-1" tx="0.506299" ty="-0.506299" tz="-0.385"/>
    <Box sX="0.035894" sY="0.146015" sZ="0.175" angle="157.5" ax="0" ay="0" az="-1" tx="0.274007" ty="-0.661512" tz="-0.385"/>
    <Box sX="0.035894" sY="0.146016" sZ="0.175" angle="180" ax="0" ay="0" az="1" tx="0" ty="-0.716015" tz="-0.385"/>
    <Box sX="0.035894" sY="0.146015" sZ="0.175" angle="157.5" ax="0" ay="0" az="1" tx="-0.274007" ty="-0.661512" tz="-0.385"/>
    <Box sX="0.035894" sY="0.146015" sZ="0.175" angle="135" ax="0" ay="0" az="1" tx="-0.506299" ty="-0.506299" tz="-0.385"/>
    <Box sX="0.035894" sY="0.146015" sZ="0.175" angle="112.5" ax="0" ay="0" az="1" tx="-0.661512" ty="-0.274007" tz="-0.385"/>
    <Box sX="0.035894" sY="0.146016" sZ="0.175" angle="90" ax="0" ay="0" az="1" tx="-0.716015" ty="0" tz="-0.385"/>
    <Box sX="0.035894" sY="0.146015" sZ="0.175" angle="67.49999" ax="0" ay="0" az="1" tx="-0.661512" ty="0.274007" tz="-0.385"/>
    <Box sX="0.035894" sY="0.146015" sZ="0.175" angle="45" ax="0" ay="0" az="1" tx="-0.506299" ty="0.506299" tz="-0.385"/>
    <Box sX="0.035894" sY="0.146015" sZ="0.175" angle="22.49999" ax="0" ay="0" az="1" tx="-0.274007" ty="0.661512" tz="-0.385"/>
  </Collision>
  <Connectivity>
    <Axel type="4" length="0.77" grabbing="0" startCapped="0" endCapped="0" angle="120" ax="-0.57735" ay="0.57735" az="-0.57735" tx="0" ty="0" tz="0"/>
    <Gear type="3" toothCount="16" radius="0.80000001192092896"  angle="0" ax="0" ay="0" az="1" tx="0" ty="0" tz="-0.585"/>
  </Connectivity>
  <PhysicsAttributes inertiaTensor="0.302888,0,0,0,0.302888,0,0,0,0.506959" centerOfMass="0,0,-0.385" mass="1" frictionType="0"/>
  <Bounding>
    <AABB minX="-0.872031" minY="-0.872031" minZ="-0.77" maxX="0.872031" maxY="0.872031" maxZ="0"/>
  </Bounding>
  <GeometryBounding>
    <AABB minX="-0.872031" minY="-0.872031" minZ="-0.77" maxX="0.872031" maxY="0.872031" maxZ="0"/>
  </GeometryBounding>
</LEGOPrimitive>
