<?xml version="1.0" encoding="UTF-8" standalone="no" ?>
<LEGOPrimitive versionMajor="1" versionMinor="0">
  <Annotations>
    <Annotation platformid="200"/>
    <Annotation platformname="SYSTEM"/>
    <Annotation maingroupid="274"/>
    <Annotation maingroupname="TRANSPORTATION MEANS, TRAINS"/>
    <Annotation designname="BUFFER/CLUTCH"/>
    <Annotation aliases="4022"/>
  </Annotations>
  <Collision>
    <Box sX="0.215" sY="0.63" sZ="0.065" angle="0" ax="0" ay="1" az="0" tx="-0.175" ty="-0.32" tz="0.475"/>
    <Box sX="0.39" sY="0.63" sZ="0.065" angle="0" ax="0" ay="1" az="0" tx="1.6" ty="-0.64" tz="0.475"/>
    <Box sX="0.39" sY="0.63" sZ="0.065" angle="0" ax="0" ay="1" az="0" tx="-0.8" ty="-0.64" tz="0.475"/>
    <Box sX="0.271948" sY="0.15" sZ="0.162833" angle="0" ax="0" ay="1" az="0" tx="0.4" ty="-0.8" tz="1.22283"/>
    <Box sX="0.157833" sY="0.15" sZ="0.335974" angle="0" ax="0" ay="1" az="0" tx="0.817833" ty="-0.8" tz="0.745974"/>
    <Box sX="0.157833" sY="0.15" sZ="0.335974" angle="0" ax="0" ay="1" az="0" tx="-0.017833" ty="-0.8" tz="0.745974"/>
    <Box sX="0.79" sY="0.31" sZ="0.215" angle="0" ax="0" ay="1" az="0" tx="2" ty="-0.32" tz="0.625"/>
    <Box sX="0.31" sY="0.26" sZ="0.40077" angle="0" ax="0" ay="1" az="0" tx="2.4" ty="-0.37" tz="1.26077"/>
    <Box sX="0.58796" sY="0.585923" sZ="0.105028" angle="0" ax="0" ay="1" az="0" tx="2.4" ty="-0.324077" tz="1.61503"/>
    <Box sX="0.58796" sY="0.585923" sZ="0.105028" angle="0" ax="0" ay="1" az="0" tx="-1.6" ty="-0.324077" tz="1.61503"/>
    <Box sX="0.79" sY="0.15" sZ="0.7575" angle="0" ax="0" ay="1" az="0" tx="0.4" ty="0.16" tz="-0.4325"/>
    <Box sX="0.31" sY="0.26" sZ="0.40077" angle="0" ax="0" ay="1" az="0" tx="-1.6" ty="-0.37" tz="1.26077"/>
    <Box sX="0.79" sY="0.31" sZ="0.215" angle="0" ax="0" ay="1" az="0" tx="-1.2" ty="-0.32" tz="0.625"/>
    <Box sX="0.215" sY="0.63" sZ="0.065" angle="0" ax="0" ay="1" az="0" tx="0.975" ty="-0.32" tz="0.475"/>
    <Box sX="0.575666" sY="0.15" sZ="0.065" angle="0" ax="0" ay="1" az="0" tx="0.4" ty="-0.8" tz="0.475"/>
  </Collision>
  <Connectivity>
    <Custom2DField type="22" width="4" height="4" angle="0" ax="0" ay="1" az="0" tx="-0.4" ty="0" tz="-1.2">
      22:1:1,22:2:1,22:2:1,22:2:1,22:1:1,
      22:2:1,15:4,23:4:1,15:4,22:2:1,
      22:2:1,23:4:1,7:4:2,23:4:1,22:2:1,
      22:2:1,15:4,23:4:1,15:4,22:2:1,
      22:1:1,22:2:1,22:2:1,22:2:1,22:1:1
    </Custom2DField>
    <Axel type="8" length="0.32" grabbing="0" startCapped="0" endCapped="0" angle="90" ax="0" ay="1" az="0" tx="0.4" ty="-0.96" tz="0.8"/>
    <Hinge type="28" oriented="0" angle="90" ax="0" ay="1" az="0" tx="0.4" ty="-0.8" tz="0.8"/>
  </Connectivity>
  <PhysicsAttributes inertiaTensor="0.92877,0,0,0,2.97789,0,0,0,2.47579" centerOfMass="0.400001,-0.48,0.265028" mass="1" frictionType="0"/>
  <Bounding>
    <AABB minX="-2.20526" minY="-1.28" minZ="-1.2" maxX="3.00526" maxY="0.32" maxZ="1.73006"/>
  </Bounding>
  <GeometryBounding>
    <AABB minX="-2.2" minY="-1.28" minZ="-1.2" maxX="3.00449" maxY="0.32" maxZ="1.73006"/>
  </GeometryBounding>
</LEGOPrimitive>
