<?xml version="1.0" encoding="UTF-8" standalone="no" ?>
<LEGOPrimitive versionMajor="1" versionMinor="0">
  <Annotations>
    <Annotation platformid="200"/>
    <Annotation platformname="SYSTEM"/>
    <Annotation maingroupid="217"/>
    <Annotation maingroupname="PLATES, SPECIAL CIRCLES AND ANGLES"/>
    <Annotation designname="PLATE 2X2 ROUND"/>
    <Annotation aliases="4032"/>
  </Annotations>
  <Collision>
    <Box sX="0.07541" sY="0.020523" sZ="0.147868" angle="90" ax="1" ay="0" az="0" tx="0.4" ty="0.162132" tz="-0.688232"/>
    <Box sX="0.07541" sY="0.020523" sZ="0.147868" angle="90" ax="1" ay="0" az="0" tx="0.4" ty="0.162132" tz="-0.111768"/>
    <Box sX="0.07541" sY="0.020523" sZ="0.147868" angle="120" ax="0.57735" ay="-0.57735" az="0.57735" tx="0.688232" ty="0.162132" tz="-0.4"/>
    <Box sX="0.07541" sY="0.020523" sZ="0.147868" angle="120" ax="0.57735" ay="-0.57735" az="0.57735" tx="0.111768" ty="0.162132" tz="-0.4"/>
    <Box sX="0.197055" sY="0.01141" sZ="0.15" angle="90.9722" ax="0.983174" ay="-0.129167" az="0.129167" tx="0.205559" ty="0.16" tz="0.325619"/>
    <Box sX="0.197055" sY="0.01141" sZ="0.15" angle="90.98021" ax="0.983037" ay="0.129689" az="-0.129689" tx="0.594418" ty="0.16" tz="0.325625"/>
    <Box sX="0.197055" sY="0.01141" sZ="0.15" angle="111.76811" ax="0.677457" ay="0.520121" az="-0.520121" tx="1.12562" ty="0.16" tz="-0.205559"/>
    <Box sX="0.197055" sY="0.01141" sZ="0.15" angle="129.02579" ax="0.476699" ay="0.621594" az="-0.621594" tx="1.12562" ty="0.16" tz="-0.594419"/>
    <Box sX="0.197055" sY="0.01141" sZ="0.15" angle="169.43036" ax="0.0925" ay="0.704075" az="-0.704075" tx="0.594441" ty="0.16" tz="-1.12562"/>
    <Box sX="0.197055" sY="0.01141" sZ="0.15" angle="169.38681" ax="0.092883" ay="-0.70405" az="0.70405" tx="0.205581" ty="0.16" tz="-1.12562"/>
    <Box sX="0.197055" sY="0.01141" sZ="0.15" angle="128.98735" ax="0.477111" ay="-0.621436" az="0.621436" tx="-0.325619" ty="0.16" tz="-0.594441"/>
    <Box sX="0.197055" sY="0.01141" sZ="0.15" angle="111.73595" ax="0.677866" ay="-0.519854" az="0.519854" tx="-0.325625" ty="0.16" tz="-0.205581"/>
    <Box sX="0.207683" sY="0.061" sZ="0.32059" angle="45" ax="0" ay="-1" az="0" tx="0.060106" ty="0.249" tz="-0.739894"/>
    <Box sX="0.207683" sY="0.061" sZ="0.32059" angle="45" ax="0" ay="1" az="0" tx="0.060106" ty="0.249" tz="-0.060106"/>
    <Box sX="0.207683" sY="0.061" sZ="0.32059" angle="135" ax="0" ay="1" az="0" tx="0.739894" ty="0.249" tz="-0.060106"/>
    <Box sX="0.207683" sY="0.061" sZ="0.32059" angle="135" ax="0" ay="-1" az="0" tx="0.739894" ty="0.249" tz="-0.739894"/>
    <Box sX="0.04875" sY="0.0448" sZ="0.04875" angle="0" ax="0" ay="1" az="0" tx="0.23375" ty="0.2652" tz="-0.23375"/>
    <Box sX="0.04875" sY="0.0448" sZ="0.04875" angle="0" ax="0" ay="1" az="0" tx="0.56625" ty="0.2652" tz="-0.23375"/>
    <Box sX="0.04875" sY="0.0448" sZ="0.04875" angle="0" ax="0" ay="1" az="0" tx="0.56625" ty="0.2652" tz="-0.56625"/>
    <Box sX="0.04875" sY="0.0448" sZ="0.04875" angle="0" ax="0" ay="1" az="0" tx="0.23375" ty="0.2652" tz="-0.56625"/>
  </Collision>
  <Connectivity>
    <Custom2DField type="23" width="4" height="4" angle="0" ax="0" ay="1" az="0" tx="-0.4" ty="0.32" tz="-1.2">
      29:0:1,23:4:1,18:2:1,23:4:1,29:0:1,
      23:4:1,0:4,23:4:1,0:4,23:4:1,
      18:2:1,23:4:1,18:4:1,23:4:1,18:2:1,
      23:4:1,0:4,23:4:1,0:4,23:4:1,
      29:0:1,23:4:1,18:2:1,23:4:1,29:0:1
    </Custom2DField>
    <Custom2DField type="22" width="4" height="4" angle="0" ax="0" ay="1" az="0" tx="-0.4" ty="0" tz="-1.2">
      29:0:1,22:2:1,22:2:1,22:2:1,29:0:1,
      22:2:1,15:4,23:4:1,15:4,22:2:1,
      22:2:1,23:4:1,7:4,23:4:1,22:2:1,
      22:2:1,15:4,23:4:1,15:4,22:2:1,
      29:0:1,22:2:1,22:2:1,22:2:1,29:0:1
    </Custom2DField>
    <Axel type="4" length="0.1096" grabbing="0" startCapped="0" endCapped="0" angle="180" ax="-0.707107" ay="0" az="-0.707107" tx="0.4" ty="0.32" tz="-0.4"/>
    <Hinge type="137" oriented="1" angle="0" ax="0" ay="0" az="1" tx="0.4" ty="0" tz="-0.4"/>
  </Connectivity>
  <PhysicsAttributes inertiaTensor="0.234,0,0,0,0.426667,0,0,0,0.234" centerOfMass="0.4,0.249,-0.4" mass="1" frictionType="0"/>
  <Bounding>
    <AABB minX="-0.4" minY="0" minZ="-1.2" maxX="1.2" maxY="0.498" maxZ="0.4"/>
  </Bounding>
  <GeometryBounding>
    <AABB minX="-0.4" minY="0" minZ="-1.2" maxX="1.2" maxY="0.498" maxZ="0.4"/>
  </GeometryBounding>
</LEGOPrimitive>
