<?xml version="1.0" encoding="UTF-8" standalone="no" ?>
<LEGOPrimitive versionMajor="1" versionMinor="0">
  <Annotations>
    <Annotation platformid="200"/>
    <Annotation platformname="SYSTEM"/>
    <Annotation maingroupid="225"/>
    <Annotation maingroupname="FRAMES, WINDOWS, WALLS AND DOORS"/>
    <Annotation designname="TRAIN WINDOW GLASS 4X3"/>
    <Annotation aliases="4034"/>
  </Annotations>
  <Collision>
    <Box sX="1.44" sY="1.19" sZ="0.09" angle="0" ax="0" ay="1" az="0" tx="1.2" ty="1.52" tz="0.15"/>
    <Box sX="1.10111" sY="1.05732" sZ="0.09" angle="0" ax="0" ay="1" az="0" tx="1.2" ty="1.44" tz="0.3"/>
  </Collision>
  <Connectivity>
    <Fixed type="37" axes="2" angle="0" ax="0" ay="0" az="1" tx="1.2" ty="0.32" tz="0.15"/>
  </Connectivity>
  <PhysicsAttributes inertiaTensor="0.490208,0,0,0,0.711042,0,0,0,1.18083" centerOfMass="1.2,1.51999,0.225" mass="1" frictionType="0"/>
  <Bounding>
    <AABB minX="-0.25" minY="0.319995" minZ="0.05" maxX="2.65" maxY="2.72" maxZ="0.4"/>
  </Bounding>
  <GeometryBounding>
    <AABB minX="-0.25" minY="0.319995" minZ="0.05" maxX="2.65" maxY="2.72" maxZ="0.4"/>
  </GeometryBounding>
</LEGOPrimitive>
