<?xml version="1.0" encoding="UTF-8" standalone="no" ?>
<LEGOPrimitive versionMajor="1" versionMinor="0">
  <Annotations>
    <Annotation platformid="200"/>
    <Annotation platformname="SYSTEM"/>
    <Annotation maingroupid="225"/>
    <Annotation maingroupname="FRAMES, WINDOWS, WALLS AND DOORS"/>
    <Annotation designname="FRAME F. TRAIN WINDOW 1X2X3"/>
    <Annotation aliases="4035"/>
  </Annotations>
  <Collision>
    <Box sX="0.345" sY="0.149997" sZ="0.39" angle="0" ax="0" ay="1" az="0" tx="0.845" ty="0.159997" tz="0"/>
    <Box sX="0.065" sY="1.19" sZ="0.39" angle="0" ax="0" ay="1" az="0" tx="1.125" ty="1.52" tz="0"/>
    <Box sX="0.79" sY="0.07" sZ="0.22" angle="0" ax="0" ay="1" az="0" tx="0.4" ty="2.8" tz="-0.17"/>
    <Box sX="0.065" sY="1.19" sZ="0.39" angle="0" ax="0" ay="1" az="0" tx="-0.325" ty="1.52" tz="0"/>
    <Box sX="0.115" sY="1.19" sZ="0.0645" angle="0" ax="0" ay="1" az="0" tx="0.925" ty="1.52" tz="0.3255"/>
    <Box sX="0.115" sY="1.19" sZ="0.0645" angle="0" ax="0" ay="1" az="0" tx="-0.125" ty="1.52" tz="0.3255"/>
    <Box sX="0.39" sY="0.07" sZ="0.0645" angle="0" ax="0" ay="1" az="0" tx="0.4" ty="2.64" tz="0.3255"/>
    <Box sX="0.345" sY="0.149997" sZ="0.39" angle="0" ax="0" ay="1" az="0" tx="-0.045" ty="0.159997" tz="0"/>
    <Box sX="0.79" sY="0.149997" sZ="0.22" angle="0" ax="0" ay="1" az="0" tx="0.4" ty="0.159997" tz="-0.17"/>
    <Box sX="0.79" sY="0.149997" sZ="0.07" angle="0" ax="0" ay="1" az="0" tx="0.4" ty="0.159997" tz="0.32"/>
    <Box sX="0.79" sY="0.07" sZ="0.07" angle="0" ax="0" ay="1" az="0" tx="0.4" ty="2.8" tz="0.32"/>
    <Box sX="0.345" sY="0.07" sZ="0.39" angle="0" ax="0" ay="1" az="0" tx="-0.045" ty="2.8" tz="0"/>
    <Box sX="0.345" sY="0.07" sZ="0.39" angle="0" ax="0" ay="1" az="0" tx="0.845" ty="2.8" tz="0"/>
  </Collision>
  <Connectivity>
    <Custom2DField type="23" width="4" height="2" angle="0" ax="0" ay="1" az="0" tx="-0.4" ty="2.88" tz="-0.4">
      18:1:1,23:4:1,18:2:1,23:4:1,18:1:1,
      23:4:1,1:4:2,23:4:1,1:4:2,23:4:1,
      18:1:1,23:4:1,18:2:1,23:4:1,18:1:1
    </Custom2DField>
    <Custom2DField type="22" width="4" height="2" angle="0" ax="0" ay="1" az="0" tx="-0.4" ty="0" tz="-0.4">
      22:1:1,22:2:1,22:2:1,22:2:1,22:1:1,
      22:2:1,15:4:2,15:4:1,15:4:2,22:2:1,
      22:1:1,22:2:1,22:2:1,22:2:1,22:1:1
    </Custom2DField>
    <Fixed type="50" axes="2" angle="0" ax="0" ay="0" az="1" tx="0.4" ty="0.32" tz="0.15"/>
  </Connectivity>
  <PhysicsAttributes inertiaTensor="0.832614,0,0,0,0.266667,0,0,0,0.992614" centerOfMass="0.4,1.529,0" mass="1" frictionType="0"/>
  <Bounding>
    <AABB minX="-0.4" minY="0" minZ="-0.4" maxX="1.2" maxY="3.058" maxZ="0.4"/>
  </Bounding>
  <GeometryBounding>
    <AABB minX="-0.4" minY="0" minZ="-0.4" maxX="1.2" maxY="3.058" maxZ="0.4"/>
  </GeometryBounding>
</LEGOPrimitive>
