<?xml version="1.0" encoding="UTF-8" standalone="no" ?>
<LEGOPrimitive versionMajor="1" versionMinor="0">
  <Annotations>
    <Annotation platformid="200"/>
    <Annotation platformname="SYSTEM"/>
    <Annotation maingroupid="225"/>
    <Annotation maingroupname="FRAMES, WINDOWS, WALLS AND DOORS"/>
    <Annotation designname="TRAIN WINDOW 2X3 SAN"/>
    <Annotation aliases="4036"/>
  </Annotations>
  <Collision>
    <Box sX="0.175" sY="1.19" sZ="0.09" angle="0" ax="0" ay="1" az="0" tx="-0.065" ty="1.51999" tz="0.15"/>
    <Box sX="0.175" sY="1.19" sZ="0.09" angle="0" ax="0" ay="1" az="0" tx="0.865" ty="1.51999" tz="0.15"/>
    <Box sX="0.64" sY="0.13" sZ="0.09" angle="0" ax="0" ay="1" az="0" tx="0.4" ty="2.57999" tz="0.15"/>
    <Box sX="0.64" sY="0.05" sZ="0.09" angle="0" ax="0" ay="1" az="0" tx="0.4" ty="0.379995" tz="0.15"/>
    <Box sX="0.39" sY="0.91" sZ="0.065" angle="0" ax="0" ay="1" az="0" tx="0.4" ty="1.43999" tz="0.325"/>
    <Box sX="0.197929" sY="0.09" sZ="0.065" angle="0" ax="0" ay="1" az="0" tx="0.4" ty="2.45999" tz="0.325"/>
    <Box sX="0.197929" sY="0.09" sZ="0.065" angle="0" ax="0" ay="1" az="0" tx="0.4" ty="0.419995" tz="0.325"/>
  </Collision>
  <Connectivity>
    <Fixed type="51" axes="2" angle="0" ax="0" ay="0" az="1" tx="0.4" ty="0.319995" tz="0.15"/>
  </Connectivity>
  <PhysicsAttributes inertiaTensor="0.490208,0,0,0,0.151042,0,0,0,0.620833" centerOfMass="0.4,1.51999,0.225" mass="1" frictionType="0"/>
  <Bounding>
    <AABB minX="-0.25" minY="0.319995" minZ="0.05" maxX="1.05" maxY="2.72" maxZ="0.4"/>
  </Bounding>
  <GeometryBounding>
    <AABB minX="-0.25" minY="0.319995" minZ="0.05" maxX="1.05" maxY="2.72" maxZ="0.4"/>
  </GeometryBounding>
</LEGOPrimitive>
