<?xml version="1.0" encoding="UTF-8" standalone="no" ?>
<LEGOPrimitive versionMajor="1" versionMinor="0">
  <Annotations>
    <Annotation platformid="200"/>
    <Annotation platformname="SYSTEM"/>
    <Annotation maingroupid="227"/>
    <Annotation maingroupname="INTERIOR"/>
    <Annotation designname="SEAT 2X2X2"/>
    <Annotation aliases="4079"/>
  </Annotations>
  <Collision>
    <Box sX="0.79" sY="0.150213" sZ="0.715009" angle="0" ax="0" ay="1" az="0" tx="0.4" ty="0.160213" tz="-0.475009"/>
    <Box sX="0.790003" sY="0.41925" sZ="0.070865" angle="0" ax="0" ay="1" az="0" tx="0.399997" ty="1.34075" tz="-1.28449"/>
    <Box sX="0.79" sY="0.284403" sZ="0.062682" angle="17.04047" ax="-1" ay="0" az="0" tx="0.4" ty="0.627369" tz="-1.20329"/>
    <Box sX="0.72817" sY="0.186538" sZ="0.066807" angle="0" ax="0" ay="1" az="0" tx="0.4" ty="1.69481" tz="-1.32265"/>
    <Box sX="0.64" sY="0.15" sZ="0.790009" angle="0" ax="0" ay="1" az="0" tx="0.4" ty="0.16" tz="-0.400009"/>
  </Collision>
  <Connectivity>
    <Custom2DField type="22" width="4" height="4" angle="0" ax="0" ay="1" az="0" tx="-0.4" ty="0" tz="-1.2">
      22:1:1,22:2:1,22:2:1,22:2:1,22:1:1,
      22:2:1,15:4:1,23:4:1,15:4:1,22:2:1,
      22:2:1,23:4:1,7:4:1,23:4:1,22:2:1,
      22:2:1,15:4:2,23:4:1,15:4:2,22:2:1,
      22:1:1,22:2:1,22:2:1,22:2:1,22:1:1
    </Custom2DField>
    <Custom2DField type="23" width="4" height="2" angle="0" ax="0" ay="1" az="0" tx="-0.4" ty="0.32" tz="-0.4">
      18:1:1,23:4:1,29:0:1,23:4:1,18:1:1,
      23:4:1,0:4:1,23:4:1,0:4:1,23:4:1,
      18:1:1,23:4:1,18:2:1,23:4:1,18:1:1
    </Custom2DField>
  </Connectivity>
  <PhysicsAttributes inertiaTensor="0.583831,0,0,0,0.489966,0,0,0,0.520535" centerOfMass="0.399997,0.96,-0.510985" mass="1" frictionType="0"/>
  <Bounding>
    <AABB minX="-0.400005" minY="0" minZ="-1.42197" maxX="1.2" maxY="1.92" maxZ="0.4"/>
  </Bounding>
  <GeometryBounding>
    <AABB minX="-0.400005" minY="0" minZ="-1.42197" maxX="1.2" maxY="1.92" maxZ="0.4"/>
  </GeometryBounding>
</LEGOPrimitive>
