<?xml version="1.0" encoding="UTF-8" standalone="no" ?>
<LEGOPrimitive versionMajor="1" versionMinor="0">
  <Annotations>
    <Annotation platformid="200"/>
    <Annotation platformname="SYSTEM"/>
    <Annotation maingroupid="272"/>
    <Annotation maingroupname="TRANSPORTATION MEANS, VEHICLES"/>
    <Annotation designname="TRUCK BODY 4X6X2"/>
    <Annotation aliases="4080"/>
  </Annotations>
  <Collision>
    <Box sX="2.5425" sY="0.15" sZ="1.58672" angle="0" ax="0" ay="1" az="0" tx="1.9975" ty="0.16" tz="-1.2"/>
    <Box sX="0.40411" sY="0.04" sZ="1.58672" angle="45" ax="0" ay="0" az="-1" tx="-1.19618" ty="0.538175" tz="-1.2"/>
    <Box sX="0.864516" sY="0.031411" sZ="1.58672" angle="105" ax="0" ay="0" az="-1" tx="5.01366" ty="1.06456" tz="-1.2"/>
    <Box sX="0.39" sY="0.15" sZ="1.99" angle="0" ax="0" ay="1" az="0" tx="5.6" ty="1.76" tz="-1.2"/>
    <Box sX="2.57564" sY="0.071876" sZ="0.953603" angle="79.99999" ax="1" ay="0" az="0" tx="2.18564" ty="0.953803" tz="-2.94649"/>
    <Box sX="2.57564" sY="0.071876" sZ="0.953603" angle="79.99999" ax="1" ay="0" az="0" tx="2.18564" ty="0.953803" tz="-2.94649"/>
    <Box sX="2.57564" sY="0.071876" sZ="0.953603" angle="99.43192" ax="1" ay="0" az="0" tx="2.18564" ty="0.953803" tz="0.559536"/>
    <Box sX="0.81183" sY="0.038603" sZ="0.47994" angle="90.27101" ax="0.842457" ay="0.419192" az="0.338444" tx="-0.55817" ty="0.989321" tz="-2.92219"/>
    <Box sX="0.809994" sY="0.041749" sZ="0.47994" angle="107.58785" ax="0.880929" ay="0.310831" az="0.356859" tx="-0.557907" ty="0.984929" tz="0.521121"/>
    <Box sX="0.089243" sY="0.086863" sZ="1.58672" angle="45" ax="0" ay="0" az="-1" tx="-1.45197" ty="0.727683" tz="-1.2"/>
    <Box sX="2.845" sY="0.045" sZ="1.58672" angle="0" ax="0" ay="1" az="0" tx="1.91628" ty="0.265" tz="-1.2"/>
  </Collision>
  <Connectivity>
    <Custom2DField type="23" width="2" height="8" angle="0" ax="0" ay="1" az="0" tx="5.2" ty="1.92" tz="-2.8">
      18:1:1,23:4:1,18:1:1,
      23:4:1,1:4:1,23:4:1,
      18:2:1,23:4:1,18:2:1,
      23:4:1,1:4:1,23:4:1,
      18:2:1,23:4:1,18:2:1,
      23:4:1,1:4:1,23:4:1,
      18:2:1,23:4:1,18:2:1,
      23:4:1,1:4:1,23:4:1,
      18:1:1,23:4:1,18:1:1
    </Custom2DField>
    <Custom2DField type="22" width="12" height="8" angle="0" ax="0" ay="1" az="0" tx="-0.4" ty="0" tz="-2.8">
      22:1:1,22:2:1,22:2:1,22:2:1,22:2:1,22:2:1,22:2:1,22:2:1,22:2:1,22:2:1,22:2:1,22:2:1,22:1:1,
      22:2:1,15:4:1,23:4:1,15:4:1,23:4:1,15:4:1,23:4:1,15:4:1,23:4:1,15:4:1,23:4:1,15:4:1,22:2:1,
      22:2:1,23:4:1,7:4:2,23:4:1,7:4:2,23:4:1,7:4:2,23:4:1,7:4:2,23:4:1,7:4:2,23:4:1,22:2:1,
      22:2:1,15:4:1,23:4:1,15:4:1,23:4:1,15:4:1,23:4:1,15:4:1,23:4:1,15:4:1,23:4:1,15:4:1,22:2:1,
      22:2:1,23:4:1,7:4:2,23:4:1,7:4:2,23:4:1,7:4:2,23:4:1,7:4:2,23:4:1,7:4:2,23:4:1,22:2:1,
      22:2:1,15:4:1,23:4:1,15:4:1,23:4:1,15:4:1,23:4:1,15:4:1,23:4:1,15:4:1,23:4:1,15:4:1,22:2:1,
      22:2:1,23:4:1,7:4:2,23:4:1,7:4:2,23:4:1,7:4:2,23:4:1,7:4:2,23:4:1,7:4:2,23:4:1,22:2:1,
      22:2:1,15:4:1,23:4:1,15:4:1,23:4:1,15:4:1,23:4:1,15:4:1,23:4:1,15:4:1,23:4:1,15:4:1,22:2:1,
      22:1:1,22:2:1,22:2:1,22:2:1,22:2:1,22:2:1,22:2:1,22:2:1,22:2:1,22:2:1,22:2:1,22:2:1,22:1:1
    </Custom2DField>
    <Custom2DField type="22" width="2" height="8" angle="0" ax="0" ay="1" az="0" tx="5.2" ty="1.6" tz="-2.8">
      22:1:1,22:2:1,22:1:1,
      22:2:1,15:4:1,22:2:1,
      22:2:1,9:4:1,22:2:1,
      22:2:1,15:4:1,22:2:1,
      22:2:1,9:4:1,22:2:1,
      22:2:1,15:4:1,22:2:1,
      22:2:1,9:4:1,22:2:1,
      22:2:1,15:4:1,22:2:1,
      22:1:1,22:2:1,22:1:1
    </Custom2DField>
  </Connectivity>
  <PhysicsAttributes inertiaTensor="1.70013,0,0,0,6.13702,0,0,0,5.17049" centerOfMass="2.20381,1.049,-1.2" mass="1" frictionType="0"/>
  <Bounding>
    <AABB minX="-1.59238" minY="0" minZ="-3.2" maxX="6" maxY="2.098" maxZ="0.8"/>
  </Bounding>
  <GeometryBounding>
    <AABB minX="-1.59238" minY="0" minZ="-3.2" maxX="6" maxY="2.098" maxZ="0.8"/>
  </GeometryBounding>
</LEGOPrimitive>
