<?xml version="1.0" encoding="UTF-8" standalone="no" ?>
<LEGOPrimitive versionMajor="1" versionMinor="0">
  <Annotations>
    <Annotation platformid="200"/>
    <Annotation platformname="SYSTEM"/>
    <Annotation maingroupid="216"/>
    <Annotation maingroupname="PLATES, SPECIAL"/>
    <Annotation designname="LAMP HOLDER"/>
    <Annotation aliases="4081"/>
  </Annotations>
  <Collision>
    <Box sX="0.12" sY="0.04" sZ="0.15" angle="90" ax="1" ay="0" az="0" tx="0" ty="0.1596" tz="0.4505"/>
    <Box sX="0.39" sY="0.39" sZ="0.15" angle="90" ax="1" ay="0" az="0" tx="0" ty="0.1596" tz="0"/>
    <Box sX="0.15" sY="0.055073" sZ="0.107709" angle="135" ax="1" ay="0" az="0" tx="0" ty="0.089447" tz="0.959787"/>
    <Box sX="0.15" sY="0.055073" sZ="0.107709" angle="45" ax="1" ay="0" az="0" tx="0" ty="0.407747" tz="0.958515"/>
    <Box sX="0.15" sY="0.055073" sZ="0.107709" angle="44.99998" ax="-1" ay="0" az="0" tx="0" ty="0.406475" tz="0.640214"/>
    <Box sX="0.15" sY="0.055073" sZ="0.107709" angle="135.00002" ax="-1" ay="0" az="0" tx="0" ty="0.088175" tz="0.641486"/>
    <Box sX="0.15" sY="0.055073" sZ="0.107709" angle="90" ax="1" ay="0" az="0" tx="0" ty="0.248861" tz="1.02507"/>
    <Box sX="0.15" sY="0.055073" sZ="0.107709" angle="0" ax="0" ay="1" az="0" tx="0" ty="0.473033" tz="0.799101"/>
    <Box sX="0.15" sY="0.055073" sZ="0.107709" angle="180" ax="0" ay="0" az="1" tx="0" ty="0.022889" tz="0.8009"/>
    <Box sX="0.15" sY="0.055073" sZ="0.107709" angle="90" ax="-1" ay="0" az="0" tx="0" ty="0.247062" tz="0.574928"/>
  </Collision>
  <Connectivity>
    <Custom2DField type="23" width="2" height="2" angle="0" ax="0" ay="1" az="0" tx="-0.4" ty="0.32" tz="-0.4">
      18:1:1,23:4:1,18:1:1,
      23:4:1,2:4:1,23:4:1,
      29:0:1,23:4:1,29:0:1
    </Custom2DField>
    <Custom2DField type="22" width="2" height="2" angle="0" ax="0" ay="1" az="0" tx="-0.4" ty="0" tz="-0.4">
      22:1:1,22:2:1,22:1:1,
      22:2:1,15:4:1,22:2:1,
      22:1:1,22:2:1,22:1:1
    </Custom2DField>
    <Custom2DField type="23" width="2" height="2" angle="90" ax="0" ay="0" az="1" tx="-0.16" ty="-0.156331" tz="0.4">
      29:0,29:0,29:0,
      29:0,1:4:38,29:0,
      29:0,29:0,29:0
    </Custom2DField>
    <Custom2DField type="23" width="2" height="2" angle="180" ax="0.707107" ay="0.707107" az="0" tx="0.16" ty="-0.156331" tz="1.2">
      29:0,29:0,29:0,
      29:0,1:4:38,29:0,
      29:0,29:0,29:0
    </Custom2DField>
    <Axel type="6" length="0.32" grabbing="0" startCapped="0" endCapped="0" angle="90" ax="0" ay="0" az="-1" tx="-0.16" ty="0.243669" tz="0.8"/>
  </Connectivity>
  <PhysicsAttributes inertiaTensor="0.226667,0,0,0,0.245867,0,0,0,0.087467" centerOfMass="0,0.247961,0.36" mass="1" frictionType="0"/>
  <Bounding>
    <AABB minX="-0.4" minY="-0.072039" minZ="-0.4" maxX="0.4" maxY="0.567961" maxZ="1.12"/>
  </Bounding>
  <GeometryBounding>
    <AABB minX="-0.4" minY="-0.072039" minZ="-0.4" maxX="0.4" maxY="0.567961" maxZ="1.12"/>
  </GeometryBounding>
</LEGOPrimitive>
