<?xml version="1.0" encoding="UTF-8" standalone="no" ?>
<LEGOPrimitive versionMajor="1" versionMinor="0">
  <Annotations>
    <Annotation platformid="200"/>
    <Annotation platformname="SYSTEM"/>
    <Annotation maingroupid="235"/>
    <Annotation maingroupname="FENCES AND LADDERS"/>
    <Annotation designname="HANGER 1X4X2 W. 2 CORED KNOBS"/>
    <Annotation aliases="4083;40046"/>
  </Annotations>
  <Collision>
    <Box sX="0.084046" sY="0.119442" sZ="0.51" angle="180" ax="0" ay="0.707107" az="-0.707107" tx="2.39999" ty="0.84" tz="0"/>
    <Box sX="1.09596" sY="0.119446" sZ="0.083119" angle="180" ax="0" ay="0.707107" az="-0.707107" tx="1.2" ty="0.480001" tz="0"/>
    <Box sX="0.216318" sY="0.215868" sZ="0.15" angle="180" ax="0" ay="0.707107" az="-0.707107" tx="-0.000875" ty="0.16" tz="-0.001175"/>
    <Box sX="0.269142" sY="0.083521" sZ="0.077196" angle="148.68265" ax="-0.280309" ay="-0.678759" az="0.678759" tx="2.24888" ty="1.61848" tz="-0.003475"/>
    <Box sX="0.2192" sY="0.215868" sZ="0.15" angle="180" ax="0" ay="0.707107" az="-0.707107" tx="2.4" ty="0.16" tz="-0.001175"/>
    <Box sX="0.084046" sY="0.119443" sZ="0.51" angle="180" ax="0" ay="0.707107" az="-0.707107" tx="0" ty="0.84" tz="0"/>
    <Box sX="0.133997" sY="0.009108" sZ="0.117063" angle="180" ax="0" ay="0.707107" az="-0.707107" tx="0.8" ty="1.72706" tz="0.179108"/>
    <Box sX="0.133997" sY="0.009108" sZ="0.117063" angle="180" ax="0" ay="0.707107" az="-0.707107" tx="0.8" ty="1.72706" tz="-0.179108"/>
    <Box sX="0.133997" sY="0.009108" sZ="0.117063" angle="180" ax="0" ay="0.707107" az="-0.707107" tx="1.6" ty="1.72706" tz="0.179108"/>
    <Box sX="0.133997" sY="0.009108" sZ="0.117063" angle="180" ax="0" ay="0.707107" az="-0.707107" tx="1.6" ty="1.72706" tz="-0.179108"/>
    <Box sX="0.23" sY="0.119382" sZ="0.084126" angle="180" ax="0" ay="0.707107" az="-0.707107" tx="1.2" ty="1.76" tz="0"/>
    <Box sX="0.11" sY="0.119428" sZ="0.084062" angle="180" ax="0" ay="0.707107" az="-0.707107" tx="0.52" ty="1.76006" tz="-4.8E-005"/>
    <Box sX="0.11" sY="0.11942" sZ="0.084073" angle="180" ax="0" ay="0.707107" az="-0.707107" tx="1.88" ty="1.76005" tz="-4E-005"/>
    <Box sX="0.269142" sY="0.083521" sZ="0.077196" angle="148.90993" ax="-0.278171" ay="0.679198" az="-0.679198" tx="0.163961" ty="1.62745" tz="-0.003475"/>
  </Collision>
  <Connectivity>
    <Custom2DField type="23" width="2" height="2" angle="0" ax="0" ay="1" az="0" tx="0.4" ty="1.92" tz="-0.4">
      29:0,29:0,29:0,
      29:0,1:4:36,29:0,
      29:0,29:0,29:0
    </Custom2DField>
    <Custom2DField type="23" width="2" height="2" angle="0" ax="0" ay="1" az="0" tx="1.2" ty="1.92" tz="-0.4">
      29:0,29:0,29:0,
      29:0,1:4:36,29:0,
      29:0,29:0,29:0
    </Custom2DField>
    <Custom2DField type="22" width="2" height="2" angle="0" ax="0" ay="1" az="0" tx="-0.4" ty="0" tz="-0.4">
      29:0,29:0,29:0,
      29:0,5:4:34,29:0,
      29:0,29:0,29:0
    </Custom2DField>
    <Custom2DField type="22" width="2" height="2" angle="0" ax="0" ay="1" az="0" tx="2" ty="0" tz="-0.4">
      29:0,29:0,29:0,
      29:0,5:4:34,29:0,
      29:0,29:0,29:0
    </Custom2DField>
    <Axel type="6" length="0.53" grabbing="0" startCapped="0" endCapped="0" angle="90" ax="0" ay="1" az="0" tx="0.8" ty="1.6" tz="0"/>
    <Axel type="6" length="0.53" grabbing="0" startCapped="0" endCapped="0" angle="90" ax="0" ay="1" az="0" tx="1.6" ty="1.6" tz="0"/>
    <Axel type="7" length="2.07958" requireGrabbing="1" startCapped="1" endCapped="1" angle="90" ax="0" ay="0" az="-1" tx="0.160208" ty="0.48" tz="0"/>
    <Axel type="7" length="0.8" requireGrabbing="1" startCapped="1" endCapped="1" angle="0" ax="0" ay="0" az="1" tx="0" ty="0.64" tz="0"/>
    <Axel type="7" length="0.8" requireGrabbing="1" startCapped="1" endCapped="1" angle="0" ax="0" ay="0" az="1" tx="2.4" ty="0.64" tz="0"/>
    <Axel type="7" length="0.309882" requireGrabbing="1" startCapped="1" endCapped="1" angle="90" ax="0" ay="0" az="-1" tx="1.045" ty="1.76" tz="0"/>
  </Connectivity>
  <PhysicsAttributes inertiaTensor="0.414375,0,0,0,0.8166,0,0,0,1.15838" centerOfMass="1.2,1.065,0" mass="1" frictionType="0"/>
  <Bounding>
    <AABB minX="-0.33" minY="0" minZ="-0.33" maxX="2.73" maxY="2.13" maxZ="0.33"/>
  </Bounding>
  <GeometryBounding>
    <AABB minX="-0.33" minY="0" minZ="-0.33" maxX="2.73" maxY="2.13" maxZ="0.33"/>
  </GeometryBounding>
</LEGOPrimitive>
