<?xml version="1.0" encoding="UTF-8" standalone="no" ?>
<LEGOPrimitive versionMajor="1" versionMinor="0">
  <Annotations>
    <Annotation platformid="200"/>
    <Annotation platformname="SYSTEM"/>
    <Annotation maingroupid="216"/>
    <Annotation maingroupname="PLATES, SPECIAL"/>
    <Annotation designname="PLATE 1X1 W. HOLDER"/>
    <Annotation aliases="4085"/>
  </Annotations>
  <Collision>
    <Box sX="0.39" sY="0.15" sZ="0.39" angle="180" ax="0" ay="1" az="0" tx="0" ty="0.16" tz="0"/>
    <Box sX="0.0725" sY="0.14" sZ="0.0365" angle="0" ax="0" ay="1" az="0" tx="-0.2225" ty="0.15" tz="0.9235"/>
    <Box sX="0.192679" sY="0.14" sZ="0.053571" angle="61.70697" ax="0" ay="1" az="0" tx="-0.148896" ty="0.15" tz="0.605122"/>
    <Box sX="0.0725" sY="0.14" sZ="0.0365" angle="180" ax="0" ay="1" az="0" tx="0.2225" ty="0.15" tz="0.9235"/>
    <Box sX="0.192679" sY="0.14" sZ="0.053571" angle="118.29303" ax="0" ay="1" az="0" tx="0.148896" ty="0.15" tz="0.605122"/>
  </Collision>
  <Connectivity>
    <Custom2DField type="23" width="2" height="2" angle="0" ax="0" ay="1" az="0" tx="-0.4" ty="0.32" tz="-0.4">
      18:1:1,23:4:1,18:1:1,
      23:4:1,2:4:1,23:4:1,
      18:1:1,23:4:1,18:1:1
    </Custom2DField>
    <Custom2DField type="22" width="2" height="2" angle="0" ax="0" ay="1" az="0" tx="-0.4" ty="0" tz="-0.4">
      22:1:1,22:2:1,22:1:1,
      22:2:1,15:4:1,22:2:1,
      22:1:1,22:2:1,22:1:1
    </Custom2DField>
    <Axel type="6" length="0.32" grabbing="1" startCapped="0" endCapped="0" angle="90" ax="0" ay="1" az="0" tx="0" ty="0" tz="0.797811"/>
  </Connectivity>
  <PhysicsAttributes inertiaTensor="0.176992,0,0,0,0.209742,0,0,0,0.073917" centerOfMass="0,0.2485,0.285" mass="1" frictionType="0"/>
  <Bounding>
    <AABB minX="-0.4" minY="0" minZ="-0.4" maxX="0.4" maxY="0.497" maxZ="0.97"/>
  </Bounding>
  <GeometryBounding>
    <AABB minX="-0.4" minY="0" minZ="-0.4" maxX="0.4" maxY="0.497" maxZ="0.97"/>
  </GeometryBounding>
</LEGOPrimitive>
