<?xml version="1.0" encoding="UTF-8" standalone="no" ?>
<LEGOPrimitive versionMajor="1" versionMinor="0">
  <Annotations>
    <Annotation platformid="200"/>
    <Annotation platformname="SYSTEM"/>
    <Annotation maingroupid="228"/>
    <Annotation maingroupname="PLANTS"/>
    <Annotation designname="SUNSHADE"/>
    <Annotation aliases="4094;58572"/>
  </Annotations>
  <Collision>
    <Box sX="0.599887" sY="0.649686" sZ="0.04533" angle="180" ax="0" ay="0.707107" az="-0.707107" tx="0" ty="-0.05467" tz="0"/>
    <Box sX="0.155" sY="0.010394" sZ="0.31025" angle="120" ax="0.57735" ay="0.57735" az="-0.57735" tx="0.265394" ty="-0.31975" tz="0"/>
    <Box sX="0.155" sY="0.010394" sZ="0.31025" angle="90" ax="1" ay="0" az="0" tx="0" ty="-0.31975" tz="0.265394"/>
    <Box sX="0.155" sY="0.010394" sZ="0.31025" angle="120" ax="0.57735" ay="-0.57735" az="0.57735" tx="-0.265394" ty="-0.31975" tz="0"/>
    <Box sX="0.918007" sY="0.332382" sZ="0.025334" angle="117.75769" ax="0.238036" ay="0.903564" az="-0.356246" tx="-1.83743" ty="-0.916571" tz="0.761088"/>
    <Box sX="0.584503" sY="0.661951" sZ="0.030227" angle="123.52771" ax="0.330592" ay="0.803689" az="-0.494766" tx="-1.08556" ty="-0.376767" tz="0.414549"/>
    <Box sX="0.918007" sY="0.332382" sZ="0.025334" angle="159.08649" ax="0.072765" ay="0.927838" az="-0.365816" tx="-0.761088" ty="-0.916571" tz="1.83743"/>
    <Box sX="0.584503" sY="0.661951" sZ="0.030227" angle="160.87387" ax="0.103716" ay="0.846977" az="-0.521415" tx="-0.474477" ty="-0.376767" tz="1.06074"/>
    <Box sX="0.918007" sY="0.332382" sZ="0.025334" angle="159.08649" ax="0.072765" ay="-0.927838" az="0.365816" tx="0.761088" ty="-0.916571" tz="1.83743"/>
    <Box sX="0.584503" sY="0.661951" sZ="0.030227" angle="160.87387" ax="0.103716" ay="-0.846977" az="0.521415" tx="0.414549" ty="-0.376767" tz="1.08556"/>
    <Box sX="0.918007" sY="0.332382" sZ="0.025334" angle="117.75769" ax="0.238036" ay="-0.903564" az="0.356246" tx="1.83743" ty="-0.916571" tz="0.761088"/>
    <Box sX="0.584503" sY="0.661951" sZ="0.030227" angle="123.52771" ax="0.330592" ay="-0.803689" az="0.494766" tx="1.06074" ty="-0.376767" tz="0.474477"/>
    <Box sX="0.918007" sY="0.332382" sZ="0.025334" angle="78.65794" ax="0.481204" ay="-0.815513" az="0.32153" tx="1.83743" ty="-0.916571" tz="-0.761088"/>
    <Box sX="0.584503" sY="0.661951" sZ="0.030227" angle="89.84637" ax="0.617271" ay="-0.669973" az="0.412447" tx="1.08556" ty="-0.376767" tz="-0.414549"/>
    <Box sX="0.918007" sY="0.332382" sZ="0.025334" angle="48.31361" ax="0.879056" ay="-0.443494" az="0.174855" tx="0.761088" ty="-0.916571" tz="-1.83743"/>
    <Box sX="0.584503" sY="0.661951" sZ="0.030227" angle="66.72525" ax="0.934961" ay="-0.302095" az="0.185975" tx="0.474477" ty="-0.376767" tz="-1.06074"/>
    <Box sX="0.918007" sY="0.332382" sZ="0.025334" angle="48.31361" ax="0.879056" ay="0.443494" az="-0.174855" tx="-0.761088" ty="-0.916571" tz="-1.83743"/>
    <Box sX="0.584503" sY="0.661951" sZ="0.030227" angle="66.72525" ax="0.934961" ay="0.302095" az="-0.185975" tx="-0.414549" ty="-0.376767" tz="-1.08556"/>
    <Box sX="0.918007" sY="0.332382" sZ="0.025334" angle="78.65794" ax="0.481204" ay="0.815513" az="-0.32153" tx="-1.83743" ty="-0.916571" tz="-0.761088"/>
    <Box sX="0.584503" sY="0.661951" sZ="0.030227" angle="89.84637" ax="0.617271" ay="0.669973" az="-0.412447" tx="-1.06074" ty="-0.376767" tz="-0.474477"/>
    <Box sX="0.155" sY="0.010394" sZ="0.31025" angle="180" ax="0" ay="0.707107" az="-0.707107" tx="0" ty="-0.31975" tz="-0.265394"/>
  </Collision>
  <Connectivity>
    <Custom2DField type="23" width="2" height="2" angle="0" ax="0" ay="1" az="0" tx="-0.4" ty="0" tz="-0.4">
      29:0,29:0,29:0,
      29:0,2:4:32,29:0,
      29:0,29:0,29:0
    </Custom2DField>
    <Custom2DField type="22" width="2" height="2" angle="0" ax="0" ay="1" az="0" tx="-0.4" ty="-0.64" tz="-0.4">
      29:0,29:0,29:0,
      29:0,5:4:34,29:0,
      29:0,29:0,29:0
    </Custom2DField>
    <Axel type="4" length="0.32" grabbing="0" startCapped="1" endCapped="0" angle="180" ax="-0.707107" ay="0" az="-0.707107" tx="0" ty="-0.11" tz="0"/>
  </Connectivity>
  <PhysicsAttributes inertiaTensor="2.11845,0,0,0,3.92042,0,0,0,2.11845" centerOfMass="0,-0.511,0" mass="1" frictionType="0"/>
  <Bounding>
    <AABB minX="-2.425" minY="-1.2" minZ="-2.425" maxX="2.425" maxY="0.178" maxZ="2.425"/>
  </Bounding>
  <GeometryBounding>
    <AABB minX="-2.425" minY="-1.2" minZ="-2.425" maxX="2.425" maxY="0.178" maxZ="2.425"/>
  </GeometryBounding>
</LEGOPrimitive>
