<?xml version="1.0" encoding="UTF-8" standalone="no" ?>
<LEGOPrimitive versionMajor="1" versionMinor="0">
  <Annotations>
    <Annotation platformid="200"/>
    <Annotation platformname="SYSTEM"/>
    <Annotation maingroupid="236"/>
    <Annotation maingroupname="SIGNS AND FLAGS"/>
    <Annotation designname="STANDARD Ø3.18 X 53"/>
    <Annotation aliases="4095"/>
  </Annotations>
  <Collision>
    <Box sX="0.199308" sY="0.103139" sZ="0.090007" angle="180" ax="0" ay="0.707107" az="-0.707107" tx="0" ty="0.549993" tz="0"/>
    <Box sX="0.199308" sY="0.103139" sZ="0.090007" angle="120" ax="0.57735" ay="-0.57735" az="0.57735" tx="0" ty="0.549993" tz="0"/>
    <Box sX="0.0975" sY="0.0975" sZ="2.64" angle="90" ax="1" ay="0" az="0" tx="0" ty="2.65" tz="0"/>
    <Box sX="0.0975" sY="0.0975" sZ="2.64" angle="98.42106" ax="0.862856" ay="-0.357407" az="0.357407" tx="0" ty="2.65" tz="0"/>
    <Box sX="0.199308" sY="0.103139" sZ="0.090007" angle="148.60028" ax="0.281085" ay="-0.678598" az="0.678598" tx="0" ty="0.549993" tz="0"/>
    <Box sX="0.199308" sY="0.103139" sZ="0.090007" angle="98.42106" ax="0.862856" ay="-0.357407" az="0.357407" tx="0" ty="0.549993" tz="0"/>
  </Collision>
  <Connectivity>
    <Axel type="7" length="0.449985" requireGrabbing="0" startCapped="1" endCapped="0" angle="180" ax="0.707107" ay="0" az="-0.707107" tx="0" ty="0.45" tz="0"/>
    <Axel type="7" length="4.65" requireGrabbing="0" startCapped="1" endCapped="0" angle="90" ax="0" ay="-1" az="0" tx="0" ty="0.65" tz="0"/>
    <Custom2DField type="22" width="2" height="2" angle="0" ax="0" ay="1" az="0" tx="-0.4" ty="0" tz="-0.4">
      29:0,29:0,29:0,
      29:0,9:4:32,29:0,
      29:0,29:0,29:0
    </Custom2DField>
    <Custom2DField type="22" width="2" height="2" angle="180" ax="0" ay="0" az="1" tx="0.4" ty="5.3" tz="-0.4">
      29:0,29:0,29:0,
      29:0,9:4:32,29:0,
      29:0,29:0,29:0
    </Custom2DField>
  </Connectivity>
  <PhysicsAttributes inertiaTensor="2.36003,0,0,0,0.0384,0,0,0,2.36003" centerOfMass="0,2.65,0" mass="1" frictionType="0"/>
  <Bounding>
    <AABB minX="-0.24" minY="0" minZ="-0.24" maxX="0.24" maxY="5.3" maxZ="0.24"/>
  </Bounding>
  <GeometryBounding>
    <AABB minX="-0.24" minY="0" minZ="-0.24" maxX="0.24" maxY="5.3" maxZ="0.24"/>
  </GeometryBounding>
</LEGOPrimitive>
