<?xml version="1.0" encoding="UTF-8" standalone="no" ?>
<LEGOPrimitive versionMajor="1" versionMinor="0">
  <Annotations>
    <Annotation platformid="200"/>
    <Annotation platformname="SYSTEM"/>
    <Annotation maingroupid="225"/>
    <Annotation maingroupname="FRAMES, WINDOWS, WALLS AND DOORS"/>
    <Annotation designname="WINDOW FRAME 2X4X3"/>
    <Annotation aliases="4132"/>
  </Annotations>
  <Collision>
    <Box sX="0.095" sY="0.15" sZ="0.79" angle="0" ax="0" ay="1" az="0" tx="-0.295" ty="0.16" tz="-0.4"/>
    <Box sX="1.59" sY="0.065" sZ="0.79" angle="0" ax="0" ay="1" az="0" tx="1.2" ty="2.805" tz="-0.4"/>
    <Box sX="0.065" sY="1.27" sZ="0.79" angle="0" ax="0" ay="1" az="0" tx="-0.325001" ty="1.6" tz="-0.4"/>
    <Box sX="0.065" sY="1.27" sZ="0.79" angle="0" ax="0" ay="1" az="0" tx="2.725" ty="1.6" tz="-0.4"/>
    <Box sX="0.065" sY="1.27" sZ="0.165" angle="90" ax="0" ay="-1" az="0" tx="2.625" ty="1.6" tz="0.325"/>
    <Box sX="0.065" sY="1.43" sZ="0.165" angle="90" ax="0" ay="-1" az="0" tx="-0.225" ty="1.44" tz="0.325"/>
    <Box sX="0.065" sY="1.27" sZ="0.12" angle="120" ax="0.57735" ay="-0.57735" az="0.57735" tx="1.23" ty="2.75" tz="0.325"/>
    <Box sX="0.21" sY="0.04" sZ="0.5525" angle="0" ax="0" ay="1" az="0" tx="1.2" ty="2.68" tz="-0.3125"/>
    <Box sX="1.59" sY="0.15" sZ="0.79" angle="0" ax="0" ay="1" az="0" tx="1.2" ty="0.16" tz="-0.4"/>
    <Box sX="0.065" sY="1.43" sZ="0.165" angle="90" ax="0" ay="-1" az="0" tx="-0.125" ty="1.44" tz="0.005"/>
    <Box sX="0.065" sY="1.43" sZ="0.165" angle="90" ax="0" ay="-1" az="0" tx="2.525" ty="1.44" tz="0.005"/>
  </Collision>
  <Connectivity>
    <Custom2DField type="23" width="8" height="4" angle="0" ax="0" ay="1" az="0" tx="-0.4" ty="2.88" tz="-1.2">
      18:1:1,23:4:1,18:2:1,23:4:1,18:2:1,23:4:1,18:2:1,23:4:1,18:1:1,
      23:4:1,0:4,23:4:1,0:4:1,23:4:1,0:4:1,23:4:1,0:4,23:4:1,
      18:2:1,23:4:1,18:4:1,23:4:1,18:4:1,23:4:1,18:4:1,23:4:1,18:2:1,
      23:4:1,0:4,23:4:1,0:4:1,23:4:1,0:4:1,23:4:1,0:4,23:4:1,
      18:1:1,23:4:1,18:2:1,23:4:1,18:2:1,23:4:1,18:2:1,23:4:1,18:1:1
    </Custom2DField>
    <Custom2DField type="22" width="8" height="4" angle="0" ax="0" ay="1" az="0" tx="-0.4" ty="0" tz="-1.2">
      22:1:1,22:2:1,22:2:1,22:2:1,22:2:1,22:2:1,22:2:1,22:2:1,22:1:1,
      22:2:1,15:4:1,23:4:1,15:4:1,23:4:1,15:4:1,23:4:1,15:4:1,22:2:1,
      22:2:1,23:4:1,7:4:1,23:4:1,7:4:1,23:4:1,7:4:1,23:4:1,22:2:1,
      22:2:1,15:4:1,23:4:1,15:4:1,23:4:1,15:4:1,23:4:1,15:4:1,22:2:1,
      22:1:1,22:2:1,22:2:1,22:2:1,22:2:1,22:2:1,22:2:1,22:2:1,22:1:1
    </Custom2DField>
    <Hinge type="18" oriented="0" angle="90" ax="0" ay="-1" az="0" tx="-0.11" ty="1.52" tz="-0.974996"/>
    <Hinge type="18" oriented="0" angle="90" ax="0" ay="-1" az="0" tx="2.51" ty="1.52" tz="-0.974996"/>
    <Hinge type="70" oriented="0" angle="90" ax="0" ay="1" az="0" tx="2.35007" ty="1.47" tz="0.175"/>
    <Hinge type="70" oriented="0" angle="90" ax="0" ay="1" az="0" tx="0.049929" ty="1.47" tz="0.175"/>
  </Connectivity>
  <PhysicsAttributes inertiaTensor="0.992614,0,0,0,1.06667,0,0,0,1.63261" centerOfMass="1.2,1.529,-0.4" mass="1" frictionType="0"/>
  <Bounding>
    <AABB minX="-0.4" minY="0" minZ="-1.2" maxX="2.8" maxY="3.058" maxZ="0.4"/>
  </Bounding>
  <GeometryBounding>
    <AABB minX="-0.4" minY="0" minZ="-1.2" maxX="2.8" maxY="3.058" maxZ="0.4"/>
  </GeometryBounding>
</LEGOPrimitive>
