<?xml version="1.0" encoding="UTF-8" standalone="no" ?>
<LEGOPrimitive versionMajor="1" versionMinor="0">
  <Annotations>
    <Annotation platformid="200"/>
    <Annotation platformname="SYSTEM"/>
    <Annotation maingroupid="225"/>
    <Annotation maingroupname="FRAMES, WINDOWS, WALLS AND DOORS"/>
    <Annotation designname="WINDOW 4X3"/>
    <Annotation aliases="4133"/>
  </Annotations>
  <Collision>
    <Box sX="1.19" sY="0.175" sZ="0.09" angle="0" ax="0" ay="1" az="0" tx="1.2" ty="0.185" tz="0"/>
    <Box sX="1.19" sY="0.175" sZ="0.09" angle="0" ax="0" ay="1" az="0" tx="1.2" ty="2.115" tz="0"/>
    <Box sX="0.15" sY="1.14" sZ="0.09" angle="0" ax="0" ay="1" az="0" tx="2.24" ty="1.15" tz="0"/>
    <Box sX="0.1" sY="1.14" sZ="0.09" angle="0" ax="0" ay="1" az="0" tx="0.11" ty="1.15" tz="0"/>
    <Box sX="1.19" sY="0.09" sZ="0.09" angle="0" ax="0" ay="1" az="0" tx="1.2" ty="1.15" tz="0"/>
    <Box sX="1.14" sY="0.15" sZ="0.09" angle="90" ax="0" ay="0" az="1" tx="1.15" ty="1.15" tz="0"/>
    <Box sX="0.024188" sY="1.14" sZ="0.058376" angle="0" ax="0" ay="1" az="0" tx="-0.034188" ty="1.15" tz="0"/>
  </Collision>
  <Connectivity>
    <Hinge type="71" oriented="0" angle="0" ax="0" ay="0" az="1" tx="0" ty="1.15" tz="0"/>
  </Connectivity>
  <PhysicsAttributes inertiaTensor="0.507633,0,0,0,0.524167,0,0,0,1.02513" centerOfMass="1.15,1.15,0" mass="1" frictionType="0"/>
  <Bounding>
    <AABB minX="-0.1" minY="-0.08" minZ="-0.1" maxX="2.4" maxY="2.38" maxZ="0.1"/>
  </Bounding>
  <GeometryBounding>
    <AABB minX="-0.1" minY="-0.08" minZ="-0.1" maxX="2.4" maxY="2.38" maxZ="0.1"/>
  </GeometryBounding>
</LEGOPrimitive>
