<?xml version="1.0" encoding="UTF-8" standalone="no" ?>
<LEGOPrimitive versionMajor="1" versionMinor="0">
  <Annotations>
    <Annotation platformid="200"/>
    <Annotation platformname="SYSTEM"/>
    <Annotation maingroupid="216"/>
    <Annotation maingroupname="PLATES, SPECIAL"/>
    <Annotation designname="FLAT TILE 2X2, ROUND"/>
    <Annotation aliases="4150"/>
  </Annotations>
  <Collision>
    <Box sX="0.55" sY="0.55" sZ="0.04" angle="120" ax="0.57735" ay="-0.57735" az="0.57735" tx="0.4" ty="0.27" tz="-0.4"/>
    <Box sX="0.248094" sY="0.079" sZ="0.248094" angle="0" ax="0" ay="1" az="0" tx="0.4" ty="0.089" tz="-0.4"/>
    <Box sX="0.197055" sY="0.01141" sZ="0.15" angle="90.9722" ax="0.983174" ay="-0.129167" az="0.129167" tx="0.205559" ty="0.16" tz="0.325619"/>
    <Box sX="0.197055" sY="0.01141" sZ="0.15" angle="90.98021" ax="0.983037" ay="0.129689" az="-0.129689" tx="0.594418" ty="0.16" tz="0.325625"/>
    <Box sX="0.197055" sY="0.01141" sZ="0.15" angle="111.76811" ax="0.677457" ay="0.520121" az="-0.520121" tx="1.12562" ty="0.16" tz="-0.205559"/>
    <Box sX="0.197055" sY="0.01141" sZ="0.15" angle="129.02579" ax="0.476699" ay="0.621594" az="-0.621594" tx="1.12562" ty="0.16" tz="-0.594419"/>
    <Box sX="0.197055" sY="0.01141" sZ="0.15" angle="169.43036" ax="0.0925" ay="0.704075" az="-0.704075" tx="0.594441" ty="0.16" tz="-1.12562"/>
    <Box sX="0.197055" sY="0.01141" sZ="0.15" angle="169.38681" ax="0.092883" ay="-0.70405" az="0.70405" tx="0.205581" ty="0.16" tz="-1.12562"/>
    <Box sX="0.197055" sY="0.01141" sZ="0.15" angle="128.98735" ax="0.477111" ay="-0.621436" az="0.621436" tx="-0.325619" ty="0.16" tz="-0.594441"/>
    <Box sX="0.197055" sY="0.01141" sZ="0.15" angle="111.73595" ax="0.677866" ay="-0.519854" az="0.519854" tx="-0.325625" ty="0.16" tz="-0.205581"/>
  </Collision>
  <Connectivity>
    <Custom2DField type="22" width="4" height="4" angle="0" ax="0" ay="1" az="0" tx="-0.4" ty="0" tz="-1.2">
      29:0:1,22:2:1,22:2:1,22:2:1,29:0:1,
      22:2:1,15:4,15:4:1,15:4,22:2:1,
      22:2:1,15:4:1,22:2:1,15:4:1,22:2:1,
      22:2:1,15:4,15:4:1,15:4,22:2:1,
      29:0:1,22:2:1,22:2:1,22:2:1,29:0:1
    </Custom2DField>
    <Hinge type="137" oriented="1" angle="0" ax="0" ay="0" az="1" tx="0.4" ty="0" tz="-0.4"/>
  </Connectivity>
  <PhysicsAttributes inertiaTensor="0.221867,0,0,0,0.426667,0,0,0,0.221867" centerOfMass="0.4,0.16,-0.4" mass="1" frictionType="0"/>
  <Decoration faces="2" subMaterialRedirectLookupTable="0,0"/>
  <Bounding>
    <AABB minX="-0.4" minY="0" minZ="-1.2" maxX="1.2" maxY="0.32" maxZ="0.4"/>
  </Bounding>
  <GeometryBounding>
    <AABB minX="-0.4" minY="0" minZ="-1.2" maxX="1.2" maxY="0.32" maxZ="0.4"/>
  </GeometryBounding>
</LEGOPrimitive>
