<?xml version="1.0" encoding="UTF-8" standalone="no" ?>
<LEGOPrimitive versionMajor="1" versionMinor="0">
  <Annotations>
    <Annotation platformid="200"/>
    <Annotation platformname="SYSTEM"/>
    <Annotation maingroupid="250"/>
    <Annotation maingroupname="FIGURE, THEME"/>
    <Annotation designname="GARRISON CAP"/>
    <Annotation aliases="4156"/>
  </Annotations>
  <Collision>
    <Box sX="0.449389" sY="0.16236" sZ="0.51762" angle="0" ax="0" ay="1" az="0" tx="0" ty="0.17236" tz="0"/>
    <Box sX="0.031141" sY="0.242412" sZ="0.27359" angle="29.99999" ax="0" ay="1" az="0" tx="-0.484072" ty="0.088197" tz="0.279479"/>
    <Box sX="0.076223" sY="0.268299" sZ="0.179416" angle="90" ax="0" ay="1" az="0" tx="0" ty="0.114084" tz="0.60404"/>
    <Box sX="0.031141" sY="0.242412" sZ="0.27359" angle="150" ax="0" ay="-1" az="0" tx="0.484072" ty="0.088197" tz="-0.279479"/>
    <Box sX="0.076366" sY="0.268299" sZ="0.179416" angle="90" ax="0" ay="-1" az="0" tx="0" ty="0.114084" tz="-0.604183"/>
    <Box sX="0.031141" sY="0.242412" sZ="0.27359" angle="150" ax="0" ay="1" az="0" tx="0.484072" ty="0.088197" tz="0.279479"/>
    <Box sX="0.031141" sY="0.242412" sZ="0.27359" angle="29.99999" ax="0" ay="-1" az="0" tx="-0.484072" ty="0.088197" tz="-0.279479"/>
  </Collision>
  <Connectivity>
    <Custom2DField type="22" width="2" height="2" angle="0" ax="0" ay="1" az="0" tx="-0.4" ty="0" tz="-0.4">
      29:0,29:0,29:0,
      29:0,5:4:34,29:0,
      29:0,29:0,29:0
    </Custom2DField>
  </Connectivity>
  <PhysicsAttributes inertiaTensor="0.202054,0,0,0,0.315157,0,0,0,0.166692" centerOfMass="0,0.119306,0" mass="1" frictionType="0"/>
  <Bounding>
    <AABB minX="-0.647836" minY="-0.164215" minZ="-0.725106" maxX="0.647836" maxY="0.402828" maxZ="0.725106"/>
  </Bounding>
  <GeometryBounding>
    <AABB minX="-0.6001" minY="-0.164215" minZ="-0.725106" maxX="0.600094" maxY="0.402828" maxZ="0.725106"/>
  </GeometryBounding>
</LEGOPrimitive>
