<?xml version="1.0" encoding="UTF-8" standalone="no" ?>
<LEGOPrimitive versionMajor="1" versionMinor="0">
  <Annotations>
    <Annotation platformid="200"/>
    <Annotation platformname="SYSTEM"/>
    <Annotation maingroupid="216"/>
    <Annotation maingroupname="PLATES, SPECIAL"/>
    <Annotation designname="FLAT TILE 1X8"/>
    <Annotation aliases="4162"/>
  </Annotations>
  <Collision>
    <Box sX="3.19" sY="0.15" sZ="0.39" angle="0" ax="0" ay="1" az="0" tx="2.8" ty="0.16" tz="0"/>
  </Collision>
  <Connectivity>
    <Custom2DField type="22" width="16" height="2" angle="0" ax="0" ay="1" az="0" tx="-0.4" ty="0" tz="-0.4">
      22:1:1,22:2:1,22:2:1,22:2:1,22:2:1,22:2:1,22:2:1,22:2:1,22:2:1,22:2:1,22:2:1,22:2:1,22:2:1,22:2:1,22:2:1,22:2:1,22:1:1,
      22:2:1,15:4:2,9:4:2,15:4:2,9:4:2,15:4:2,9:4:2,15:4:2,9:4:2,15:4:2,9:4:2,15:4:2,9:4:2,15:4:2,9:4:2,15:4:2,22:2:1,
      22:1:1,22:2:1,22:2:1,22:2:1,22:2:1,22:2:1,22:2:1,22:2:1,22:2:1,22:2:1,22:2:1,22:2:1,22:2:1,22:2:1,22:2:1,22:2:1,22:1:1
    </Custom2DField>
  </Connectivity>
  <PhysicsAttributes inertiaTensor="0.061867,0,0,0,3.46667,0,0,0,3.42187" centerOfMass="2.8,0.16,0" mass="1" frictionType="0"/>
  <Bounding>
    <AABB minX="-0.4" minY="0" minZ="-0.4" maxX="6" maxY="0.32" maxZ="0.4"/>
  </Bounding>
  <GeometryBounding>
    <AABB minX="-0.4" minY="0" minZ="-0.4" maxX="6" maxY="0.32" maxZ="0.4"/>
  </GeometryBounding>
</LEGOPrimitive>
