<?xml version="1.0" encoding="UTF-8" standalone="no" ?>
<LEGOPrimitive versionMajor="1" versionMinor="0">
  <Annotations>
    <Annotation platformid="200"/>
    <Annotation platformname="SYSTEM"/>
    <Annotation maingroupid="216"/>
    <Annotation maingroupname="PLATES, SPECIAL"/>
    <Annotation designname="LADDER 1X2X2"/>
    <Annotation aliases="4175"/>
  </Annotations>
  <Collision>
    <Box sX="0.79" sY="0.44" sZ="0.15" angle="180" ax="0" ay="0.707107" az="-0.707107" tx="0.4" ty="0.16" tz="0.05"/>
    <Box sX="0.08" sY="0.09" sZ="0.95" angle="180" ax="0" ay="0.707107" az="-0.707107" tx="-0.31" ty="-0.64" tz="0.5"/>
    <Box sX="0.08" sY="0.09" sZ="0.95" angle="180" ax="0" ay="0.707107" az="-0.707107" tx="1.11" ty="-0.64" tz="0.5"/>
    <Box sX="0.79" sY="0.19" sZ="0.07" angle="180" ax="0" ay="0.707107" az="-0.707107" tx="0.4" ty="-0.24" tz="0.6"/>
    <Box sX="0.79" sY="0.19" sZ="0.07" angle="180" ax="0" ay="0.707107" az="-0.707107" tx="0.4" ty="-0.72" tz="0.6"/>
    <Box sX="0.79" sY="0.19" sZ="0.07" angle="180" ax="0" ay="0.707107" az="-0.707107" tx="0.4" ty="-1.2" tz="0.6"/>
    <Box sX="0.79" sY="0.04" sZ="0.31" angle="180" ax="0" ay="0.707107" az="-0.707107" tx="0.4" ty="0" tz="0.45"/>
    <Box sX="0.79" sY="0.59" sZ="0.07" angle="180" ax="0" ay="0.707107" az="-0.707107" tx="0.4" ty="0.24" tz="0.2"/>
  </Collision>
  <Connectivity>
    <Custom2DField type="23" width="4" height="2" angle="0" ax="0" ay="1" az="0" tx="-0.4" ty="0.32" tz="-0.4">
      18:1:1,23:4:1,18:2:1,23:4:1,18:1:1,
      23:4:1,0:4:1,23:4:1,0:4:1,23:4:1,
      18:1:1,23:4:1,29:0:1,23:4:1,18:1:1
    </Custom2DField>
    <Custom2DField type="22" width="4" height="2" angle="0" ax="0" ay="1" az="0" tx="-0.4" ty="0" tz="-0.4">
      22:1:1,22:2:1,22:2:1,22:2:1,22:1:1,
      22:2:1,15:4:1,9:4:1,15:4:1,22:2:1,
      22:1:1,22:2:1,22:2:1,22:2:1,22:1:1
    </Custom2DField>
  </Connectivity>
  <PhysicsAttributes inertiaTensor="0.4868,0,0,0,0.333333,0,0,0,0.580134" centerOfMass="0.4,-0.551,0.2" mass="1" frictionType="0"/>
  <Bounding>
    <AABB minX="-0.4" minY="-1.6" minZ="-0.4" maxX="1.2" maxY="0.498" maxZ="0.8"/>
  </Bounding>
  <GeometryBounding>
    <AABB minX="-0.4" minY="-1.6" minZ="-0.4" maxX="1.2" maxY="0.498" maxZ="0.8"/>
  </GeometryBounding>
</LEGOPrimitive>
