<?xml version="1.0" encoding="UTF-8" standalone="no" ?>
<LEGOPrimitive versionMajor="1" versionMinor="0">
  <Annotations>
    <Annotation platformid="200"/>
    <Annotation platformname="SYSTEM"/>
    <Annotation maingroupid="226"/>
    <Annotation maingroupname="GATES AND ROOFS"/>
    <Annotation designname="RIGHT DOOR 1X4X5"/>
    <Annotation aliases="4182"/>
  </Annotations>
  <Collision>
    <Box sX="0.143469" sY="0.24" sZ="2.39" angle="180" ax="0" ay="0.707107" az="-0.707107" tx="-0.15347" ty="2.4" tz="-0.010987"/>
    <Box sX="0.19" sY="0.065" sZ="2.39" angle="180" ax="0" ay="0.707107" az="-0.707107" tx="0.2" ty="2.4" tz="-0.325"/>
    <Box sX="1.19" sY="0.065" sZ="1.11" angle="180" ax="0" ay="0.707107" az="-0.707107" tx="1.2" ty="1.12" tz="-0.325"/>
    <Box sX="0.408579" sY="0.19" sZ="0.075" angle="180" ax="0" ay="0.707107" az="-0.707107" tx="0.701421" ty="4.715" tz="-0.2"/>
    <Box sX="0.272259" sY="0.272259" sZ="0.065" angle="180" ax="0" ay="0.707107" az="-0.707107" tx="0" ty="0.075" tz="0"/>
    <Box sX="0.272259" sY="0.272259" sZ="0.075" angle="180" ax="0" ay="0.707107" az="-0.707107" tx="0" ty="4.715" tz="0"/>
    <Box sX="0.691422" sY="0.115" sZ="0.075" angle="180" ax="0" ay="0.707107" az="-0.707107" tx="1.98142" ty="4.715" tz="-0.125"/>
    <Box sX="0.266511" sY="0.065" sZ="2.39" angle="180" ax="0" ay="0.707107" az="-0.707107" tx="2.27651" ty="2.4" tz="-0.325"/>
    <Box sX="1.315" sY="0.115" sZ="0.075" angle="180" ax="0" ay="0.707107" az="-0.707107" tx="1.325" ty="2.005" tz="-0.125"/>
    <Box sX="0.048336" sY="0.029839" sZ="0.075" angle="180" ax="0" ay="0.707107" az="-0.707107" tx="1.2" ty="4.715" tz="-0.010161"/>
    <Box sX="0.09" sY="0.04" sZ="0.235" angle="180" ax="0" ay="0.707107" az="-0.707107" tx="2.3" ty="2.485" tz="-0.55"/>
    <Box sX="0.135954" sY="0.045999" sZ="2.39" angle="147.80504" ax="0.288587" ay="0.677022" az="-0.677022" tx="2.62746" ty="2.4" tz="-0.215712"/>
    <Box sX="0.049786" sY="0.066512" sZ="2.39" angle="180" ax="0" ay="0.707107" az="-0.707107" tx="2.70979" ty="2.4" tz="-0.076511"/>
    <Box sX="0.049786" sY="0.066512" sZ="2.39" angle="180" ax="0" ay="0.707107" az="-0.707107" tx="2.70979" ty="2.4" tz="-0.076511"/>
    <Box sX="1.19" sY="0.065" sZ="0.15" angle="180" ax="0" ay="0.707107" az="-0.707107" tx="1.2" ty="4.64" tz="-0.325"/>
  </Collision>
  <Connectivity>
    <Custom2DField type="22" width="2" height="2" angle="0" ax="0" ay="1" az="0" tx="-0.4" ty="0" tz="-0.4">
      29:0,29:0,29:0,
      29:0,15:4:32,29:0,
      29:0,29:0,29:0
    </Custom2DField>
    <Custom2DField type="23" width="2" height="2" angle="0" ax="0" ay="1" az="0" tx="-0.4" ty="4.8" tz="-0.4">
      29:0,29:0,29:0,
      29:0,1:4:34,29:0,
      29:0,29:0,29:0
    </Custom2DField>
    <Fixed type="22" axes="2" angle="180" ax="0" ay="1" az="0" tx="1.7" ty="2.09" tz="-0.13"/>
    <Fixed type="22" axes="2" angle="0" ax="0" ay="1" az="0" tx="0.7" ty="2.09" tz="-0.13"/>
  </Connectivity>
  <PhysicsAttributes inertiaTensor="2.14837,0,0,0,0.936667,0,0,0,2.91837" centerOfMass="1.2,2.489,-0.1" mass="1" frictionType="0"/>
  <Bounding>
    <AABB minX="-0.4" minY="0" minZ="-0.6" maxX="2.8" maxY="4.978" maxZ="0.4"/>
  </Bounding>
  <GeometryBounding>
    <AABB minX="-0.4" minY="0" minZ="-0.6" maxX="2.8" maxY="4.978" maxZ="0.4"/>
  </GeometryBounding>
</LEGOPrimitive>
