<?xml version="1.0" encoding="UTF-8" standalone="no" ?>
<LEGOPrimitive versionMajor="1" versionMinor="0">
  <Annotations>
    <Annotation platformid="200"/>
    <Annotation platformname="SYSTEM"/>
    <Annotation maingroupid="226"/>
    <Annotation maingroupname="GATES AND ROOFS"/>
    <Annotation designname="GLASS FOR DOOR"/>
    <Annotation aliases="4183"/>
  </Annotations>
  <Collision>
    <Box sX="0.79" sY="0.09" sZ="1.26" angle="180" ax="0" ay="0.707107" az="-0.707107" tx="1.2" ty="3.36" tz="-0.15"/>
    <Box sX="0.79" sY="0.065" sZ="1.11" angle="180" ax="0" ay="0.707107" az="-0.707107" tx="1.2" ty="3.36" tz="-0.325"/>
  </Collision>
  <Connectivity>
    <Fixed type="23" axes="2" angle="180" ax="0" ay="1" az="0" tx="1.7" ty="2.09" tz="-0.13"/>
    <Fixed type="23" axes="2" angle="0" ax="0" ay="1" az="0" tx="0.7" ty="2.09" tz="-0.13"/>
  </Connectivity>
  <PhysicsAttributes inertiaTensor="0.582242,0,0,0,0.223542,0,0,0,0.785367" centerOfMass="1.2,3.36,-0.225" mass="1" frictionType="0"/>
  <Bounding>
    <AABB minX="0.4" minY="2.05" minZ="-0.4" maxX="2" maxY="4.67" maxZ="-0.05"/>
  </Bounding>
  <GeometryBounding>
    <AABB minX="0.4" minY="2.05" minZ="-0.4" maxX="2" maxY="4.67" maxZ="-0.05"/>
  </GeometryBounding>
</LEGOPrimitive>
