<?xml version="1.0" encoding="UTF-8" standalone="no" ?>
<LEGOPrimitive versionMajor="1" versionMinor="0">
  <Annotations>
    <Annotation platformid="300"/>
    <Annotation platformname="TECHNIC"/>
    <Annotation maingroupid="367"/>
    <Annotation maingroupname="TYRES AND RIMS, SPECIAL"/>
    <Annotation designname="WEDGE-BELT WHEEL Ø24"/>
    <Annotation aliases="2786;4185"/>
  </Annotations>
  <Collision>
    <Box sX="0.22468" sY="0.032001" sZ="0.15676" angle="168.75002" ax="0" ay="0" az="1" tx="-0.221977" ty="-1.11595" tz="-0.199434"/>
    <Box sX="0.22468" sY="0.032363" sZ="0.15676" angle="168.75002" ax="0" ay="0" az="-1" tx="0.221905" ty="-1.1156" tz="-0.199434"/>
    <Box sX="0.22468" sY="0.022135" sZ="0.15676" angle="123.74999" ax="0" ay="0" az="1" tx="-0.954261" ty="-0.637616" tz="-0.199434"/>
    <Box sX="0.22468" sY="0.032805" sZ="0.15676" angle="146.24998" ax="0" ay="0" az="1" tx="-0.631689" ty="-0.945388" tz="-0.199434"/>
    <Box sX="0.22468" sY="0.032805" sZ="0.15676" angle="146.24998" ax="0" ay="0" az="-1" tx="0.631688" ty="-0.945389" tz="-0.199434"/>
    <Box sX="0.22468" sY="0.021631" sZ="0.15676" angle="123.74999" ax="0" ay="0" az="-1" tx="0.954679" ty="-0.637897" tz="-0.199434"/>
    <Box sX="0.22468" sY="0.032805" sZ="0.15676" angle="33.75001" ax="0" ay="0" az="1" tx="-0.631688" ty="0.945389" tz="-0.199434"/>
    <Box sX="0.22468" sY="0.022151" sZ="0.15676" angle="56.25" ax="0" ay="0" az="1" tx="-0.954247" ty="0.637608" tz="-0.199434"/>
    <Box sX="0.22468" sY="0.032805" sZ="0.15676" angle="78.74999" ax="0" ay="0" az="1" tx="-1.11516" ty="0.22182" tz="-0.199434"/>
    <Box sX="0.22468" sY="0.032805" sZ="0.15676" angle="101.25" ax="0" ay="0" az="1" tx="-1.11516" ty="-0.221819" tz="-0.199434"/>
    <Box sX="0.22468" sY="0.032805" sZ="0.15676" angle="101.25" ax="0" ay="0" az="-1" tx="1.11516" ty="-0.22182" tz="-0.199434"/>
    <Box sX="0.22468" sY="0.032805" sZ="0.15676" angle="78.74999" ax="0" ay="0" az="-1" tx="1.11516" ty="0.221819" tz="-0.199434"/>
    <Box sX="0.22468" sY="0.021602" sZ="0.15676" angle="56.25" ax="0" ay="0" az="-1" tx="0.954704" ty="0.637913" tz="-0.199434"/>
    <Box sX="0.22468" sY="0.032805" sZ="0.15676" angle="33.75001" ax="0" ay="0" az="-1" tx="0.631689" ty="0.945388" tz="-0.199434"/>
    <Box sX="0.22468" sY="0.031954" sZ="0.15676" angle="11.24999" ax="0" ay="0" az="-1" tx="0.221986" ty="1.116" tz="-0.199434"/>
    <Box sX="0.22468" sY="0.032054" sZ="0.15676" angle="11.24999" ax="0" ay="0" az="1" tx="-0.221966" ty="1.1159" tz="-0.199434"/>
    <Box sX="0.141198" sY="0.091216" sZ="0.383747" angle="158.90941" ax="-0.186157" ay="-0.694747" az="0.694747" tx="0.327979" ty="0.561744" tz="-0.200136"/>
    <Box sX="0.141229" sY="0.091076" sZ="0.383747" angle="158.90941" ax="-0.186157" ay="0.694747" az="-0.694747" tx="-0.32767" ty="0.561923" tz="-0.199996"/>
    <Box sX="0.141147" sY="0.091216" sZ="0.383747" angle="93.84097" ax="-0.935113" ay="0.250563" az="-0.250563" tx="-0.328189" ty="-0.561623" tz="-0.200136"/>
    <Box sX="0.141527" sY="0.091216" sZ="0.383747" angle="93.84096" ax="-0.935113" ay="-0.250563" az="0.250563" tx="0.327982" ty="-0.561743" tz="-0.200136"/>
    <Box sX="0.137074" sY="0.091216" sZ="0.383747" angle="120" ax="-0.57735" ay="0.57735" az="-0.57735" tx="-0.650474" ty="-0.000357" tz="-0.200137"/>
    <Box sX="0.13879" sY="0.091216" sZ="0.383747" angle="120" ax="-0.57735" ay="-0.57735" az="0.57735" tx="0.650474" ty="0.000336" tz="-0.200136"/>
    <Box sX="0.055954" sY="0.0675" sZ="0.190902" angle="180" ax="0" ay="0" az="1" tx="-0.159045" ty="-0.173597" tz="-0.200136"/>
    <Box sX="0.055954" sY="0.0675" sZ="0.190902" angle="180" ax="1" ay="0" az="0" tx="0.159046" ty="-0.173597" tz="-0.200136"/>
    <Box sX="0.055954" sY="0.0675" sZ="0.190902" angle="180" ax="0" ay="1" az="0" tx="-0.159045" ty="0.173597" tz="-0.200136"/>
    <Box sX="0.055954" sY="0.0675" sZ="0.190902" angle="0" ax="0" ay="1" az="0" tx="0.159046" ty="0.173597" tz="-0.200136"/>
  </Collision>
  <Connectivity>
    <Fixed type="11" axes="1" angle="90" ax="1" ay="0" az="0" tx="0" ty="0" tz="-0.2"/>
    <Axel type="4" length="0.4" grabbing="0" startCapped="0" endCapped="0" angle="120" ax="-0.57735" ay="0.57735" az="-0.57735" tx="0" ty="0" tz="0"/>
    <Axel type="2" length="0.4" grabbing="0" startCapped="0" endCapped="0" angle="120" ax="-0.57735" ay="0.57735" az="-0.57735" tx="0" ty="0.8" tz="0"/>
    <Axel type="2" length="0.4" grabbing="0" startCapped="0" endCapped="0" angle="120" ax="-0.57735" ay="0.57735" az="-0.57735" tx="-0.7" ty="-0.4" tz="0"/>
    <Axel type="2" length="0.4" grabbing="0" startCapped="0" endCapped="0" angle="120" ax="-0.57735" ay="0.57735" az="-0.57735" tx="0" ty="-0.8" tz="0"/>
    <Axel type="2" length="0.4" grabbing="0" startCapped="0" endCapped="0" angle="120" ax="-0.57735" ay="0.57735" az="-0.57735" tx="0.7" ty="-0.4" tz="0"/>
    <Axel type="2" length="0.4" grabbing="0" startCapped="0" endCapped="0" angle="120" ax="-0.57735" ay="0.57735" az="-0.57735" tx="0.7" ty="0.4" tz="0"/>
    <Axel type="2" length="0.4" grabbing="0" startCapped="0" endCapped="0" angle="120" ax="-0.57735" ay="0.57735" az="-0.57735" tx="-0.7" ty="0.4" tz="0"/>
    <Fixed type="11" axes="1" angle="89.99999" ax="-1" ay="0" az="0" tx="0" ty="0" tz="-0.2"/>
  </Connectivity>
  <PhysicsAttributes inertiaTensor="0.496061,0,0,0,0.496061,0,0,0,0.964692" centerOfMass="0,0,-0.201269" mass="1" frictionType="0"/>
  <Bounding>
    <AABB minX="-1.20293" minY="-1.20293" minZ="-0.404112" maxX="1.20293" maxY="1.20293" maxZ="0.001574"/>
  </Bounding>
  <GeometryBounding>
    <AABB minX="-1.20293" minY="-1.20293" minZ="-0.404112" maxX="1.20293" maxY="1.20293" maxZ="0.001574"/>
  </GeometryBounding>
</LEGOPrimitive>
