<?xml version="1.0" encoding="UTF-8" standalone="no" ?>
<LEGOPrimitive versionMajor="1" versionMinor="0">
  <Annotations>
    <Annotation platformid="200"/>
    <Annotation platformname="SYSTEM"/>
    <Annotation maingroupid="235"/>
    <Annotation maingroupname="FENCES AND LADDERS"/>
    <Annotation designname="LADDER"/>
    <Annotation aliases="4207"/>
  </Annotations>
  <Collision>
    <Box sX="5.59" sY="0.035" sZ="0.0825" angle="0" ax="0" ay="1" az="0" tx="4.4" ty="0.445" tz="-1.3525"/>
    <Box sX="5.59" sY="0.035" sZ="0.0825" angle="0" ax="0" ay="1" az="0" tx="4.4" ty="0.445" tz="0.5525"/>
    <Box sX="5.59" sY="0.035" sZ="0.1325" angle="0" ax="0" ay="1" az="0" tx="4.4" ty="0.245" tz="0.5025"/>
    <Box sX="5.59" sY="0.035" sZ="0.1325" angle="0" ax="0" ay="1" az="0" tx="4.4" ty="0.245" tz="-1.3025"/>
    <Box sX="5.59" sY="0.035" sZ="0.0825" angle="0" ax="0" ay="1" az="0" tx="4.4" ty="0.045" tz="0.4625"/>
    <Box sX="5.59" sY="0.035" sZ="0.0825" angle="0" ax="0" ay="1" az="0" tx="4.4" ty="0.045" tz="-1.2625"/>
    <Box sX="5.59" sY="0.135" sZ="0.035" angle="0" ax="0" ay="1" az="0" tx="4.4" ty="0.145" tz="-1.205"/>
    <Box sX="5.59" sY="0.135" sZ="0.035" angle="0" ax="0" ay="1" az="0" tx="4.4" ty="0.145" tz="0.405"/>
    <Box sX="5.59" sY="0.135" sZ="0.035" angle="0" ax="0" ay="1" az="0" tx="4.4" ty="0.345" tz="-1.4"/>
    <Box sX="5.59" sY="0.135" sZ="0.035" angle="0" ax="0" ay="1" az="0" tx="4.4" ty="0.345" tz="0.6"/>
    <Box sX="0.149997" sY="0.09" sZ="0.75" angle="0" ax="0" ay="1" az="0" tx="-0.40001" ty="0.1" tz="-0.4"/>
    <Box sX="0.149997" sY="0.09" sZ="0.75" angle="0" ax="0" ay="1" az="0" tx="0.399991" ty="0.1" tz="-0.4"/>
    <Box sX="0.149997" sY="0.09" sZ="0.75" angle="0" ax="0" ay="1" az="0" tx="1.19999" ty="0.1" tz="-0.4"/>
    <Box sX="0.149997" sY="0.09" sZ="0.75" angle="0" ax="0" ay="1" az="0" tx="1.99999" ty="0.1" tz="-0.4"/>
    <Box sX="0.149997" sY="0.09" sZ="0.75" angle="0" ax="0" ay="1" az="0" tx="2.79999" ty="0.1" tz="-0.4"/>
    <Box sX="0.149997" sY="0.09" sZ="0.75" angle="0" ax="0" ay="1" az="0" tx="3.6" ty="0.1" tz="-0.4"/>
    <Box sX="0.149997" sY="0.09" sZ="0.75" angle="0" ax="0" ay="1" az="0" tx="4.4" ty="0.1" tz="-0.4"/>
    <Box sX="0.149997" sY="0.09" sZ="0.75" angle="0" ax="0" ay="1" az="0" tx="5.2" ty="0.1" tz="-0.4"/>
    <Box sX="0.149997" sY="0.09" sZ="0.75" angle="0" ax="0" ay="1" az="0" tx="6" ty="0.1" tz="-0.4"/>
    <Box sX="0.149997" sY="0.09" sZ="0.75" angle="0" ax="0" ay="1" az="0" tx="6.8" ty="0.1" tz="-0.4"/>
    <Box sX="0.149997" sY="0.09" sZ="0.75" angle="0" ax="0" ay="1" az="0" tx="7.6" ty="0.1" tz="-0.4"/>
    <Box sX="0.149997" sY="0.09" sZ="0.75" angle="0" ax="0" ay="1" az="0" tx="8.4" ty="0.1" tz="-0.4"/>
    <Box sX="0.149997" sY="0.09" sZ="0.75" angle="0" ax="0" ay="1" az="0" tx="9.2" ty="0.1" tz="-0.4"/>
  </Collision>
  <Connectivity>
    <Slider type="12" length="11.2" startCapped="0" endCapped="0" angle="180" ax="0.707107" ay="0.707107" az="0" tx="-1.2" ty="0.345" tz="-0.4"/>
    <Slider type="13" length="11.2" startCapped="0" endCapped="0" angle="180" ax="-0.707107" ay="-0.707107" az="0" tx="-1.2" ty="0.045" tz="-0.4"/>
    <Custom2DField type="22" width="24" height="4" angle="0" ax="0" ay="1" az="0" tx="-0.4" ty="0" tz="-1.2">
      22:1:1,22:2:1,22:2:1,22:2:1,22:2:1,22:2:1,22:2:1,22:2:1,22:2:1,22:2:1,22:2:1,22:2:1,22:2:1,22:2:1,22:2:1,22:2:1,22:2:1,22:2:1,22:2:1,22:2:1,22:2:1,22:2:1,22:2:1,22:2:1,22:1:1,
      22:2:1,15:4,22:2:1,15:4,22:2:1,15:4,22:2:1,15:4,22:2:1,15:4,22:2:1,15:4,22:2:1,15:4,22:2:1,15:4,22:2:1,15:4,22:2:1,15:4,22:2:1,15:4,22:2:1,15:4,22:2:1,
      22:2:1,23:4:1,22:2:1,23:4:1,22:2:1,23:4:1,22:2:1,23:4:1,22:2:1,23:4:1,22:2:1,23:4:1,22:2:1,23:4:1,22:2:1,23:4:1,22:2:1,23:4:1,22:2:1,23:4:1,22:2:1,23:4:1,22:2:1,23:4:1,22:2:1,
      22:2:1,15:4,22:2:1,15:4,22:2:1,15:4,22:2:1,15:4,22:2:1,15:4,22:2:1,15:4,22:2:1,15:4,22:2:1,15:4,22:2:1,15:4,22:2:1,15:4,22:2:1,15:4,22:2:1,15:4,22:2:1,
      22:1:1,22:2:1,22:2:1,22:2:1,22:2:1,22:2:1,22:2:1,22:2:1,22:2:1,22:2:1,22:2:1,22:2:1,22:2:1,22:2:1,22:2:1,22:2:1,22:2:1,22:2:1,22:2:1,22:2:1,22:2:1,22:2:1,22:2:1,22:2:1,22:1:1
    </Custom2DField>
  </Connectivity>
  <PhysicsAttributes inertiaTensor="0.384017,0,0,0,10.81734,0,0,0,10.47334" centerOfMass="4.4,0.245,-0.4" mass="1" frictionType="0"/>
  <Bounding>
    <AABB minX="-1.2" minY="0" minZ="-1.445" maxX="10" maxY="0.49" maxZ="0.645"/>
  </Bounding>
  <GeometryBounding>
    <AABB minX="-1.2" minY="0" minZ="-1.445" maxX="10" maxY="0.49" maxZ="0.645"/>
  </GeometryBounding>
</LEGOPrimitive>
