<?xml version="1.0" encoding="UTF-8" standalone="no" ?>
<LEGOPrimitive versionMajor="1" versionMinor="0">
  <Annotations>
    <Annotation platformid="200"/>
    <Annotation platformname="SYSTEM"/>
    <Annotation maingroupid="286"/>
    <Annotation maingroupname="FUNCTIONAL ELEMENTS"/>
    <Annotation designname="HOSE DRUM"/>
    <Annotation aliases="4208"/>
  </Annotations>
  <Collision>
    <Box sX="0.09" sY="0.171996" sZ="0.028171" angle="45.37367" ax="1" ay="0" az="0" tx="2.51" ty="1.46301" tz="-0.409547"/>
    <Box sX="0.09" sY="0.171995" sZ="0.028171" angle="81.94497" ax="1" ay="0" az="0" tx="2.51" ty="1.62437" tz="-0.078965"/>
    <Box sX="0.09" sY="0.171995" sZ="0.028171" angle="118.51627" ax="1" ay="0" az="0" tx="2.51" ty="1.557" tz="0.282677"/>
    <Box sX="0.09" sY="0.171995" sZ="0.028171" angle="155.08755" ax="1" ay="0" az="0" tx="2.51" ty="1.28742" tz="0.532975"/>
    <Box sX="0.09" sY="0.171995" sZ="0.028171" angle="168.34113" ax="-1" ay="0" az="0" tx="2.51" ty="0.921777" tz="0.57337"/>
    <Box sX="0.09" sY="0.171995" sZ="0.028171" angle="131.76984" ax="-1" ay="0" az="0" tx="2.51" ty="0.604058" tz="0.387956"/>
    <Box sX="0.09" sY="0.171996" sZ="0.028171" angle="95.19854" ax="-1" ay="0" az="0" tx="2.51" ty="0.459367" tz="0.049742"/>
    <Box sX="0.09" sY="0.171995" sZ="0.028171" angle="58.62725" ax="-1" ay="0" az="0" tx="2.51" ty="0.544679" tz="-0.308093"/>
    <Box sX="0.09" sY="0.171995" sZ="0.028171" angle="22.05594" ax="-1" ay="0" az="0" tx="2.51" ty="0.8264" tz="-0.544645"/>
    <Box sX="0.09" sY="0.171996" sZ="0.028171" angle="14.51535" ax="1" ay="0" az="0" tx="2.51" ty="1.1936" tz="-0.566769"/>
    <Box sX="0.074001" sY="0.117687" sZ="0.184393" angle="15.5114" ax="1" ay="0" az="0" tx="2.496" ty="1.03606" tz="0.360032"/>
    <Box sX="0.074001" sY="0.117687" sZ="0.184393" angle="74.99355" ax="1" ay="0" az="0" tx="2.496" ty="0.729478" tz="0.1764"/>
    <Box sX="0.074001" sY="0.117687" sZ="0.184393" angle="134.47568" ax="1" ay="0" az="0" tx="2.496" ty="0.731986" tz="-0.180964"/>
    <Box sX="0.074001" sY="0.117687" sZ="0.184393" angle="166.04216" ax="-1" ay="0" az="0" tx="2.496" ty="1.04112" tz="-0.36143"/>
    <Box sX="0.074001" sY="0.117687" sZ="0.184393" angle="106.56003" ax="-1" ay="0" az="0" tx="2.496" ty="1.35814" tz="-0.182241"/>
    <Box sX="0.074001" sY="0.117687" sZ="0.184393" angle="47.07788" ax="-1" ay="0" az="0" tx="2.496" ty="1.36532" tz="0.172277"/>
    <Box sX="1.19927" sY="0.053775" sZ="0.024304" angle="74.60725" ax="-1" ay="0" az="0" tx="1.19927" ty="1.24339" tz="0.051826"/>
    <Box sX="1.19927" sY="0.053775" sZ="0.024304" angle="105.27896" ax="-1" ay="0" az="0" tx="1.19927" ty="1.24349" tz="-0.053037"/>
    <Box sX="1.19927" sY="0.053775" sZ="0.024304" angle="105.17578" ax="1" ay="0" az="0" tx="1.19927" ty="0.846427" tz="-0.053127"/>
    <Box sX="1.19927" sY="0.053775" sZ="0.024304" angle="74.22673" ax="1" ay="0" az="0" tx="1.19927" ty="0.846972" tz="0.051581"/>
    <Box sX="0.750908" sY="0.053775" sZ="0.024304" angle="164.68213" ax="1" ay="0" az="0" tx="1.2" ty="1.09712" tz="0.198081"/>
    <Box sX="0.750908" sY="0.053775" sZ="0.024304" angle="134.91833" ax="1" ay="0" az="0" tx="1.2" ty="1.18842" tz="0.145305"/>
    <Box sX="0.750908" sY="0.053775" sZ="0.024304" angle="105.15453" ax="1" ay="0" az="0" tx="1.2" ty="1.24148" tz="0.054169"/>
    <Box sX="0.750908" sY="0.053775" sZ="0.024304" angle="75.39071" ax="1" ay="0" az="0" tx="1.2" ty="1.24229" tz="-0.051283"/>
    <Box sX="0.750908" sY="0.053775" sZ="0.024304" angle="45.62691" ax="1" ay="0" az="0" tx="1.2" ty="1.19065" tz="-0.143227"/>
    <Box sX="0.750908" sY="0.053775" sZ="0.024304" angle="14.83709" ax="1" ay="0" az="0" tx="1.2" ty="1.09663" tz="-0.198389"/>
    <Box sX="0.750908" sY="0.053775" sZ="0.024304" angle="15.14908" ax="-1" ay="0" az="0" tx="1.2" ty="0.990409" tz="-0.197975"/>
    <Box sX="0.750908" sY="0.053775" sZ="0.024304" angle="44.93137" ax="-1" ay="0" az="0" tx="1.2" ty="0.901542" tz="-0.145861"/>
    <Box sX="0.750908" sY="0.053775" sZ="0.024304" angle="74.78122" ax="-1" ay="0" az="0" tx="1.2" ty="0.847288" tz="-0.054567"/>
    <Box sX="0.750908" sY="0.053775" sZ="0.024304" angle="104.50267" ax="-1" ay="0" az="0" tx="1.2" ty="0.848075" tz="0.050737"/>
    <Box sX="0.750908" sY="0.053775" sZ="0.024304" angle="136.57419" ax="-1" ay="0" az="0" tx="1.2" ty="0.906534" tz="0.145513"/>
    <Box sX="0.750908" sY="0.053775" sZ="0.024304" angle="164.41943" ax="-1" ay="0" az="0" tx="1.2" ty="0.990061" tz="0.195193"/>
    <Box sX="0.074001" sY="0.117687" sZ="0.184393" angle="127.47149" ax="-1" ay="0" az="0" tx="2.496" ty="1.26692" tz="-0.284069"/>
    <Box sX="0.074001" sY="0.117687" sZ="0.184393" angle="73.79354" ax="-1" ay="0" az="0" tx="2.496" ty="1.40463" tz="0.011735"/>
    <Box sX="0.074001" sY="0.117687" sZ="0.184393" angle="14.32466" ax="-1" ay="0" az="0" tx="2.496" ty="1.21676" tz="0.317002"/>
    <Box sX="0.074001" sY="0.117687" sZ="0.184393" angle="49.41408" ax="1" ay="0" az="0" tx="2.496" ty="0.835786" tz="0.295613"/>
    <Box sX="0.074001" sY="0.117687" sZ="0.184393" angle="97.93939" ax="1" ay="0" az="0" tx="2.496" ty="0.68437" tz="0.040142"/>
    <Box sX="0.074001" sY="0.117687" sZ="0.184393" angle="163.3761" ax="1" ay="0" az="0" tx="2.496" ty="0.857606" tz="-0.30997"/>
    <Box sX="0.09" sY="0.171996" sZ="0.028171" angle="45.37367" ax="1" ay="0" az="0" tx="-0.11" ty="1.46301" tz="-0.409547"/>
    <Box sX="0.09" sY="0.171995" sZ="0.028171" angle="81.94497" ax="1" ay="0" az="0" tx="-0.11" ty="1.62437" tz="-0.078965"/>
    <Box sX="0.09" sY="0.171995" sZ="0.028171" angle="118.51627" ax="1" ay="0" az="0" tx="-0.11" ty="1.557" tz="0.282677"/>
    <Box sX="0.09" sY="0.171995" sZ="0.028171" angle="155.08755" ax="1" ay="0" az="0" tx="-0.11" ty="1.28742" tz="0.532975"/>
    <Box sX="0.09" sY="0.171995" sZ="0.028171" angle="168.34113" ax="-1" ay="0" az="0" tx="-0.11" ty="0.921777" tz="0.57337"/>
    <Box sX="0.09" sY="0.171995" sZ="0.028171" angle="131.76984" ax="-1" ay="0" az="0" tx="-0.11" ty="0.604058" tz="0.387956"/>
    <Box sX="0.09" sY="0.171996" sZ="0.028171" angle="95.19854" ax="-1" ay="0" az="0" tx="-0.11" ty="0.459367" tz="0.049742"/>
    <Box sX="0.09" sY="0.171995" sZ="0.028171" angle="58.62725" ax="-1" ay="0" az="0" tx="-0.11" ty="0.544679" tz="-0.308093"/>
    <Box sX="0.09" sY="0.171995" sZ="0.028171" angle="22.05594" ax="-1" ay="0" az="0" tx="-0.11" ty="0.8264" tz="-0.544645"/>
    <Box sX="0.09" sY="0.171996" sZ="0.028171" angle="14.51535" ax="1" ay="0" az="0" tx="-0.11" ty="1.1936" tz="-0.566769"/>
    <Box sX="0.074001" sY="0.117687" sZ="0.184393" angle="15.5114" ax="1" ay="0" az="0" tx="-0.124001" ty="1.03606" tz="0.360032"/>
    <Box sX="0.074001" sY="0.117687" sZ="0.184393" angle="74.99355" ax="1" ay="0" az="0" tx="-0.124001" ty="0.729478" tz="0.1764"/>
    <Box sX="0.074001" sY="0.117687" sZ="0.184393" angle="134.47568" ax="1" ay="0" az="0" tx="-0.124001" ty="0.731986" tz="-0.180964"/>
    <Box sX="0.074001" sY="0.117687" sZ="0.184393" angle="166.04216" ax="-1" ay="0" az="0" tx="-0.124001" ty="1.04112" tz="-0.36143"/>
    <Box sX="0.074001" sY="0.117687" sZ="0.184393" angle="106.56003" ax="-1" ay="0" az="0" tx="-0.124001" ty="1.35814" tz="-0.182241"/>
    <Box sX="0.074001" sY="0.117687" sZ="0.184393" angle="47.07788" ax="-1" ay="0" az="0" tx="-0.124001" ty="1.36532" tz="0.172277"/>
    <Box sX="0.074001" sY="0.117687" sZ="0.184393" angle="127.47149" ax="-1" ay="0" az="0" tx="-0.124001" ty="1.26692" tz="-0.284069"/>
    <Box sX="0.074001" sY="0.117687" sZ="0.184393" angle="73.79354" ax="-1" ay="0" az="0" tx="-0.124001" ty="1.40463" tz="0.011735"/>
    <Box sX="0.074001" sY="0.117687" sZ="0.184393" angle="14.32466" ax="-1" ay="0" az="0" tx="-0.124001" ty="1.21676" tz="0.317002"/>
    <Box sX="0.074001" sY="0.117687" sZ="0.184393" angle="49.41408" ax="1" ay="0" az="0" tx="-0.124001" ty="0.835786" tz="0.295613"/>
    <Box sX="0.074001" sY="0.117687" sZ="0.184393" angle="97.93939" ax="1" ay="0" az="0" tx="-0.124001" ty="0.68437" tz="0.040142"/>
    <Box sX="0.074001" sY="0.117687" sZ="0.184393" angle="163.3761" ax="1" ay="0" az="0" tx="-0.124001" ty="0.857606" tz="-0.30997"/>
  </Collision>
  <Connectivity>
    <Hinge type="129" oriented="0" angle="90" ax="0" ay="0" az="-1" tx="1.2" ty="1.045" tz="0"/>
  </Connectivity>
  <PhysicsAttributes inertiaTensor="0.326667,0,0,0,0.854534,0,0,0,0.854534" centerOfMass="1.2,1.045,0" mass="1" frictionType="0"/>
  <Bounding>
    <AABB minX="-0.24" minY="0.345" minZ="-0.7" maxX="2.64" maxY="1.745" maxZ="0.7"/>
  </Bounding>
  <GeometryBounding>
    <AABB minX="-0.24" minY="0.345" minZ="-0.7" maxX="2.64" maxY="1.745" maxZ="0.7"/>
  </GeometryBounding>
</LEGOPrimitive>
