<?xml version="1.0" encoding="UTF-8" standalone="no" ?>
<LEGOPrimitive versionMajor="1" versionMinor="0">
  <Annotations>
    <Annotation platformid="200"/>
    <Annotation platformname="SYSTEM"/>
    <Annotation maingroupid="286"/>
    <Annotation maingroupname="FUNCTIONAL ELEMENTS"/>
    <Annotation designname="DRUM HOLDER 2X4X2"/>
    <Annotation aliases="4209"/>
  </Annotations>
  <Collision>
    <Box sX="0.95" sY="0.065" sZ="0.79" angle="90" ax="0" ay="0" az="1" tx="-0.325" ty="0.96" tz="-0.4"/>
    <Box sX="1.59" sY="0.15" sZ="0.027985" angle="0" ax="0" ay="1" az="0" tx="1.2" ty="0.16" tz="-1.16202"/>
    <Box sX="1.59" sY="0.064185" sZ="0.027985" angle="0" ax="0" ay="1" az="0" tx="1.2" ty="1.84581" tz="-1.16202"/>
    <Box sX="0.95" sY="0.065" sZ="0.79" angle="90" ax="0" ay="0" az="1" tx="2.725" ty="0.96" tz="-0.4"/>
    <Box sX="0.04" sY="0.05" sZ="0.555" angle="90" ax="0" ay="0" az="1" tx="1.2" ty="1.72" tz="-0.4"/>
    <Box sX="0.103137" sY="0.015" sZ="0.103137" angle="98.42106" ax="-0.357407" ay="0.357407" az="0.862856" tx="-0.225" ty="1.045" tz="0"/>
    <Box sX="0.103137" sY="0.015" sZ="0.103137" angle="98.42106" ax="-0.357407" ay="0.357407" az="0.862856" tx="2.625" ty="1.045" tz="0"/>
    <Box sX="0.0883" sY="0.15" sZ="0.79" angle="0" ax="0" ay="1" az="0" tx="2.7017" ty="0.16" tz="-0.4"/>
    <Box sX="1.59" sY="0.15" sZ="0.027985" angle="0" ax="0" ay="1" az="0" tx="1.2" ty="0.16" tz="0.362015"/>
    <Box sX="1.24572" sY="0.15" sZ="0.107985" angle="0" ax="0" ay="1" az="0" tx="1.2" ty="0.16" tz="-1.08202"/>
    <Box sX="1.24572" sY="0.15" sZ="0.107985" angle="0" ax="0" ay="1" az="0" tx="1.2" ty="0.16" tz="0.282015"/>
    <Box sX="1.59" sY="0.15" sZ="0.557374" angle="0" ax="0" ay="1" az="0" tx="1.2" ty="0.16" tz="-0.396656"/>
    <Box sX="0.0883" sY="0.15" sZ="0.79" angle="0" ax="0" ay="1" az="0" tx="-0.3017" ty="0.16" tz="-0.4"/>
    <Box sX="1.24572" sY="0.064185" sZ="0.107985" angle="0" ax="0" ay="1" az="0" tx="1.2" ty="1.84581" tz="-1.08202"/>
    <Box sX="1.24572" sY="0.064185" sZ="0.107985" angle="0" ax="0" ay="1" az="0" tx="1.2" ty="1.84581" tz="0.282015"/>
    <Box sX="1.59" sY="0.064185" sZ="0.557374" angle="0" ax="0" ay="1" az="0" tx="1.2" ty="1.84581" tz="-0.396656"/>
    <Box sX="0.0883" sY="0.064185" sZ="0.79" angle="0" ax="0" ay="1" az="0" tx="-0.3017" ty="1.84581" tz="-0.4"/>
    <Box sX="0.0883" sY="0.064185" sZ="0.79" angle="0" ax="0" ay="1" az="0" tx="2.7017" ty="1.84581" tz="-0.4"/>
    <Box sX="1.59" sY="0.064185" sZ="0.027985" angle="0" ax="0" ay="1" az="0" tx="1.2" ty="1.84581" tz="0.362015"/>
  </Collision>
  <Connectivity>
    <Custom2DField type="23" width="8" height="4" angle="0" ax="0" ay="1" az="0" tx="-0.4" ty="1.92" tz="-1.2">
      18:1:1,23:4:1,18:2:1,23:4:1,18:2:1,23:4:1,18:2:1,23:4:1,18:1:1,
      23:4:1,0:4:1,23:4:1,0:4:1,23:4:1,0:4:1,23:4:1,0:4:1,23:4:1,
      18:2:1,23:4:1,18:4:1,23:4:1,18:4:1,23:4:1,18:4:1,23:4:1,18:2:1,
      23:4:1,0:4:2,23:4:1,0:4:1,23:4:1,0:4:1,23:4:1,0:4:2,23:4:1,
      18:1:1,23:4:1,18:2:1,23:4:1,18:2:1,23:4:1,18:2:1,23:4:1,18:1:1
    </Custom2DField>
    <Custom2DField type="22" width="8" height="4" angle="0" ax="0" ay="1" az="0" tx="-0.4" ty="0" tz="-1.2">
      22:1:1,22:2:1,22:2:1,22:2:1,22:2:1,22:2:1,22:2:1,22:2:1,22:1:1,
      22:2:1,15:4:1,23:4:1,15:4:1,23:4:1,15:4:1,23:4:1,15:4:1,22:2:1,
      22:2:1,22:2:1,7:4:2,22:2:1,7:4:2,22:2:1,7:4:2,22:2:1,22:2:1,
      22:2:1,15:4:1,23:4:1,15:4:1,23:4:1,15:4:1,23:4:1,15:4:1,22:2:1,
      22:1:1,22:2:1,22:2:1,22:2:1,22:2:1,22:2:1,22:2:1,22:2:1,22:1:1
    </Custom2DField>
    <Hinge type="128" oriented="0" angle="90" ax="0" ay="0" az="-1" tx="1.2" ty="1.045" tz="0"/>
  </Connectivity>
  <PhysicsAttributes inertiaTensor="0.580134,0,0,0,1.06667,0,0,0,1.22013" centerOfMass="1.2,1.049,-0.4" mass="1" frictionType="0"/>
  <Bounding>
    <AABB minX="-0.4" minY="0" minZ="-1.2" maxX="2.8" maxY="2.098" maxZ="0.4"/>
  </Bounding>
  <GeometryBounding>
    <AABB minX="-0.4" minY="0" minZ="-1.2" maxX="2.8" maxY="2.098" maxZ="0.4"/>
  </GeometryBounding>
</LEGOPrimitive>
