<?xml version="1.0" encoding="UTF-8" standalone="no" ?>
<LEGOPrimitive versionMajor="1" versionMinor="0">
  <Annotations>
    <Annotation platformid="200"/>
    <Annotation platformname="SYSTEM"/>
    <Annotation maingroupid="251"/>
    <Annotation maingroupname="FIGURE, ACCESSORIES IN THE HAND"/>
    <Annotation designname="NOZZLE"/>
    <Annotation aliases="4210"/>
  </Annotations>
  <Collision>
    <Box sX="0.69" sY="0.096353" sZ="0.096353" angle="0" ax="0" ay="1" az="0" tx="0.14" ty="0" tz="0"/>
    <Box sX="0.024282" sY="0.09" sZ="0.07" angle="120" ax="-0.57735" ay="-0.57735" az="-0.57735" tx="0.94" ty="0" tz="0.104282"/>
    <Box sX="0.024282" sY="0.09" sZ="0.07" angle="180" ax="0.707107" ay="0.707107" az="0" tx="0.94" ty="0.104282" tz="0"/>
    <Box sX="0.024282" sY="0.09" sZ="0.07" angle="120" ax="0.57735" ay="0.57735" az="-0.57735" tx="0.94" ty="0" tz="-0.104282"/>
    <Box sX="0.024282" sY="0.09" sZ="0.07" angle="90" ax="0" ay="0" az="-1" tx="0.94" ty="-0.104282" tz="0"/>
    <Box sX="0.010346" sY="0.422657" sZ="0.103194" angle="45" ax="0" ay="1" az="0" tx="-0.065222" ty="-0.427343" tz="0.065654"/>
    <Box sX="0.010346" sY="0.422657" sZ="0.103194" angle="45" ax="0" ay="-1" az="0" tx="-0.065303" ty="-0.427343" tz="-0.065572"/>
    <Box sX="0.010346" sY="0.422657" sZ="0.103194" angle="135" ax="0" ay="1" az="0" tx="0.066004" ty="-0.427343" tz="0.065572"/>
    <Box sX="0.010346" sY="0.422657" sZ="0.103194" angle="135" ax="0" ay="-1" az="0" tx="0.065922" ty="-0.427343" tz="-0.065654"/>
  </Collision>
  <Connectivity>
    <Axel type="7" length="0.86" requireGrabbing="0" startCapped="0" endCapped="0" angle="180" ax="0.707107" ay="0.707107" az="0" tx="-0.56" ty="0" tz="0"/>
    <Axel type="14" length="0.2" grabbing="0" startCapped="0" endCapped="1" angle="120" ax="0.57735" ay="-0.57735" az="0.57735" tx="1.04" ty="0" tz="0"/>
    <Custom2DField type="22" width="2" height="2" angle="90" ax="0" ay="0" az="-1" tx="-0.56" ty="0.4" tz="-0.4">
      29:0,29:0,29:0,
      29:0,9:4:32,29:0,
      29:0,29:0,29:0
    </Custom2DField>
    <Custom2DField type="22" width="2" height="2" angle="0" ax="0" ay="1" az="0" tx="-0.4" ty="-0.86" tz="-0.4">
      29:0,29:0,29:0,
      29:0,9:4:32,29:0,
      29:0,29:0,29:0
    </Custom2DField>
    <Custom2DField type="22" width="2" height="2" angle="90" ax="0" ay="0" az="1" tx="1.04" ty="-0.4" tz="-0.4">
      29:0,29:0,29:0,
      29:0,9:4:32,29:0,
      29:0,29:0,29:0
    </Custom2DField>
    <Axel type="14" length="0.7" grabbing="0" startCapped="0" endCapped="1" angle="90" ax="0" ay="1" az="0" tx="0" ty="-0.86" tz="0"/>
    <Axel type="21" length="0.7" requireGrabbing="0" startCapped="0" endCapped="1" angle="90" ax="0" ay="1" az="0" tx="0" ty="-0.86" tz="0"/>
  </Connectivity>
  <PhysicsAttributes inertiaTensor="0.095233,0,0,0,0.222336,0,0,0,0.300503" centerOfMass="0.23912,-0.35,0" mass="1" frictionType="0"/>
  <Bounding>
    <AABB minX="-0.56176" minY="-0.86" minZ="-0.16" maxX="1.04" maxY="0.16" maxZ="0.16"/>
  </Bounding>
  <GeometryBounding>
    <AABB minX="-0.56" minY="-0.86" minZ="-0.16" maxX="1.04" maxY="0.16" maxZ="0.16"/>
  </GeometryBounding>
</LEGOPrimitive>
