<?xml version="1.0" encoding="UTF-8" standalone="no" ?>
<LEGOPrimitive versionMajor="1" versionMinor="0">
  <Annotations>
    <Annotation platformid="200"/>
    <Annotation platformname="SYSTEM"/>
    <Annotation maingroupid="216"/>
    <Annotation maingroupname="PLATES, SPECIAL"/>
    <Annotation designname="CHASSIS 4X5"/>
    <Annotation aliases="4211"/>
  </Annotations>
  <Collision>
    <Box sX="0.79" sY="0.15" sZ="0.39" angle="0" ax="0" ay="1" az="0" tx="0.4" ty="0.16" tz="0"/>
    <Box sX="0.39" sY="0.15" sZ="1.59" angle="0" ax="0" ay="1" az="0" tx="3.2" ty="0.16" tz="-1.2"/>
    <Box sX="0.79" sY="0.15" sZ="0.91" angle="0" ax="0" ay="1" az="0" tx="2.8" ty="0.16" tz="-1.2"/>
    <Box sX="0.39" sY="0.15" sZ="1.59" angle="0" ax="0" ay="1" az="0" tx="0" ty="0.16" tz="-1.2"/>
    <Box sX="0.79" sY="0.15" sZ="0.39" angle="0" ax="0" ay="1" az="0" tx="0.4" ty="0.16" tz="-2.4"/>
    <Box sX="0.108261" sY="0.051647" sZ="0.324076" angle="146.12299" ax="0.304301" ay="-0.673159" az="-0.673986" tx="2.62655" ty="0.310666" tz="-2.7391"/>
    <Box sX="0.107229" sY="0.051647" sZ="0.319806" angle="145.91983" ax="0.303234" ay="0.672709" az="0.674916" tx="1.37456" ty="0.310277" tz="-2.74018"/>
    <Box sX="0.39" sY="0.09" sZ="0.79" angle="90" ax="0" ay="1" az="0" tx="2" ty="0.54" tz="-2.4"/>
    <Box sX="0.39" sY="0.09" sZ="0.79" angle="90" ax="0" ay="1" az="0" tx="2" ty="0.54" tz="0"/>
    <Box sX="0.79" sY="0.310908" sZ="0.05" angle="0" ax="0" ay="1" az="0" tx="2" ty="0.319092" tz="-2.06"/>
    <Box sX="0.79" sY="0.310908" sZ="0.05" angle="0" ax="0" ay="1" az="0" tx="2" ty="0.319092" tz="-0.34"/>
    <Box sX="0.108261" sY="0.051647" sZ="0.324076" angle="146.12299" ax="0.304301" ay="-0.673159" az="-0.673986" tx="2.62894" ty="0.307966" tz="0.340849"/>
    <Box sX="0.107229" sY="0.051647" sZ="0.319806" angle="145.91983" ax="0.303234" ay="0.672709" az="0.674916" tx="1.3584" ty="0.307503" tz="0.339736"/>
  </Collision>
  <Connectivity>
    <Custom2DField type="23" width="10" height="8" angle="0" ax="0" ay="1" az="0" tx="-0.4" ty="0.32" tz="-2.8">
      18:1:1,23:4:1,18:2:1,23:4:1,29:0:1,29:0:1,29:0:1,29:0:1,29:0:1,23:4:1,18:1:1,
      23:4:1,0:4:1,23:4:1,0:4:1,23:4:1,29:0:1,29:0:1,29:0:1,23:4:1,0:4:1,23:4:1,
      18:2:1,23:4:1,18:3:1,23:4:1,29:0:1,29:0:1,29:0:1,23:4:1,29:0:1,23:4:1,18:2:1,
      23:4:1,0:4:1,23:4:1,29:0:1,29:0:1,29:0:1,23:4:1,0:4:1,23:4:1,0:4:1,23:4:1,
      18:2:1,23:4:1,18:2:1,29:0:1,29:0:1,29:0:1,18:2:1,23:4:1,18:4:1,23:4:1,18:2:1,
      23:4:1,0:4:1,23:4:1,29:0:1,29:0:1,29:0:1,23:4:1,0:4:1,23:4:1,0:4:1,23:4:1,
      18:2:1,23:4:1,18:3:1,23:4:1,29:0:1,29:0:1,29:0:1,23:4:1,29:0:1,23:4:1,18:2:1,
      23:4:1,0:4:1,23:4:1,0:4:1,23:4:1,29:0:1,29:0:1,29:0:1,23:4:1,0:4:1,23:4:1,
      18:1:1,23:4:1,18:2:1,23:4:1,29:0:1,29:0:1,29:0:1,29:0:1,29:0:1,23:4:1,18:1:1
    </Custom2DField>
    <Custom2DField type="23" width="4" height="8" angle="0" ax="0" ay="1" az="0" tx="1.2" ty="0.64" tz="-2.8">
      18:1:1,23:4:1,18:2:1,23:4:1,18:1:1,
      23:4:1,0:4:1,23:4:1,0:4:1,23:4:1,
      18:1:1,23:4:1,18:2:1,23:4:1,18:1:1,
      29:0:1,29:0:1,29:0:1,29:0:1,29:0:1,
      29:0:1,29:0:1,29:0:1,29:0:1,29:0:1,
      29:0:1,29:0:1,29:0:1,29:0:1,29:0:1,
      18:1:1,23:4:1,18:2:1,23:4:1,18:1:1,
      23:4:1,0:4:1,23:4:1,0:4:1,23:4:1,
      18:1:1,23:4:1,18:2:1,23:4:1,18:1:1
    </Custom2DField>
    <Custom2DField type="22" width="10" height="8" angle="0" ax="0" ay="1" az="0" tx="-0.4" ty="0" tz="-2.8">
      22:1:1,22:2:1,22:2:1,22:2:1,22:1:1,29:0:1,29:0:1,29:0:1,22:1:1,22:2:1,22:1:1,
      22:2:1,15:4:1,9:4:1,15:4:1,22:2:1,29:0:1,29:0:1,29:0:1,22:2:1,15:4:1,22:2:1,
      22:2:1,9:4:1,22:3:1,22:2:1,22:3:1,22:2:1,22:3:1,22:2:1,22:3:1,9:4:1,22:2:1,
      22:2:1,15:4:1,22:2:1,29:0:1,29:0:1,29:0:1,22:2:1,15:4:1,23:4:1,15:4:1,22:2:1,
      22:2:1,9:4:1,22:2:1,29:0:1,29:0:1,29:0:1,22:2:1,23:4:1,7:4:1,23:4:1,22:2:1,
      22:2:1,15:4:1,22:2:1,29:0:1,29:0:1,29:0:1,22:2:1,15:4:1,23:4:1,15:4:1,22:2:1,
      22:2:1,9:4:1,22:3:1,22:2:1,22:3:1,22:2:1,22:3:1,22:2:1,22:3:1,9:4:1,22:2:1,
      22:2:1,15:4:1,9:4:1,15:4:1,22:2:1,29:0:1,29:0:1,29:0:1,22:2:1,15:4:1,22:2:1,
      22:1:1,22:2:1,22:2:1,22:2:1,22:1:1,29:0:1,29:0:1,29:0:1,22:1:1,22:2:1,22:1:1
    </Custom2DField>
  </Connectivity>
  <PhysicsAttributes inertiaTensor="0.909094,0,0,0,2.18667,0,0,0,1.38909" centerOfMass="1.6,0.409,-1.2" mass="1" frictionType="0"/>
  <Bounding>
    <AABB minX="-0.4" minY="0" minZ="-2.8" maxX="3.6" maxY="0.818" maxZ="0.4"/>
  </Bounding>
  <GeometryBounding>
    <AABB minX="-0.4" minY="0" minZ="-2.8" maxX="3.6" maxY="0.818" maxZ="0.4"/>
  </GeometryBounding>
</LEGOPrimitive>
