<?xml version="1.0" encoding="UTF-8" standalone="no" ?>
<LEGOPrimitive versionMajor="1" versionMinor="0">
  <Annotations>
    <Annotation platformid="200"/>
    <Annotation platformname="SYSTEM"/>
    <Annotation maingroupid="216"/>
    <Annotation maingroupname="PLATES, SPECIAL"/>
    <Annotation designname="ROOF 4X4 W. HINGE"/>
    <Annotation aliases="4213"/>
  </Annotations>
  <Collision>
    <Box sX="0.0525" sY="0.15" sZ="1.405" angle="0" ax="0" ay="1" az="0" tx="2.7375" ty="0.16" tz="-0.985"/>
    <Box sX="0.27" sY="0.103137" sZ="0.103137" angle="45" ax="1" ay="0" az="0" tx="0.04" ty="0.16" tz="0.599999"/>
    <Box sX="0.31" sY="0.103137" sZ="0.103137" angle="45" ax="1" ay="0" az="0" tx="0.8" ty="0.16" tz="0.599999"/>
    <Box sX="0.31" sY="0.103137" sZ="0.103137" angle="45" ax="1" ay="0" az="0" tx="1.6" ty="0.16" tz="0.599999"/>
    <Box sX="0.27" sY="0.103137" sZ="0.103137" angle="45" ax="1" ay="0" az="0" tx="2.36" ty="0.16" tz="0.599999"/>
    <Box sX="0.0525" sY="0.15" sZ="1.405" angle="0" ax="0" ay="1" az="0" tx="-0.3375" ty="0.16" tz="-0.985"/>
    <Box sX="1.59" sY="0.15" sZ="0.0525" angle="0" ax="0" ay="1" az="0" tx="1.2" ty="0.16" tz="-2.3375"/>
    <Box sX="1.59" sY="0.0525" sZ="1.405" angle="0" ax="0" ay="1" az="0" tx="1.2" ty="0.2575" tz="-0.985"/>
  </Collision>
  <Connectivity>
    <Custom2DField type="23" width="8" height="6" angle="0" ax="0" ay="1" az="0" tx="-0.4" ty="0.32" tz="-2.4">
      18:1:1,23:4:1,18:2:1,23:4:1,18:2:1,23:4:1,18:2:1,23:4:1,18:1:1,
      23:4:1,0:4:1,23:4:1,0:4:1,23:4:1,0:4:1,23:4:1,0:4:1,23:4:1,
      18:2:1,23:4:1,18:4:1,23:4:1,18:4:1,23:4:1,18:4:1,23:4:1,18:2:1,
      23:4:1,0:4:1,23:4:1,0:4:1,23:4:1,0:4:1,23:4:1,0:4:1,23:4:1,
      18:2:1,23:4:1,18:4:1,23:4:1,18:4:1,23:4:1,18:4:1,23:4:1,18:2:1,
      23:4:1,0:4:1,23:4:1,0:4:1,23:4:1,0:4:1,23:4:1,0:4:1,23:4:1,
      18:1:1,23:4:1,18:2:1,23:4:1,18:2:1,23:4:1,18:2:1,23:4:1,18:1:1
    </Custom2DField>
    <Custom2DField type="22" width="8" height="4" angle="0" ax="0" ay="1" az="0" tx="-0.4" ty="0" tz="-2.4">
      22:1:1,22:2:1,22:2:1,22:2:1,22:2:1,22:2:1,22:2:1,22:2:1,22:1:1,
      22:2:1,15:4:1,23:4:1,15:4:1,23:4:1,15:4:1,23:4:1,15:4:1,22:2:1,
      22:2:1,23:4:1,7:4:2,23:4:1,15:4:1,23:4:1,7:4:2,23:4:1,22:2:1,
      22:2:1,15:4:1,23:4:1,15:4:1,23:4:1,15:4:1,23:4:1,15:4:1,22:2:1,
      22:2:1,29:0:1,29:0:1,29:0:1,29:0:1,29:0:1,29:0:1,29:0:1,22:2:1
    </Custom2DField>
    <Hinge type="169" oriented="0" angle="120" ax="0.57735" ay="0.57735" az="-0.57735" tx="1.2" ty="0.16" tz="0.6"/>
  </Connectivity>
  <PhysicsAttributes inertiaTensor="0.852717,0,0,0,1.68547,0,0,0,0.873918" centerOfMass="1.2,0.2485,-0.82" mass="1" frictionType="0"/>
  <Bounding>
    <AABB minX="-0.4" minY="0" minZ="-2.4" maxX="2.8" maxY="0.497" maxZ="0.76"/>
  </Bounding>
  <GeometryBounding>
    <AABB minX="-0.4" minY="0" minZ="-2.4" maxX="2.8" maxY="0.497" maxZ="0.76"/>
  </GeometryBounding>
</LEGOPrimitive>
