<?xml version="1.0" encoding="UTF-8" standalone="no" ?>
<LEGOPrimitive versionMajor="1" versionMinor="0">
  <Annotations>
    <Annotation platformid="200"/>
    <Annotation platformname="SYSTEM"/>
    <Annotation maingroupid="225"/>
    <Annotation maingroupname="FRAMES, WINDOWS, WALLS AND DOORS"/>
    <Annotation designname="WALL ELEMENT 1X4X3"/>
    <Annotation aliases="30007;4215"/>
  </Annotations>
  <Collision>
    <Box sX="1.59" sY="0.15" sZ="0.39" angle="0" ax="0" ay="1" az="0" tx="1.2" ty="0.16" tz="0"/>
    <Box sX="1.59" sY="0.065" sZ="0.39" angle="0" ax="0" ay="1" az="0" tx="1.2" ty="2.805" tz="0"/>
    <Box sX="1.59" sY="1.43" sZ="0.065" angle="0" ax="0" ay="1" az="0" tx="1.2" ty="1.44" tz="0.325"/>
    <Box sX="0.05" sY="0.04" sZ="0.305" angle="0" ax="0" ay="1" az="0" tx="-0.08" ty="2.68" tz="-0.065"/>
    <Box sX="0.05" sY="0.04" sZ="0.305" angle="0" ax="0" ay="1" az="0" tx="2.48" ty="2.68" tz="-0.065"/>
  </Collision>
  <Connectivity>
    <Custom2DField type="22" width="8" height="2" angle="0" ax="0" ay="1" az="0" tx="-0.4" ty="0" tz="-0.4">
      22:1:1,22:2:1,22:2:1,22:2:1,22:2:1,22:2:1,22:2:1,22:2:1,22:1:1,
      22:2:1,15:4:1,9:4:1,15:4:1,9:4:1,15:4:1,9:4:1,15:4:1,22:2:1,
      22:1:1,22:2:1,22:2:1,22:2:1,22:2:1,22:2:1,22:2:1,22:2:1,22:1:1
    </Custom2DField>
    <Custom2DField type="23" width="8" height="2" angle="0" ax="0" ay="1" az="0" tx="-0.4" ty="2.88" tz="-0.4">
      18:1:1,23:4:1,18:2:1,23:4:1,18:2:1,23:4:1,18:2:1,23:4:1,18:1:1,
      23:4:1,1:4:1,23:4:1,1:4:1,23:4:1,1:4:1,23:4:1,1:4:1,23:4:1,
      18:1:1,23:4:1,18:2:1,23:4:1,18:2:1,23:4:1,18:2:1,23:4:1,18:1:1
    </Custom2DField>
  </Connectivity>
  <PhysicsAttributes inertiaTensor="0.832104,0,0,0,0.906667,0,0,0,1.6321" centerOfMass="1.2,1.5285,0" mass="1" frictionType="0"/>
  <Bounding>
    <AABB minX="-0.4" minY="0" minZ="-0.4" maxX="2.8" maxY="3.057" maxZ="0.4"/>
  </Bounding>
  <GeometryBounding>
    <AABB minX="-0.4" minY="0" minZ="-0.4" maxX="2.8" maxY="3.057" maxZ="0.4"/>
  </GeometryBounding>
</LEGOPrimitive>
