<?xml version="1.0" encoding="UTF-8" standalone="no" ?>
<LEGOPrimitive versionMajor="1" versionMinor="0">
  <Annotations>
    <Annotation platformid="200"/>
    <Annotation platformname="SYSTEM"/>
    <Annotation maingroupid="202"/>
    <Annotation maingroupname="BRICKS, SPECIAL"/>
    <Annotation designname="BRICK 1X14 W. GROOVE"/>
    <Annotation aliases="4217"/>
  </Annotations>
  <Collision>
    <Box sX="5.59" sY="0.47" sZ="0.285" angle="0" ax="0" ay="1" az="0" tx="5.2" ty="0.48" tz="-0.105"/>
    <Box sX="0.305" sY="0.47" sZ="0.095" angle="0" ax="0" ay="1" az="0" tx="-0.085" ty="0.48" tz="0.295"/>
    <Box sX="0.305" sY="0.47" sZ="0.095" angle="0" ax="0" ay="1" az="0" tx="10.485" ty="0.48" tz="0.295"/>
    <Box sX="4.62" sY="0.261975" sZ="0.124647" angle="0" ax="0" ay="1" az="0" tx="5.2" ty="0.271975" tz="0.265353"/>
    <Box sX="4.96" sY="0.0225" sZ="0.124647" angle="0" ax="0" ay="1" az="0" tx="5.2" ty="0.9275" tz="0.265353"/>
    <Box sX="0.024363" sY="0.246019" sZ="0.095" angle="45" ax="0" ay="0" az="1" tx="10.01327" ty="0.749282" tz="0.295"/>
    <Box sX="0.024363" sY="0.244033" sZ="0.095" angle="45" ax="0" ay="0" az="-1" tx="0.38533" ty="0.747877" tz="0.295"/>
  </Collision>
  <Connectivity>
    <Custom2DField type="23" width="28" height="2" angle="0" ax="0" ay="1" az="0" tx="-0.4" ty="0.96" tz="-0.4">
      18:1:1,23:4:1,18:2:1,23:4:1,18:2:1,23:4:1,18:2:1,23:4:1,18:2:1,23:4:1,18:2:1,23:4:1,18:2:1,23:4:1,18:2:1,23:4:1,18:2:1,23:4:1,18:2:1,23:4:1,18:2:1,23:4:1,18:2:1,23:4:1,18:2:1,23:4:1,18:2:1,23:4:1,18:1:1,
      23:4:1,0:4:1,23:4:1,0:4:1,23:4:1,0:4:1,23:4:1,0:4:1,23:4:1,0:4:1,23:4:1,0:4:1,23:4:1,0:4:1,23:4:1,0:4:1,23:4:1,0:4:1,23:4:1,0:4:1,23:4:1,0:4:1,23:4:1,0:4:1,23:4:1,0:4:1,23:4:1,0:4:1,23:4:1,
      18:1:1,23:4:1,18:2:1,23:4:1,18:2:1,23:4:1,18:2:1,23:4:1,18:2:1,23:4:1,18:2:1,23:4:1,18:2:1,23:4:1,18:2:1,23:4:1,18:2:1,23:4:1,18:2:1,23:4:1,18:2:1,23:4:1,18:2:1,23:4:1,18:2:1,23:4:1,18:2:1,23:4:1,18:1:1
    </Custom2DField>
    <Custom2DField type="22" width="28" height="2" angle="0" ax="0" ay="1" az="0" tx="-0.4" ty="0" tz="-0.4">
      22:1:1,22:2:1,22:2:1,22:2:1,22:2:1,22:2:1,22:2:1,22:2:1,22:2:1,22:2:1,22:2:1,22:2:1,22:2:1,22:2:1,22:2:1,22:2:1,22:2:1,22:2:1,22:2:1,22:2:1,22:2:1,22:2:1,22:2:1,22:2:1,22:2:1,22:2:1,22:2:1,22:2:1,22:1:1,
      22:2:1,15:4:2,22:2:1,15:4:2,9:4:1,15:4:1,9:4:1,15:4:1,9:4:1,15:4:1,9:4:1,15:4:1,9:4:1,15:4:1,9:4:1,15:4:1,9:4:1,15:4:1,9:4:1,15:4:1,9:4:1,15:4:1,9:4:1,15:4:1,9:4:1,15:4:2,22:2:1,15:4:2,22:2:1,
      22:1:1,22:2:1,29:0:1,22:2:1,22:2:1,22:2:1,22:2:1,22:2:1,22:2:1,22:2:1,22:2:1,22:2:1,22:2:1,22:2:1,22:2:1,22:2:1,22:2:1,22:2:1,22:2:1,22:2:1,22:2:1,22:2:1,22:2:1,22:2:1,22:2:1,22:2:1,29:0:1,22:2:1,22:1:1
    </Custom2DField>
    <Slider type="4" length="0.555" startCapped="0" endCapped="0" angle="90" ax="0" ay="-1" az="0" tx="0.4" ty="0" tz="0.19"/>
    <Slider type="4" length="0.555" startCapped="0" endCapped="0" angle="90" ax="0" ay="-1" az="0" tx="10" ty="0" tz="0.19"/>
    <Slider type="4" length="9.21587" startCapped="0" endCapped="0" angle="120" ax="0.57735" ay="-0.57735" az="0.57735" tx="9.81895" ty="0.725" tz="0.19"/>
  </Connectivity>
  <PhysicsAttributes inertiaTensor="0.161254,0,0,0,10.50667,0,0,0,10.56125" centerOfMass="5.2,0.569,0" mass="1" frictionType="0"/>
  <Bounding>
    <AABB minX="-0.4" minY="0" minZ="-0.4" maxX="10.8" maxY="1.138" maxZ="0.4"/>
  </Bounding>
  <GeometryBounding>
    <AABB minX="-0.4" minY="0" minZ="-0.4" maxX="10.8" maxY="1.138" maxZ="0.4"/>
  </GeometryBounding>
</LEGOPrimitive>
