<?xml version="1.0" encoding="UTF-8" standalone="no" ?>
<LEGOPrimitive versionMajor="1" versionMinor="0">
  <Annotations>
    <Annotation platformid="200"/>
    <Annotation platformname="SYSTEM"/>
    <Annotation maingroupid="226"/>
    <Annotation maingroupname="GATES AND ROOFS"/>
    <Annotation designname="STOP LAMELLA FOR ROLLING GATE"/>
    <Annotation aliases="4219"/>
  </Annotations>
  <Collision>
    <Box sX="3.19" sY="0.39" sZ="0.09" angle="0" ax="0" ay="1" az="0" tx="3" ty="0.24" tz="0"/>
    <Box sX="0.195" sY="0.09885" sZ="0.09885" angle="0" ax="0" ay="1" az="0" tx="-0.205" ty="0.8" tz="0"/>
    <Box sX="0.195" sY="0.09885" sZ="0.09885" angle="0" ax="0" ay="1" az="0" tx="6.205" ty="0.8" tz="0"/>
    <Box sX="0.195" sY="0.09885" sZ="0.09885" angle="0" ax="0" ay="1" az="0" tx="-0.205" ty="0" tz="0"/>
    <Box sX="0.195" sY="0.09885" sZ="0.09885" angle="0" ax="0" ay="1" az="0" tx="6.205" ty="0" tz="0"/>
    <Box sX="0.235" sY="0.09" sZ="0.24" angle="0" ax="0" ay="1" az="0" tx="3" ty="0.34" tz="0"/>
  </Collision>
  <Connectivity>
    <Hinge type="72" oriented="0" angle="90" ax="0" ay="0" az="-1" tx="3" ty="0.8" tz="0"/>
    <Slider type="5" length="1.12" startCapped="0" endCapped="0" angle="180" ax="-1" ay="0" az="0" tx="-0.425" ty="0.96" tz="0"/>
    <Slider type="5" length="1.09856" startCapped="0" endCapped="0" angle="180" ax="0" ay="0" az="1" tx="6.395" ty="0.96" tz="0"/>
  </Connectivity>
  <PhysicsAttributes inertiaTensor="0.125367,0,0,0,3.91394,0,0,0,3.99764" centerOfMass="2.9925,0.4,0" mass="1" frictionType="0"/>
  <Bounding>
    <AABB minX="-0.425" minY="-0.16" minZ="-0.25" maxX="6.41" maxY="0.96" maxZ="0.25"/>
  </Bounding>
  <GeometryBounding>
    <AABB minX="-0.41" minY="-0.16" minZ="-0.25" maxX="6.41" maxY="0.96" maxZ="0.25"/>
  </GeometryBounding>
</LEGOPrimitive>
