<?xml version="1.0" encoding="UTF-8" standalone="no" ?>
<LEGOPrimitive versionMajor="1" versionMinor="0">
  <Annotations>
    <Annotation platformid="200"/>
    <Annotation platformname="SYSTEM"/>
    <Annotation maingroupid="285"/>
    <Annotation maingroupname="CONNECTORS"/>
    <Annotation designname="LINK FOR GRAB"/>
    <Annotation aliases="4220"/>
  </Annotations>
  <Collision>
    <Box sX="0.395824" sY="0.196192" sZ="0.039915" angle="0" ax="0" ay="1" az="0" tx="0.074176" ty="0" tz="-0.289915"/>
    <Box sX="0.04" sY="0.3905" sZ="0.391" angle="0" ax="0" ay="1" az="0" tx="0.53" ty="-0.0005" tz="0"/>
    <Box sX="0.395824" sY="0.20735" sZ="0.046408" angle="0" ax="0" ay="1" az="0" tx="0.074176" ty="0" tz="0"/>
    <Box sX="0.395824" sY="0.196556" sZ="0.039915" angle="0" ax="0" ay="1" az="0" tx="0.074176" ty="0" tz="0.289915"/>
    <Box sX="0.234632" sY="0.093809" sZ="0.0305" angle="0" ax="0" ay="1" az="0" tx="0.824632" ty="0" tz="0.3605"/>
    <Box sX="0.234632" sY="0.093866" sZ="0.0405" angle="0" ax="0" ay="1" az="0" tx="0.824632" ty="0" tz="-0.0005"/>
    <Box sX="0.234632" sY="0.095017" sZ="0.0405" angle="0" ax="0" ay="1" az="0" tx="0.824632" ty="0" tz="-0.3505"/>
    <Box sX="0.073343" sY="0.073343" sZ="0.391" angle="45" ax="0" ay="0" az="-1" tx="0.9" ty="0" tz="0"/>
    <Box sX="0.15" sY="0.189396" sZ="0.0305" angle="0" ax="0" ay="1" az="0" tx="0.74" ty="0" tz="0.3605"/>
    <Box sX="0.15" sY="0.189453" sZ="0.0405" angle="0" ax="0" ay="1" az="0" tx="0.74" ty="0" tz="-0.0005"/>
    <Box sX="0.15" sY="0.190604" sZ="0.0405" angle="0" ax="0" ay="1" az="0" tx="0.74" ty="0" tz="-0.3505"/>
    <Box sX="0.26225" sY="0.378965" sZ="0.046408" angle="0" ax="0" ay="1" az="0" tx="0.20775" ty="0" tz="0"/>
  </Collision>
  <Connectivity>
    <Hinge type="172" oriented="0" angle="180" ax="0" ay="0.707107" az="-0.707107" tx="0" ty="0" tz="0"/>
    <Hinge type="175" oriented="1" angle="180" ax="0" ay="0.707107" az="-0.707107" tx="0.9" ty="0" tz="-0.16"/>
    <Hinge type="175" oriented="1" angle="90" ax="1" ay="0" az="0" tx="0.9" ty="0" tz="0.16"/>
  </Connectivity>
  <PhysicsAttributes inertiaTensor="0.107201,0,0,0,0.2411,0,0,0,0.2411" centerOfMass="0.35,0,0" mass="1" frictionType="0"/>
  <Bounding>
    <AABB minX="-0.4" minY="-0.401" minZ="-0.401" maxX="1.1" maxY="0.401" maxZ="0.401"/>
  </Bounding>
  <GeometryBounding>
    <AABB minX="-0.4" minY="-0.401" minZ="-0.401" maxX="1.1" maxY="0.401" maxZ="0.401"/>
  </GeometryBounding>
</LEGOPrimitive>
