<?xml version="1.0" encoding="UTF-8" standalone="no" ?>
<LEGOPrimitive versionMajor="1" versionMinor="0">
  <Annotations>
    <Annotation platformid="200"/>
    <Annotation platformname="SYSTEM"/>
    <Annotation maingroupid="275"/>
    <Annotation maingroupname="TRANSPORTATION MEANS, AVIATION"/>
    <Annotation designname="SUSPENSION ELEM. W/2X2 KNOBS"/>
    <Annotation aliases="4229"/>
  </Annotations>
  <Collision>
    <Box sX="0.79" sY="0.065" sZ="0.79" angle="0" ax="0" ay="1" az="0" tx="0.400001" ty="-0.075" tz="-0.4"/>
    <Box sX="0.767639" sY="0.148541" sZ="0.076384" angle="0" ax="0" ay="1" az="0" tx="0.40575" ty="-0.308541" tz="-0.4"/>
    <Box sX="1.59" sY="0.121056" sZ="0.26482" angle="0" ax="0" ay="1" az="0" tx="0.4" ty="-0.63813" tz="-0.399998"/>
    <Box sX="1.59" sY="0.121056" sZ="0.26482" angle="45" ax="-1" ay="0" az="0" tx="0.4" ty="-0.749978" tz="-0.670021"/>
    <Box sX="1.59" sY="0.121056" sZ="0.26482" angle="90" ax="-1" ay="0" az="0" tx="0.4" ty="-1.02" tz="-0.781869"/>
    <Box sX="1.59" sY="0.121056" sZ="0.26482" angle="135" ax="-1" ay="0" az="0" tx="0.4" ty="-1.29002" tz="-0.670021"/>
    <Box sX="1.59" sY="0.121056" sZ="0.26482" angle="180" ax="1" ay="0" az="0" tx="0.4" ty="-1.40187" tz="-0.399998"/>
    <Box sX="1.59" sY="0.121056" sZ="0.26482" angle="135" ax="1" ay="0" az="0" tx="0.4" ty="-1.29002" tz="-0.129975"/>
    <Box sX="1.59" sY="0.121056" sZ="0.26482" angle="90" ax="1" ay="0" az="0" tx="0.4" ty="-1.02" tz="-0.018128"/>
    <Box sX="1.59" sY="0.121056" sZ="0.26482" angle="45" ax="1" ay="0" az="0" tx="0.4" ty="-0.749978" tz="-0.129975"/>
    <Box sX="0.04" sY="0.166497" sZ="0.26482" angle="90" ax="-1" ay="0" az="0" tx="-1.15" ty="-1.02" tz="-0.736428"/>
    <Box sX="0.04" sY="0.166497" sZ="0.26482" angle="90" ax="1" ay="0" az="0" tx="-1.15" ty="-1.02" tz="-0.063568"/>
  </Collision>
  <Connectivity>
    <Custom2DField type="23" width="4" height="4" angle="0" ax="0" ay="1" az="0" tx="-0.4" ty="0" tz="-1.2">
      18:1:1,23:4:1,18:2:1,23:4:1,18:1:1,
      23:4:1,1:4:1,23:4:1,1:4:1,23:4:1,
      18:2:1,23:4:1,18:4:1,23:4:1,18:2:1,
      23:4:1,1:4:1,23:4:1,1:4:1,23:4:1,
      18:1:1,23:4:1,18:2:1,23:4:1,18:1:1
    </Custom2DField>
    <Custom2DField type="23" width="2" height="2" angle="90" ax="0" ay="0" az="1" tx="-1.2" ty="-1.42" tz="-0.8">
      29:0,29:0,29:0,
      29:0,1:4:36,29:0,
      29:0,29:0,29:0
    </Custom2DField>
    <Axel type="4" length="0.8" grabbing="0" startCapped="0" endCapped="0" angle="180" ax="0.707107" ay="-0.707107" az="0" tx="-0.3" ty="-1.02" tz="-0.4"/>
    <Custom2DField type="22" width="2" height="2" angle="90" ax="0" ay="0" az="1" tx="2" ty="-1.42" tz="-0.799998">
      29:0,29:0,29:0,
      29:0,15:4:32,29:0,
      29:0,29:0,29:0
    </Custom2DField>
  </Connectivity>
  <PhysicsAttributes inertiaTensor="0.46881,0,0,0,1.16424,0,0,0,1.20638" centerOfMass="0.311,-0.69746,-0.4" mass="1" frictionType="0"/>
  <Bounding>
    <AABB minX="-1.378" minY="-1.57292" minZ="-1.2" maxX="2" maxY="0.178" maxZ="0.4"/>
  </Bounding>
  <GeometryBounding>
    <AABB minX="-1.378" minY="-1.57292" minZ="-1.2" maxX="2" maxY="0.178" maxZ="0.4"/>
  </GeometryBounding>
</LEGOPrimitive>
