<?xml version="1.0" encoding="UTF-8" standalone="no" ?>
<LEGOPrimitive versionMajor="1" versionMinor="0">
  <Annotations>
    <Annotation platformid="200"/>
    <Annotation platformname="SYSTEM"/>
    <Annotation maingroupid="299"/>
    <Annotation maingroupname="LOOSE PARTS"/>
    <Annotation designname="SHOCK ABSORBER, PISTON"/>
    <Annotation aliases="4254"/>
  </Annotations>
  <Collision>
    <Box sX="0.19" sY="0.008205" sZ="0.39" angle="90" ax="0" ay="0" az="1" tx="-0.328205" ty="0" tz="-0.4"/>
    <Box sX="0.14753" sY="0.176085" sZ="0.176085" angle="0" ax="0" ay="1" az="0" tx="0.44247" ty="0" tz="-0.4"/>
    <Box sX="1.28992" sY="0.079" sZ="0.235" angle="0" ax="0" ay="1" az="0" tx="1.89992" ty="0" tz="-0.4"/>
    <Box sX="0.916" sY="0.079" sZ="0.235" angle="90" ax="1" ay="0" az="0" tx="1.526" ty="0" tz="-0.4"/>
    <Box sX="0.19" sY="0.008205" sZ="0.39" angle="30.00001" ax="0" ay="0" az="1" tx="-0.164103" ty="0.284234" tz="-0.4"/>
    <Box sX="0.19" sY="0.008205" sZ="0.39" angle="30.00001" ax="0" ay="0" az="-1" tx="0.164102" ty="0.284234" tz="-0.4"/>
    <Box sX="0.19" sY="0.008205" sZ="0.39" angle="90" ax="0" ay="0" az="-1" tx="0.328205" ty="0" tz="-0.4"/>
    <Box sX="0.19" sY="0.008205" sZ="0.39" angle="150" ax="0" ay="0" az="-1" tx="0.164103" ty="-0.284234" tz="-0.4"/>
    <Box sX="0.19" sY="0.008205" sZ="0.39" angle="150" ax="0" ay="0" az="1" tx="-0.164102" ty="-0.284234" tz="-0.4"/>
  </Collision>
  <Connectivity>
    <Axel type="2" length="0.8" grabbing="0" startCapped="0" endCapped="0" angle="90" ax="-1" ay="0" az="0" tx="0" ty="0" tz="0"/>
    <Slider type="19" length="0.3" startCapped="0" endCapped="0" angle="90" ax="0" ay="0" az="1" tx="3.25" ty="0" tz="-0.4"/>
  </Connectivity>
  <PhysicsAttributes inertiaTensor="0.106667,0,0,0,1.16354,0,0,0,1.16354" centerOfMass="1.425,0,-0.4" mass="1" frictionType="0"/>
  <Bounding>
    <AABB minX="-0.4" minY="-0.4" minZ="-0.8" maxX="3.25" maxY="0.4" maxZ="0"/>
  </Bounding>
  <GeometryBounding>
    <AABB minX="-0.4" minY="-0.4" minZ="-0.8" maxX="3.25" maxY="0.4" maxZ="0"/>
  </GeometryBounding>
</LEGOPrimitive>
