<?xml version="1.0" encoding="UTF-8" standalone="no" ?>
<LEGOPrimitive versionMajor="1" versionMinor="0">
  <Annotations>
    <Annotation platformid="200"/>
    <Annotation platformname="SYSTEM"/>
    <Annotation maingroupid="203"/>
    <Annotation maingroupname="BRICKS, SPECIAL CIRCLES AND ANGLES"/>
    <Annotation designname="TECHNIC HUB Ø30.4 X 20"/>
    <Annotation aliases="4266"/>
  </Annotations>
  <Collision>
    <Box sX="0.355993" sY="0.049193" sZ="0.99" angle="0" ax="0" ay="1" az="0" tx="0" ty="1.40629" tz="-0.3005"/>
    <Box sX="0.355993" sY="0.049193" sZ="0.99" angle="29.99999" ax="0" ay="0" az="-1" tx="0.703147" ty="1.21789" tz="-0.3005"/>
    <Box sX="0.355993" sY="0.049193" sZ="0.99" angle="60" ax="0" ay="0" az="-1" tx="1.21789" ty="0.703147" tz="-0.3005"/>
    <Box sX="0.355993" sY="0.049193" sZ="0.99" angle="90" ax="0" ay="0" az="-1" tx="1.40629" ty="0" tz="-0.3005"/>
    <Box sX="0.355993" sY="0.049193" sZ="0.99" angle="120" ax="0" ay="0" az="-1" tx="1.21789" ty="-0.703147" tz="-0.3005"/>
    <Box sX="0.355993" sY="0.049193" sZ="0.99" angle="150" ax="0" ay="0" az="-1" tx="0.703147" ty="-1.21789" tz="-0.3005"/>
    <Box sX="0.355993" sY="0.049193" sZ="0.99" angle="180" ax="0" ay="0" az="1" tx="0" ty="-1.40629" tz="-0.3005"/>
    <Box sX="0.355993" sY="0.049193" sZ="0.99" angle="150" ax="0" ay="0" az="1" tx="-0.703147" ty="-1.21789" tz="-0.3005"/>
    <Box sX="0.355993" sY="0.049193" sZ="0.99" angle="120" ax="0" ay="0" az="1" tx="-1.21789" ty="-0.703147" tz="-0.3005"/>
    <Box sX="0.355993" sY="0.049193" sZ="0.99" angle="90" ax="0" ay="0" az="1" tx="-1.40629" ty="0" tz="-0.3005"/>
    <Box sX="0.355993" sY="0.049193" sZ="0.99" angle="60" ax="0" ay="0" az="1" tx="-1.21789" ty="0.703147" tz="-0.3005"/>
    <Box sX="0.355993" sY="0.049193" sZ="0.99" angle="29.99999" ax="0" ay="0" az="1" tx="-0.703147" ty="1.21789" tz="-0.3005"/>
    <Box sX="0.122765" sY="0.027605" sZ="0.24025" angle="0" ax="0" ay="1" az="0" tx="0" ty="0.282918" tz="-0.25025"/>
    <Box sX="0.122765" sY="0.027605" sZ="0.24025" angle="0" ax="0" ay="1" az="0" tx="0" ty="-0.282918" tz="-0.25025"/>
    <Box sX="0.044792" sY="0.067347" sZ="0.24025" angle="0" ax="0" ay="1" az="0" tx="0.144806" ty="-0.167361" tz="-0.25025"/>
    <Box sX="0.044792" sY="0.067347" sZ="0.24025" angle="90" ax="0" ay="0" az="1" tx="0.167361" ty="0.144806" tz="-0.25025"/>
    <Box sX="0.044792" sY="0.067347" sZ="0.24025" angle="180" ax="0" ay="0" az="1" tx="-0.144806" ty="0.167361" tz="-0.25025"/>
    <Box sX="0.044792" sY="0.067347" sZ="0.24025" angle="90" ax="0" ay="0" az="-1" tx="-0.167361" ty="-0.144806" tz="-0.25025"/>
    <Box sX="0.049859" sY="0.239663" sZ="0.3935" angle="90" ax="0" ay="0" az="1" tx="-0.659663" ty="-0.000141" tz="-0.0965"/>
    <Box sX="0.049859" sY="0.239663" sZ="0.3935" angle="90" ax="0" ay="0" az="-1" tx="0.659663" ty="0.000141" tz="-0.0965"/>
    <Box sX="0.910627" sY="0.024317" sZ="0.29625" angle="90" ax="0" ay="0" az="1" tx="-0.404676" ty="0" tz="0.30575"/>
    <Box sX="0.684976" sY="0.024317" sZ="0.29625" angle="90" ax="0" ay="0" az="1" tx="-0.981503" ty="0" tz="0.30575"/>
    <Box sX="0.910627" sY="0.024317" sZ="0.29625" angle="150" ax="0" ay="0" az="1" tx="-0.202338" ty="-0.350459" tz="0.30575"/>
    <Box sX="0.684976" sY="0.024317" sZ="0.29625" angle="150" ax="0" ay="0" az="1" tx="-0.490752" ty="-0.850007" tz="0.30575"/>
    <Box sX="0.910627" sY="0.024317" sZ="0.29625" angle="30" ax="0" ay="0" az="1" tx="-0.202338" ty="0.350459" tz="0.30575"/>
    <Box sX="0.684976" sY="0.024317" sZ="0.29625" angle="30.00001" ax="0" ay="0" az="1" tx="-0.490752" ty="0.850007" tz="0.30575"/>
    <Box sX="0.910627" sY="0.024317" sZ="0.29625" angle="90" ax="0" ay="0" az="-1" tx="0.404676" ty="0" tz="0.30575"/>
    <Box sX="0.684976" sY="0.024317" sZ="0.29625" angle="90" ax="0" ay="0" az="-1" tx="0.981503" ty="0" tz="0.30575"/>
    <Box sX="0.910627" sY="0.024317" sZ="0.29625" angle="30" ax="0" ay="0" az="-1" tx="0.202338" ty="0.350459" tz="0.30575"/>
    <Box sX="0.684976" sY="0.024317" sZ="0.29625" angle="30.00001" ax="0" ay="0" az="-1" tx="0.490752" ty="0.850007" tz="0.30575"/>
    <Box sX="0.910627" sY="0.024317" sZ="0.29625" angle="150" ax="0" ay="0" az="-1" tx="0.202338" ty="-0.350459" tz="0.30575"/>
    <Box sX="0.684976" sY="0.024317" sZ="0.29625" angle="150" ax="0" ay="0" az="-1" tx="0.490752" ty="-0.850007" tz="0.30575"/>
    <Box sX="0.049859" sY="0.239663" sZ="0.3935" angle="30" ax="0" ay="0" az="-1" tx="0.32971" ty="0.571356" tz="-0.0965"/>
    <Box sX="0.049859" sY="0.239663" sZ="0.3935" angle="30" ax="0" ay="0" az="1" tx="-0.329954" ty="0.571215" tz="-0.0965"/>
    <Box sX="0.049859" sY="0.239663" sZ="0.3935" angle="150" ax="0" ay="0" az="1" tx="-0.32971" ty="-0.571356" tz="-0.0965"/>
    <Box sX="0.049859" sY="0.239663" sZ="0.3935" angle="150" ax="0" ay="0" az="-1" tx="0.329954" ty="-0.571215" tz="-0.0965"/>
  </Collision>
  <Connectivity>
    <Axel type="4" length="0.5005" grabbing="0" startCapped="0" endCapped="0" angle="90" ax="-1" ay="0" az="0" tx="0" ty="0" tz="0"/>
    <Axel type="2" length="0.8" grabbing="0" startCapped="0" endCapped="0" angle="90" ax="-1" ay="0" az="0" tx="0" ty="-0.8" tz="0.692"/>
    <Axel type="2" length="0.8" grabbing="0" startCapped="0" endCapped="0" angle="90" ax="-1" ay="0" az="0" tx="0.69282" ty="-0.4" tz="0.692"/>
    <Axel type="2" length="0.8" grabbing="0" startCapped="0" endCapped="0" angle="90" ax="-1" ay="0" az="0" tx="0.69282" ty="0.4" tz="0.692"/>
    <Axel type="2" length="0.8" grabbing="0" startCapped="0" endCapped="0" angle="90" ax="-1" ay="0" az="0" tx="0" ty="0.8" tz="0.692"/>
    <Axel type="2" length="0.8" grabbing="0" startCapped="0" endCapped="0" angle="90" ax="-1" ay="0" az="0" tx="-0.69282" ty="0.4" tz="0.692"/>
    <Axel type="2" length="0.8" grabbing="0" startCapped="0" endCapped="0" angle="90" ax="-1" ay="0" az="0" tx="-0.69282" ty="-0.4" tz="0.692"/>
    <Fixed type="47" axes="1" angle="90" ax="1" ay="0" az="0" tx="0" ty="0" tz="-0.3"/>
    <Fixed type="47" axes="1" angle="89.99999" ax="-1" ay="0" az="0" tx="0" ty="0" tz="-0.3"/>
  </Connectivity>
  <PhysicsAttributes inertiaTensor="1.08028,0,0,0,1.10347,0,0,0,1.51708" centerOfMass="0,0,-0.3005" mass="1" frictionType="0"/>
  <Bounding>
    <AABB minX="-1.52" minY="-1.49695" minZ="-1.3005" maxX="1.52" maxY="1.49695" maxZ="0.6995"/>
  </Bounding>
  <GeometryBounding>
    <AABB minX="-1.52" minY="-1.49695" minZ="-1.3005" maxX="1.52" maxY="1.49695" maxZ="0.6995"/>
  </GeometryBounding>
</LEGOPrimitive>
