<?xml version="1.0" encoding="UTF-8" standalone="no" ?>
<LEGOPrimitive versionMajor="1" versionMinor="0">
  <Annotations>
    <Annotation platformid="300"/>
    <Annotation platformname="TECHNIC"/>
    <Annotation maingroupid="385"/>
    <Annotation maingroupname="CONNECTORS"/>
    <Annotation designname="CONNECTOR PEG W. KNOB"/>
    <Annotation aliases="4274"/>
  </Annotations>
  <Collision>
    <Box sX="0.11255" sY="0.016088" sZ="0.389495" angle="0" ax="0" ay="1" az="0" tx="0.000229" ty="0.186088" tz="-0.400504"/>
    <Box sX="0.202427" sY="0.018939" sZ="0.03" angle="45" ax="0" ay="0" az="1" tx="-0.129745" ty="0.129745" tz="-0.76"/>
    <Box sX="0.11255" sY="0.016088" sZ="0.389495" angle="90" ax="0" ay="0" az="-1" tx="0.186317" ty="0" tz="-0.400504"/>
    <Box sX="0.202427" sY="0.018939" sZ="0.03" angle="45" ax="0" ay="0" az="-1" tx="0.129745" ty="0.129745" tz="-0.76"/>
    <Box sX="0.11255" sY="0.016088" sZ="0.389495" angle="180" ax="0" ay="0" az="1" tx="0.000229" ty="-0.186088" tz="-0.400504"/>
    <Box sX="0.202427" sY="0.018939" sZ="0.03" angle="135" ax="0" ay="0" az="-1" tx="0.129745" ty="-0.129745" tz="-0.76"/>
    <Box sX="0.11255" sY="0.016088" sZ="0.389495" angle="90" ax="0" ay="0" az="1" tx="-0.185859" ty="0" tz="-0.400504"/>
    <Box sX="0.202427" sY="0.018939" sZ="0.03" angle="135" ax="0" ay="0" az="1" tx="-0.129745" ty="-0.129745" tz="-0.76"/>
    <Box sX="0.149" sY="0.0055" sZ="0.03" angle="45" ax="0" ay="0" az="-1" tx="0.120242" ty="0.120242" tz="-0.04"/>
    <Box sX="0.149" sY="0.0055" sZ="0.03" angle="45" ax="0" ay="0" az="1" tx="-0.120242" ty="0.120242" tz="-0.04"/>
    <Box sX="0.149" sY="0.0055" sZ="0.03" angle="135" ax="0" ay="0" az="1" tx="-0.120242" ty="-0.120242" tz="-0.04"/>
    <Box sX="0.149" sY="0.0055" sZ="0.03" angle="135" ax="0" ay="0" az="-1" tx="0.120242" ty="-0.120242" tz="-0.04"/>
  </Collision>
  <Connectivity>
    <Axel type="19" length="0.8" requireGrabbing="0" startCapped="0" endCapped="1" angle="120" ax="-0.57735" ay="0.57735" az="-0.57735" tx="0" ty="0" tz="0"/>
    <Custom2DField type="23" width="2" height="2" angle="90" ax="-1" ay="0" az="0" tx="-0.4" ty="-0.4" tz="-0.8">
      29:0,29:0,29:0,
      29:0,3:4:38,29:0,
      29:0,29:0,29:0
    </Custom2DField>
    <Axel type="6" length="0.979" grabbing="0" startCapped="0" endCapped="0" angle="120" ax="0.57735" ay="0.57735" az="0.57735" tx="0" ty="0" tz="-0.979"/>
  </Connectivity>
  <PhysicsAttributes inertiaTensor="0.10987,0,0,0,0.10987,0,0,0,0.06" centerOfMass="0,0,-0.4895" mass="1" frictionType="0"/>
  <Bounding>
    <AABB minX="-0.3" minY="-0.3" minZ="-0.979" maxX="0.3" maxY="0.3" maxZ="0"/>
  </Bounding>
  <GeometryBounding>
    <AABB minX="-0.3" minY="-0.3" minZ="-0.979" maxX="0.3" maxY="0.3" maxZ="0"/>
  </GeometryBounding>
</LEGOPrimitive>
