<?xml version="1.0" encoding="UTF-8" standalone="no" ?>
<LEGOPrimitive versionMajor="1" versionMinor="0">
  <Annotations>
    <Annotation platformid="200"/>
    <Annotation platformname="SYSTEM"/>
    <Annotation maingroupid="205"/>
    <Annotation maingroupname="BRICKS WITH SLOPE"/>
    <Annotation designname="ROOF TILE 1X3/25°"/>
    <Annotation aliases="4286"/>
  </Annotations>
  <Collision>
    <Box sX="0.39" sY="1.19" sZ="0.09" angle="180" ax="0" ay="0.707107" az="-0.707107" tx="0" ty="0.1" tz="0.8"/>
    <Box sX="0.39" sY="0.39" sZ="0.37" angle="180" ax="0" ay="0.707107" az="-0.707107" tx="0" ty="0.58" tz="0"/>
    <Box sX="0.39" sY="0.867185" sZ="0.09" angle="180" ax="0" ay="0.845572" az="-0.533862" tx="0" ty="0.492542" tz="1.14896"/>
    <Box sX="0.39" sY="0.572596" sZ="0.248888" angle="180" ax="0" ay="-0.707107" az="0.707107" tx="0" ty="0.258888" tz="0.742463"/>
    <Box sX="0.39" sY="0.629508" sZ="0.115934" angle="115.5" ax="1" ay="0" az="0" tx="0" ty="0.406151" tz="0.926639"/>
  </Collision>
  <Connectivity>
    <Custom2DField type="22" width="2" height="6" angle="0" ax="0" ay="1" az="0" tx="-0.4" ty="0" tz="-0.4">
      22:1:1,22:2:1,22:1:1,
      22:2:1,15:4:1,22:2:1,
      22:2:1,22:2:1,22:2:1,
      22:2:1,15:4:1,22:2:1,
      22:2:1,9:4:1,22:2:1,
      22:2:1,15:4:1,22:2:1,
      22:1:1,22:2:1,22:1:1
    </Custom2DField>
    <Custom2DField type="23" width="2" height="2" angle="0" ax="0" ay="1" az="0" tx="-0.4" ty="0.96" tz="-0.4">
      18:1:1,23:4:1,18:1:1,
      23:4:1,0:4:1,23:4:1,
      18:1:1,23:4:1,18:1:1
    </Custom2DField>
  </Connectivity>
  <PhysicsAttributes inertiaTensor="0.58792,0,0,0,0.533333,0,0,0,0.161254" centerOfMass="0,0.569,0.8" mass="1" frictionType="0"/>
  <Bounding>
    <AABB minX="-0.4" minY="0" minZ="-0.4" maxX="0.4" maxY="1.138" maxZ="2"/>
  </Bounding>
  <GeometryBounding>
    <AABB minX="-0.4" minY="0" minZ="-0.4" maxX="0.4" maxY="1.138" maxZ="2"/>
  </GeometryBounding>
</LEGOPrimitive>
