<?xml version="1.0" encoding="UTF-8" standalone="no" ?>
<LEGOPrimitive versionMajor="1" versionMinor="0">
  <Annotations>
    <Annotation platformid="200"/>
    <Annotation platformname="SYSTEM"/>
    <Annotation maingroupid="268"/>
    <Annotation maingroupname="WHEEL BASE"/>
    <Annotation designname="BALLOON TYRE Ø8/Ø21"/>
    <Annotation aliases="4288"/>
  </Annotations>
  <Collision>
    <Box sX="0.136606" sY="0.136789" sZ="0.39" angle="0" ax="0" ay="1" az="0" tx="-0.236606" ty="0.236789" tz="-0.4"/>
    <Box sX="0.136606" sY="0.136789" sZ="0.39" angle="0" ax="0" ay="1" az="0" tx="0.236606" ty="0.236789" tz="-0.4"/>
    <Box sX="0.136606" sY="0.136789" sZ="0.39" angle="0" ax="0" ay="1" az="0" tx="0.236606" ty="-0.236789" tz="-0.4"/>
    <Box sX="0.136606" sY="0.136789" sZ="0.39" angle="0" ax="0" ay="1" az="0" tx="-0.236606" ty="-0.236789" tz="-0.4"/>
    <Box sX="0.220407" sY="0.136789" sZ="0.39" angle="0" ax="0" ay="1" az="0" tx="0" ty="0.391789" tz="-0.4"/>
    <Box sX="0.220407" sY="0.136789" sZ="0.39" angle="0" ax="0" ay="1" az="0" tx="0" ty="-0.391789" tz="-0.4"/>
    <Box sX="0.220407" sY="0.136789" sZ="0.39" angle="90" ax="0" ay="0" az="-1" tx="-0.391789" ty="0" tz="-0.4"/>
    <Box sX="0.220407" sY="0.136789" sZ="0.39" angle="90" ax="0" ay="0" az="1" tx="0.391789" ty="0" tz="-0.4"/>
    <Box sX="0.274917" sY="0.24606" sZ="0.455101" angle="0" ax="0" ay="1" az="0" tx="0" ty="0.697955" tz="-0.69"/>
    <Box sX="0.274917" sY="0.24606" sZ="0.455101" angle="29.99999" ax="0" ay="0" az="-1" tx="0.348977" ty="0.604447" tz="-0.69"/>
    <Box sX="0.274917" sY="0.24606" sZ="0.455101" angle="60" ax="0" ay="0" az="-1" tx="0.604447" ty="0.348977" tz="-0.69"/>
    <Box sX="0.274917" sY="0.24606" sZ="0.455101" angle="90" ax="0" ay="0" az="-1" tx="0.697955" ty="0" tz="-0.69"/>
    <Box sX="0.274917" sY="0.24606" sZ="0.455101" angle="120" ax="0" ay="0" az="-1" tx="0.604447" ty="-0.348977" tz="-0.69"/>
    <Box sX="0.274917" sY="0.24606" sZ="0.455101" angle="150" ax="0" ay="0" az="-1" tx="0.348977" ty="-0.604447" tz="-0.69"/>
    <Box sX="0.274917" sY="0.24606" sZ="0.455101" angle="180" ax="0" ay="0" az="1" tx="0" ty="-0.697955" tz="-0.69"/>
    <Box sX="0.274917" sY="0.24606" sZ="0.455101" angle="150" ax="0" ay="0" az="1" tx="-0.348977" ty="-0.604447" tz="-0.69"/>
    <Box sX="0.274917" sY="0.24606" sZ="0.455101" angle="120" ax="0" ay="0" az="1" tx="-0.604447" ty="-0.348977" tz="-0.69"/>
    <Box sX="0.274917" sY="0.24606" sZ="0.455101" angle="90" ax="0" ay="0" az="1" tx="-0.697955" ty="0" tz="-0.69"/>
    <Box sX="0.274917" sY="0.24606" sZ="0.455101" angle="60" ax="0" ay="0" az="1" tx="-0.604447" ty="0.348977" tz="-0.69"/>
    <Box sX="0.274917" sY="0.24606" sZ="0.455101" angle="29.99999" ax="0" ay="0" az="1" tx="-0.348977" ty="0.604447" tz="-0.69"/>
    <Box sX="0.274917" sY="0.141554" sZ="0.68" angle="0" ax="0" ay="1" az="0" tx="0" ty="0.534688" tz="-0.69"/>
    <Box sX="0.274917" sY="0.141554" sZ="0.68" angle="45" ax="0" ay="0" az="1" tx="-0.378082" ty="0.378082" tz="-0.69"/>
    <Box sX="0.274917" sY="0.141554" sZ="0.68" angle="90" ax="0" ay="0" az="1" tx="-0.534688" ty="0" tz="-0.69"/>
    <Box sX="0.274917" sY="0.141554" sZ="0.68" angle="135" ax="0" ay="0" az="1" tx="-0.378082" ty="-0.378082" tz="-0.69"/>
    <Box sX="0.274917" sY="0.141554" sZ="0.68" angle="180" ax="0" ay="0" az="1" tx="0" ty="-0.534688" tz="-0.69"/>
    <Box sX="0.274917" sY="0.141554" sZ="0.68" angle="135" ax="0" ay="0" az="-1" tx="0.378082" ty="-0.378082" tz="-0.69"/>
    <Box sX="0.274917" sY="0.141554" sZ="0.68" angle="90" ax="0" ay="0" az="-1" tx="0.534688" ty="0" tz="-0.69"/>
    <Box sX="0.274917" sY="0.141554" sZ="0.68" angle="45" ax="0" ay="0" az="-1" tx="0.378082" ty="0.378082" tz="-0.69"/>
  </Collision>
  <Connectivity>
    <Axel type="4" length="0.8" grabbing="0" startCapped="0" endCapped="0" angle="90" ax="-1" ay="0" az="0" tx="0" ty="0" tz="0"/>
  </Connectivity>
  <PhysicsAttributes inertiaTensor="0.505692,0,0,0,0.507931,0,0,0,0.696223" centerOfMass="0,0,-0.69" mass="1" frictionType="0"/>
  <Bounding>
    <AABB minX="-1.02357" minY="-1.02028" minZ="-1.38" maxX="1.02357" maxY="1.02028" maxZ="0"/>
  </Bounding>
  <GeometryBounding>
    <AABB minX="-1.02357" minY="-1.02028" minZ="-1.38" maxX="1.02357" maxY="1.02028" maxZ="0"/>
  </GeometryBounding>
</LEGOPrimitive>
