<?xml version="1.0" encoding="UTF-8" standalone="no" ?>
<LEGOPrimitive versionMajor="1" versionMinor="0">
  <Annotations>
    <Annotation platformid="200"/>
    <Annotation platformname="SYSTEM"/>
    <Annotation maingroupid="273"/>
    <Annotation maingroupname="TRANSPORTATION MEANS, SHIPS"/>
    <Annotation designname="LANTERN MAST 2X2X3"/>
    <Annotation aliases="4289"/>
  </Annotations>
  <Collision>
    <Box sX="0.79" sY="0.045" sZ="0.79" angle="0" ax="0" ay="1" az="0" tx="0.4" ty="0.265" tz="-0.4"/>
    <Box sX="0.065" sY="0.095" sZ="0.79" angle="0" ax="0" ay="1" az="0" tx="-0.325" ty="0.105" tz="-0.4"/>
    <Box sX="0.065" sY="0.095" sZ="0.79" angle="0" ax="0" ay="1" az="0" tx="1.125" ty="0.105" tz="-0.4"/>
    <Box sX="0.14" sY="0.095" sZ="0.79" angle="0" ax="0" ay="1" az="0" tx="0.4" ty="0.105" tz="-0.4"/>
    <Box sX="0.035" sY="1.29254" sZ="0.275724" angle="6.46872" ax="-1" ay="0" az="0" tx="0.195" ty="1.55266" tz="-0.606947"/>
    <Box sX="0.02918" sY="1.30809" sZ="0.215691" angle="90.62604" ax="-0.103962" ay="-0.989133" az="0.103962" tx="0.401839" ty="1.58016" tz="-0.328681"/>
    <Box sX="0.429737" sY="0.0503" sZ="0.271757" angle="13.12419" ax="0" ay="-1" az="0" tx="-0.26941" ty="1.84166" tz="-0.759035"/>
    <Box sX="0.24" sY="0.035" sZ="0.0325" angle="0" ax="0" ay="1" az="0" tx="0.4" ty="2.835" tz="-1.0025"/>
    <Box sX="0.035" sY="1.29254" sZ="0.274559" angle="180" ax="0" ay="0.998407" az="-0.05642" tx="0.602488" ty="1.55253" tz="-0.608105"/>
    <Box sX="0.429737" sY="0.050335" sZ="0.271757" angle="166.87581" ax="0" ay="-1" az="0" tx="1.0669" ty="1.84573" tz="-0.759035"/>
  </Collision>
  <Connectivity>
    <Custom2DField type="22" width="4" height="4" angle="0" ax="0" ay="1" az="0" tx="-0.4" ty="0" tz="-1.2">
      22:1:1,29:0:1,22:2:1,29:0:1,22:1:1,
      22:2:1,15:4:1,22:2:1,15:4:1,22:2:1,
      22:2:1,15:4:1,22:2:1,15:4:1,22:2:1,
      22:2:1,15:4:1,22:2:1,15:4:1,22:2:1,
      22:1:1,22:2:1,22:2:1,22:2:1,22:1:1
    </Custom2DField>
    <Custom2DField type="23" width="2" height="2" angle="0" ax="0" ay="1" az="0" tx="-0.8" ty="1.92" tz="-1.2">
      29:0,29:0,29:0,
      29:0,1:4:34,29:0,
      29:0,29:0,29:0
    </Custom2DField>
    <Custom2DField type="23" width="2" height="2" angle="0" ax="0" ay="1" az="0" tx="0.8" ty="1.92" tz="-1.2">
      29:0,29:0,29:0,
      29:0,1:4:34,29:0,
      29:0,29:0,29:0
    </Custom2DField>
    <Custom2DField type="23" width="2" height="2" angle="0" ax="0" ay="1" az="0" tx="0" ty="2.88" tz="-1.2">
      29:0,29:0,29:0,
      29:0,1:4:36,29:0,
      29:0,29:0,29:0
    </Custom2DField>
    <Axel type="6" length="0.26" grabbing="0" startCapped="0" endCapped="0" angle="90" ax="0" ay="1" az="0" tx="0.4" ty="2.8" tz="-0.8"/>
  </Connectivity>
  <PhysicsAttributes inertiaTensor="0.993633,0,0,0,0.65292,0,0,0,1.21989" centerOfMass="0.398744,1.53,-0.4" mass="1" frictionType="0"/>
  <Bounding>
    <AABB minX="-0.749629" minY="0" minZ="-1.2" maxX="1.54712" maxY="3.06" maxZ="0.4"/>
  </Bounding>
  <GeometryBounding>
    <AABB minX="-0.719965" minY="0" minZ="-1.2" maxX="1.51997" maxY="3.058" maxZ="0.4"/>
  </GeometryBounding>
</LEGOPrimitive>
