<?xml version="1.0" encoding="UTF-8" standalone="no" ?>
<LEGOPrimitive versionMajor="1" versionMinor="0">
  <Annotations>
    <Annotation platformid="200"/>
    <Annotation platformname="SYSTEM"/>
    <Annotation maingroupid="216"/>
    <Annotation maingroupname="PLATES, SPECIAL"/>
    <Annotation designname="HINGE PLATE 1X4"/>
    <Annotation aliases="4315"/>
  </Annotations>
  <Collision>
    <Box sX="1.59" sY="0.1505" sZ="0.39" angle="0" ax="0" ay="1" az="0" tx="1.2" ty="0.1595" tz="0"/>
    <Box sX="0.07" sY="0.128564" sZ="0.13" angle="0" ax="0" ay="1" az="0" tx="-0.32" ty="0.16" tz="0.54"/>
    <Box sX="0.07" sY="0.07" sZ="0.159282" angle="0" ax="0" ay="1" az="0" tx="-0.32" ty="0.16" tz="0.569282"/>
    <Box sX="0.07" sY="0.128564" sZ="0.13" angle="0" ax="0" ay="1" az="0" tx="2.72" ty="0.16" tz="0.54"/>
    <Box sX="0.07" sY="0.07" sZ="0.159282" angle="0" ax="0" ay="1" az="0" tx="2.72" ty="0.16" tz="0.569282"/>
    <Box sX="0.07" sY="0.128564" sZ="0.13" angle="0" ax="0" ay="1" az="0" tx="2" ty="0.16" tz="0.54"/>
    <Box sX="0.07" sY="0.07" sZ="0.159282" angle="0" ax="0" ay="1" az="0" tx="2" ty="0.16" tz="0.569282"/>
    <Box sX="0.07" sY="0.128564" sZ="0.13" angle="0" ax="0" ay="1" az="0" tx="1.2" ty="0.16" tz="0.54"/>
    <Box sX="0.07" sY="0.07" sZ="0.159282" angle="0" ax="0" ay="1" az="0" tx="1.2" ty="0.16" tz="0.569282"/>
    <Box sX="0.07" sY="0.128564" sZ="0.13" angle="0" ax="0" ay="1" az="0" tx="0.4" ty="0.16" tz="0.54"/>
    <Box sX="0.07" sY="0.07" sZ="0.159282" angle="0" ax="0" ay="1" az="0" tx="0.4" ty="0.16" tz="0.569282"/>
    <Box sX="0.07" sY="0.15" sZ="0.09" angle="0" ax="0" ay="1" az="0" tx="-0.32" ty="0.16" tz="0.5"/>
    <Box sX="0.07" sY="0.15" sZ="0.09" angle="0" ax="0" ay="1" az="0" tx="0.4" ty="0.16" tz="0.5"/>
    <Box sX="0.07" sY="0.15" sZ="0.09" angle="0" ax="0" ay="1" az="0" tx="1.2" ty="0.16" tz="0.5"/>
    <Box sX="0.07" sY="0.15" sZ="0.09" angle="0" ax="0" ay="1" az="0" tx="2" ty="0.16" tz="0.5"/>
    <Box sX="0.07" sY="0.15" sZ="0.09" angle="0" ax="0" ay="1" az="0" tx="2.72" ty="0.16" tz="0.5"/>
  </Collision>
  <Connectivity>
    <Custom2DField type="22" width="8" height="2" angle="0" ax="0" ay="1" az="0" tx="-0.4" ty="0" tz="-0.4">
      22:1:1,22:2:1,22:2:1,22:2:1,22:2:1,22:2:1,22:2:1,22:2:1,22:1:1,
      22:2:1,15:4:1,23:4:1,15:4:1,23:4:1,15:4:1,23:4:1,15:4:1,22:2:1,
      22:1:1,22:2:1,22:2:1,22:2:1,22:2:1,22:2:1,22:2:1,22:2:1,22:1:1
    </Custom2DField>
    <Custom2DField type="23" width="8" height="2" angle="0" ax="0" ay="1" az="0" tx="-0.4" ty="0.32" tz="-0.4">
      18:1:1,23:4:1,18:2:1,23:4:1,18:2:1,23:4:1,18:2:1,23:4:1,18:1:1,
      23:4:1,0:4:1,23:4:1,0:4:1,23:4:1,0:4:1,23:4:1,0:4:1,23:4:1,
      18:1:1,23:4:1,18:2:1,23:4:1,18:2:1,23:4:1,18:2:1,23:4:1,18:1:1
    </Custom2DField>
    <Hinge type="168" oriented="0" angle="120" ax="-0.57735" ay="-0.57735" az="-0.57735" tx="1.2" ty="0.16" tz="0.6"/>
  </Connectivity>
  <PhysicsAttributes inertiaTensor="0.132883,0,0,0,0.965467,0,0,0,0.874084" centerOfMass="1.2,0.2485,0.18" mass="1" frictionType="0"/>
  <Bounding>
    <AABB minX="-0.4" minY="-0.001" minZ="-0.4" maxX="2.8" maxY="0.498" maxZ="0.76"/>
  </Bounding>
  <GeometryBounding>
    <AABB minX="-0.4" minY="-0.001" minZ="-0.4" maxX="2.8" maxY="0.498" maxZ="0.76"/>
  </GeometryBounding>
</LEGOPrimitive>
