<?xml version="1.0" encoding="UTF-8" standalone="no" ?>
<LEGOPrimitive versionMajor="1" versionMinor="0">
  <Annotations>
    <Annotation platformid="200"/>
    <Annotation platformname="SYSTEM"/>
    <Annotation maingroupid="251"/>
    <Annotation maingroupname="FIGURE, SPECIAL"/>
    <Annotation designname="PIPE WRENCH"/>
    <Annotation aliases="4328"/>
  </Annotations>
  <Collision>
    <Box sX="0.098682" sY="0.82518" sZ="0.098682" angle="0" ax="0" ay="1" az="0" tx="0" ty="0.83518" tz="0"/>
    <Box sX="0.303628" sY="0.523178" sZ="0.24" angle="0" ax="0" ay="1" az="0" tx="-0.07505" ty="2.20354" tz="0"/>
    <Box sX="0.24" sY="0.237698" sZ="0.24" angle="90" ax="0" ay="0" az="-1" tx="0.486276" ty="2.4" tz="0"/>
    <Box sX="0.19" sY="0.184671" sZ="0.07" angle="0" ax="0" ay="1" az="0" tx="0.4" ty="2.34822" tz="0"/>
    <Box sX="0.141337" sY="0.775919" sZ="0.141475" angle="0" ax="0" ay="1" az="0" tx="0.451337" ty="2.58592" tz="0.001475"/>
    <Box sX="0.387421" sY="0.158335" sZ="0.19" angle="14.02673" ax="0" ay="0" az="1" tx="0.076371" ty="3.28301" tz="0"/>
  </Collision>
  <Connectivity>
    <Axel type="7" length="1.67036" requireGrabbing="0" startCapped="0" endCapped="1" angle="90" ax="0" ay="1" az="0" tx="0" ty="0" tz="0"/>
    <Axel type="6" length="0.4" grabbing="0" startCapped="0" endCapped="0" angle="90" ax="-1" ay="0" az="0" tx="-0.05" ty="2.9" tz="0.2"/>
    <Custom2DField type="22" width="2" height="2" angle="0" ax="0" ay="1" az="0" tx="-0.4" ty="0" tz="-0.4">
      29:0,29:0,29:0,
      29:0,9:4:32,29:0,
      29:0,29:0,29:0
    </Custom2DField>
  </Connectivity>
  <PhysicsAttributes inertiaTensor="1.05955,0,0,0,0.126993,0,0,0,1.14488" centerOfMass="0.185661,1.76526,0" mass="1" frictionType="0"/>
  <Bounding>
    <AABB minX="-0.378677" minY="0" minZ="-0.25" maxX="0.75" maxY="3.53052" maxZ="0.25"/>
  </Bounding>
  <GeometryBounding>
    <AABB minX="-0.35" minY="0" minZ="-0.25" maxX="0.75" maxY="3.49877" maxZ="0.25"/>
  </GeometryBounding>
</LEGOPrimitive>
