<?xml version="1.0" encoding="UTF-8" standalone="no" ?>
<LEGOPrimitive versionMajor="1" versionMinor="0">
  <Annotations>
    <Annotation platformid="200"/>
    <Annotation platformname="SYSTEM"/>
    <Annotation maingroupid="246"/>
    <Annotation maingroupname="FIGURE ACCESSORIES IN HAND"/>
    <Annotation designname="FABULAND BROOM"/>
    <Annotation aliases="4332;90459"/>
  </Annotations>
  <Collision>
    <Box sX="0.103137" sY="2.05585" sZ="0.103137" angle="45" ax="0" ay="1" az="0" tx="0" ty="2.11089" tz="0"/>
    <Box sX="0.39271" sY="1.14555" sZ="0.183289" angle="45" ax="0" ay="0" az="1" tx="-0.514287" ty="5.09827" tz="-0.00621"/>
    <Box sX="0.183578" sY="0.280035" sZ="0.176617" angle="45" ax="0" ay="1" az="0" tx="-0.006082" ty="3.91938" tz="-0.00525"/>
  </Collision>
  <Connectivity>
    <Axel type="7" length="3.52964" requireGrabbing="0" startCapped="0" endCapped="1" angle="90" ax="0" ay="1" az="0" tx="0" ty="0.100364" tz="0"/>
  </Connectivity>
  <PhysicsAttributes inertiaTensor="3.21992,0,0,0,0.421682,0,0,0,3.58698" centerOfMass="-0.514287,3.09117,-0.007283" mass="1" frictionType="0"/>
  <Bounding>
    <AABB minX="-1.602" minY="-0.003636" minZ="-0.293509" maxX="0.573427" maxY="6.18598" maxZ="0.278943"/>
  </Bounding>
  <GeometryBounding>
    <AABB minX="-1.55813" minY="-0.003636" minZ="-0.293509" maxX="0.287532" maxY="5.65689" maxZ="0.278943"/>
  </GeometryBounding>
</LEGOPrimitive>
