<?xml version="1.0" encoding="UTF-8" standalone="no" ?>
<LEGOPrimitive versionMajor="1" versionMinor="0">
  <Annotations>
    <Annotation platformid="200"/>
    <Annotation platformname="SYSTEM"/>
    <Annotation maingroupid="251"/>
    <Annotation maingroupname="FIGURE, SPECIAL"/>
    <Annotation designname="FABULAND LADLE"/>
    <Annotation aliases="4337"/>
  </Annotations>
  <Collision>
    <Box sX="0.099358" sY="1.45922" sZ="0.099358" angle="0" ax="0" ay="1" az="0" tx="0" ty="1.46925" tz="0"/>
    <Box sX="0.513527" sY="0.295002" sZ="0.522838" angle="45" ax="0" ay="1" az="0" tx="-0.620973" ty="3.05503" tz="0"/>
  </Collision>
  <Connectivity>
    <Axel type="7" length="2.75003" requireGrabbing="0" startCapped="0" endCapped="1" angle="90" ax="0" ay="1" az="0" tx="0" ty="0" tz="0"/>
    <Custom2DField type="22" width="2" height="2" angle="0" ax="0" ay="1" az="0" tx="-0.4" ty="0" tz="-0.4">
      29:0,29:0,29:0,
      29:0,9:4:32,29:0,
      29:0,29:0,29:0
    </Custom2DField>
  </Connectivity>
  <PhysicsAttributes inertiaTensor="1.11983,0,0,0,0.369988,0,0,0,1.1318" centerOfMass="-0.596866,1.68002,0" mass="1" frictionType="0"/>
  <Bounding>
    <AABB minX="-1.35379" minY="0" minZ="-0.73282" maxX="0.160062" maxY="3.36003" maxZ="0.73282"/>
  </Bounding>
  <GeometryBounding>
    <AABB minX="-1.23097" minY="3.1E-005" minZ="-0.61" maxX="0.160062" maxY="3.36003" maxZ="0.61"/>
  </GeometryBounding>
</LEGOPrimitive>
