<?xml version="1.0" encoding="UTF-8" standalone="no" ?>
<LEGOPrimitive versionMajor="1" versionMinor="0">
  <Annotations>
    <Annotation platformid="200"/>
    <Annotation platformname="SYSTEM"/>
    <Annotation maingroupid="246"/>
    <Annotation maingroupname="FIGURE ACCESSORIES IN HAND"/>
    <Annotation designname="FABULAND POT"/>
    <Annotation aliases="4341"/>
  </Annotations>
  <Collision>
    <Box sX="0.884031" sY="0.042934" sZ="0.884031" angle="45" ax="0" ay="1" az="0" tx="0.4" ty="0.272934" tz="-0.399968"/>
    <Box sX="0.098852" sY="0.098852" sZ="0.540795" angle="0" ax="0" ay="1" az="0" tx="-1.20009" ty="1.04" tz="-0.4"/>
    <Box sX="0.098852" sY="0.098852" sZ="0.197192" angle="90" ax="0" ay="1" az="0" tx="-0.992895" ty="1.04" tz="-0.88"/>
    <Box sX="0.098852" sY="0.098852" sZ="0.197192" angle="90" ax="0" ay="1" az="0" tx="-0.992895" ty="1.04" tz="0.08"/>
    <Box sX="0.098852" sY="0.098852" sZ="0.540795" angle="180" ax="0" ay="1" az="0" tx="2.00009" ty="1.04" tz="-0.4"/>
    <Box sX="0.098852" sY="0.098852" sZ="0.197192" angle="90" ax="0" ay="1" az="0" tx="1.79289" ty="1.04" tz="-0.88"/>
    <Box sX="0.098852" sY="0.098852" sZ="0.197192" angle="90" ax="0" ay="1" az="0" tx="1.79289" ty="1.04" tz="0.08"/>
    <Box sX="0.639154" sY="0.678752" sZ="0.012136" angle="45" ax="0" ay="-1" az="0" tx="1.22075" ty="1.01462" tz="-1.22071"/>
    <Box sX="0.484843" sY="0.1" sZ="0.012211" angle="45" ax="0" ay="-1" az="0" tx="0.991687" ty="0.11" tz="-0.991655"/>
    <Box sX="0.639154" sY="0.678752" sZ="0.012136" angle="90" ax="0" ay="-1" az="0" tx="1.56071" ty="1.01462" tz="-0.399968"/>
    <Box sX="0.484843" sY="0.1" sZ="0.012211" angle="90" ax="0" ay="-1" az="0" tx="1.23677" ty="0.11" tz="-0.399968"/>
    <Box sX="0.639154" sY="0.678752" sZ="0.012136" angle="135" ax="0" ay="-1" az="0" tx="1.22075" ty="1.01462" tz="0.420778"/>
    <Box sX="0.484843" sY="0.1" sZ="0.012211" angle="135" ax="0" ay="-1" az="0" tx="0.991687" ty="0.11" tz="0.191719"/>
    <Box sX="0.639154" sY="0.678752" sZ="0.012136" angle="180" ax="0" ay="1" az="0" tx="0.4" ty="1.01462" tz="0.760742"/>
    <Box sX="0.484843" sY="0.1" sZ="0.012211" angle="180" ax="0" ay="1" az="0" tx="0.4" ty="0.11" tz="0.436804"/>
    <Box sX="0.639154" sY="0.678752" sZ="0.012136" angle="135" ax="0" ay="1" az="0" tx="-0.420746" ty="1.01462" tz="0.420778"/>
    <Box sX="0.484843" sY="0.1" sZ="0.012211" angle="135" ax="0" ay="1" az="0" tx="-0.191687" ty="0.11" tz="0.191719"/>
    <Box sX="0.639154" sY="0.678752" sZ="0.012136" angle="90" ax="0" ay="1" az="0" tx="-0.76071" ty="1.01462" tz="-0.399968"/>
    <Box sX="0.484843" sY="0.1" sZ="0.012211" angle="90" ax="0" ay="1" az="0" tx="-0.436772" ty="0.11" tz="-0.399968"/>
    <Box sX="0.639154" sY="0.678752" sZ="0.012136" angle="45" ax="0" ay="1" az="0" tx="-0.420745" ty="1.01462" tz="-1.22071"/>
    <Box sX="0.484843" sY="0.1" sZ="0.012211" angle="45" ax="0" ay="1" az="0" tx="-0.191687" ty="0.11" tz="-0.991655"/>
    <Box sX="0.639154" sY="0.678752" sZ="0.012136" angle="0" ax="0" ay="1" az="0" tx="0.4" ty="1.01462" tz="-1.56068"/>
    <Box sX="0.484843" sY="0.1" sZ="0.012211" angle="0" ax="0" ay="1" az="0" tx="0.4" ty="0.11" tz="-1.23674"/>
  </Collision>
  <Connectivity>
    <Axel type="7" length="0.96" requireGrabbing="1" startCapped="1" endCapped="1" angle="120" ax="-0.57735" ay="0.57735" az="-0.57735" tx="-1.20009" ty="1.04" tz="0.08"/>
    <Axel type="7" length="0.96" requireGrabbing="1" startCapped="1" endCapped="1" angle="120" ax="-0.57735" ay="0.57735" az="-0.57735" tx="2.00009" ty="1.04" tz="0.08"/>
    <Custom2DField type="22" width="4" height="4" angle="0" ax="0" ay="1" az="0" tx="-0.4" ty="0" tz="-1.2">
      29:0:1,22:2:1,22:2:1,22:2:1,29:0:1,
      22:2:1,15:4:1,23:4:1,15:4:1,22:2:1,
      22:2:1,23:4:1,29:0:1,23:4:1,22:2:1,
      22:2:1,15:4:1,23:4:1,15:4:1,22:2:1,
      29:0:1,22:2:1,22:2:1,22:2:1,29:0:1
    </Custom2DField>
  </Connectivity>
  <PhysicsAttributes inertiaTensor="0.84929,0,0,0,1.64051,0,0,0,1.2748" centerOfMass="0.4,0.851686,-0.399968" mass="1" frictionType="0"/>
  <Bounding>
    <AABB minX="-1.36041" minY="0" minZ="-1.74997" maxX="2.16041" maxY="1.70337" maxZ="0.950032"/>
  </Bounding>
  <GeometryBounding>
    <AABB minX="-1.36009" minY="0" minZ="-1.74997" maxX="2.16009" maxY="1.70337" maxZ="0.950032"/>
  </GeometryBounding>
</LEGOPrimitive>
