<?xml version="1.0" encoding="UTF-8" standalone="no" ?>
<LEGOPrimitive versionMajor="1" versionMinor="0">
  <Annotations>
    <Annotation platformid="200"/>
    <Annotation platformname="SYSTEM"/>
    <Annotation maingroupid="249"/>
    <Annotation maingroupname="FOOD STUFF"/>
    <Annotation designname="WHITE BREAD"/>
    <Annotation aliases="4342"/>
  </Annotations>
  <Collision>
    <Box sX="1.39476" sY="0.156623" sZ="0.095" angle="7.81663" ax="-1" ay="0" az="0" tx="1.2" ty="0.231543" tz="-0.008381"/>
    <Box sX="0.162753" sY="0.190982" sZ="0.22267" angle="0" ax="0" ay="1" az="0" tx="-0.222753" ty="0.200982" tz="-0.24"/>
    <Box sX="1.40964" sY="0.100977" sZ="0.307278" angle="0" ax="0" ay="1" az="0" tx="1.2" ty="0.440977" tz="-0.24"/>
    <Box sX="0.163833" sY="0.190982" sZ="0.22267" angle="0" ax="0" ay="1" az="0" tx="2.62383" ty="0.200982" tz="-0.24"/>
    <Box sX="1.39476" sY="0.156623" sZ="0.095" angle="7.81663" ax="1" ay="0" az="0" tx="1.2" ty="0.231543" tz="-0.471619"/>
  </Collision>
  <Connectivity>
    <Axel type="7" length="2.5" requireGrabbing="1" startCapped="1" endCapped="1" angle="90" ax="0" ay="0" az="-1" tx="-0.05" ty="0.167301" tz="0"/>
    <Axel type="7" length="2.5" requireGrabbing="1" startCapped="1" endCapped="1" angle="90" ax="0" ay="0" az="-1" tx="-0.05" ty="0.167301" tz="-0.48"/>
  </Connectivity>
  <PhysicsAttributes inertiaTensor="0.080403,0,0,0,0.95588,0,0,0,0.931544" centerOfMass="1.2,0.290001,-0.24" mass="1" frictionType="0"/>
  <Bounding>
    <AABB minX="-0.446369" minY="0" minZ="-0.636369" maxX="2.84637" maxY="0.580002" maxZ="0.156369"/>
  </Bounding>
  <GeometryBounding>
    <AABB minX="-0.440221" minY="0" minZ="-0.630221" maxX="2.84022" maxY="0.580002" maxZ="0.150221"/>
  </GeometryBounding>
</LEGOPrimitive>
