<?xml version="1.0" encoding="UTF-8" standalone="no" ?>
<LEGOPrimitive versionMajor="1" versionMinor="0">
  <Annotations>
    <Annotation platformid="200"/>
    <Annotation platformname="SYSTEM"/>
    <Annotation maingroupid="227"/>
    <Annotation maingroupname="INTERIOR"/>
    <Annotation designname="MAILBOX, FRONT 2X2"/>
    <Annotation aliases="4346;30059"/>
  </Annotations>
  <Collision>
    <Box sX="0.79" sY="0.05" sZ="0.19" angle="0" ax="0" ay="1" az="0" tx="0.4" ty="1.86" tz="0.603996"/>
    <Box sX="0.19" sY="0.755842" sZ="0.05" angle="0" ax="0" ay="1" az="0" tx="1" ty="1.08584" tz="0.743996"/>
    <Box sX="0.19" sY="0.755842" sZ="0.05" angle="0" ax="0" ay="1" az="0" tx="-0.2" ty="1.08584" tz="0.743996"/>
    <Box sX="0.49" sY="0.65" sZ="0.05" angle="0" ax="0" ay="1" az="0" tx="0.4" ty="0.82" tz="0.743996"/>
    <Box sX="0.49" sY="0.15" sZ="0.07" angle="0" ax="0" ay="1" az="0" tx="0.4" ty="0.16" tz="0.563996"/>
    <Box sX="0.49" sY="0.037223" sZ="0.100945" angle="45" ax="-1" ay="0" az="0" tx="0.4" ty="0.116027" tz="0.687969"/>
    <Box sX="0.065" sY="0.87" sZ="0.19" angle="0" ax="0" ay="1" az="0" tx="1.125" ty="1.04" tz="0.603996"/>
    <Box sX="0.065" sY="0.87" sZ="0.19" angle="0" ax="0" ay="1" az="0" tx="-0.325" ty="1.04" tz="0.603996"/>
    <Box sX="0.05" sY="0.15" sZ="0.235" angle="0" ax="0" ay="1" az="0" tx="0.86" ty="1.64" tz="0.558996"/>
    <Box sX="0.05" sY="0.129981" sZ="0.045" angle="0" ax="0" ay="1" az="0" tx="0.86" ty="1.61998" tz="0.258996"/>
    <Box sX="0.065" sY="0.048008" sZ="0.119327" angle="0" ax="0" ay="1" az="0" tx="-0.325" ty="0.101992" tz="0.603996"/>
    <Box sX="0.05" sY="0.15" sZ="0.235" angle="0" ax="0" ay="1" az="0" tx="-0.06" ty="1.64" tz="0.558996"/>
    <Box sX="0.05" sY="0.129981" sZ="0.045" angle="0" ax="0" ay="1" az="0" tx="-0.06" ty="1.61998" tz="0.258996"/>
    <Box sX="0.065" sY="0.048008" sZ="0.119327" angle="0" ax="0" ay="1" az="0" tx="1.125" ty="0.101992" tz="0.603996"/>
  </Collision>
  <Connectivity>
    <Hinge type="35" oriented="0" angle="90" ax="0" ay="0" az="-1" tx="0.4" ty="0.160084" tz="0.643938"/>
  </Connectivity>
  <PhysicsAttributes inertiaTensor="0.3372,0,0,0,0.243333,0,0,0,0.520533" centerOfMass="0.4,0.96,0.503996" mass="1" frictionType="0"/>
  <Bounding>
    <AABB minX="-0.4" minY="0" minZ="0.203996" maxX="1.2" maxY="1.92" maxZ="0.803996"/>
  </Bounding>
  <GeometryBounding>
    <AABB minX="-0.4" minY="0" minZ="0.203996" maxX="1.2" maxY="1.92" maxZ="0.803996"/>
  </GeometryBounding>
</LEGOPrimitive>
