<?xml version="1.0" encoding="UTF-8" standalone="no" ?>
<LEGOPrimitive versionMajor="1" versionMinor="0">
  <Annotations>
    <Annotation platformid="200"/>
    <Annotation platformname="SYSTEM"/>
    <Annotation maingroupid="246"/>
    <Annotation maingroupname="FIGURE ACCESSORIES IN HAND"/>
    <Annotation designname="MEGAPHONE"/>
    <Annotation aliases="4349"/>
  </Annotations>
  <Collision>
    <Box sX="0.207183" sY="0.566038" sZ="0.057504" angle="45" ax="0" ay="1" az="0" tx="0.154442" ty="0.134152" tz="0.167298"/>
    <Box sX="0.236004" sY="0.214057" sZ="0.018445" angle="0" ax="0" ay="1" az="0" tx="0" ty="-0.665943" tz="0.278445"/>
    <Box sX="0.265158" sY="0.128564" sZ="0.07" angle="0" ax="0" ay="1" az="0" tx="-0.524842" ty="0" tz="0"/>
    <Box sX="0.265158" sY="0.128564" sZ="0.07" angle="90" ax="1" ay="0" az="0" tx="-0.524842" ty="0" tz="0"/>
    <Box sX="0.236004" sY="0.214057" sZ="0.018445" angle="90" ax="0" ay="1" az="0" tx="0.278445" ty="-0.665943" tz="0"/>
    <Box sX="0.236004" sY="0.214057" sZ="0.018445" angle="180" ax="0" ay="1" az="0" tx="0" ty="-0.665943" tz="-0.278445"/>
    <Box sX="0.236004" sY="0.214057" sZ="0.018445" angle="90" ax="0" ay="-1" az="0" tx="-0.278445" ty="-0.665943" tz="0"/>
    <Box sX="0.207183" sY="0.566038" sZ="0.057504" angle="45" ax="0" ay="-1" az="0" tx="-0.167298" ty="0.134152" tz="0.154442"/>
    <Box sX="0.207183" sY="0.566038" sZ="0.057504" angle="135" ax="0" ay="1" az="0" tx="0.167298" ty="0.134152" tz="-0.154442"/>
    <Box sX="0.207183" sY="0.566038" sZ="0.057504" angle="135" ax="0" ay="-1" az="0" tx="-0.154442" ty="0.134152" tz="-0.167298"/>
    <Box sX="0.198596" sY="0.065095" sZ="0.198596" angle="0" ax="0" ay="1" az="0" tx="0" ty="0.635095" tz="0"/>
  </Collision>
  <Connectivity>
    <Custom2DField type="23" width="2" height="2" angle="0" ax="0" ay="1" az="0" tx="-0.4" ty="0.71" tz="-0.4">
      29:0,29:0,29:0,
      29:0,3:4:32,29:0,
      29:0,29:0,29:0
    </Custom2DField>
    <Axel type="7" length="0.494105" requireGrabbing="0" startCapped="0" endCapped="1" angle="90" ax="0" ay="0" az="-1" tx="-0.8" ty="0" tz="0"/>
    <Axel type="6" length="0.85" grabbing="0" startCapped="1" endCapped="0" angle="180" ax="-0.707107" ay="0" az="-0.707107" tx="0" ty="0.56" tz="0"/>
    <Custom2DField type="22" width="2" height="2" angle="90" ax="0" ay="0" az="-1" tx="-0.8" ty="0.4" tz="-0.4">
      29:0,29:0,29:0,
      29:0,9:4:32,29:0,
      29:0,29:0,29:0
    </Custom2DField>
    <Custom2DField type="22" width="2" height="2" angle="0" ax="0" ay="1" az="0" tx="-0.4" ty="-0.89" tz="-0.4">
      29:0,29:0,29:0,
      29:0,15:4:34,29:0,
      29:0,29:0,29:0
    </Custom2DField>
  </Connectivity>
  <PhysicsAttributes inertiaTensor="0.316774,0,0,0,0.173333,0,0,0,0.38344" centerOfMass="-0.2,-0.001,0" mass="1" frictionType="0"/>
  <Bounding>
    <AABB minX="-0.8" minY="-0.89" minZ="-0.4" maxX="0.4" maxY="0.888" maxZ="0.4"/>
  </Bounding>
  <GeometryBounding>
    <AABB minX="-0.8" minY="-0.89" minZ="-0.4" maxX="0.4" maxY="0.888" maxZ="0.4"/>
  </GeometryBounding>
</LEGOPrimitive>
