<?xml version="1.0" encoding="UTF-8" standalone="no" ?>
<LEGOPrimitive versionMajor="1" versionMinor="0">
  <Annotations>
    <Annotation platformid="200"/>
    <Annotation platformname="SYSTEM"/>
    <Annotation maingroupid="246"/>
    <Annotation maingroupname="FIGURE ACCESSORIES IN HAND"/>
    <Annotation designname="CAMERA"/>
    <Annotation aliases="4360"/>
  </Annotations>
  <Collision>
    <Box sX="0.315" sY="1.18" sZ="0.035" angle="0" ax="0" ay="1" az="0" tx="0" ty="1.69" tz="0.205"/>
    <Box sX="0.24" sY="0.099387" sZ="0.085606" angle="0" ax="0" ay="1" az="0" tx="-0.575" ty="1" tz="0"/>
    <Box sX="0.315" sY="0.11" sZ="0.24" angle="0" ax="0" ay="1" az="0" tx="0" ty="2.76" tz="0"/>
    <Box sX="0.315" sY="0.03" sZ="0.24" angle="0" ax="0" ay="1" az="0" tx="0" ty="1.88" tz="0"/>
    <Box sX="0.315" sY="0.03" sZ="0.24" angle="0" ax="0" ay="1" az="0" tx="0" ty="2.28" tz="0"/>
    <Box sX="0.0725" sY="0.5" sZ="0.24" angle="0" ax="0" ay="1" az="0" tx="-0.2425" ty="1.01" tz="0"/>
    <Box sX="0.045" sY="1.18" sZ="0.24" angle="0" ax="0" ay="1" az="0" tx="0.27" ty="1.69" tz="0"/>
    <Box sX="0.315" sY="1.18" sZ="0.035" angle="0" ax="0" ay="1" az="0" tx="0" ty="1.69" tz="-0.205"/>
    <Box sX="0.114966" sY="0.09" sZ="0.246307" angle="36" ax="0" ay="-1" az="0" tx="-0.073247" ty="1.1" tz="-0.383903"/>
    <Box sX="0.0725" sY="0.5" sZ="0.24" angle="0" ax="0" ay="1" az="0" tx="-0.2425" ty="1.01" tz="0"/>
    <Box sX="0.195227" sY="0.265773" sZ="0.028637" angle="0" ax="0" ay="1" az="0" tx="0.347386" ty="0.924532" tz="-1.02313"/>
    <Box sX="0.207343" sY="0.265773" sZ="0.028637" angle="90" ax="0" ay="1" az="0" tx="0.039266" ty="0.924532" tz="-0.725133"/>
    <Box sX="0.194156" sY="0.265773" sZ="0.028637" angle="180" ax="0" ay="1" az="0" tx="0.338144" ty="0.924532" tz="-0.442822"/>
    <Box sX="0.196473" sY="0.265773" sZ="0.028637" angle="90" ax="0" ay="-1" az="0" tx="0.612972" ty="0.923923" tz="-0.759526"/>
    <Box sX="0.196473" sY="0.24" sZ="0.028637" angle="90" ax="0" ay="-1" az="0" tx="0.280118" ty="0.25" tz="0"/>
    <Box sX="0.194156" sY="0.24" sZ="0.028637" angle="180" ax="0" ay="1" az="0" tx="0" ty="0.25" tz="0.290783"/>
    <Box sX="0.207343" sY="0.24" sZ="0.028637" angle="90" ax="0" ay="1" az="0" tx="-0.280118" ty="0.25" tz="0"/>
    <Box sX="0.195227" sY="0.24" sZ="0.028637" angle="0" ax="0" ay="1" az="0" tx="0" ty="0.25" tz="-0.280118"/>
    <Box sX="0.186076" sY="0.09" sZ="0.108036" angle="0" ax="0" ay="1" az="0" tx="0.128924" ty="1.1" tz="-0.368036"/>
    <Box sX="0.315" sY="0.04" sZ="0.24" angle="0" ax="0" ay="1" az="0" tx="0" ty="1.47" tz="0"/>
  </Collision>
  <Connectivity>
    <Custom2DField type="23" width="2" height="2" angle="0" ax="0" ay="1" az="0" tx="-0.075" ty="1.2" tz="-1.131">
      29:0,29:0,29:0,
      29:0,1:4:36,29:0,
      29:0,29:0,29:0
    </Custom2DField>
    <Custom2DField type="23" width="2" height="2" angle="0" ax="0" ay="1" az="0" tx="-0.4" ty="2.88" tz="-0.4">
      29:0,29:0,29:0,
      29:0,1:4:34,29:0,
      29:0,29:0,29:0
    </Custom2DField>
    <Custom2DField type="23" width="2" height="4" angle="90" ax="1" ay="0" az="0" tx="-0.4" ty="2.88" tz="0.25">
      29:0:1,23:4:1,29:0:1,
      23:4:1,1:4:2,23:4:1,
      29:0:1,23:4:1,29:0:1,
      23:4:1,1:4:2,23:4:1,
      29:0:1,23:4:1,29:0:1
    </Custom2DField>
    <Axel type="7" length="0.5" requireGrabbing="0" startCapped="0" endCapped="1" angle="90" ax="0" ay="0" az="-1" tx="-0.825" ty="1" tz="0"/>
    <Axel type="6" length="0.54" grabbing="0" startCapped="0" endCapped="1" angle="90" ax="0" ay="0" az="-1" tx="-0.325" ty="1.68" tz="0"/>
    <Axel type="6" length="0.54" grabbing="0" startCapped="0" endCapped="1" angle="90" ax="0" ay="0" az="-1" tx="-0.325" ty="2.08" tz="0"/>
    <Axel type="6" length="0.54" grabbing="0" startCapped="0" endCapped="1" angle="90" ax="0" ay="0" az="-1" tx="-0.325" ty="2.48" tz="0"/>
    <Custom2DField type="22" width="2" height="2" angle="90" ax="0" ay="0" az="-1" tx="-0.825" ty="1.4" tz="-0.4">
      29:0,29:0,29:0,
      29:0,9:4:32,29:0,
      29:0,29:0,29:0
    </Custom2DField>
    <Axel type="6" length="0.528" grabbing="0" startCapped="0" endCapped="0" angle="90" ax="0" ay="1" az="0" tx="0.325" ty="0.85" tz="-0.731"/>
    <Axel type="6" length="1.21" grabbing="0" startCapped="0" endCapped="1" angle="90" ax="0" ay="1" az="0" tx="0" ty="0.21" tz="0"/>
    <Custom2DField type="22" width="2" height="2" angle="0" ax="0" ay="1" az="0" tx="-0.075" ty="0.64" tz="-1.131">
      29:0,29:0,29:0,
      29:0,15:4:34,29:0,
      29:0,29:0,29:0
    </Custom2DField>
    <Custom2DField type="22" width="2" height="2" angle="0" ax="0" ay="1" az="0" tx="-0.4" ty="0" tz="-0.4">
      29:0,29:0,29:0,
      29:0,5:4:34,29:0,
      29:0,29:0,29:0
    </Custom2DField>
  </Connectivity>
  <PhysicsAttributes inertiaTensor="0.96404,0,0,0,0.367294,0,0,0,0.961814" centerOfMass="-0.085,1.529,-0.3165" mass="1" frictionType="0"/>
  <Bounding>
    <AABB minX="-0.825001" minY="0" minZ="-1.061" maxX="0.655" maxY="3.058" maxZ="0.428"/>
  </Bounding>
  <GeometryBounding>
    <AABB minX="-0.825" minY="0" minZ="-1.061" maxX="0.655" maxY="3.058" maxZ="0.428"/>
  </GeometryBounding>
</LEGOPrimitive>
