<?xml version="1.0" encoding="UTF-8" standalone="no" ?>
<LEGOPrimitive versionMajor="1" versionMinor="0">
  <Annotations>
    <Annotation platformid="200"/>
    <Annotation platformname="SYSTEM"/>
    <Annotation maingroupid="251"/>
    <Annotation maingroupname="FIGURE, SPECIAL"/>
    <Annotation designname="WINE PITCHER"/>
    <Annotation aliases="4429"/>
  </Annotations>
  <Collision>
    <Box sX="0.035224" sY="0.498093" sZ="0.233925" angle="0" ax="0" ay="1" az="0" tx="0.200486" ty="1.73191" tz="0"/>
    <Box sX="0.084736" sY="0.614522" sZ="0.08213" angle="46.83147" ax="-0.111678" ay="0.95647" az="0.269615" tx="-1.04008" ty="1.31049" tz="0"/>
    <Box sX="0.077414" sY="0.360005" sZ="0.07501" angle="85.06882" ax="-0.341459" ay="-0.45149" az="-0.824356" tx="-0.768858" ty="1.97987" tz="0"/>
    <Box sX="0.035224" sY="0.498093" sZ="0.233925" angle="90" ax="0" ay="1" az="0" tx="0" ty="1.73191" tz="-0.200486"/>
    <Box sX="0.035224" sY="0.498093" sZ="0.233925" angle="180" ax="0" ay="1" az="0" tx="-0.200486" ty="1.73191" tz="0"/>
    <Box sX="0.320174" sY="0.626619" sZ="0.0229" angle="21.08291" ax="0" ay="1" az="0" tx="-0.322802" ty="0.636619" tz="-0.465222"/>
    <Box sX="0.317499" sY="0.626619" sZ="0.0229" angle="21.08291" ax="0" ay="-1" az="0" tx="-0.325055" ty="0.636619" tz="0.471068"/>
    <Box sX="0.18249" sY="0.626619" sZ="0.288919" angle="0" ax="0" ay="1" az="0" tx="-0.537357" ty="0.636619" tz="0"/>
    <Box sX="0.320174" sY="0.626619" sZ="0.0229" angle="158.9171" ax="0" ay="1" az="0" tx="0.322802" ty="0.636619" tz="-0.465222"/>
    <Box sX="0.317499" sY="0.626619" sZ="0.0229" angle="158.9171" ax="0" ay="-1" az="0" tx="0.325055" ty="0.636619" tz="0.471068"/>
    <Box sX="0.18249" sY="0.626619" sZ="0.288919" angle="180" ax="0" ay="1" az="0" tx="0.537357" ty="0.636619" tz="0"/>
    <Box sX="0.035224" sY="0.498093" sZ="0.233925" angle="90" ax="0" ay="-1" az="0" tx="0" ty="1.73191" tz="0.200486"/>
    <Box sX="0.18249" sY="0.174616" sZ="0.225131" angle="0" ax="0" ay="1" az="0" tx="-0.598563" ty="0.776977" tz="0"/>
  </Collision>
  <Connectivity>
    <Custom2DField type="23" width="2" height="2" angle="0" ax="0" ay="1" az="0" tx="-0.4" ty="2.24" tz="-0.4">
      29:0,29:0,29:0,
      29:0,1:4:36,29:0,
      29:0,29:0,29:0
    </Custom2DField>
    <Custom2DField type="22" width="4" height="2" angle="0" ax="0" ay="1" az="0" tx="-0.8" ty="0" tz="-0.4">
      29:0:1,22:2:1,22:2:1,22:2:1,29:0:1,
      22:2:1,15:4,29:0:1,15:4,22:2:1,
      29:0:1,22:2:1,22:2:1,22:2:1,29:0:1
    </Custom2DField>
    <Axel type="7" length="0.625936" requireGrabbing="1" startCapped="1" endCapped="1" angle="180" ax="-0.797584" ay="0.603208" az="0" tx="-0.388044" ty="2.08349" tz="0"/>
    <Axel type="7" length="0.904614" requireGrabbing="1" startCapped="1" endCapped="1" angle="180" ax="-0.11927" ay="0.992862" az="0" tx="-0.910475" ty="0.795153" tz="0"/>
    <Axel type="6" length="1.08" grabbing="0" startCapped="0" endCapped="0" angle="180" ax="-0.707107" ay="0" az="-0.707107" tx="0" ty="2.418" tz="0"/>
  </Connectivity>
  <PhysicsAttributes inertiaTensor="0.663057,0,0,0,0.567424,0,0,0,0.878821" centerOfMass="-0.24022,1.209,0.004423" mass="1" frictionType="0"/>
  <Bounding>
    <AABB minX="-1.32409" minY="0" minZ="-0.721861" maxX="0.843654" maxY="2.418" maxZ="0.730708"/>
  </Bounding>
  <GeometryBounding>
    <AABB minX="-1.32409" minY="0" minZ="-0.721861" maxX="0.843654" maxY="2.418" maxZ="0.730708"/>
  </GeometryBounding>
</LEGOPrimitive>
