<?xml version="1.0" encoding="UTF-8" standalone="no" ?>
<LEGOPrimitive versionMajor="1" versionMinor="0">
  <Annotations>
    <Annotation platformid="200"/>
    <Annotation platformname="SYSTEM"/>
    <Annotation maingroupid="251"/>
    <Annotation maingroupname="FIGURE, SPECIAL"/>
    <Annotation designname="LANDING NET"/>
    <Annotation aliases="4433"/>
  </Annotations>
  <Collision>
    <Box sX="0.095" sY="1.80156" sZ="0.095" angle="45" ax="0" ay="1" az="0" tx="0" ty="1.81156" tz="0"/>
    <Box sX="0.978874" sY="0.038949" sZ="0.662721" angle="15" ax="0" ay="0" az="-1" tx="0.859909" ty="5.27924" tz="0"/>
    <Box sX="0.199978" sY="0.410252" sZ="0.419776" angle="0" ax="0" ay="1" az="0" tx="2.07769" ty="4.59516" tz="0"/>
    <Box sX="0.978874" sY="0.038949" sZ="0.662721" angle="90.9762" ax="0.983106" ay="0.129428" az="-0.129428" tx="0.859909" ty="4.6074" tz="0.679246"/>
    <Box sX="0.978874" sY="0.038949" sZ="0.662721" angle="180" ax="0.991445" ay="0.130526" az="0" tx="0.859909" ty="3.92815" tz="0.007401"/>
    <Box sX="0.978874" sY="0.038949" sZ="0.662721" angle="90.9762" ax="-0.983106" ay="-0.129428" az="-0.129428" tx="0.859909" ty="4.6" tz="-0.671846"/>
    <Box sX="0.148338" sY="0.025" sZ="0.148338" angle="0" ax="0" ay="1" az="0" tx="0" ty="0.397336" tz="0"/>
    <Box sX="0.148338" sY="0.025" sZ="0.148338" angle="0" ax="0" ay="1" az="0" tx="0" ty="1.25" tz="0"/>
  </Collision>
  <Connectivity>
    <Axel type="7" length="0.362336" requireGrabbing="0" startCapped="0" endCapped="1" angle="90" ax="0" ay="1" az="0" tx="0" ty="0" tz="0"/>
    <Custom2DField type="22" width="2" height="2" angle="0" ax="0" ay="1" az="0" tx="-0.4" ty="0" tz="-0.4">
      29:0,29:0,29:0,
      29:0,9:4:32,29:0,
      29:0,29:0,29:0
    </Custom2DField>
    <Axel type="7" length="0.782664" requireGrabbing="1" startCapped="1" endCapped="1" angle="90" ax="0" ay="1" az="0" tx="0" ty="0.432336" tz="0"/>
    <Axel type="7" length="2.28756" requireGrabbing="1" startCapped="1" endCapped="1" angle="90" ax="0" ay="1" az="0" tx="0" ty="1.285" tz="0"/>
  </Connectivity>
  <PhysicsAttributes inertiaTensor="3.06071,0,0,0,0.900801,0,0,0,3.19824" centerOfMass="1.053,2.835,0" mass="1" frictionType="0"/>
  <Bounding>
    <AABB minX="-0.195" minY="0" minZ="-1.07" maxX="2.301" maxY="5.67" maxZ="1.07"/>
  </Bounding>
  <GeometryBounding>
    <AABB minX="-0.195" minY="0" minZ="-1.07" maxX="2.28972" maxY="5.67" maxZ="1.07"/>
  </GeometryBounding>
</LEGOPrimitive>
