<?xml version="1.0" encoding="UTF-8" standalone="no" ?>
<LEGOPrimitive versionMajor="1" versionMinor="0">
  <Annotations>
    <Annotation platformid="200"/>
    <Annotation platformname="SYSTEM"/>
    <Annotation maingroupid="251"/>
    <Annotation maingroupname="FIGURE, SPECIAL"/>
    <Annotation designname="AXE"/>
    <Annotation aliases="4438"/>
  </Annotations>
  <Collision>
    <Box sX="0.0975" sY="0.0975" sZ="1.99" angle="90" ax="1" ay="0" az="0" tx="0" ty="2" tz="0"/>
    <Box sX="0.0975" sY="0.0975" sZ="1.99" angle="98.42106" ax="0.862856" ay="-0.357407" az="0.357407" tx="0" ty="2" tz="0"/>
    <Box sX="0.466963" sY="0.444331" sZ="0.189673" angle="0" ax="0" ay="1" az="0" tx="0.006963" ty="3.32739" tz="-9.6E-005"/>
    <Box sX="0.214353" sY="0.599605" sZ="0.04698" angle="0" ax="0" ay="1" az="0" tx="0.708279" ty="3.31288" tz="-9.6E-005"/>
    <Box sX="0.159744" sY="0.025" sZ="0.156956" angle="0" ax="0" ay="1" az="0" tx="0" ty="0.44" tz="0.002787"/>
    <Box sX="0.159744" sY="0.025" sZ="0.156956" angle="0" ax="0" ay="1" az="0" tx="0" ty="1.29" tz="0.002787"/>
  </Collision>
  <Connectivity>
    <Axel type="7" length="0.405" requireGrabbing="0" startCapped="0" endCapped="1" angle="90" ax="0" ay="1" az="0" tx="0" ty="0" tz="0"/>
    <Axel type="7" length="0.78" requireGrabbing="1" startCapped="1" endCapped="1" angle="90" ax="0" ay="1" az="0" tx="0" ty="0.475" tz="0"/>
    <Axel type="7" length="0.395" requireGrabbing="1" startCapped="1" endCapped="1" angle="90" ax="0" ay="1" az="0" tx="0" ty="1.325" tz="0"/>
    <Custom2DField type="22" width="2" height="2" angle="0" ax="0" ay="1" az="0" tx="-0.4" ty="0" tz="-0.4">
      29:0,29:0,29:0,
      29:0,9:4:32,29:0,
      29:0,29:0,29:0
    </Custom2DField>
    <Custom2DField type="22" width="2" height="2" angle="90" ax="1" ay="0" az="0" tx="-0.4" ty="3.72" tz="-0.249315">
      29:0,29:0,29:0,
      29:0,15:4:32,29:0,
      29:0,29:0,29:0
    </Custom2DField>
  </Connectivity>
  <PhysicsAttributes inertiaTensor="1.3539,0,0,0,0.205476,0,0,0,1.51824" centerOfMass="0.274802,2,-0.000924" mass="1" frictionType="0"/>
  <Bounding>
    <AABB minX="-0.47" minY="0" minZ="-0.249315" maxX="1.0196" maxY="4" maxZ="0.247467"/>
  </Bounding>
  <GeometryBounding>
    <AABB minX="-0.47" minY="0" minZ="-0.249315" maxX="1.0196" maxY="4" maxZ="0.247467"/>
  </GeometryBounding>
</LEGOPrimitive>
