<?xml version="1.0" encoding="UTF-8" standalone="no" ?>
<LEGOPrimitive versionMajor="1" versionMinor="0">
  <Annotations>
    <Annotation platformid="200"/>
    <Annotation platformname="SYSTEM"/>
    <Annotation maingroupid="225"/>
    <Annotation maingroupname="FRAMES, WINDOWS, WALLS AND DOORS"/>
    <Annotation designname="WALL ELEMENT W. WINDOW 1X5X6"/>
    <Annotation aliases="4444"/>
  </Annotations>
  <Collision>
    <Box sX="1.19" sY="0.15" sZ="0.39" angle="0" ax="0" ay="1" az="0" tx="0.8" ty="0.16" tz="0"/>
    <Box sX="0.065" sY="0.63" sZ="0.39" angle="0" ax="0" ay="1" az="0" tx="1.925" ty="0.64" tz="0"/>
    <Box sX="0.464999" sY="0.15" sZ="0.39" angle="0" ax="0" ay="1" az="0" tx="2.325" ty="1.12" tz="0"/>
    <Box sX="0.065" sY="1.91" sZ="0.39" angle="0" ax="0" ay="1" az="0" tx="2.725" ty="2.88" tz="0"/>
    <Box sX="0.464999" sY="0.045" sZ="0.39" angle="0" ax="0" ay="1" az="0" tx="2.325" ty="4.745" tz="0"/>
    <Box sX="0.065" sY="0.525" sZ="0.39" angle="0" ax="0" ay="1" az="0" tx="1.925" ty="5.225" tz="0"/>
    <Box sX="0.065" sY="0.63" sZ="0.39" angle="0" ax="0" ay="1" az="0" tx="-0.325" ty="0.64" tz="0"/>
    <Box sX="0.464999" sY="0.15" sZ="0.39" angle="0" ax="0" ay="1" az="0" tx="-0.725" ty="1.12" tz="0"/>
    <Box sX="0.065" sY="1.91" sZ="0.39" angle="0" ax="0" ay="1" az="0" tx="-1.125" ty="2.88" tz="0"/>
    <Box sX="0.464999" sY="0.045" sZ="0.39" angle="0" ax="0" ay="1" az="0" tx="-0.724999" ty="4.745" tz="0"/>
    <Box sX="0.065" sY="0.525" sZ="0.39" angle="0" ax="0" ay="1" az="0" tx="-0.325" ty="5.225" tz="0"/>
    <Box sX="1.19" sY="0.205" sZ="0.39" angle="0" ax="0" ay="1" az="0" tx="0.8" ty="5.545" tz="0"/>
    <Box sX="1.19" sY="0.045" sZ="0.39" angle="0" ax="0" ay="1" az="0" tx="0.8" ty="5.385" tz="-0.8"/>
    <Box sX="0.065" sY="0.1495" sZ="0.39" angle="0" ax="0" ay="1" az="0" tx="-0.325" ty="5.2795" tz="-0.8"/>
    <Box sX="0.065" sY="0.1495" sZ="0.39" angle="0" ax="0" ay="1" az="0" tx="1.925" ty="5.2795" tz="-0.8"/>
    <Box sX="1.19" sY="1.27" sZ="0.065" angle="0" ax="0" ay="1" az="0" tx="0.8" ty="1.6" tz="0.325"/>
    <Box sX="0.789735" sY="1.75" sZ="0.065" angle="0" ax="0" ay="1" az="0" tx="2.00026" ty="3.04" tz="0.325"/>
    <Box sX="0.789735" sY="1.75" sZ="0.065" angle="0" ax="0" ay="1" az="0" tx="-0.399205" ty="3.04" tz="0.325"/>
    <Box sX="1.19" sY="0.63" sZ="0.065" angle="0" ax="0" ay="1" az="0" tx="0.8" ty="5.12" tz="0.325"/>
  </Collision>
  <Connectivity>
    <Custom2DField type="23" width="6" height="2" angle="0" ax="0" ay="1" az="0" tx="-0.4" ty="5.76" tz="-0.4">
      18:1:1,23:4:1,18:2:1,23:4:1,18:2:1,23:4:1,18:1:1,
      23:4:1,1:4,23:4:1,1:4,23:4:1,1:4,23:4:1,
      18:1:1,23:4:1,18:2:1,23:4:1,18:2:1,23:4:1,18:1:1
    </Custom2DField>
    <Custom2DField type="23" width="6" height="2" angle="0" ax="0" ay="1" az="0" tx="-0.4" ty="5.44" tz="-1.2">
      18:1:1,23:4:1,18:2:1,23:4:1,18:2:1,23:4:1,18:1:1,
      23:4:1,1:4:1,23:4:1,1:4:1,23:4:1,1:4:1,23:4:1,
      29:0:1,23:4:1,29:0:1,23:4:1,29:0:1,23:4:1,29:0:1
    </Custom2DField>
    <Custom2DField type="23" width="10" height="2" angle="0" ax="0" ay="1" az="0" tx="-1.2" ty="4.8" tz="-0.4">
      18:1:1,23:4:1,29:0:1,29:0:1,29:0:1,29:0:1,29:0:1,29:0:1,29:0:1,23:4:1,18:1:1,
      23:4:1,1:4:1,23:4:1,29:0:1,29:0:1,29:0:1,29:0:1,29:0:1,23:4:1,1:4:1,23:4:1,
      18:1:1,23:4:1,29:0:1,29:0:1,29:0:1,29:0:1,29:0:1,29:0:1,29:0:1,23:4:1,18:1:1
    </Custom2DField>
    <Custom2DField type="22" width="6" height="2" angle="0" ax="0" ay="1" az="0" tx="-0.4" ty="0" tz="-0.4">
      22:1:1,22:2:1,22:2:1,22:2:1,22:2:1,22:2:1,22:1:1,
      22:2:1,15:4:1,9:4:1,15:4:1,9:4:1,15:4:1,22:2:1,
      22:1:1,22:2:1,22:2:1,22:2:1,22:2:1,22:2:1,22:1:1
    </Custom2DField>
    <Custom2DField type="22" width="10" height="2" angle="0" ax="0" ay="1" az="0" tx="-1.2" ty="0.96" tz="-0.4">
      22:1:1,22:2:1,22:2:1,29:0:1,29:0:1,29:0:1,29:0:1,29:0:1,22:2:1,22:2:1,22:1:1,
      22:2:1,15:4:1,22:2:1,29:0:1,29:0:1,29:0:1,29:0:1,29:0:1,22:2:1,15:4:1,22:2:1,
      22:1:1,22:2:1,22:2:1,29:0:1,29:0:1,29:0:1,29:0:1,29:0:1,22:2:1,22:2:1,22:1:1
    </Custom2DField>
  </Connectivity>
  <PhysicsAttributes inertiaTensor="3.15165,0,0,0,1.54667,0,0,0,4.27165" centerOfMass="0.8,2.969,-0.4" mass="1" frictionType="0"/>
  <Bounding>
    <AABB minX="-1.2" minY="0" minZ="-1.2" maxX="2.8" maxY="5.938" maxZ="0.4"/>
  </Bounding>
  <GeometryBounding>
    <AABB minX="-1.2" minY="0" minZ="-1.2" maxX="2.8" maxY="5.938" maxZ="0.4"/>
  </GeometryBounding>
</LEGOPrimitive>
