<?xml version="1.0" encoding="UTF-8" standalone="no" ?>
<LEGOPrimitive versionMajor="1" versionMinor="0">
  <Annotations>
    <Annotation platformid="200"/>
    <Annotation platformname="SYSTEM"/>
    <Annotation maingroupid="246"/>
    <Annotation maingroupname="FIGURE ACCESSORIES IN HAND"/>
    <Annotation designname="MINI SUITCASE"/>
    <Annotation aliases="4449"/>
  </Annotations>
  <Collision>
    <Box sX="0.29" sY="0.46" sZ="0.79" angle="90" ax="0" ay="0" az="-1" tx="0.67" ty="0" tz="0"/>
    <Box sX="0.39" sY="0.019" sZ="0.05" angle="120" ax="0.57735" ay="-0.57735" az="0.57735" tx="1.169" ty="0.002" tz="0"/>
    <Box sX="0.070434" sY="0.09" sZ="0.348208" angle="0" ax="0" ay="1" az="0" tx="0.120729" ty="0" tz="0.001473"/>
    <Box sX="0.095" sY="0.095" sZ="0.298481" angle="45" ax="0" ay="0" az="1" tx="0" ty="0" tz="0.001268"/>
  </Collision>
  <Connectivity>
    <Axel type="7" length="0.62" requireGrabbing="0" startCapped="0" endCapped="0" angle="120" ax="-0.57735" ay="0.57735" az="-0.57735" tx="0" ty="0" tz="0.31"/>
  </Connectivity>
  <PhysicsAttributes inertiaTensor="0.243333,0,0,0,0.366977,0,0,0,0.183644" centerOfMass="0.521081,0,0" mass="1" frictionType="0"/>
  <Bounding>
    <AABB minX="-0.157838" minY="-0.3" minZ="-0.8" maxX="1.2" maxY="0.3" maxZ="0.8"/>
  </Bounding>
  <GeometryBounding>
    <AABB minX="-0.157838" minY="-0.3" minZ="-0.8" maxX="1.2" maxY="0.3" maxZ="0.8"/>
  </GeometryBounding>
</LEGOPrimitive>
