<?xml version="1.0" encoding="UTF-8" standalone="no" ?>
<LEGOPrimitive versionMajor="1" versionMinor="0">
  <Annotations>
    <Annotation platformid="200"/>
    <Annotation platformname="SYSTEM"/>
    <Annotation maingroupid="205"/>
    <Annotation maingroupname="BRICKS WITH SLOPE"/>
    <Annotation designname="ROOF TILE 1X2X3/73°"/>
    <Annotation aliases="4460"/>
  </Annotations>
  <Collision>
    <Box sX="0.39" sY="0.39" sZ="1.43" angle="180" ax="0" ay="0.707107" az="-0.707107" tx="0" ty="1.44" tz="0"/>
    <Box sX="0.39" sY="1.38843" sZ="0.256869" angle="180" ax="0" ay="0.9895" az="-0.144536" tx="0" ty="1.46367" tz="0.544285"/>
    <Box sX="0.39" sY="0.79" sZ="0.09" angle="180" ax="0" ay="-0.707107" az="0.707107" tx="0" ty="0.1" tz="0.4"/>
    <Box sX="0.39" sY="0.556374" sZ="0.673971" angle="180" ax="0" ay="0.707107" az="-0.707107" tx="0" ty="0.683971" tz="0.166374"/>
  </Collision>
  <Connectivity>
    <Custom2DField type="22" width="2" height="4" angle="0" ax="0" ay="1" az="0" tx="-0.4" ty="0" tz="-0.4">
      22:1:1,22:2:1,22:1:1,
      22:2:1,15:4:1,22:2:1,
      22:2:1,15:4:1,22:2:1,
      22:2:1,15:4:1,22:2:1,
      22:1:1,22:2:1,22:1:1
    </Custom2DField>
    <Custom2DField type="23" width="2" height="2" angle="0" ax="0" ay="1" az="0" tx="-0.4" ty="2.88" tz="-0.4">
      18:1:1,23:4:1,18:1:1,
      23:4:1,1:4:1,23:4:1,
      18:1:1,23:4:1,18:1:1
    </Custom2DField>
  </Connectivity>
  <PhysicsAttributes inertiaTensor="0.992614,0,0,0,0.266667,0,0,0,0.832614" centerOfMass="0,1.529,0.4" mass="1" frictionType="0"/>
  <Bounding>
    <AABB minX="-0.4" minY="0" minZ="-0.4" maxX="0.4" maxY="3.058" maxZ="1.2"/>
  </Bounding>
  <GeometryBounding>
    <AABB minX="-0.4" minY="0" minZ="-0.4" maxX="0.4" maxY="3.058" maxZ="1.2"/>
  </GeometryBounding>
</LEGOPrimitive>
