<?xml version="1.0" encoding="UTF-8" standalone="no" ?>
<LEGOPrimitive versionMajor="1" versionMinor="0">
  <Annotations>
    <Annotation platformid="200"/>
    <Annotation platformname="SYSTEM"/>
    <Annotation maingroupid="276"/>
    <Annotation maingroupname="CRAINS AND SCAFFOLD"/>
    <Annotation designname="EXHAUST PIPE (L)"/>
    <Annotation aliases="4466"/>
  </Annotations>
  <Collision>
    <Box sX="1.24" sY="0.202132" sZ="0.202132" angle="45" ax="1" ay="0" az="0" tx="3.6" ty="-0.74" tz="-0.21"/>
    <Box sX="0.33196" sY="0.130014" sZ="0.110113" angle="45" ax="1" ay="0" az="0" tx="5.19196" ty="-0.727005" tz="-0.196082"/>
    <Box sX="0.59" sY="0.131421" sZ="0.131421" angle="45" ax="1" ay="0" az="0" tx="7.8" ty="-0.73999" tz="0.88"/>
    <Box sX="0.703505" sY="0.131421" sZ="0.131421" angle="56.5781" ax="0.76963" ay="-0.589888" az="0.244339" tx="6.21221" ty="-0.769218" tz="0.531252"/>
    <Box sX="0.327093" sY="0.131421" sZ="0.131421" angle="45" ax="1" ay="0" az="0" tx="2.01291" ty="-0.74" tz="-0.21"/>
    <Box sX="0.446504" sY="0.131421" sZ="0.131421" angle="67.21571" ax="0.623256" ay="0.72249" az="-0.299265" tx="1.28081" ty="-0.716313" tz="0.27944"/>
    <Box sX="0.360189" sY="0.131421" sZ="0.131421" angle="50.12941" ax="0.885671" ay="0.42897" az="-0.177685" tx="0.51136" ty="-0.710763" tz="0.793943"/>
    <Box sX="0.360189" sY="0.131421" sZ="0.131421" angle="98.42106" ax="0.357407" ay="0.357407" az="0.862856" tx="0.801049" ty="-0.140189" tz="0.68"/>
    <Box sX="0.13" sY="0.131421" sZ="0.131421" angle="98.42106" ax="-0.357407" ay="0.862856" az="0.357407" tx="0.8" ty="0" tz="0.54"/>
    <Box sX="0.19" sY="0.103137" sZ="0.103137" angle="98.42106" ax="-0.357407" ay="0.862856" az="0.357407" tx="0.8" ty="0" tz="0.2"/>
    <Box sX="0.19" sY="0.103137" sZ="0.103137" angle="98.42106" ax="-0.357407" ay="0.862856" az="0.357407" tx="0" ty="0" tz="0.2"/>
    <Box sX="0.13" sY="0.131421" sZ="0.131421" angle="98.42106" ax="-0.357407" ay="0.862856" az="0.357407" tx="0" ty="0" tz="0.54"/>
    <Box sX="0.360189" sY="0.131421" sZ="0.131421" angle="98.42106" ax="0.357407" ay="0.357407" az="0.862856" tx="0" ty="-0.140189" tz="0.88"/>
  </Collision>
  <Connectivity>
    <Axel type="7" length="0.4" requireGrabbing="0" startCapped="1" endCapped="0" angle="120" ax="-0.57735" ay="0.57735" az="-0.57735" tx="0.8" ty="0" tz="0.4"/>
    <Axel type="7" length="0.4" requireGrabbing="0" startCapped="1" endCapped="0" angle="120" ax="-0.57735" ay="0.57735" az="-0.57735" tx="0" ty="0" tz="0.4"/>
    <Custom2DField type="22" width="2" height="2" angle="90" ax="1" ay="0" az="0" tx="-0.4" ty="0.4" tz="0">
      29:0,29:0,29:0,
      29:0,9:4:32,29:0,
      29:0,29:0,29:0
    </Custom2DField>
    <Custom2DField type="22" width="2" height="2" angle="90" ax="1" ay="0" az="0" tx="0.4" ty="0.4" tz="0">
      29:0,29:0,29:0,
      29:0,9:4:32,29:0,
      29:0,29:0,29:0
    </Custom2DField>
  </Connectivity>
  <PhysicsAttributes inertiaTensor="0.351586,0,0,0,6.38051,0,0,0,6.29774" centerOfMass="4.1,-0.405,0.297175" mass="1" frictionType="0"/>
  <Bounding>
    <AABB minX="-0.2" minY="-1.04" minZ="-0.51" maxX="8.4" maxY="0.23" maxZ="1.10435"/>
  </Bounding>
  <GeometryBounding>
    <AABB minX="-0.2" minY="-1.04" minZ="-0.51" maxX="8.4" maxY="0.23" maxZ="1.08"/>
  </GeometryBounding>
</LEGOPrimitive>
