<?xml version="1.0" encoding="UTF-8" standalone="no" ?>
<LEGOPrimitive versionMajor="1" versionMinor="0">
  <Annotations>
    <Annotation platformid="200"/>
    <Annotation platformname="SYSTEM"/>
    <Annotation maingroupid="276"/>
    <Annotation maingroupname="CRAINS AND SCAFFOLD"/>
    <Annotation designname="EXHAUST PIPE (R)"/>
    <Annotation aliases="4467;70969"/>
  </Annotations>
  <Collision>
    <Box sX="1.24" sY="0.201807" sZ="0.201807" angle="45" ax="1" ay="0" az="0" tx="3.6" ty="-0.73999" tz="0.210379"/>
    <Box sX="0.19" sY="0.103137" sZ="0.103137" angle="98.42106" ax="0.357407" ay="0.862856" az="-0.357407" tx="0.8" ty="0" tz="-0.2"/>
    <Box sX="0.19" sY="0.103137" sZ="0.103137" angle="98.42106" ax="0.357407" ay="0.862856" az="-0.357407" tx="0" ty="0" tz="-0.2"/>
    <Box sX="0.23" sY="0.131421" sZ="0.131421" angle="98.42106" ax="0.357407" ay="0.862856" az="-0.357407" tx="0" ty="0" tz="-0.64"/>
    <Box sX="0.129999" sY="0.131421" sZ="0.131421" angle="98.42106" ax="0.357407" ay="0.862856" az="-0.357407" tx="0.801049" ty="0" tz="-0.539999"/>
    <Box sX="0.475442" sY="0.131421" sZ="0.131421" angle="98.42106" ax="0.357407" ay="-0.357407" az="-0.862856" tx="0.801049" ty="-0.255442" tz="-0.679999"/>
    <Box sX="0.301138" sY="0.131421" sZ="0.131421" angle="98.42106" ax="0.357407" ay="-0.357407" az="-0.862856" tx="0" ty="-0.081138" tz="-0.879999"/>
    <Box sX="0.431642" sY="0.131421" sZ="0.131421" angle="35.06529" ax="0.762352" ay="-0.54769" az="-0.344754" tx="0.452105" ty="-0.632429" tz="-0.811399"/>
    <Box sX="0.636153" sY="0.131421" sZ="0.131421" angle="61.67314" ax="0.693842" ay="-0.66531" az="0.275581" tx="1.23119" ty="-0.739733" tz="-0.281781"/>
    <Box sX="1.691" sY="0.131421" sZ="0.131421" angle="45" ax="1" ay="0" az="0" tx="3.6" ty="-0.73999" tz="0.210379"/>
    <Box sX="0.917571" sY="0.131421" sZ="0.131421" angle="56.74904" ax="0.766887" ay="0.59293" az="-0.245599" tx="6.056" ty="-0.73999" tz="-0.328473"/>
    <Box sX="0.834395" sY="0.131421" sZ="0.131421" angle="180" ax="0" ay="0.92388" az="-0.382683" tx="7.55561" ty="-0.73999" tz="-0.88"/>
  </Collision>
  <Connectivity>
    <Axel type="7" length="0.4" requireGrabbing="0" startCapped="0" endCapped="1" angle="120" ax="-0.57735" ay="0.57735" az="-0.57735" tx="0" ty="0" tz="0"/>
    <Axel type="7" length="0.4" requireGrabbing="0" startCapped="0" endCapped="1" angle="120" ax="-0.57735" ay="0.57735" az="-0.57735" tx="0.8" ty="0" tz="0"/>
    <Custom2DField type="22" width="2" height="2" angle="90" ax="-1" ay="0" az="0" tx="-0.4" ty="-0.4" tz="0">
      29:0,29:0,29:0,
      29:0,9:4:32,29:0,
      29:0,29:0,29:0
    </Custom2DField>
    <Custom2DField type="22" width="2" height="2" angle="90" ax="-1" ay="0" az="0" tx="0.4" ty="-0.4" tz="0">
      29:0,29:0,29:0,
      29:0,9:4:32,29:0,
      29:0,29:0,29:0
    </Custom2DField>
  </Connectivity>
  <PhysicsAttributes inertiaTensor="0.350052,0,0,0,6.37908,0,0,0,6.29764" centerOfMass="4.1,-0.404765,-0.294586" mass="1" frictionType="0"/>
  <Bounding>
    <AABB minX="-0.2" minY="-1.03953" minZ="-1.09909" maxX="8.4" maxY="0.23" maxZ="0.509919"/>
  </Bounding>
  <GeometryBounding>
    <AABB minX="-0.2" minY="-1.03953" minZ="-1.08" maxX="8.4" maxY="0.23" maxZ="0.509919"/>
  </GeometryBounding>
</LEGOPrimitive>
