<?xml version="1.0" encoding="UTF-8" standalone="no" ?>
<LEGOPrimitive versionMajor="1" versionMinor="0">
  <Annotations>
    <Annotation platformid="200"/>
    <Annotation platformname="SYSTEM"/>
    <Annotation maingroupid="276"/>
    <Annotation maingroupname="CRAINS AND SCAFFOLD"/>
    <Annotation designname="SLANTING STANDARD 2X4/2X2"/>
    <Annotation aliases="4476"/>
  </Annotations>
  <Collision>
    <Box sX="0.79" sY="0.79" sZ="0.065" angle="180" ax="0" ay="0.707107" az="-0.707107" tx="2.8" ty="4.725" tz="-0.4"/>
    <Box sX="1.59" sY="0.79" sZ="0.15" angle="180" ax="0" ay="0.707107" az="-0.707107" tx="1.2" ty="0.16" tz="-0.4"/>
    <Box sX="2.42614" sY="0.23" sZ="0.037329" angle="135.39801" ax="-0.41015" ay="0.644894" az="-0.644894" tx="1.24286" ty="2.42362" tz="-0.4"/>
    <Box sX="2.24497" sY="0.23" sZ="0.037329" angle="128.92703" ax="-0.477757" ay="0.621188" az="-0.621188" tx="2.70297" ty="2.45842" tz="-0.4"/>
    <Box sX="2.44663" sY="0.065" sZ="0.15" angle="134.77011" ax="-0.416566" ay="0.642835" az="-0.642835" tx="1.48221" ty="2.49691" tz="-0.4"/>
    <Box sX="2.26766" sY="0.065" sZ="0.15" angle="129.52478" ax="-0.471366" ay="0.623624" az="-0.623624" tx="2.51044" ty="2.43924" tz="-0.4"/>
    <Box sX="0.698602" sY="0.065" sZ="0.163556" angle="180" ax="-0.00216" ay="0.707104" az="-0.707106" tx="1.16032" ty="0.44498" tz="-0.4"/>
    <Box sX="0.549618" sY="0.065" sZ="0.089075" angle="180" ax="0" ay="-0.707108" az="0.707106" tx="1.77777" ty="1.93995" tz="-0.4"/>
    <Box sX="0.549618" sY="0.065" sZ="0.089245" angle="180" ax="-0.00216" ay="0.707104" az="-0.707106" tx="2.28242" ty="3.25003" tz="-0.4"/>
  </Collision>
  <Connectivity>
    <Custom2DField type="23" width="4" height="4" angle="0" ax="0" ay="1" az="0" tx="2" ty="4.8" tz="-1.2">
      18:1:1,23:4:1,18:2:1,23:4:1,18:1:1,
      23:4:1,1:4:1,23:4:1,1:4:1,23:4:1,
      18:2:1,23:4:1,18:4:1,23:4:1,18:2:1,
      23:4:1,1:4:1,23:4:1,1:4:1,23:4:1,
      18:1:1,23:4:1,18:2:1,23:4:1,18:1:1
    </Custom2DField>
    <Custom2DField type="22" width="8" height="4" angle="0" ax="0" ay="1" az="0" tx="-0.4" ty="0" tz="-1.2">
      22:1:1,22:2:1,22:2:1,22:2:1,22:2:1,22:2:1,22:2:1,22:2:1,22:1:1,
      22:2:1,15:4:1,23:4:1,15:4:1,23:4:1,15:4:1,23:4:1,15:4:1,22:2:1,
      22:2:1,23:4:1,7:4:1,23:4:1,7:4:1,23:4:1,7:4:1,23:4:1,22:2:1,
      22:2:1,15:4:1,23:4:1,15:4:1,23:4:1,15:4:1,23:4:1,15:4:1,22:2:1,
      22:1:1,22:2:1,22:2:1,22:2:1,22:2:1,22:2:1,22:2:1,22:2:1,22:1:1
    </Custom2DField>
  </Connectivity>
  <PhysicsAttributes inertiaTensor="2.27837,0,0,0,1.54667,0,0,0,3.39837" centerOfMass="1.6,2.489,-0.4" mass="1" frictionType="0"/>
  <Bounding>
    <AABB minX="-0.4" minY="0" minZ="-1.2" maxX="3.6" maxY="4.978" maxZ="0.4"/>
  </Bounding>
  <GeometryBounding>
    <AABB minX="-0.4" minY="0" minZ="-1.2" maxX="3.6" maxY="4.978" maxZ="0.4"/>
  </GeometryBounding>
</LEGOPrimitive>
