<?xml version="1.0" encoding="UTF-8" standalone="no" ?>
<LEGOPrimitive versionMajor="1" versionMinor="0">
  <Annotations>
    <Annotation platformid="200"/>
    <Annotation platformname="SYSTEM"/>
    <Annotation maingroupid="251"/>
    <Annotation maingroupname="FIGURE, SPECIAL"/>
    <Annotation designname="METAL DETECTOR"/>
    <Annotation aliases="4479"/>
  </Annotations>
  <Collision>
    <Box sX="0.38" sY="0.07" sZ="0.24" angle="0" ax="0" ay="1" az="0" tx="-0.69" ty="0.99" tz="0"/>
    <Box sX="0.11" sY="0.31" sZ="0.24" angle="0" ax="0" ay="1" az="0" tx="-0.96" ty="0.75" tz="0"/>
    <Box sX="0.38" sY="0.07" sZ="0.24" angle="0" ax="0" ay="1" az="0" tx="-0.69" ty="0.51" tz="0"/>
    <Box sX="0.5" sY="0.31" sZ="0.24" angle="0" ax="0" ay="1" az="0" tx="-0.01" ty="0.75" tz="0"/>
    <Box sX="0.106587" sY="0.230594" sZ="0.091473" angle="0" ax="0" ay="1" az="0" tx="0" ty="0.265257" tz="0"/>
    <Box sX="0.726274" sY="0.098011" sZ="0.102838" angle="0" ax="0" ay="1" az="0" tx="1.23373" ty="0.755022" tz="-0.004241"/>
    <Box sX="0.291318" sY="0.075" sZ="0.132612" angle="102.31064" ax="-0.419215" ay="0.805305" az="0.419215" tx="2.02743" ty="0.952115" tz="0"/>
    <Box sX="0.150972" sY="0.095" sZ="0.010288" angle="102.31064" ax="-0.419215" ay="0.805305" az="0.419215" tx="2.20448" ty="0.873709" tz="0"/>
    <Box sX="0.291318" sY="0.075" sZ="0.132612" angle="55" ax="0" ay="0" az="1" tx="2.201" ty="1.2" tz="-0.302611"/>
    <Box sX="0.291318" sY="0.075" sZ="0.132612" angle="180" ax="-0.461749" ay="0.887011" az="0" tx="2.201" ty="1.2" tz="0.302612"/>
    <Box sX="0.291318" sY="0.075" sZ="0.132612" angle="102.31064" ax="0.419215" ay="-0.805305" az="0.419215" tx="2.37457" ty="1.44788" tz="0"/>
    <Box sX="0.150972" sY="0.095" sZ="0.010288" angle="55" ax="0" ay="0" az="1" tx="2.35664" ty="1.09102" tz="-0.265288"/>
    <Box sX="0.150972" sY="0.095" sZ="0.010288" angle="180" ax="-0.461749" ay="0.887011" az="0" tx="2.35664" ty="1.09102" tz="0.265289"/>
    <Box sX="0.150972" sY="0.095" sZ="0.010288" angle="102.31064" ax="0.419215" ay="-0.805305" az="0.419215" tx="2.5088" ty="1.30833" tz="0"/>
  </Collision>
  <Connectivity>
    <Axel type="7" length="0.43" requireGrabbing="0" startCapped="0" endCapped="1" angle="90" ax="0" ay="1" az="0" tx="0" ty="0" tz="0"/>
    <Custom2DField type="23" width="2" height="2" angle="90" ax="0" ay="0" az="1" tx="-1.08" ty="0.35" tz="-0.4">
      29:0,29:0,29:0,
      29:0,1:4:32,29:0,
      29:0,29:0,29:0
    </Custom2DField>
    <Custom2DField type="23" width="2" height="2" angle="90" ax="-1" ay="0" az="0" tx="-1.08" ty="0.35" tz="-0.250027">
      29:0,29:0,29:0,
      29:0,1:4:36,29:0,
      29:0,29:0,29:0
    </Custom2DField>
    <Custom2DField type="23" width="2" height="2" angle="90" ax="1" ay="0" az="0" tx="-1.08" ty="1.15" tz="0.250027">
      29:0,29:0,29:0,
      29:0,1:4:36,29:0,
      29:0,29:0,29:0
    </Custom2DField>
    <Custom2DField type="23" width="2" height="2" angle="55" ax="0" ay="0" az="1" tx="1.90194" ty="0.921093" tz="-0.4">
      29:0,29:0,29:0,
      29:0,1:4:36,29:0,
      29:0,29:0,29:0
    </Custom2DField>
    <Axel type="6" length="0.5" grabbing="0" startCapped="0" endCapped="0" angle="120" ax="-0.57735" ay="0.57735" az="-0.57735" tx="-0.68" ty="0.75" tz="0.25"/>
    <Axel type="7" length="1" requireGrabbing="1" startCapped="1" endCapped="1" angle="120" ax="0.57735" ay="0.57735" az="-0.57735" tx="0.5" ty="0.75" tz="0"/>
    <Axel type="6" length="0.17" grabbing="0" startCapped="0" endCapped="0" angle="55" ax="0" ay="0" az="1" tx="2.27063" ty="1.15125" tz="0"/>
    <Custom2DField type="22" width="2" height="2" angle="55" ax="0" ay="0" az="1" tx="2.21322" ty="0.703134" tz="-0.4">
      29:0,29:0,29:0,
      29:0,5:4:32,29:0,
      29:0,29:0,29:0
    </Custom2DField>
    <Custom2DField type="22" width="2" height="2" angle="0" ax="0" ay="1" az="0" tx="-0.4" ty="0" tz="-0.4">
      29:0,29:0,29:0,
      29:0,9:4:32,29:0,
      29:0,29:0,29:0
    </Custom2DField>
  </Connectivity>
  <PhysicsAttributes inertiaTensor="0.341465,0,0,0,1.3618,0,0,0,1.50159" centerOfMass="0.686965,0.849644,0" mass="1" frictionType="0"/>
  <Bounding>
    <AABB minX="-1.258" minY="0" minZ="-0.55" maxX="2.63193" maxY="1.69929" maxZ="0.55"/>
  </Bounding>
  <GeometryBounding>
    <AABB minX="-1.258" minY="0" minZ="-0.55" maxX="2.63193" maxY="1.69929" maxZ="0.55"/>
  </GeometryBounding>
</LEGOPrimitive>
