<?xml version="1.0" encoding="UTF-8" standalone="no" ?>
<LEGOPrimitive versionMajor="1" versionMinor="0">
  <Annotations>
    <Annotation platformid="200"/>
    <Annotation platformname="SYSTEM"/>
    <Annotation maingroupid="268"/>
    <Annotation maingroupname="WHEEL BASE"/>
    <Annotation designname="BEARING ELEMENT 2X2, SINGLE"/>
    <Annotation aliases="4488"/>
  </Annotations>
  <Collision>
    <Box sX="0.79" sY="0.39" sZ="0.15" angle="180" ax="0" ay="0.707107" az="-0.707107" tx="0.4" ty="0.48" tz="-0.8"/>
    <Box sX="0.79" sY="0.389975" sZ="0.31" angle="180" ax="0" ay="0.707107" az="-0.707107" tx="0.4" ty="0.32" tz="2.5E-005"/>
    <Box sX="0.095" sY="0.095" sZ="0.29" angle="0" ax="0" ay="1" az="0" tx="0.4" ty="0.429958" tz="0.7"/>
  </Collision>
  <Connectivity>
    <Custom2DField type="23" width="4" height="4" angle="0" ax="0" ay="1" az="0" tx="-0.4" ty="0.64" tz="-1.2">
      18:1:1,23:4:1,18:2:1,23:4:1,18:1:1,
      23:4:1,0:4:1,23:4:1,0:4:1,23:4:1,
      18:2:1,23:4:1,18:4:1,23:4:1,18:2:1,
      23:4:1,0:4:1,23:4:1,0:4:1,23:4:1,
      18:1:1,23:4:1,18:2:1,23:4:1,18:1:1
    </Custom2DField>
    <Custom2DField type="22" width="4" height="2" angle="0" ax="0" ay="1" az="0" tx="-0.4" ty="0.32" tz="-1.2">
      22:1:1,22:2:1,22:2:1,22:2:1,22:1:1,
      22:2:1,15:4:1,9:4:1,15:4:1,22:2:1,
      22:2:1,22:2:1,22:2:1,22:2:1,22:2:1
    </Custom2DField>
    <Custom2DField type="22" width="4" height="2" angle="0" ax="0" ay="1" az="0" tx="-0.4" ty="0" tz="-0.4">
      22:1:1,22:2:1,22:2:1,22:2:1,22:1:1,
      22:2:1,15:4:1,9:4:1,15:4:1,22:2:1,
      22:1:1,22:2:1,22:2:1,22:2:1,22:1:1
    </Custom2DField>
    <Hinge type="87" oriented="0" angle="90" ax="1" ay="0" az="0" tx="0.4" ty="0.43" tz="0.71"/>
    <Axel type="7" length="0.42" requireGrabbing="1" startCapped="1" endCapped="1" angle="120" ax="0.57735" ay="-0.57735" az="-0.57735" tx="0.4" ty="0.429958" tz="0.5"/>
  </Connectivity>
  <PhysicsAttributes inertiaTensor="0.459094,0,0,0,0.616667,0,0,0,0.269094" centerOfMass="0.4,0.409,-0.1" mass="1" frictionType="0"/>
  <Bounding>
    <AABB minX="-0.4" minY="0" minZ="-1.2" maxX="1.2" maxY="0.818" maxZ="1"/>
  </Bounding>
  <GeometryBounding>
    <AABB minX="-0.4" minY="0" minZ="-1.2" maxX="1.2" maxY="0.818" maxZ="1"/>
  </GeometryBounding>
</LEGOPrimitive>
