<?xml version="1.0" encoding="UTF-8" standalone="no" ?>
<LEGOPrimitive versionMajor="1" versionMinor="0">
  <Annotations>
    <Annotation platformid="200"/>
    <Annotation platformname="SYSTEM"/>
    <Annotation maingroupid="267"/>
    <Annotation maingroupname="TYRES AND RIMS, SPECIAL"/>
    <Annotation designname="WHEEL WITH SPOKES Ø33.8"/>
    <Annotation aliases="4489"/>
  </Annotations>
  <Collision>
    <Box sX="0.319703" sY="0.137118" sZ="0.13" angle="11.24997" ax="0" ay="0" az="1" tx="-0.294665" ty="1.48139" tz="0.58"/>
    <Box sX="0.319703" sY="0.137118" sZ="0.13" angle="11.24997" ax="0" ay="0" az="-1" tx="0.294667" ty="1.48139" tz="0.58"/>
    <Box sX="0.319703" sY="0.137118" sZ="0.13" angle="33.75" ax="0" ay="0" az="-1" tx="0.839139" ty="1.25586" tz="0.58"/>
    <Box sX="0.319703" sY="0.137118" sZ="0.13" angle="56.25" ax="0" ay="0" az="-1" tx="1.25586" ty="0.839138" tz="0.58"/>
    <Box sX="0.319703" sY="0.137118" sZ="0.13" angle="78.74999" ax="0" ay="0" az="-1" tx="1.48139" ty="0.294665" tz="0.58"/>
    <Box sX="0.319703" sY="0.137118" sZ="0.13" angle="101.25" ax="0" ay="0" az="-1" tx="1.48139" ty="-0.294667" tz="0.58"/>
    <Box sX="0.319703" sY="0.137118" sZ="0.13" angle="123.74999" ax="0" ay="0" az="-1" tx="1.25586" ty="-0.839139" tz="0.58"/>
    <Box sX="0.319703" sY="0.137118" sZ="0.13" angle="146.25" ax="0" ay="0" az="-1" tx="0.839138" ty="-1.25586" tz="0.58"/>
    <Box sX="0.319703" sY="0.137118" sZ="0.13" angle="168.75003" ax="0" ay="0" az="-1" tx="0.294665" ty="-1.48139" tz="0.58"/>
    <Box sX="0.319703" sY="0.137118" sZ="0.13" angle="168.75003" ax="0" ay="0" az="1" tx="-0.294667" ty="-1.48139" tz="0.58"/>
    <Box sX="0.319703" sY="0.137118" sZ="0.13" angle="146.25" ax="0" ay="0" az="1" tx="-0.839139" ty="-1.25586" tz="0.58"/>
    <Box sX="0.319703" sY="0.137118" sZ="0.13" angle="123.74999" ax="0" ay="0" az="1" tx="-1.25586" ty="-0.839138" tz="0.58"/>
    <Box sX="0.319703" sY="0.137118" sZ="0.13" angle="101.25" ax="0" ay="0" az="1" tx="-1.48139" ty="-0.294665" tz="0.58"/>
    <Box sX="0.319703" sY="0.137118" sZ="0.13" angle="78.74999" ax="0" ay="0" az="1" tx="-1.48139" ty="0.294667" tz="0.58"/>
    <Box sX="0.319703" sY="0.137118" sZ="0.13" angle="56.25" ax="0" ay="0" az="1" tx="-1.25586" ty="0.839139" tz="0.58"/>
    <Box sX="0.319703" sY="0.137118" sZ="0.13" angle="33.75" ax="0" ay="0" az="1" tx="-0.839138" ty="1.25586" tz="0.58"/>
    <Box sX="0.141731" sY="0.041424" sZ="0.213803" angle="0" ax="0" ay="1" az="0" tx="0.000125" ty="0.310325" tz="0.376198"/>
    <Box sX="0.103775" sY="0.047405" sZ="0.19" angle="0" ax="0" ay="1" az="0" tx="0" ty="0.217405" tz="0.2"/>
    <Box sX="0.141731" sY="0.041424" sZ="0.213803" angle="45" ax="0" ay="0" az="1" tx="-0.219345" ty="0.219522" tz="0.376198"/>
    <Box sX="0.103775" sY="0.047405" sZ="0.19" angle="45" ax="0" ay="0" az="1" tx="-0.153728" ty="0.153728" tz="0.2"/>
    <Box sX="0.141731" sY="0.041424" sZ="0.213803" angle="90" ax="0" ay="0" az="1" tx="-0.310325" ty="0.000125" tz="0.376198"/>
    <Box sX="0.103775" sY="0.047405" sZ="0.19" angle="90" ax="0" ay="0" az="1" tx="-0.217405" ty="0" tz="0.2"/>
    <Box sX="0.141731" sY="0.041424" sZ="0.213803" angle="135" ax="0" ay="0" az="1" tx="-0.219522" ty="-0.219345" tz="0.376198"/>
    <Box sX="0.103775" sY="0.047405" sZ="0.19" angle="135" ax="0" ay="0" az="1" tx="-0.153728" ty="-0.153728" tz="0.2"/>
    <Box sX="0.141731" sY="0.041424" sZ="0.213803" angle="180" ax="0" ay="0" az="1" tx="-0.000125" ty="-0.310325" tz="0.376198"/>
    <Box sX="0.103775" sY="0.047405" sZ="0.19" angle="180" ax="0" ay="0" az="1" tx="0" ty="-0.217405" tz="0.2"/>
    <Box sX="0.141731" sY="0.041424" sZ="0.213803" angle="135" ax="0" ay="0" az="-1" tx="0.219345" ty="-0.219522" tz="0.376198"/>
    <Box sX="0.103775" sY="0.047405" sZ="0.19" angle="135" ax="0" ay="0" az="-1" tx="0.153728" ty="-0.153728" tz="0.2"/>
    <Box sX="0.141731" sY="0.041424" sZ="0.213803" angle="90" ax="0" ay="0" az="-1" tx="0.310325" ty="-0.000125" tz="0.376198"/>
    <Box sX="0.103775" sY="0.047405" sZ="0.19" angle="90" ax="0" ay="0" az="-1" tx="0.217405" ty="0" tz="0.2"/>
    <Box sX="0.141731" sY="0.041424" sZ="0.213803" angle="45" ax="0" ay="0" az="-1" tx="0.219522" ty="0.219345" tz="0.376198"/>
    <Box sX="0.103775" sY="0.047405" sZ="0.19" angle="45" ax="0" ay="0" az="-1" tx="0.153728" ty="0.153728" tz="0.2"/>
    <Box sX="0.09" sY="0.539496" sZ="0.067244" angle="12.69" ax="1" ay="0" az="0" tx="0" ty="0.896947" tz="0.488123"/>
    <Box sX="0.09" sY="0.539496" sZ="0.067244" angle="46.66545" ax="0.257789" ay="0.10678" az="0.960283" tx="-0.634237" ty="0.634237" tz="0.488123"/>
    <Box sX="0.09" sY="0.539496" sZ="0.067244" angle="90.6998" ax="0.109846" ay="0.109846" az="0.98786" tx="-0.896947" ty="0" tz="0.488123"/>
    <Box sX="0.09" sY="0.539496" sZ="0.067244" angle="135.29059" ax="0.045729" ay="0.110399" az="0.992835" tx="-0.634237" ty="-0.634237" tz="0.488123"/>
    <Box sX="0.09" sY="0.539496" sZ="0.067244" angle="180" ax="0" ay="0.110515" az="0.993875" tx="0" ty="-0.896947" tz="0.488123"/>
    <Box sX="0.09" sY="0.539496" sZ="0.067244" angle="135.29059" ax="0.045729" ay="-0.110399" az="-0.992835" tx="0.634237" ty="-0.634237" tz="0.488123"/>
    <Box sX="0.09" sY="0.539496" sZ="0.067244" angle="90.6998" ax="0.109846" ay="-0.109846" az="-0.98786" tx="0.896947" ty="0" tz="0.488123"/>
    <Box sX="0.09" sY="0.539496" sZ="0.067244" angle="46.66545" ax="0.257789" ay="-0.10678" az="-0.960283" tx="0.634237" ty="0.634237" tz="0.488123"/>
    <Box sX="0.09" sY="0.539496" sZ="0.067244" angle="12.69" ax="1" ay="0" az="0" tx="0" ty="0.896947" tz="0.488123"/>
    <Box sX="0.09" sY="0.539496" sZ="0.067244" angle="12.69" ax="1" ay="0" az="0" tx="0" ty="0.896947" tz="0.488123"/>
  </Collision>
  <Connectivity>
    <Hinge type="86" oriented="0" angle="120" ax="0.57735" ay="-0.57735" az="-0.57735" tx="0" ty="0" tz="0.2"/>
  </Connectivity>
  <PhysicsAttributes inertiaTensor="1.00404,0,0,0,1.00404,0,0,0,1.90407" centerOfMass="0,0,0.395" mass="1" frictionType="0"/>
  <Bounding>
    <AABB minX="-1.69" minY="-1.69" minZ="0" maxX="1.69" maxY="1.69" maxZ="0.79"/>
  </Bounding>
  <GeometryBounding>
    <AABB minX="-1.69" minY="-1.69" minZ="0" maxX="1.69" maxY="1.69" maxZ="0.79"/>
  </GeometryBounding>
</LEGOPrimitive>
