<?xml version="1.0" encoding="UTF-8" standalone="no" ?>
<LEGOPrimitive versionMajor="1" versionMinor="0">
  <Annotations>
    <Annotation platformid="200"/>
    <Annotation platformname="SYSTEM"/>
    <Annotation maingroupid="207"/>
    <Annotation maingroupname="BRICKS WITH BOWS"/>
    <Annotation designname="BRICK W. BOW 1X3"/>
    <Annotation aliases="4490"/>
  </Annotations>
  <Collision>
    <Box sX="0.391546" sY="0.065" sZ="0.085797" angle="148.60028" ax="-0.281085" ay="0.678598" az="-0.678598" tx="0.437689" ty="0.597669" tz="-0.325"/>
    <Box sX="0.391546" sY="0.0675" sZ="0.085797" angle="148.60028" ax="-0.281085" ay="0.678598" az="-0.678598" tx="0.437689" ty="0.597669" tz="0.3225"/>
    <Box sX="0.391546" sY="0.065" sZ="0.085797" angle="98.42105" ax="-0.862856" ay="0.357407" az="-0.357407" tx="1.15507" ty="0.601186" tz="-0.325"/>
    <Box sX="0.391546" sY="0.0675" sZ="0.085797" angle="98.42105" ax="-0.862856" ay="0.357407" az="-0.357407" tx="1.15507" ty="0.601186" tz="0.3225"/>
    <Box sX="0.39" sY="0.47" sZ="0.39" angle="0" ax="0" ay="1" az="0" tx="0" ty="0.48" tz="0"/>
    <Box sX="0.39" sY="0.47" sZ="0.39" angle="0" ax="0" ay="1" az="0" tx="1.6" ty="0.48" tz="0"/>
    <Box sX="1.19" sY="0.14" sZ="0.39" angle="0" ax="0" ay="1" az="0" tx="0.8" ty="0.81" tz="0"/>
  </Collision>
  <Connectivity>
    <Custom2DField type="23" width="6" height="2" angle="0" ax="0" ay="1" az="0" tx="-0.4" ty="0.96" tz="-0.4">
      18:1:1,23:4:1,18:2:1,23:4:1,18:2:1,23:4:1,18:1:1,
      23:4:1,0:4:1,23:4:1,0:4:1,23:4:1,0:4:1,23:4:1,
      18:1:1,23:4:1,18:2:1,23:4:1,18:2:1,23:4:1,18:1:1
    </Custom2DField>
    <Custom2DField type="22" width="6" height="2" angle="0" ax="0" ay="1" az="0" tx="-0.4" ty="0" tz="-0.4">
      22:1:1,22:2:1,22:1:1,29:0:1,22:1:1,22:2:1,22:1:1,
      22:2:1,15:4:1,22:2:1,29:0:1,22:2:1,15:4:1,22:2:1,
      22:1:1,22:2:1,22:1:1,29:0:1,22:1:1,22:2:1,22:1:1
    </Custom2DField>
  </Connectivity>
  <PhysicsAttributes inertiaTensor="0.161254,0,0,0,0.533333,0,0,0,0.58792" centerOfMass="0.8,0.569,0" mass="1" frictionType="0"/>
  <Bounding>
    <AABB minX="-0.4" minY="0" minZ="-0.4" maxX="2" maxY="1.138" maxZ="0.4"/>
  </Bounding>
  <GeometryBounding>
    <AABB minX="-0.4" minY="0" minZ="-0.4" maxX="2" maxY="1.138" maxZ="0.4"/>
  </GeometryBounding>
</LEGOPrimitive>
