<?xml version="1.0" encoding="UTF-8" standalone="no" ?>
<LEGOPrimitive versionMajor="1" versionMinor="0">
  <Annotations>
    <Annotation platformid="200"/>
    <Annotation platformname="SYSTEM"/>
    <Annotation maingroupid="299"/>
    <Annotation maingroupname="LOOSE PARTS"/>
    <Annotation designname="HORSE, HEAD"/>
    <Annotation aliases="4492"/>
  </Annotations>
  <Collision>
    <Box sX="0.048646" sY="0.289138" sZ="0.239146" angle="10.59741" ax="0" ay="0" az="-1" tx="1.3499" ty="2.57271" tz="-0.003188"/>
    <Box sX="0.794514" sY="0.317982" sZ="0.315238" angle="14.74233" ax="0" ay="0" az="-1" tx="0.127583" ty="0.532909" tz="0"/>
    <Box sX="0.957761" sY="0.404315" sZ="0.296991" angle="40.19014" ax="0" ay="0" az="-1" tx="1.48353" ty="1.47559" tz="0"/>
    <Box sX="0.552272" sY="1.08848" sZ="0.25484" angle="47.14843" ax="0" ay="0" az="-1" tx="0.680247" ty="1.43158" tz="0"/>
    <Box sX="0.692524" sY="0.383411" sZ="0.315238" angle="0" ax="0" ay="1" az="0" tx="-0.031869" ty="0.003765" tz="0"/>
    <Box sX="0.587868" sY="0.494334" sZ="0.315238" angle="29.88506" ax="0" ay="0" az="-1" tx="0.021367" ty="-0.003938" tz="0"/>
  </Collision>
  <Connectivity>
    <Fixed type="59" axes="2" angle="0" ax="0" ay="0" az="1" tx="1.2" ty="1.92" tz="0"/>
    <Hinge type="99" oriented="1" angle="90" ax="-1" ay="0" az="0" tx="0" ty="0" tz="0"/>
  </Connectivity>
  <PhysicsAttributes inertiaTensor="1.20571,0,0,0,0.947125,0,0,0,2.04617" centerOfMass="0.838595,1.05936,0" mass="1" frictionType="0"/>
  <Decoration faces="3" subMaterialRedirectLookupTable="0,0,0"/>
  <Bounding>
    <AABB minX="-0.798895" minY="-0.799972" minZ="-0.4" maxX="2.47609" maxY="2.9187" maxZ="0.4"/>
  </Bounding>
  <GeometryBounding>
    <AABB minX="-0.798895" minY="-0.799972" minZ="-0.4" maxX="2.46804" maxY="2.9187" maxZ="0.4"/>
  </GeometryBounding>
</LEGOPrimitive>
