<?xml version="1.0" encoding="UTF-8" standalone="no" ?>
<LEGOPrimitive versionMajor="1" versionMinor="0">
  <Annotations>
    <Annotation platformid="200"/>
    <Annotation platformname="SYSTEM"/>
    <Annotation maingroupid="299"/>
    <Annotation maingroupname="LOOSE PARTS"/>
    <Annotation designname="HORSE, LEFT SHALL"/>
    <Annotation aliases="4493"/>
  </Annotations>
  <Collision>
    <Box sX="0.381986" sY="0.15" sZ="0.39" angle="0" ax="0" ay="1" az="0" tx="0.008015" ty="0.16" tz="0"/>
    <Box sX="0.326255" sY="0.577873" sZ="0.39" angle="0" ax="0" ay="1" az="0" tx="-0.863745" ty="0.587873" tz="-0.8"/>
    <Box sX="0.39" sY="0.15" sZ="0.39" angle="0" ax="0" ay="1" az="0" tx="-0.8" ty="0.16" tz="-0.8"/>
    <Box sX="0.39" sY="0.15" sZ="0.39" angle="0" ax="0" ay="1" az="0" tx="2.4" ty="0.16" tz="0"/>
    <Box sX="0.39" sY="0.15" sZ="0.39" angle="0" ax="0" ay="1" az="0" tx="3.2" ty="0.16" tz="-0.8"/>
    <Box sX="0.684824" sY="0.83819" sZ="0.79" angle="0" ax="0" ay="1" az="0" tx="0.227369" ty="2.72181" tz="-0.4"/>
    <Box sX="0.315756" sY="1.58474" sZ="0.39" angle="10.78646" ax="0" ay="0" az="1" tx="-0.362425" ty="1.62753" tz="0"/>
    <Box sX="0.321913" sY="1.0638" sZ="0.39" angle="14.00001" ax="0" ay="0" az="1" tx="2.86228" ty="1.1222" tz="-0.8"/>
    <Box sX="0.373328" sY="1.064" sZ="0.39" angle="18.49654" ax="0" ay="0" az="-1" tx="-0.486066" ty="2.07265" tz="-0.8"/>
    <Box sX="0.282056" sY="1.09006" sZ="0.39" angle="7.70523" ax="0" ay="0" az="-1" tx="2.45892" ty="1.21365" tz="0"/>
    <Box sX="1.89337" sY="0.199414" sZ="0.79" angle="0" ax="0" ay="1" az="0" tx="1.05285" ty="2.08303" tz="-0.4"/>
    <Box sX="0.477429" sY="0.471721" sZ="0.79" angle="28.65088" ax="0" ay="0" az="-1" tx="-0.441691" ty="2.83884" tz="-0.4"/>
    <Box sX="0.493682" sY="0.598351" sZ="0.19" angle="0" ax="0" ay="1" az="0" tx="2.25368" ty="2.80082" tz="0.2"/>
    <Box sX="0.494932" sY="0.596358" sZ="0.19" angle="0" ax="0" ay="1" az="0" tx="2.25493" ty="2.79882" tz="-1"/>
    <Box sX="0.074353" sY="0.83819" sZ="0.79" angle="0" ax="0" ay="1" az="0" tx="1.83435" ty="2.72181" tz="-0.4"/>
    <Box sX="0.515951" sY="0.537452" sZ="0.070174" angle="45" ax="0" ay="0" az="1" tx="2.67262" ty="3.05425" tz="0.080174"/>
    <Box sX="0.515155" sY="0.537889" sZ="0.070784" angle="45" ax="0" ay="0" az="1" tx="2.67262" ty="3.05425" tz="-0.880784"/>
    <Box sX="0.324531" sY="0.752054" sZ="0.109791" angle="33.60775" ax="0" ay="0" az="-1" tx="-1.32408" ty="2.55248" tz="-0.4"/>
  </Collision>
  <Connectivity>
    <Custom2DField type="23" width="2" height="4" angle="0" ax="0" ay="1" az="0" tx="0.950193" ty="2.29" tz="-1.2">
      29:0:1,23:4:1,29:0:1,
      23:4:1,1:4:1,23:4:1,
      29:0:1,23:4:1,29:0:1,
      23:4:1,1:4:1,23:4:1,
      29:0:1,23:4:1,29:0:1
    </Custom2DField>
    <Custom2DField type="22" width="12" height="4" angle="0" ax="0" ay="1" az="0" tx="-1.2" ty="0" tz="-1.2">
      22:1:1,22:2:1,22:1:1,29:0:1,29:0:1,29:0:1,29:0:1,29:0:1,29:0:1,29:0:1,22:1:1,22:2:1,22:1:1,
      22:2:1,15:4:1,22:2:1,29:0:1,29:0:1,29:0:1,29:0:1,29:0:1,29:0:1,29:0:1,22:2:1,15:4:1,22:2:1,
      22:1:1,22:2:1,22:2:1,22:2:1,22:1:1,29:0:1,29:0:1,29:0:1,22:1:1,22:2:1,22:2:1,22:2:1,22:1:1,
      29:0:1,29:0:1,22:2:1,15:4:1,22:2:1,29:0:1,29:0:1,29:0:1,22:2:1,15:4:1,22:2:1,29:0:1,29:0:1,
      29:0:1,29:0:1,22:1:1,22:2:1,22:1:1,29:0:1,29:0:1,29:0:1,22:1:1,22:2:1,22:1:1,29:0:1,29:0:1
    </Custom2DField>
    <Hinge type="98" oriented="1" angle="180" ax="0" ay="-0.707107" az="0.707107" tx="2.702" ty="3.102" tz="-0.4"/>
  </Connectivity>
  <PhysicsAttributes inertiaTensor="1.46623,0,0,0,2.88132,0,0,0,3.92088" centerOfMass="0.770877,1.93873,-0.4" mass="1" frictionType="0"/>
  <Bounding>
    <AABB minX="-2.05825" minY="0" minZ="-1.2" maxX="3.6" maxY="3.87746" maxZ="0.4"/>
  </Bounding>
  <GeometryBounding>
    <AABB minX="-2.05825" minY="0" minZ="-1.2" maxX="3.6" maxY="3.87746" maxZ="0.4"/>
  </GeometryBounding>
</LEGOPrimitive>
