<?xml version="1.0" encoding="UTF-8" standalone="no" ?>
<LEGOPrimitive versionMajor="1" versionMinor="0">
  <Annotations>
    <Annotation platformid="200"/>
    <Annotation platformname="SYSTEM"/>
    <Annotation maingroupid="251"/>
    <Annotation maingroupname="FIGURE, SPECIAL"/>
    <Annotation designname="PITCHFORK"/>
    <Annotation aliases="4496"/>
  </Annotations>
  <Collision>
    <Box sX="0.1" sY="1.50072" sZ="0.1" angle="0" ax="0" ay="1" az="0" tx="0" ty="1.56192" tz="0"/>
    <Box sX="0.056462" sY="0.219988" sZ="0.034872" angle="34.47412" ax="1" ay="0" az="0" tx="0" ty="5.21488" tz="0.106678"/>
    <Box sX="0.07494" sY="0.612897" sZ="0.068027" angle="0" ax="0" ay="1" az="0" tx="0.507187" ty="4.38656" tz="0.011331"/>
    <Box sX="0.056715" sY="0.219988" sZ="0.035125" angle="34.47411" ax="1" ay="0" az="0" tx="-0.51" ty="5.21488" tz="0.106678"/>
    <Box sX="0.402585" sY="0.07" sZ="0.064367" angle="0" ax="0" ay="1" az="0" tx="8.3E-005" ty="4.63408" tz="0"/>
    <Box sX="0.056715" sY="0.219988" sZ="0.035125" angle="34.47411" ax="1" ay="0" az="0" tx="0.51" ty="5.21488" tz="0.106678"/>
    <Box sX="0.402585" sY="0.07" sZ="0.064367" angle="0" ax="0" ay="1" az="0" tx="8.3E-005" ty="4.23908" tz="0"/>
    <Box sX="0.402585" sY="0.07" sZ="0.064367" angle="0" ax="0" ay="1" az="0" tx="8.3E-005" ty="3.84408" tz="0"/>
    <Box sX="0.07494" sY="0.612897" sZ="0.068027" angle="0" ax="0" ay="1" az="0" tx="0.00014" ty="4.38656" tz="0.011331"/>
    <Box sX="0.07494" sY="0.612897" sZ="0.068027" angle="0" ax="0" ay="1" az="0" tx="-0.506907" ty="4.38656" tz="0.011331"/>
    <Box sX="0.078827" sY="0.341037" sZ="0.080221" angle="0" ax="0" ay="1" az="0" tx="0" ty="3.3607" tz="0"/>
    <Box sX="0.135544" sY="0.07" sZ="0.064367" angle="135.48579" ax="0" ay="0" az="1" tx="-0.17145" ty="3.7391" tz="0"/>
    <Box sX="0.135544" sY="0.07" sZ="0.064367" angle="180" ax="0.925494" ay="0.378763" az="0" tx="0.17145" ty="3.7391" tz="0"/>
  </Collision>
  <Connectivity>
    <Axel type="7" length="2.90121" requireGrabbing="0" startCapped="0" endCapped="0" angle="90" ax="0" ay="1" az="0" tx="0" ty="0.16" tz="0"/>
  </Connectivity>
  <PhysicsAttributes inertiaTensor="2.51553,0,0,0,0.150793,0,0,0,2.63292" centerOfMass="5.1E-005,2.73797,0.063835" mass="1" frictionType="0"/>
  <Bounding>
    <AABB minX="-0.634201" minY="0" minZ="-0.16" maxX="0.634303" maxY="5.47595" maxZ="0.287671"/>
  </Bounding>
  <GeometryBounding>
    <AABB minX="-0.632067" minY="0" minZ="-0.16" maxX="0.63217" maxY="5.47595" maxZ="0.28767"/>
  </GeometryBounding>
</LEGOPrimitive>
