<?xml version="1.0" encoding="UTF-8" standalone="no" ?>
<LEGOPrimitive versionMajor="1" versionMinor="0">
  <Annotations>
    <Annotation platformid="200"/>
    <Annotation platformname="SYSTEM"/>
    <Annotation maingroupid="247"/>
    <Annotation maingroupname="FIGURE, WEAPONS"/>
    <Annotation designname="SPEAR"/>
    <Annotation aliases="4497;93789;95066"/>
  </Annotations>
  <Collision>
    <Box sX="0.240962" sY="0.80761" sZ="0.069212" angle="0" ax="0" ay="1" az="0" tx="0" ty="4.82144" tz="-1.8E-005"/>
    <Box sX="0.0975" sY="0.0975" sZ="2.0373" angle="90" ax="1" ay="0" az="0" tx="0" ty="1.95653" tz="0"/>
    <Box sX="0.0975" sY="0.0975" sZ="2.0373" angle="98.42106" ax="0.862856" ay="-0.357407" az="0.357407" tx="0" ty="1.95653" tz="0"/>
  </Collision>
  <Connectivity>
    <Axel type="7" length="3.72467" requireGrabbing="0" startCapped="0" endCapped="0" angle="90" ax="0" ay="1" az="0" tx="0" ty="0" tz="0"/>
  </Connectivity>
  <PhysicsAttributes inertiaTensor="2.81533,0,0,0,0.037356,0,0,0,2.83562" centerOfMass="0.000204,2.74179,0" mass="1" frictionType="0"/>
  <Bounding>
    <AABB minX="-0.293845" minY="-0.16" minZ="-0.160018" maxX="0.294254" maxY="5.64359" maxZ="0.16"/>
  </Bounding>
  <GeometryBounding>
    <AABB minX="-0.293845" minY="-0.16" minZ="-0.16" maxX="0.293845" maxY="5.641" maxZ="0.16"/>
  </GeometryBounding>
</LEGOPrimitive>
