<?xml version="1.0" encoding="UTF-8" standalone="no" ?>
<LEGOPrimitive versionMajor="1" versionMinor="0">
  <Annotations>
    <Annotation platformid="200"/>
    <Annotation platformname="SYSTEM"/>
    <Annotation maingroupid="244"/>
    <Annotation maingroupname="FIGURE, HEAD CLOTHING"/>
    <Annotation designname="MINI TOURNAMENT HELMET"/>
    <Annotation aliases="4503;59858"/>
  </Annotations>
  <Collision>
    <Box sX="0.487245" sY="0.183422" sZ="0.354091" angle="0" ax="0" ay="1" az="0" tx="-0.013645" ty="0.197203" tz="0.131568"/>
    <Box sX="0.335137" sY="0.063181" sZ="0.455756" angle="90" ax="1" ay="0" az="0" tx="0.002428" ty="-0.53746" tz="0.594779"/>
    <Box sX="0.387634" sY="0.035121" sZ="0.40729" angle="104.47751" ax="0.774597" ay="-0.447214" az="0.447214" tx="-0.486928" ty="-0.532178" tz="0.281128"/>
    <Box sX="0.205387" sY="0.035121" sZ="0.40729" angle="90" ax="1" ay="0" az="0" tx="0.002428" ty="-0.563897" tz="-0.688379"/>
    <Box sX="0.08" sY="0.212399" sZ="0.125311" angle="90" ax="0" ay="1" az="0" tx="0.22531" ty="0.223048" tz="-0.322523"/>
    <Box sX="0.08" sY="0.212399" sZ="0.138956" angle="90" ax="0" ay="-1" az="0" tx="-0.238956" ty="0.223048" tz="-0.322523"/>
    <Box sX="0.289264" sY="0.212399" sZ="0.091643" angle="180" ax="0" ay="1" az="0" tx="0" ty="0.223048" tz="-0.514166"/>
    <Box sX="0.387634" sY="0.035121" sZ="0.40729" angle="145.22456" ax="0.313146" ay="-0.671543" az="0.671543" tx="-0.430713" ty="-0.532178" tz="-0.361411"/>
    <Box sX="0.387634" sY="0.035121" sZ="0.40729" angle="104.47751" ax="0.774597" ay="0.447214" az="-0.447214" tx="0.486928" ty="-0.532178" tz="0.281128"/>
    <Box sX="0.387634" sY="0.035121" sZ="0.40729" angle="145.22456" ax="0.313146" ay="0.671543" az="-0.671543" tx="0.430713" ty="-0.532178" tz="-0.361412"/>
  </Collision>
  <Connectivity>
    <Axel type="14" length="0.46" grabbing="0" startCapped="0" endCapped="0" angle="90" ax="0" ay="1" az="0" tx="0" ty="0" tz="-0.322523"/>
    <Custom2DField type="22" width="2" height="2" angle="0" ax="0" ay="1" az="0" tx="-0.4" ty="0" tz="-0.4">
      29:0,29:0,29:0,
      29:0,15:4:33,29:0,
      29:0,29:0,29:0
    </Custom2DField>
  </Connectivity>
  <PhysicsAttributes inertiaTensor="0.422382,0,0,0,0.403889,0,0,0,0.371184" centerOfMass="0,-0.304536,-0.031903" mass="1" frictionType="0"/>
  <Bounding>
    <AABB minX="-0.727348" minY="-1.06907" minZ="-0.858118" maxX="0.727348" maxY="0.46" maxZ="0.794313"/>
  </Bounding>
  <GeometryBounding>
    <AABB minX="-0.727348" minY="-1.06907" minZ="-0.858118" maxX="0.727348" maxY="0.459821" maxZ="0.794313"/>
  </GeometryBounding>
</LEGOPrimitive>
