<?xml version="1.0" encoding="UTF-8" standalone="no" ?>
<LEGOPrimitive versionMajor="1" versionMinor="0">
  <Annotations>
    <Annotation platformid="200"/>
    <Annotation platformname="SYSTEM"/>
    <Annotation maingroupid="244"/>
    <Annotation maingroupname="FIGURE, HEAD CLOTHING"/>
    <Annotation designname="FARMER&apos;S CAP"/>
    <Annotation aliases="4505"/>
  </Annotations>
  <Collision>
    <Box sX="0.378227" sY="0.096663" sZ="0.49" angle="0" ax="0" ay="1" az="0" tx="0" ty="0.106698" tz="0"/>
    <Box sX="0.006514" sY="0.44891" sZ="0.436396" angle="9.61227" ax="0" ay="-1" az="0" tx="-0.515943" ty="-0.45056" tz="-0.133553"/>
    <Box sX="0.005663" sY="0.44891" sZ="0.436396" angle="170.78764" ax="0" ay="-1" az="0" tx="0.515983" ty="-0.436092" tz="-0.130039"/>
    <Box sX="0.149082" sY="0.726621" sZ="0.069939" angle="0" ax="0" ay="1" az="0" tx="0.02587" ty="-0.434511" tz="-0.759581"/>
  </Collision>
  <Connectivity>
    <Custom2DField type="22" width="2" height="2" angle="0" ax="0" ay="1" az="0" tx="-0.4" ty="-0.087349" tz="-0.4">
      29:0,29:0,29:0,
      29:0,15:4:34,29:0,
      29:0,29:0,29:0
    </Custom2DField>
  </Connectivity>
  <PhysicsAttributes inertiaTensor="0.413641,0,0,0,0.323996,0,0,0,0.347922" centerOfMass="0.013227,-0.408379,-0.146223" mass="1" frictionType="0"/>
  <Bounding>
    <AABB minX="-0.609199" minY="-1.21853" minZ="-0.910798" maxX="0.635654" maxY="0.401776" maxZ="0.618352"/>
  </Bounding>
  <GeometryBounding>
    <AABB minX="-0.609199" minY="-1.21853" minZ="-0.910798" maxX="0.635654" maxY="0.401776" maxZ="0.618352"/>
  </GeometryBounding>
</LEGOPrimitive>
