<?xml version="1.0" encoding="UTF-8" standalone="no" ?>
<LEGOPrimitive versionMajor="1" versionMinor="0">
  <Annotations>
    <Annotation platformid="200"/>
    <Annotation platformname="SYSTEM"/>
    <Annotation maingroupid="250"/>
    <Annotation maingroupname="FIGURE, THEME"/>
    <Annotation designname="HUNTER&apos;S HAT"/>
    <Annotation aliases="4506;88489"/>
  </Annotations>
  <Collision>
    <Box sX="0.283315" sY="0.189368" sZ="0.030472" angle="0" ax="0" ay="1" az="0" tx="0" ty="-0.044833" tz="-0.586204"/>
    <Box sX="0.283314" sY="0.165004" sZ="0.030472" angle="45" ax="0" ay="1" az="0" tx="-0.414509" ty="-0.063311" tz="-0.414509"/>
    <Box sX="0.283315" sY="0.133904" sZ="0.030472" angle="90" ax="0" ay="1" az="0" tx="-0.586204" ty="-0.08749" tz="0"/>
    <Box sX="0.283314" sY="0.122522" sZ="0.030472" angle="135" ax="0" ay="1" az="0" tx="-0.414509" ty="-0.082366" tz="0.414509"/>
    <Box sX="0.238729" sY="0.111817" sZ="0.224973" angle="180" ax="0" ay="0.999675" az="-0.025501" tx="0" ty="-0.07162" tz="0.759537"/>
    <Box sX="0.283315" sY="0.122522" sZ="0.044409" angle="135" ax="0" ay="-1" az="0" tx="0.404307" ty="-0.075957" tz="0.404307"/>
    <Box sX="0.283315" sY="0.133904" sZ="0.030472" angle="90" ax="0" ay="-1" az="0" tx="0.586204" ty="-0.062333" tz="0"/>
    <Box sX="0.283314" sY="0.165004" sZ="0.030472" angle="45" ax="0" ay="-1" az="0" tx="0.414509" ty="-0.05776" tz="-0.414509"/>
    <Box sX="0.339821" sY="0.205289" sZ="0.447999" angle="0" ax="0" ay="1" az="0" tx="0.124386" ty="0.222494" tz="0.001799"/>
    <Box sX="0.08711" sY="0.133604" sZ="0.013451" angle="90" ax="0" ay="1" az="0" tx="-0.570849" ty="0.056396" tz="-0.191767"/>
    <Box sX="0.08711" sY="0.089699" sZ="0.013451" angle="180" ax="0" ay="1" az="0" tx="-0.465536" ty="0.100301" tz="-0.086455"/>
    <Box sX="0.08711" sY="0.087103" sZ="0.013451" angle="90" ax="0" ay="-1" az="0" tx="-0.360224" ty="0.102897" tz="-0.191767"/>
    <Box sX="0.08711" sY="0.089699" sZ="0.013451" angle="0" ax="0" ay="1" az="0" tx="-0.465536" ty="0.100301" tz="-0.29708"/>
  </Collision>
  <Connectivity>
    <Custom2DField type="22" width="2" height="2" angle="0" ax="0" ay="1" az="0" tx="-0.4" ty="0" tz="-0.4">
      29:0,29:0,29:0,
      29:0,15:4:33,29:0,
      29:0,29:0,29:0
    </Custom2DField>
    <Axel type="14" length="0.22" grabbing="0" startCapped="0" endCapped="1" angle="180" ax="-0.707107" ay="0" az="-0.707107" tx="-0.465536" ty="0.2" tz="-0.191767"/>
  </Connectivity>
  <PhysicsAttributes inertiaTensor="0.327502,0,0,0,0.423313,0,0,0,0.188582" centerOfMass="0.00409,0.123856,0.159603" mass="1" frictionType="0"/>
  <Bounding>
    <AABB minX="-0.649049" minY="-0.249181" minZ="-0.758738" maxX="0.657229" maxY="0.496892" maxZ="1.07794"/>
  </Bounding>
  <GeometryBounding>
    <AABB minX="-0.649049" minY="-0.249181" minZ="-0.758738" maxX="0.657229" maxY="0.496892" maxZ="1.07794"/>
  </GeometryBounding>
</LEGOPrimitive>
