<?xml version="1.0" encoding="UTF-8" standalone="no" ?>
<LEGOPrimitive versionMajor="1" versionMinor="0">
  <Annotations>
    <Annotation platformid="200"/>
    <Annotation platformname="SYSTEM"/>
    <Annotation maingroupid="216"/>
    <Annotation maingroupname="PLATES, SPECIAL"/>
    <Annotation designname="PLATE 1X8 WITH RAIL"/>
    <Annotation aliases="4510"/>
  </Annotations>
  <Collision>
    <Box sX="3.19" sY="0.39" sZ="0.15" angle="180" ax="0" ay="0.707107" az="-0.707107" tx="2.8" ty="0.16" tz="0"/>
    <Box sX="3.19" sY="0.1" sZ="0.04" angle="180" ax="0" ay="0.707107" az="-0.707107" tx="2.8" ty="0.16" tz="0.51"/>
    <Box sX="3.19" sY="0.05" sZ="0.15" angle="180" ax="0" ay="0.707107" az="-0.707107" tx="2.8" ty="0.16" tz="0.68"/>
  </Collision>
  <Connectivity>
    <Custom2DField type="22" width="16" height="4" angle="0" ax="0" ay="1" az="0" tx="-0.4" ty="0" tz="-0.4">
      22:1:1,22:2:1,22:2:1,22:2:1,22:2:1,22:2:1,22:2:1,22:2:1,22:2:1,22:2:1,22:2:1,22:2:1,22:2:1,22:2:1,22:2:1,22:2:1,22:1:1,
      22:2:1,15:4:1,9:4:1,15:4:1,9:4:1,15:4:1,9:4:1,15:4:1,9:4:1,15:4:1,9:4:1,15:4:1,9:4:1,15:4:1,9:4:1,15:4:1,22:2:1,
      22:2:1,22:2:1,22:2:1,22:2:1,22:2:1,22:2:1,22:2:1,22:2:1,22:2:1,22:2:1,22:2:1,22:2:1,22:2:1,22:2:1,22:2:1,22:2:1,22:2:1,
      22:1:1,22:2:1,22:2:1,22:2:1,22:2:1,22:2:1,22:2:1,22:2:1,22:2:1,22:2:1,22:2:1,22:2:1,22:2:1,22:2:1,22:2:1,22:2:1,22:1:1,
      29:0:1,29:0:1,29:0:1,29:0:1,29:0:1,29:0:1,29:0:1,29:0:1,29:0:1,29:0:1,29:0:1,29:0:1,29:0:1,29:0:1,29:0:1,29:0:1,29:0:1
    </Custom2DField>
    <Slider type="2" length="6.4" startCapped="0" endCapped="0" angle="180" ax="-0.707107" ay="-0.707107" az="0" tx="-0.4" ty="0.209975" tz="0.51"/>
    <Slider type="2" length="6.4" startCapped="0" endCapped="0" angle="90" ax="0" ay="0" az="-1" tx="-0.4" ty="0.109386" tz="0.51"/>
    <Slider type="5" length="6.4" startCapped="0" endCapped="0" angle="120" ax="0.57735" ay="0.57735" az="-0.57735" tx="-0.4" ty="0.16" tz="0.742155"/>
    <Custom2DField type="23" width="16" height="2" angle="0" ax="0" ay="1" az="0" tx="-0.4" ty="0.32" tz="-0.4">
      18:1:1,23:4:1,18:2:1,23:4:1,18:2:1,23:4:1,18:2:1,23:4:1,18:2:1,23:4:1,18:2:1,23:4:1,18:2:1,23:4:1,18:2:1,23:4:1,18:1:1,
      23:4:1,0:4:1,23:4:1,0:4:1,23:4:1,0:4:1,23:4:1,0:4:1,23:4:1,0:4:1,23:4:1,0:4:1,23:4:1,0:4:1,23:4:1,0:4:1,23:4:1,
      18:1:1,23:4:1,18:2:1,23:4:1,18:2:1,23:4:1,18:2:1,23:4:1,18:2:1,23:4:1,18:2:1,23:4:1,18:2:1,23:4:1,18:2:1,23:4:1,18:1:1
    </Custom2DField>
  </Connectivity>
  <PhysicsAttributes inertiaTensor="0.140667,0,0,0,3.53333,0,0,0,3.434" centerOfMass="2.8,0.249,0.2" mass="1" frictionType="0"/>
  <Bounding>
    <AABB minX="-0.4" minY="0" minZ="-0.4" maxX="6" maxY="0.498" maxZ="0.8"/>
  </Bounding>
  <GeometryBounding>
    <AABB minX="-0.4" minY="0" minZ="-0.4" maxX="6" maxY="0.498" maxZ="0.74"/>
  </GeometryBounding>
</LEGOPrimitive>
