<?xml version="1.0" encoding="UTF-8" standalone="no" ?>
<LEGOPrimitive versionMajor="1" versionMinor="0">
  <Annotations>
    <Annotation platformid="200"/>
    <Annotation platformname="SYSTEM"/>
    <Annotation maingroupid="226"/>
    <Annotation maingroupname="GATES AND ROOFS"/>
    <Annotation designname="SLIDING GATE 6X5"/>
    <Annotation aliases="4511"/>
  </Annotations>
  <Collision>
    <Box sX="0.065" sY="0.14" sZ="0.070167" angle="0" ax="0" ay="1" az="0" tx="0.478333" ty="4.75" tz="0.360167"/>
    <Box sX="0.065" sY="0.14" sZ="0.070167" angle="0" ax="0" ay="1" az="0" tx="0.478333" ty="0.69" tz="0.360167"/>
    <Box sX="2.59" sY="2.5" sZ="0.09" angle="0" ax="0" ay="1" az="0" tx="2.2" ty="2.72" tz="0.51"/>
    <Box sX="0.294054" sY="0.14" sZ="0.064325" angle="0" ax="0" ay="1" az="0" tx="-0.295946" ty="2.92" tz="0.684325"/>
    <Box sX="0.048917" sY="0.082817" sZ="0.064325" angle="0" ax="0" ay="1" az="0" tx="-0.658918" ty="2.92" tz="0.684325"/>
    <Box sX="0.079045" sY="0.794873" sZ="0.098918" angle="0" ax="0" ay="1" az="0" tx="-0.250915" ty="1.21487" tz="0.718917"/>
    <Box sX="0.082817" sY="0.794154" sZ="0.098918" angle="0" ax="0" ay="1" az="0" tx="-0.25" ty="4.22585" tz="0.718917"/>
    <Box sX="0.082817" sY="0.276979" sZ="0.098918" angle="60" ax="0" ay="0" az="1" tx="-0.045963" ty="3.35859" tz="0.718917"/>
    <Box sX="0.082817" sY="0.276979" sZ="0.098918" angle="120" ax="0" ay="0" az="1" tx="-0.045963" ty="2.08045" tz="0.718917"/>
    <Box sX="0.082817" sY="0.566443" sZ="0.098918" angle="0" ax="0" ay="1" az="0" tx="0.15" ty="2.72001" tz="0.718917"/>
  </Collision>
  <Connectivity>
    <Slider type="3" length="5.2" startCapped="0" endCapped="0" angle="180" ax="-0.707107" ay="-0.707107" az="0" tx="-0.4" ty="0.21" tz="0.51"/>
    <Slider type="3" length="5.2" startCapped="0" endCapped="0" angle="90" ax="0" ay="0" az="-1" tx="-0.4" ty="5.23" tz="0.51"/>
  </Connectivity>
  <PhysicsAttributes inertiaTensor="2.12807,0,0,0,2.59186,0,0,0,4.66386" centerOfMass="2.02665,2.72,0.57" mass="1" frictionType="0"/>
  <Bounding>
    <AABB minX="-0.746702" minY="0.21" minZ="0.28" maxX="4.8" maxY="5.23" maxZ="0.86"/>
  </Bounding>
  <GeometryBounding>
    <AABB minX="-0.746702" minY="0.21" minZ="0.28" maxX="4.8" maxY="5.23" maxZ="0.86"/>
  </GeometryBounding>
</LEGOPrimitive>
