<?xml version="1.0" encoding="UTF-8" standalone="no" ?>
<LEGOPrimitive versionMajor="1" versionMinor="0">
  <Annotations>
    <Annotation platformid="200"/>
    <Annotation platformname="SYSTEM"/>
    <Annotation maingroupid="299"/>
    <Annotation maingroupname="LOOSE PARTS"/>
    <Annotation designname="MAST FOR FORK LIFT"/>
    <Annotation aliases="4518"/>
  </Annotations>
  <Collision>
    <Box sX="0.061" sY="3.69" sZ="0.28" angle="0" ax="0" ay="1" az="0" tx="-0.329" ty="2.18" tz="-1.65"/>
    <Box sX="0.14" sY="3.69" sZ="0.06" angle="0" ax="0" ay="1" az="0" tx="-0.25" ty="2.18" tz="-1.87"/>
    <Box sX="0.19" sY="3.69" sZ="0.06" angle="0" ax="0" ay="1" az="0" tx="-0.2" ty="2.18" tz="-1.43"/>
    <Box sX="0.79" sY="0.09" sZ="0.105" angle="0" ax="0" ay="1" az="0" tx="0.4" ty="5.78" tz="-1.615"/>
    <Box sX="0.194" sY="0.134188" sZ="0.092903" angle="0" ax="0" ay="1" az="0" tx="-0.054" ty="5.73581" tz="-1.83258"/>
    <Box sX="0.79" sY="0.142052" sZ="0.205" angle="0" ax="0" ay="1" az="0" tx="0.4" ty="-0.070052" tz="-0.615"/>
    <Box sX="0.19" sY="0.065" sZ="0.252104" angle="0" ax="0" ay="1" az="0" tx="1" ty="0.007" tz="-1.0979"/>
    <Box sX="0.19" sY="0.065" sZ="0.252104" angle="0" ax="0" ay="1" az="0" tx="-0.2" ty="0.007" tz="-1.0979"/>
    <Box sX="0.065" sY="0.157809" sZ="0.427083" angle="30.07483" ax="1" ay="0" az="0" tx="-0.325" ty="0.127666" tz="-1.06585"/>
    <Box sX="0.09" sY="0.070779" sZ="0.095" angle="0" ax="0" ay="1" az="0" tx="0.4" ty="5.76078" tz="-1.835"/>
    <Box sX="0.065" sY="0.157809" sZ="0.427083" angle="180" ax="0" ay="0.965757" az="0.25945" tx="1.125" ty="0.127666" tz="-1.06585"/>
    <Box sX="0.057725" sY="0.248079" sZ="0.253737" angle="180" ax="0" ay="1" az="0" tx="1.12447" ty="0.025572" tz="-1.08793"/>
    <Box sX="0.19" sY="0.065" sZ="0.252104" angle="180" ax="0" ay="1" az="0" tx="0.999999" ty="0.007" tz="-1.0979"/>
    <Box sX="0.194" sY="0.135697" sZ="0.095" angle="180" ax="0" ay="1" az="0" tx="0.854" ty="5.7343" tz="-1.835"/>
    <Box sX="0.19" sY="3.69" sZ="0.06" angle="180" ax="0" ay="1" az="0" tx="1" ty="2.18" tz="-1.43"/>
    <Box sX="0.14" sY="3.69" sZ="0.06" angle="180" ax="0" ay="1" az="0" tx="1.05" ty="2.18" tz="-1.87"/>
    <Box sX="0.061" sY="3.69" sZ="0.28" angle="180" ax="0" ay="1" az="0" tx="1.129" ty="2.18" tz="-1.65"/>
    <Box sX="0.11" sY="0.209395" sZ="0.275129" angle="0" ax="0" ay="1" az="0" tx="1.08" ty="-0.015021" tz="-0.113444"/>
    <Box sX="0.055449" sY="0.209395" sZ="0.275129" angle="0" ax="0" ay="1" az="0" tx="0.573273" ty="-0.015021" tz="-0.113444"/>
    <Box sX="0.055449" sY="0.209395" sZ="0.275129" angle="0" ax="0" ay="1" az="0" tx="0.225414" ty="-0.015021" tz="-0.113444"/>
    <Box sX="0.11" sY="0.209395" sZ="0.275129" angle="0" ax="0" ay="1" az="0" tx="-0.27936" ty="-0.015021" tz="-0.113444"/>
    <Box sX="0.057751" sY="0.248079" sZ="0.253737" angle="180" ax="0" ay="1" az="0" tx="-0.32077" ty="0.025572" tz="-1.10428"/>
  </Collision>
  <Connectivity>
    <Hinge type="2" oriented="0" angle="120" ax="0.57735" ay="0.57735" az="-0.57735" tx="0" ty="0" tz="0" LimMin="-1.5707963705062866" LimMax="1.5707963705062866" FlipLimMin="-1.5707963705062866" FlipLimMax="1.5707963705062866" />
    <Hinge type="2" oriented="0" angle="120" ax="0.57735" ay="0.57735" az="-0.57735" tx="0.8" ty="0" tz="0" LimMin="-1.5707963705062866" LimMax="1.5707963705062866" FlipLimMin="-1.5707963705062866" FlipLimMax="1.5707963705062866" />
    <Slider type="28" length="7.2" startCapped="1" endCapped="1" angle="90" ax="0" ay="1" az="0" tx="0.4" ty="-1.52" tz="-1.6"/>
  </Connectivity>
  <PhysicsAttributes inertiaTensor="4.96295,0,0,0,0.612949,0,0,0,4.77667" centerOfMass="0.4,2.18,-0.845082" mass="1" frictionType="0"/>
  <Bounding>
    <AABB minX="-0.4" minY="-1.52" minZ="-1.94" maxX="1.2" maxY="5.88" maxZ="0.249836"/>
  </Bounding>
  <GeometryBounding>
    <AABB minX="-0.4" minY="-1.52" minZ="-1.94" maxX="1.2" maxY="5.88" maxZ="0.249836"/>
  </GeometryBounding>
</LEGOPrimitive>
