<?xml version="1.0" encoding="UTF-8" standalone="no" ?>
<LEGOPrimitive versionMajor="1" versionMinor="0">
  <Annotations>
    <Annotation platformid="200"/>
    <Annotation platformname="SYSTEM"/>
    <Annotation maingroupid="246"/>
    <Annotation maingroupname="FIGURE ACCESSORIES IN HAND"/>
    <Annotation designname="HAMMER"/>
    <Annotation aliases="4522"/>
  </Annotations>
  <Collision>
    <Box sX="0.103137" sY="1.00351" sZ="0.103137" angle="45" ax="0" ay="1" az="0" tx="0" ty="1.01351" tz="0"/>
    <Box sX="0.24" sY="0.23" sZ="0.15" angle="90" ax="0" ay="0" az="1" tx="-0.24" ty="2.15" tz="0"/>
    <Box sX="0.057859" sY="0.24413" sZ="0.15" angle="67.20727" ax="0" ay="0" az="1" tx="0.207997" ty="2.23899" tz="0"/>
    <Box sX="0.060955" sY="0.238518" sZ="0.15" angle="112.11115" ax="0" ay="0" az="1" tx="0.203533" ty="2.05928" tz="0"/>
    <Box sX="0.101358" sY="0.290701" sZ="0.15" angle="90" ax="0" ay="0" az="1" tx="-0.019869" ty="2.15" tz="0"/>
  </Collision>
  <Connectivity>
    <Axel type="7" length="1.9" requireGrabbing="0" startCapped="0" endCapped="1" angle="90" ax="0" ay="1" az="0" tx="0" ty="0" tz="0"/>
    <Custom2DField type="22" width="2" height="2" angle="0" ax="0" ay="1" az="0" tx="-0.4" ty="0" tz="-0.4">
      29:0,29:0,29:0,
      29:0,9:4:32,29:0,
      29:0,29:0,29:0
    </Custom2DField>
  </Connectivity>
  <PhysicsAttributes inertiaTensor="0.488533,0,0,0,0.085333,0,0,0,0.5568" centerOfMass="0,1.2,0" mass="1" frictionType="0"/>
  <Bounding>
    <AABB minX="-0.48" minY="0" minZ="-0.16" maxX="0.48" maxY="2.4" maxZ="0.16"/>
  </Bounding>
  <GeometryBounding>
    <AABB minX="-0.48" minY="0" minZ="-0.16" maxX="0.47637" maxY="2.4" maxZ="0.16"/>
  </GeometryBounding>
</LEGOPrimitive>
