<?xml version="1.0" encoding="UTF-8" standalone="no" ?>
<LEGOPrimitive versionMajor="1" versionMinor="0">
  <Annotations>
    <Annotation platformid="200"/>
    <Annotation platformname="SYSTEM"/>
    <Annotation maingroupid="253"/>
    <Annotation maingroupname="FIGURE ACCESSORIES, UPPER BODY"/>
    <Annotation designname="PANNIER"/>
    <Annotation aliases="4523"/>
  </Annotations>
  <Collision>
    <Box sX="0.39" sY="0.05" sZ="0.065" angle="0" ax="0" ay="1" az="0" tx="0" ty="0.06" tz="-0.325"/>
    <Box sX="0.39" sY="0.05" sZ="0.065" angle="90" ax="0" ay="1" az="0" tx="-0.325" ty="0.06" tz="0"/>
    <Box sX="0.39" sY="0.05" sZ="0.065" angle="90" ax="0" ay="-1" az="0" tx="0.325" ty="0.06" tz="0"/>
    <Box sX="0.486505" sY="0.63" sZ="0.05" angle="0" ax="0" ay="1" az="0" tx="0" ty="-0.52" tz="0.46"/>
    <Box sX="0.033982" sY="0.628413" sZ="0.316483" angle="90.52634" ax="0.095409" ay="0.990855" az="0.095409" tx="0" ty="-0.516501" tz="1.34833"/>
    <Box sX="0.41574" sY="0.045" sZ="0.373363" angle="0" ax="0" ay="1" az="0" tx="0" ty="-0.895" tz="0.783363"/>
    <Box sX="0.040145" sY="0.625664" sZ="0.307098" angle="11.00002" ax="0" ay="0" az="-1" tx="0.540068" ty="-0.520906" tz="0.717098"/>
    <Box sX="0.033982" sY="0.628413" sZ="0.316483" angle="135.21843" ax="0.09577" ay="0.994613" az="0.039669" tx="0.387729" ty="-0.516501" tz="1.18773"/>
    <Box sX="0.040145" sY="0.625664" sZ="0.307098" angle="180" ax="-0.095846" ay="0.995396" az="0" tx="-0.540068" ty="-0.520906" tz="0.717098"/>
    <Box sX="0.033982" sY="0.628413" sZ="0.316483" angle="46.25702" ax="0.093378" ay="0.969773" az="0.225436" tx="-0.387729" ty="-0.516501" tz="1.18773"/>
  </Collision>
  <Connectivity>
    <Fixed type="30" axes="2" angle="180" ax="0" ay="1" az="0" tx="0.3" ty="0" tz="0"/>
    <Custom2DField type="22" width="2" height="2" angle="0" ax="0" ay="1" az="0" tx="-0.4" ty="0" tz="-0.4">
      29:0,29:0,29:0,
      29:0,15:4:32,29:0,
      29:0,29:0,29:0
    </Custom2DField>
    <Custom2DField type="22" width="2" height="2" angle="180" ax="1" ay="0" az="0" tx="-0.4" ty="0.11" tz="0.4">
      29:0,29:0,29:0,
      29:0,15:4:32,29:0,
      29:0,29:0,29:0
    </Custom2DField>
    <Custom2DField type="22" width="2" height="2" angle="0" ax="0" ay="1" az="0" tx="-0.4" ty="-1.16" tz="0.4">
      22:1:1,22:2:1,22:1:1,
      22:2:1,15:4:2,22:2:1,
      29:0:1,22:2:1,29:0:1
    </Custom2DField>
    <Fixed type="30" axes="2" angle="0" ax="0" ay="1" az="0" tx="-0.3" ty="0" tz="0"/>
  </Connectivity>
  <PhysicsAttributes inertiaTensor="0.469867,0,0,0,0.546667,0,0,0,0.349867" centerOfMass="0,-0.52,0.6" mass="1" frictionType="0"/>
  <Bounding>
    <AABB minX="-0.8" minY="-1.16" minZ="-0.4" maxX="0.8" maxY="0.12" maxZ="1.6"/>
  </Bounding>
  <GeometryBounding>
    <AABB minX="-0.8" minY="-1.16" minZ="-0.4" maxX="0.8" maxY="0.12" maxZ="1.6"/>
  </GeometryBounding>
</LEGOPrimitive>
