<?xml version="1.0" encoding="UTF-8" standalone="no" ?>
<LEGOPrimitive versionMajor="1" versionMinor="0">
  <Annotations>
    <Annotation platformid="200"/>
    <Annotation platformname="SYSTEM"/>
    <Annotation maingroupid="246"/>
    <Annotation maingroupname="FIGURE ACCESSORIES IN HAND"/>
    <Annotation designname="PAN"/>
    <Annotation aliases="4528"/>
  </Annotations>
  <Collision>
    <Box sX="0.3075" sY="0.098297" sZ="0.098297" angle="0" ax="0" ay="1" az="0" tx="-0.8675" ty="0.37" tz="0"/>
    <Box sX="0.226501" sY="0.15" sZ="0.025945" angle="180" ax="0" ay="1" az="0" tx="0" ty="0.37" tz="0.529334"/>
    <Box sX="0.445595" sY="0.045" sZ="0.445595" angle="0" ax="0" ay="1" az="0" tx="0" ty="0.265" tz="0"/>
    <Box sX="0.223345" sY="0.095" sZ="0.224999" angle="45" ax="0" ay="1" az="0" tx="-0.001169" ty="0.105" tz="-0.001169"/>
    <Box sX="0.226501" sY="0.15" sZ="0.025945" angle="135" ax="0" ay="-1" az="0" tx="0.374295" ty="0.37" tz="0.374295"/>
    <Box sX="0.226501" sY="0.15" sZ="0.025945" angle="90" ax="0" ay="-1" az="0" tx="0.529334" ty="0.37" tz="0"/>
    <Box sX="0.226501" sY="0.15" sZ="0.025945" angle="45" ax="0" ay="-1" az="0" tx="0.374295" ty="0.37" tz="-0.374295"/>
    <Box sX="0.226501" sY="0.15" sZ="0.025945" angle="0" ax="0" ay="1" az="0" tx="0" ty="0.37" tz="-0.529334"/>
    <Box sX="0.226501" sY="0.15" sZ="0.025945" angle="45" ax="0" ay="1" az="0" tx="-0.374295" ty="0.37" tz="-0.374295"/>
    <Box sX="0.226501" sY="0.15" sZ="0.025945" angle="90" ax="0" ay="1" az="0" tx="-0.529334" ty="0.37" tz="0"/>
    <Box sX="0.226501" sY="0.15" sZ="0.025945" angle="135" ax="0" ay="1" az="0" tx="-0.374295" ty="0.37" tz="0.374295"/>
  </Collision>
  <Connectivity>
    <Axel type="7" length="0.56" requireGrabbing="0" startCapped="0" endCapped="1" angle="90" ax="0" ay="0" az="-1" tx="-1.185" ty="0.37" tz="0"/>
    <Custom2DField type="22" width="2" height="2" angle="0" ax="0" ay="1" az="0" tx="-0.4" ty="0" tz="-0.4">
      29:0,29:0,29:0,
      29:0,5:4:34,29:0,
      29:0,29:0,29:0
    </Custom2DField>
    <Custom2DField type="22" width="2" height="2" angle="90" ax="0" ay="0" az="-1" tx="-1.185" ty="0.77" tz="-0.4">
      29:0,29:0,29:0,
      29:0,9:4:32,29:0,
      29:0,29:0,29:0
    </Custom2DField>
  </Connectivity>
  <PhysicsAttributes inertiaTensor="0.153617,0,0,0,0.403217,0,0,0,0.296417" centerOfMass="-0.28,0.265,0" mass="1" frictionType="0"/>
  <Bounding>
    <AABB minX="-1.185" minY="0" minZ="-0.625" maxX="0.625" maxY="0.53" maxZ="0.625"/>
  </Bounding>
  <GeometryBounding>
    <AABB minX="-1.185" minY="0" minZ="-0.615505" maxX="0.625" maxY="0.53" maxZ="0.615505"/>
  </GeometryBounding>
</LEGOPrimitive>
