<?xml version="1.0" encoding="UTF-8" standalone="no" ?>
<LEGOPrimitive versionMajor="1" versionMinor="0">
  <Annotations>
    <Annotation platformid="200"/>
    <Annotation platformname="SYSTEM"/>
    <Annotation maingroupid="246"/>
    <Annotation maingroupname="FIGURE ACCESSORIES IN HAND"/>
    <Annotation designname="POT"/>
    <Annotation aliases="4529"/>
  </Annotations>
  <Collision>
    <Box sX="0.338026" sY="0.098297" sZ="0.098297" angle="0" ax="0" ay="1" az="0" tx="-0.836974" ty="0.74" tz="0"/>
    <Box sX="0.366094" sY="0.04" sZ="0.366094" angle="0" ax="0" ay="1" az="0" tx="0" ty="0.26" tz="0"/>
    <Box sX="0.223345" sY="0.095" sZ="0.224999" angle="45" ax="0" ay="1" az="0" tx="-0.001169" ty="0.105" tz="-0.001169"/>
    <Box sX="0.226501" sY="0.395" sZ="0.026278" angle="0" ax="0" ay="1" az="0" tx="0" ty="0.615" tz="-0.454821"/>
    <Box sX="0.226501" sY="0.395" sZ="0.026278" angle="45" ax="0" ay="1" az="0" tx="-0.321607" ty="0.615" tz="-0.321607"/>
    <Box sX="0.226501" sY="0.395" sZ="0.026278" angle="90" ax="0" ay="1" az="0" tx="-0.454821" ty="0.615" tz="0"/>
    <Box sX="0.226501" sY="0.395" sZ="0.026278" angle="135" ax="0" ay="1" az="0" tx="-0.321607" ty="0.615" tz="0.321607"/>
    <Box sX="0.226501" sY="0.395" sZ="0.026278" angle="180" ax="0" ay="1" az="0" tx="0" ty="0.615" tz="0.454821"/>
    <Box sX="0.226501" sY="0.395" sZ="0.026278" angle="135" ax="0" ay="-1" az="0" tx="0.321607" ty="0.615" tz="0.321607"/>
    <Box sX="0.226501" sY="0.395" sZ="0.026278" angle="90" ax="0" ay="-1" az="0" tx="0.454821" ty="0.615" tz="0"/>
    <Box sX="0.226501" sY="0.395" sZ="0.026278" angle="45" ax="0" ay="-1" az="0" tx="0.321607" ty="0.615" tz="-0.321607"/>
  </Collision>
  <Connectivity>
    <Axel type="7" length="0.65" requireGrabbing="0" startCapped="0" endCapped="1" angle="90" ax="0" ay="0" az="-1" tx="-1.185" ty="0.74" tz="0"/>
    <Custom2DField type="22" width="2" height="2" angle="0" ax="0" ay="1" az="0" tx="-0.4" ty="0" tz="-0.4">
      29:0,29:0,29:0,
      29:0,5:4:34,29:0,
      29:0,29:0,29:0
    </Custom2DField>
    <Custom2DField type="22" width="2" height="2" angle="90" ax="0" ay="0" az="-1" tx="-1.185" ty="1.14" tz="-0.4">
      29:0,29:0,29:0,
      29:0,9:4:32,29:0,
      29:0,29:0,29:0
    </Custom2DField>
  </Connectivity>
  <PhysicsAttributes inertiaTensor="0.182108,0,0,0,0.341942,0,0,0,0.333233" centerOfMass="-0.325,0.51,0" mass="1" frictionType="0"/>
  <Bounding>
    <AABB minX="-1.185" minY="0" minZ="-0.535" maxX="0.535" maxY="1.02" maxZ="0.535"/>
  </Bounding>
  <GeometryBounding>
    <AABB minX="-1.185" minY="0" minZ="-0.526872" maxX="0.535" maxY="1.02" maxZ="0.526872"/>
  </GeometryBounding>
</LEGOPrimitive>
