<?xml version="1.0" encoding="UTF-8" standalone="no" ?>
<LEGOPrimitive versionMajor="1" versionMinor="0">
  <Annotations>
    <Annotation platformid="200"/>
    <Annotation platformname="SYSTEM"/>
    <Annotation maingroupid="243"/>
    <Annotation maingroupname="FIGURE, HAIR"/>
    <Annotation designname="MINI WIG, GIRL"/>
    <Annotation aliases="4530"/>
  </Annotations>
  <Collision>
    <Box sX="0.44" sY="0.099717" sZ="0.44" angle="0" ax="0" ay="1" az="0" tx="0" ty="0.142455" tz="0"/>
    <Box sX="0.037956" sY="0.413587" sZ="0.205574" angle="0" ax="0" ay="1" az="0" tx="0.547956" ty="-0.390848" tz="0"/>
    <Box sX="0.037956" sY="0.413587" sZ="0.205574" angle="45" ax="0" ay="1" az="0" tx="0.387464" ty="-0.390848" tz="-0.387464"/>
    <Box sX="0.037956" sY="0.413587" sZ="0.205574" angle="90" ax="0" ay="1" az="0" tx="0" ty="-0.390848" tz="-0.547956"/>
    <Box sX="0.037956" sY="0.413587" sZ="0.205574" angle="135" ax="0" ay="1" az="0" tx="-0.387464" ty="-0.390848" tz="-0.387464"/>
    <Box sX="0.037956" sY="0.413587" sZ="0.205574" angle="180" ax="0" ay="1" az="0" tx="-0.547956" ty="-0.390848" tz="0"/>
    <Box sX="0.037956" sY="0.130945" sZ="0.205574" angle="135" ax="0" ay="-1" az="0" tx="-0.387464" ty="-0.108206" tz="0.387464"/>
    <Box sX="0.037956" sY="0.130945" sZ="0.205574" angle="45" ax="0" ay="-1" az="0" tx="0.387464" ty="-0.108206" tz="0.387464"/>
  </Collision>
  <Connectivity>
    <Custom2DField type="22" width="2" height="2" angle="0" ax="0" ay="1" az="0" tx="-0.4" ty="0" tz="-0.4">
      29:0,29:0,29:0,
      29:0,5:4:33,29:0,
      29:0,29:0,29:0
    </Custom2DField>
  </Connectivity>
  <PhysicsAttributes inertiaTensor="0.237181,0,0,0,0.264718,0,0,0,0.262379" centerOfMass="-0.008952,-0.232482,-0.0163" mass="1" frictionType="0"/>
  <Bounding>
    <AABB minX="-0.668401" minY="-0.826" minZ="-0.6157" maxX="0.650498" maxY="0.361036" maxZ="0.5831"/>
  </Bounding>
  <GeometryBounding>
    <AABB minX="-0.668401" minY="-0.826" minZ="-0.6157" maxX="0.650498" maxY="0.361036" maxZ="0.5831"/>
  </GeometryBounding>
</LEGOPrimitive>
