<?xml version="1.0" encoding="UTF-8" standalone="no" ?>
<LEGOPrimitive versionMajor="1" versionMinor="0">
  <Annotations>
    <Annotation platformid="200"/>
    <Annotation platformname="SYSTEM"/>
    <Annotation maingroupid="216"/>
    <Annotation maingroupname="PLATES, SPECIAL"/>
    <Annotation designname="HINGE PLATE 1X2.5 WITHOUT KNOB"/>
    <Annotation aliases="4531"/>
  </Annotations>
  <Collision>
    <Box sX="1.07" sY="0.15" sZ="0.39" angle="0" ax="0" ay="1" az="0" tx="0.92" ty="0.16" tz="0"/>
    <Box sX="0.14" sY="0.15" sZ="0.0775" angle="90" ax="0" ay="0" az="-1" tx="0" ty="0.33" tz="-0.1625"/>
    <Box sX="0.14" sY="0.15" sZ="0.0775" angle="90" ax="0" ay="0" az="-1" tx="0" ty="0.33" tz="0.1625"/>
    <Box sX="0.294302" sY="0.077518" sZ="0.0775" angle="90" ax="0" ay="0" az="-1" tx="0" ty="0.304302" tz="0.1625"/>
    <Box sX="0.294302" sY="0.077518" sZ="0.0775" angle="90" ax="0" ay="0" az="-1" tx="0" ty="0.304302" tz="-0.1625"/>
  </Collision>
  <Connectivity>
    <Custom2DField type="22" width="6" height="2" angle="0" ax="0" ay="1" az="0" tx="-0.4" ty="0" tz="-0.4">
      22:1:1,22:2:1,22:2:1,22:2:1,22:2:1,22:2:1,22:1:1,
      22:2:1,15:4,9:4:1,15:4:1,9:4:1,15:4:1,22:2:1,
      22:1:1,22:2:1,22:2:1,22:2:1,22:2:1,22:2:1,22:1:1
    </Custom2DField>
    <Hinge type="171" oriented="0" angle="90" ax="1" ay="0" az="0" tx="0" ty="0.48" tz="0"/>
  </Connectivity>
  <PhysicsAttributes inertiaTensor="0.087467,0,0,0,0.533333,0,0,0,0.514133" centerOfMass="0.8,0.32,0" mass="1" frictionType="0"/>
  <Bounding>
    <AABB minX="-0.4" minY="0" minZ="-0.4" maxX="2" maxY="0.64" maxZ="0.4"/>
  </Bounding>
  <GeometryBounding>
    <AABB minX="-0.16" minY="0" minZ="-0.4" maxX="2" maxY="0.64" maxZ="0.4"/>
  </GeometryBounding>
</LEGOPrimitive>
