<?xml version="1.0" encoding="UTF-8" standalone="no" ?>
<LEGOPrimitive versionMajor="1" versionMinor="0">
  <Annotations>
    <Annotation platformid="200"/>
    <Annotation platformname="SYSTEM"/>
    <Annotation maingroupid="227"/>
    <Annotation maingroupname="INTERIOR"/>
    <Annotation designname="CUPBOARD 2X3X2"/>
    <Annotation aliases="4532"/>
  </Annotations>
  <Collision>
    <Box sX="1.19" sY="0.79" sZ="0.05" angle="180" ax="0" ay="0.707107" az="-0.707107" tx="0.8" ty="1.86" tz="-0.4"/>
    <Box sX="0.95" sY="0.79" sZ="0.05" angle="120" ax="-0.57735" ay="0.57735" az="-0.57735" tx="-0.34" ty="0.96" tz="-0.4"/>
    <Box sX="0.95" sY="0.79" sZ="0.05" angle="120" ax="-0.57735" ay="0.57735" az="-0.57735" tx="1.94" ty="0.96" tz="-0.4"/>
    <Box sX="1.19" sY="0.95" sZ="0.05" angle="180" ax="0" ay="1" az="0" tx="0.8" ty="0.96" tz="-1.14"/>
    <Box sX="1.19" sY="0.79" sZ="0.15" angle="180" ax="0" ay="0.707107" az="-0.707107" tx="0.8" ty="0.16" tz="-0.4"/>
    <Box sX="0.015" sY="0.695" sZ="0.055" angle="180" ax="0" ay="0.707107" az="-0.707107" tx="-0.255" ty="1.735" tz="-0.495"/>
    <Box sX="0.015" sY="0.695" sZ="0.055" angle="180" ax="0" ay="0.707107" az="-0.707107" tx="1.855" ty="1.735" tz="-0.495"/>
    <Box sX="0.04" sY="0.695" sZ="0.04" angle="180" ax="0" ay="0.707107" az="-0.707107" tx="1.83" ty="0.995" tz="-0.495"/>
    <Box sX="0.04" sY="0.695" sZ="0.04" angle="180" ax="0" ay="0.707107" az="-0.707107" tx="-0.23" ty="0.995" tz="-0.495"/>
  </Collision>
  <Connectivity>
    <Custom2DField type="23" width="6" height="4" angle="0" ax="0" ay="1" az="0" tx="-0.4" ty="1.92" tz="-1.2">
      18:1:1,23:4:1,18:2:1,23:4:1,18:2:1,23:4:1,18:1:1,
      23:4:1,0:4:1,23:4:1,0:4:1,23:4:1,0:4:1,23:4:1,
      18:2:1,23:4:1,18:4:1,23:4:1,18:4:1,23:4:1,18:2:1,
      23:4:1,0:4:2,23:4:1,0:4:1,23:4:1,0:4:2,23:4:1,
      18:1:1,23:4:1,18:2:1,23:4:1,18:2:1,23:4:1,18:1:1
    </Custom2DField>
    <Custom2DField type="22" width="6" height="4" angle="0" ax="0" ay="1" az="0" tx="-0.4" ty="0" tz="-1.2">
      22:1:1,22:2:1,22:2:1,22:2:1,22:2:1,22:2:1,22:1:1,
      22:2:1,15:4:1,23:4:1,15:4:1,23:4:1,15:4:1,22:2:1,
      22:2:1,23:4:1,7:4:1,23:4:1,7:4:1,23:4:1,22:2:1,
      22:2:1,15:4:1,23:4:1,15:4:1,23:4:1,15:4:1,22:2:1,
      22:1:1,22:2:1,22:2:1,22:2:1,22:2:1,22:2:1,22:1:1
    </Custom2DField>
    <Hinge type="64" oriented="0" angle="90" ax="0" ay="1" az="0" tx="-0.205" ty="1.06" tz="0.28"/>
    <Hinge type="64" oriented="0" angle="90" ax="0" ay="1" az="0" tx="1.805" ty="1.06" tz="0.28"/>
    <Slider type="10" length="1.29" startCapped="0" endCapped="1" angle="120" ax="-0.57735" ay="-0.57735" az="0.57735" tx="0.8" ty="1.045" tz="0.21"/>
    <Slider type="10" length="1.29" startCapped="0" endCapped="1" angle="120" ax="-0.57735" ay="-0.57735" az="0.57735" tx="0.8" ty="0.32" tz="0.21"/>
  </Connectivity>
  <PhysicsAttributes inertiaTensor="0.580134,0,0,0,0.693333,0,0,0,0.846801" centerOfMass="0.8,1.049,-0.4" mass="1" frictionType="0"/>
  <Bounding>
    <AABB minX="-0.4" minY="0" minZ="-1.2" maxX="2" maxY="2.098" maxZ="0.4"/>
  </Bounding>
  <GeometryBounding>
    <AABB minX="-0.4" minY="0" minZ="-1.2" maxX="2" maxY="2.098" maxZ="0.4"/>
  </GeometryBounding>
</LEGOPrimitive>
