<?xml version="1.0" encoding="UTF-8" standalone="no" ?>
<LEGOPrimitive versionMajor="1" versionMinor="0">
  <Annotations>
    <Annotation platformid="200"/>
    <Annotation platformname="SYSTEM"/>
    <Annotation maingroupid="227"/>
    <Annotation maingroupname="INTERIOR"/>
    <Annotation designname="CUPBOARD, DOOR 3X2"/>
    <Annotation aliases="30125;4533"/>
  </Annotations>
  <Collision>
    <Box sX="1.03" sY="0.055" sZ="0.73" angle="180" ax="0" ay="0.707107" az="-0.707107" tx="0.835" ty="1.07" tz="0.28"/>
    <Box sX="0.035962" sY="0.035962" sZ="0.73" angle="148.60028" ax="0.281084" ay="-0.678598" az="0.678598" tx="-0.205" ty="1.07" tz="0.28"/>
    <Box sX="0.08" sY="0.09" sZ="0.24" angle="180" ax="0" ay="0.707107" az="-0.707107" tx="1.585" ty="1.09" tz="0.445"/>
  </Collision>
  <Connectivity>
    <Hinge type="65" oriented="0" angle="90" ax="0" ay="1" az="0" tx="-0.205" ty="1.07" tz="0.28"/>
  </Connectivity>
  <PhysicsAttributes inertiaTensor="0.191608,0,0,0,0.392494,0,0,0,0.565952" centerOfMass="0.8025,1.07,0.38" mass="1" frictionType="0"/>
  <Bounding>
    <AABB minX="-0.27" minY="0.33" minZ="0.215" maxX="1.875" maxY="1.81" maxZ="0.545"/>
  </Bounding>
  <GeometryBounding>
    <AABB minX="-0.27" minY="0.33" minZ="0.215" maxX="1.875" maxY="1.81" maxZ="0.545"/>
  </GeometryBounding>
</LEGOPrimitive>
