<?xml version="1.0" encoding="UTF-8" standalone="no" ?>
<LEGOPrimitive versionMajor="1" versionMinor="0">
  <Annotations>
    <Annotation platformid="200"/>
    <Annotation platformname="SYSTEM"/>
    <Annotation maingroupid="275"/>
    <Annotation maingroupname="TRANSPORTATION MEANS, AVIATION"/>
    <Annotation designname="ROCKET STEP SMALL 1X1"/>
    <Annotation aliases="4588"/>
  </Annotations>
  <Collision>
    <Box sX="0.193479" sY="0.151111" sZ="0.064666" angle="0" ax="0" ay="1" az="0" tx="-0.594373" ty="0.161383" tz="-0.000265"/>
    <Box sX="0.064666" sY="0.151111" sZ="0.193479" angle="0" ax="0" ay="1" az="0" tx="-0.000265" ty="0.161383" tz="0.594373"/>
    <Box sX="0.193479" sY="0.151111" sZ="0.064666" angle="0" ax="0" ay="1" az="0" tx="0.594373" ty="0.161383" tz="-0.000265"/>
    <Box sX="0.064666" sY="0.151111" sZ="0.193479" angle="0" ax="0" ay="1" az="0" tx="-0.000265" ty="0.161383" tz="-0.594373"/>
    <Box sX="0.065164" sY="0.367596" sZ="0.064666" angle="180" ax="-0.28085" ay="0.959752" az="0" tx="0.530986" ty="0.600004" tz="0.000265"/>
    <Box sX="0.065164" sY="0.367596" sZ="0.064666" angle="94.52399" ax="0.270388" ay="-0.924002" az="-0.270388" tx="0.000265" ty="0.600004" tz="-0.530986"/>
    <Box sX="0.065164" sY="0.367596" sZ="0.064666" angle="94.52399" ax="-0.270388" ay="0.924002" az="-0.270388" tx="-0.000265" ty="0.600004" tz="0.530986"/>
    <Box sX="0.065164" sY="0.367596" sZ="0.064666" angle="32.62185" ax="0" ay="0" az="-1" tx="-0.530986" ty="0.600004" tz="-0.000265"/>
    <Box sX="0.15469" sY="0.36485" sZ="0.035261" angle="90" ax="0" ay="-1" az="0" tx="0.312319" ty="0.58485" tz="0.000746"/>
    <Box sX="0.15469" sY="0.36485" sZ="0.035261" angle="180" ax="0" ay="1" az="0" tx="-0.000746" ty="0.58485" tz="0.312319"/>
    <Box sX="0.15469" sY="0.36485" sZ="0.035261" angle="0" ax="0" ay="1" az="0" tx="0.000746" ty="0.58485" tz="-0.312319"/>
    <Box sX="0.0055" sY="0.095002" sZ="0.081024" angle="90" ax="0" ay="-1" az="0" tx="0.00116" ty="0.104998" tz="0.286858"/>
    <Box sX="0.15469" sY="0.36485" sZ="0.035261" angle="90" ax="0" ay="1" az="0" tx="-0.312319" ty="0.58485" tz="-0.000746"/>
    <Box sX="0.0055" sY="0.095002" sZ="0.081024" angle="45" ax="0" ay="-1" az="0" tx="0.203659" ty="0.104998" tz="0.202019"/>
    <Box sX="0.0055" sY="0.095002" sZ="0.081024" angle="0" ax="0" ay="1" az="0" tx="0.286858" ty="0.104998" tz="-0.00116"/>
    <Box sX="0.0055" sY="0.095002" sZ="0.081024" angle="45" ax="0" ay="1" az="0" tx="0.202019" ty="0.104998" tz="-0.203659"/>
    <Box sX="0.0055" sY="0.095002" sZ="0.081024" angle="90" ax="0" ay="1" az="0" tx="-0.00116" ty="0.104998" tz="-0.286858"/>
    <Box sX="0.0055" sY="0.095002" sZ="0.081024" angle="135" ax="0" ay="1" az="0" tx="-0.203659" ty="0.104998" tz="-0.202019"/>
    <Box sX="0.0055" sY="0.095002" sZ="0.081024" angle="180" ax="0" ay="1" az="0" tx="-0.286858" ty="0.104998" tz="0.00116"/>
    <Box sX="0.0055" sY="0.095002" sZ="0.081024" angle="135" ax="0" ay="-1" az="0" tx="-0.202019" ty="0.104998" tz="0.203659"/>
    <Box sX="0.075483" sY="0.077621" sZ="0.364971" angle="120" ax="0.57735" ay="-0.57735" az="0.57735" tx="0.195121" ty="0.584729" tz="0.192983"/>
    <Box sX="0.075483" sY="0.077621" sZ="0.364971" angle="90" ax="1" ay="0" az="0" tx="0.192983" ty="0.584729" tz="-0.195121"/>
    <Box sX="0.075483" sY="0.077621" sZ="0.364971" angle="120" ax="0.57735" ay="0.57735" az="-0.57735" tx="-0.195121" ty="0.584729" tz="-0.192983"/>
    <Box sX="0.075483" sY="0.077621" sZ="0.364971" angle="180" ax="0" ay="0.707107" az="-0.707107" tx="-0.192983" ty="0.584729" tz="0.195121"/>
  </Collision>
  <Connectivity>
    <Custom2DField type="23" width="2" height="2" angle="0" ax="0" ay="1" az="0" tx="-0.4" ty="0.96" tz="-0.4">
      29:0,29:0,29:0,
      29:0,3:4:38,29:0,
      29:0,29:0,29:0
    </Custom2DField>
    <Custom2DField type="22" width="2" height="2" angle="0" ax="0" ay="1" az="0" tx="-0.4" ty="0" tz="-0.4">
      29:0,29:0,29:0,
      29:0,5:4:34,29:0,
      29:0,29:0,29:0
    </Custom2DField>
    <Axel type="4" length="0.64" grabbing="0" startCapped="0" endCapped="0" angle="180" ax="-0.707107" ay="0" az="-0.707107" tx="0" ty="0.85" tz="0"/>
    <Axel type="6" length="0.260614" grabbing="0" startCapped="0" endCapped="0" angle="90" ax="0" ay="1" az="0" tx="0" ty="0.877386" tz="0"/>
  </Connectivity>
  <PhysicsAttributes inertiaTensor="0.32011,0,0,0,0.424378,0,0,0,0.32011" centerOfMass="0,0.568998,0" mass="1" frictionType="0"/>
  <Bounding>
    <AABB minX="-0.797851" minY="0" minZ="-0.797851" maxX="0.797851" maxY="1.138" maxZ="0.797851"/>
  </Bounding>
  <GeometryBounding>
    <AABB minX="-0.797851" minY="0" minZ="-0.797851" maxX="0.797851" maxY="1.137" maxZ="0.797851"/>
  </GeometryBounding>
</LEGOPrimitive>
