<?xml version="1.0" encoding="UTF-8" standalone="no" ?>
<LEGOPrimitive versionMajor="1" versionMinor="0">
  <Annotations>
    <Annotation platformid="200"/>
    <Annotation platformname="SYSTEM"/>
    <Annotation maingroupid="203"/>
    <Annotation maingroupname="BRICKS, SPECIAL CIRCLES AND ANGLES"/>
    <Annotation designname="NOSE CONE SMALL 1X1"/>
    <Annotation aliases="4589;55525"/>
  </Annotations>
  <Collision>
    <Box sX="0.219596" sY="0.0325" sZ="0.47" angle="180" ax="0" ay="0.707107" az="-0.707107" tx="0" ty="0.48" tz="0.2875"/>
    <Box sX="0.051048" sY="0.052575" sZ="0.365121" angle="120" ax="0.57735" ay="-0.57735" az="0.57735" tx="0.170075" ty="0.584879" tz="0.168548"/>
    <Box sX="0.051048" sY="0.052575" sZ="0.365121" angle="90" ax="1" ay="0" az="0" tx="0.168548" ty="0.584879" tz="-0.170075"/>
    <Box sX="0.219596" sY="0.0325" sZ="0.47" angle="120" ax="0.57735" ay="-0.57735" az="0.57735" tx="0.2875" ty="0.48" tz="0"/>
    <Box sX="0.051048" sY="0.052575" sZ="0.365121" angle="120" ax="0.57735" ay="0.57735" az="-0.57735" tx="-0.170075" ty="0.584879" tz="-0.168548"/>
    <Box sX="0.219596" sY="0.0325" sZ="0.47" angle="90" ax="1" ay="0" az="0" tx="0" ty="0.48" tz="-0.2875"/>
    <Box sX="0.051048" sY="0.052575" sZ="0.365121" angle="180" ax="0" ay="0.707107" az="-0.707107" tx="-0.168548" ty="0.584879" tz="0.170075"/>
    <Box sX="0.219596" sY="0.0325" sZ="0.47" angle="120" ax="0.57735" ay="0.57735" az="-0.57735" tx="-0.2875" ty="0.48" tz="0"/>
  </Collision>
  <Connectivity>
    <Custom2DField type="23" width="2" height="2" angle="0" ax="0" ay="1" az="0" tx="-0.4" ty="0.96" tz="-0.4">
      29:0,29:0,29:0,
      29:0,3:4:36,29:0,
      29:0,29:0,29:0
    </Custom2DField>
    <Custom2DField type="22" width="2" height="2" angle="0" ax="0" ay="1" az="0" tx="-0.4" ty="0" tz="-0.4">
      29:0,29:0,29:0,
      29:0,5:4:32,29:0,
      29:0,29:0,29:0
    </Custom2DField>
    <Axel type="6" length="0.638" grabbing="0" startCapped="0" endCapped="0" angle="90" ax="0" ay="1" az="0" tx="0" ty="0.5" tz="0"/>
    <Axel type="4" length="0.29" grabbing="0" startCapped="0" endCapped="0" angle="180" ax="0.707107" ay="0" az="-0.707107" tx="0" ty="0.499758" tz="0"/>
  </Connectivity>
  <PhysicsAttributes inertiaTensor="0.1613,0,0,0,0.106667,0,0,0,0.1613" centerOfMass="0,0.568879,0" mass="1" frictionType="0"/>
  <Bounding>
    <AABB minX="-0.4" minY="-0.000242" minZ="-0.4" maxX="0.4" maxY="1.138" maxZ="0.4"/>
  </Bounding>
  <GeometryBounding>
    <AABB minX="-0.4" minY="-0.000242" minZ="-0.4" maxX="0.4" maxY="1.13771" maxZ="0.4"/>
  </GeometryBounding>
</LEGOPrimitive>
