<?xml version="1.0" encoding="UTF-8" standalone="no" ?>
<LEGOPrimitive versionMajor="1" versionMinor="0">
  <Annotations>
    <Annotation platformid="200"/>
    <Annotation platformname="SYSTEM"/>
    <Annotation maingroupid="216"/>
    <Annotation maingroupname="PLATES, SPECIAL"/>
    <Annotation designname="PLATE 1X4 SPLIT-LEVEL"/>
    <Annotation aliases="4590"/>
  </Annotations>
  <Collision>
    <Box sX="0.79" sY="0.39" sZ="0.15" angle="180" ax="0" ay="0.707107" az="-0.707107" tx="0.4" ty="0.16" tz="0"/>
    <Box sX="0.275791" sY="0.212988" sZ="0.15" angle="151.71854" ax="0.251938" ay="-0.684298" az="0.684298" tx="-0.472966" ty="0.16" tz="0.105555"/>
    <Box sX="0.275791" sY="0.212987" sZ="0.15" angle="96.84782" ax="0.887095" ay="-0.32639" az="0.326391" tx="1.27312" ty="0.16" tz="0.105041"/>
    <Box sX="0.1125" sY="0.016088" sZ="0.15" angle="90" ax="1" ay="0" az="0" tx="-0.8" ty="0.16" tz="0.586088"/>
    <Box sX="0.154208" sY="0.010395" sZ="0.150001" angle="90" ax="1" ay="0" az="0" tx="-0.8" ty="-0.16" tz="0.665394"/>
    <Box sX="0.1125" sY="0.016088" sZ="0.15" angle="104.47752" ax="0.774597" ay="0.447214" az="-0.447213" tx="-0.638843" ty="0.16" tz="0.493044"/>
    <Box sX="0.154208" sY="0.010395" sZ="0.15" angle="104.47751" ax="0.774598" ay="0.447214" az="-0.447212" tx="-0.570162" ty="-0.16" tz="0.532697"/>
    <Box sX="0.1125" sY="0.016088" sZ="0.15" angle="138.59038" ax="0.377964" ay="0.654654" az="-0.654654" tx="-0.638843" ty="0.16" tz="0.306956"/>
    <Box sX="0.154208" sY="0.010395" sZ="0.150001" angle="138.59036" ax="0.377967" ay="0.654654" az="-0.654652" tx="-0.570162" ty="-0.16" tz="0.267303"/>
    <Box sX="0.1125" sY="0.016088" sZ="0.15" angle="180" ax="0" ay="0.707107" az="-0.707107" tx="-0.8" ty="0.16" tz="0.213912"/>
    <Box sX="0.154208" sY="0.010395" sZ="0.150001" angle="180" ax="0" ay="0.707107" az="-0.707107" tx="-0.8" ty="-0.16" tz="0.134606"/>
    <Box sX="0.1125" sY="0.016088" sZ="0.15" angle="138.59036" ax="0.377964" ay="-0.654654" az="0.654654" tx="-0.961157" ty="0.16" tz="0.306956"/>
    <Box sX="0.154208" sY="0.010395" sZ="0.15" angle="138.59038" ax="0.377963" ay="-0.654654" az="0.654655" tx="-1.02984" ty="-0.16" tz="0.267303"/>
    <Box sX="0.1125" sY="0.016088" sZ="0.15" angle="104.47752" ax="0.774597" ay="-0.447214" az="0.447213" tx="-0.961157" ty="0.16" tz="0.493044"/>
    <Box sX="0.154208" sY="0.010395" sZ="0.150001" angle="104.47752" ax="0.774595" ay="-0.447214" az="0.447216" tx="-1.02984" ty="-0.16" tz="0.532697"/>
    <Box sX="0.1125" sY="0.016088" sZ="0.15" angle="90" ax="1" ay="0" az="0" tx="1.6" ty="0.16" tz="0.586088"/>
    <Box sX="0.154208" sY="0.010395" sZ="0.150001" angle="90" ax="1" ay="0" az="0" tx="1.6" ty="-0.16" tz="0.665394"/>
    <Box sX="0.1125" sY="0.016088" sZ="0.15" angle="104.47752" ax="0.774597" ay="0.447214" az="-0.447213" tx="1.76116" ty="0.16" tz="0.493044"/>
    <Box sX="0.154208" sY="0.010394" sZ="0.15" angle="104.4775" ax="0.774598" ay="0.447214" az="-0.447212" tx="1.82984" ty="-0.16" tz="0.532697"/>
    <Box sX="0.1125" sY="0.016088" sZ="0.15" angle="138.59036" ax="0.377965" ay="0.654654" az="-0.654653" tx="1.76116" ty="0.16" tz="0.306956"/>
    <Box sX="0.154208" sY="0.010394" sZ="0.15" angle="138.59038" ax="0.377966" ay="0.654654" az="-0.654653" tx="1.82984" ty="-0.16" tz="0.267303"/>
    <Box sX="0.1125" sY="0.016088" sZ="0.15" angle="180" ax="0" ay="0.707107" az="-0.707107" tx="1.6" ty="0.16" tz="0.213912"/>
    <Box sX="0.154208" sY="0.010395" sZ="0.150001" angle="180" ax="0" ay="0.707107" az="-0.707107" tx="1.6" ty="-0.16" tz="0.134606"/>
    <Box sX="0.1125" sY="0.016088" sZ="0.15" angle="138.59038" ax="0.377965" ay="-0.654654" az="0.654653" tx="1.43884" ty="0.16" tz="0.306956"/>
    <Box sX="0.154208" sY="0.010395" sZ="0.15" angle="138.59036" ax="0.377963" ay="-0.654654" az="0.654655" tx="1.37016" ty="-0.16" tz="0.267303"/>
    <Box sX="0.1125" sY="0.016088" sZ="0.15" angle="104.4775" ax="0.774597" ay="-0.447214" az="0.447214" tx="1.43884" ty="0.16" tz="0.493044"/>
    <Box sX="0.154208" sY="0.010395" sZ="0.150001" angle="104.47752" ax="0.774595" ay="-0.447214" az="0.447216" tx="1.37016" ty="-0.16" tz="0.532697"/>
  </Collision>
  <Connectivity>
    <Custom2DField type="22" width="4" height="2" angle="0" ax="0" ay="1" az="0" tx="-0.4" ty="0" tz="-0.4">
      22:1:1,22:2:1,22:2:1,22:2:1,22:1:1,
      22:2:1,15:4:1,9:4:1,15:4:1,22:2:1,
      22:1:1,22:2:1,22:2:1,22:2:1,22:1:1
    </Custom2DField>
    <Custom2DField type="23" width="4" height="2" angle="0" ax="0" ay="1" az="0" tx="-0.4" ty="0.32" tz="-0.4">
      18:1:1,23:4:1,18:2:1,23:4:1,18:1:1,
      23:4:1,0:4:1,23:4:1,0:4:1,23:4:1,
      18:1:1,23:4:1,18:2:1,23:4:1,18:1:1
    </Custom2DField>
    <Custom2DField type="22" width="2" height="2" angle="0" ax="0" ay="1" az="0" tx="1.2" ty="-0.32" tz="0">
      29:0,29:0,29:0,
      29:0,5:4:32,29:0,
      29:0,29:0,29:0
    </Custom2DField>
    <Custom2DField type="22" width="2" height="2" angle="0" ax="0" ay="1" az="0" tx="-1.2" ty="-0.32" tz="0">
      29:0,29:0,29:0,
      29:0,5:4:32,29:0,
      29:0,29:0,29:0
    </Custom2DField>
    <Custom2DField type="23" width="2" height="2" angle="0" ax="0" ay="1" az="0" tx="1.2" ty="0.32" tz="0">
      29:0,29:0,29:0,
      29:0,1:4:36,29:0,
      29:0,29:0,29:0
    </Custom2DField>
    <Custom2DField type="23" width="2" height="2" angle="0" ax="0" ay="1" az="0" tx="-1.2" ty="0.32" tz="0">
      29:0,29:0,29:0,
      29:0,1:4:36,29:0,
      29:0,29:0,29:0
    </Custom2DField>
    <Axel type="6" length="0.608" grabbing="0" startCapped="0" endCapped="0" angle="90" ax="0" ay="1" az="0" tx="-0.8" ty="-0.11" tz="0.4"/>
    <Axel type="6" length="0.608" grabbing="0" startCapped="0" endCapped="0" angle="90" ax="0" ay="1" az="0" tx="1.6" ty="-0.11" tz="0.4"/>
  </Connectivity>
  <PhysicsAttributes inertiaTensor="0.162169,0,0,0,0.886708,0,0,0,0.83606" centerOfMass="0.4,0.089,0.165" mass="1" frictionType="0"/>
  <Bounding>
    <AABB minX="-1.13" minY="-0.32" minZ="-0.4" maxX="1.93" maxY="0.498" maxZ="0.73"/>
  </Bounding>
  <GeometryBounding>
    <AABB minX="-1.13" minY="-0.32" minZ="-0.4" maxX="1.93" maxY="0.498" maxZ="0.73"/>
  </GeometryBounding>
</LEGOPrimitive>
