<?xml version="1.0" encoding="UTF-8" standalone="no" ?>
<LEGOPrimitive versionMajor="1" versionMinor="0">
  <Annotations>
    <Annotation platformid="200"/>
    <Annotation platformname="SYSTEM"/>
    <Annotation maingroupid="275"/>
    <Annotation maingroupname="TRANSPORTATION MEANS, AVIATION"/>
    <Annotation designname="ROCKET STEP 2X2X2"/>
    <Annotation aliases="4591"/>
  </Annotations>
  <Collision>
    <Box sX="0.337384" sY="0.217645" sZ="0.95" angle="180" ax="0" ay="0.707107" az="-0.707107" tx="0.4" ty="0.96" tz="0.093021"/>
    <Box sX="0.217645" sY="0.337384" sZ="0.95" angle="180" ax="0" ay="0.707107" az="-0.707107" tx="0.89298" ty="0.96" tz="-0.399719"/>
    <Box sX="0.337384" sY="0.217645" sZ="0.95" angle="180" ax="0" ay="0.707107" az="-0.707107" tx="0.4" ty="0.96" tz="-0.892459"/>
    <Box sX="0.217645" sY="0.337384" sZ="0.95" angle="180" ax="0" ay="0.707107" az="-0.707107" tx="-0.09274" ty="0.96" tz="-0.399719"/>
    <Box sX="0.213541" sY="0.197054" sZ="0.845" angle="148.48997" ax="0.282124" ay="0.678383" az="-0.678383" tx="0.011438" ty="1.065" tz="-0.787664"/>
    <Box sX="0.213541" sY="0.197054" sZ="0.845" angle="98.42106" ax="0.862856" ay="0.357407" az="-0.357407" tx="0.78656" ty="1.065" tz="-0.789661"/>
    <Box sX="0.213541" sY="0.197054" sZ="0.845" angle="98.42106" ax="0.862856" ay="-0.357407" az="0.357407" tx="0.789661" ty="1.065" tz="-0.01344"/>
    <Box sX="0.213541" sY="0.197054" sZ="0.845" angle="148.60028" ax="0.281085" ay="-0.678598" az="0.678598" tx="0.01344" ty="1.065" tz="-0.010339"/>
    <Box sX="0.065" sY="0.298994" sZ="0.874965" angle="63.22174" ax="-1" ay="0" az="0" tx="0.4" ty="0.985845" tz="-1.32543"/>
    <Box sX="0.065" sY="0.298994" sZ="0.874965" angle="105.94596" ax="-0.464242" ay="-0.754294" az="-0.464242" tx="1.32543" ty="0.985845" tz="-0.4"/>
    <Box sX="0.065" sY="0.298994" sZ="0.874965" angle="180" ax="0" ay="0.851627" az="0.524148" tx="0.400001" ty="0.985845" tz="0.525433"/>
    <Box sX="0.065" sY="0.1575" sZ="0.6675" angle="0" ax="0" ay="1" az="0" tx="0.4" ty="0.1675" tz="-1.3225"/>
    <Box sX="0.065" sY="0.1575" sZ="0.6675" angle="90" ax="0" ay="1" az="0" tx="-0.5225" ty="0.1675" tz="-0.4"/>
    <Box sX="0.065" sY="0.298994" sZ="0.874965" angle="105.94596" ax="-0.464242" ay="0.754294" az="0.464242" tx="-0.525433" ty="0.985845" tz="-0.4"/>
    <Box sX="0.065" sY="0.1575" sZ="0.6675" angle="180" ax="0" ay="1" az="0" tx="0.400001" ty="0.1675" tz="0.5225"/>
    <Box sX="0.065" sY="0.1575" sZ="0.6675" angle="90" ax="0" ay="-1" az="0" tx="1.3225" ty="0.1675" tz="-0.400001"/>
  </Collision>
  <Connectivity>
    <Custom2DField type="23" width="4" height="4" angle="0" ax="0" ay="1" az="0" tx="-0.4" ty="1.92" tz="-1.2">
      29:0:1,23:4:1,18:2:1,23:4:1,29:0:1,
      23:4:1,0:4:2,23:4:1,0:4:2,23:4:1,
      18:2:1,23:4:1,18:4:1,23:4:1,18:2:1,
      23:4:1,0:4:2,23:4:1,0:4:2,23:4:1,
      29:0:1,23:4:1,18:2:1,23:4:1,29:0:1
    </Custom2DField>
    <Custom2DField type="22" width="4" height="4" angle="0" ax="0" ay="1" az="0" tx="-0.4" ty="0" tz="-1.2">
      29:0:1,22:2:1,22:2:1,22:2:1,29:0:1,
      22:2:1,15:4,23:4:1,15:4,22:2:1,
      22:2:1,23:4:1,7:4,23:4:1,22:2:1,
      22:2:1,15:4,23:4:1,15:4,22:2:1,
      29:0:1,22:2:1,22:2:1,22:2:1,29:0:1
    </Custom2DField>
    <Axel type="4" length="0.4" grabbing="0" startCapped="0" endCapped="0" angle="180" ax="0.707107" ay="0" az="-0.707107" tx="0.4" ty="1.92" tz="-0.4"/>
  </Connectivity>
  <PhysicsAttributes inertiaTensor="1.22013,0,0,0,1.70667,0,0,0,1.22013" centerOfMass="0.4,1.049,-0.4" mass="1" frictionType="0"/>
  <Bounding>
    <AABB minX="-1.2" minY="0" minZ="-2" maxX="2" maxY="2.098" maxZ="1.2"/>
  </Bounding>
  <GeometryBounding>
    <AABB minX="-1.2" minY="0" minZ="-2" maxX="2" maxY="2.098" maxZ="1.2"/>
  </GeometryBounding>
</LEGOPrimitive>
