<?xml version="1.0" encoding="UTF-8" standalone="no" ?>
<LEGOPrimitive versionMajor="1" versionMinor="0">
  <Annotations>
    <Annotation platformid="200"/>
    <Annotation platformname="SYSTEM"/>
    <Annotation maingroupid="299"/>
    <Annotation maingroupname="LOOSE PARTS"/>
    <Annotation designname="ANTENNA, BASE"/>
    <Annotation aliases="4592"/>
  </Annotations>
  <Collision>
    <Box sX="0.219873" sY="0.095" sZ="0.219873" angle="0" ax="0" ay="1" az="0" tx="0" ty="0.105" tz="0"/>
    <Box sX="0.108963" sY="0.261" sZ="0.062437" angle="0" ax="0" ay="1" az="0" tx="0" ty="0.271" tz="0.157437"/>
    <Box sX="0.108963" sY="0.261" sZ="0.062437" angle="0" ax="0" ay="1" az="0" tx="0" ty="0.271" tz="-0.157437"/>
    <Box sX="0.0205" sY="0.157" sZ="0.152" angle="0" ax="0" ay="1" az="0" tx="0.2505" ty="0.167" tz="0"/>
    <Box sX="0.0205" sY="0.157" sZ="0.152" angle="0" ax="0" ay="1" az="0" tx="-0.2505" ty="0.167" tz="0"/>
    <Box sX="0.271" sY="0.095" sZ="0.152" angle="90" ax="0" ay="1" az="0" tx="0" ty="0.105" tz="0"/>
  </Collision>
  <Connectivity>
    <Custom2DField type="22" width="2" height="2" angle="0" ax="0" ay="1" az="0" tx="-0.4" ty="0" tz="-0.4">
      29:0,29:0,29:0,
      29:0,5:4:34,29:0,
      29:0,29:0,29:0
    </Custom2DField>
    <Hinge type="42" oriented="0" angle="120" ax="0.57735" ay="-0.57735" az="-0.57735" tx="0" ty="0.42" tz="0"/>
  </Connectivity>
  <PhysicsAttributes inertiaTensor="0.06525,0,0,0,0.070417,0,0,0,0.06525" centerOfMass="0,0.300207,0" mass="1" frictionType="0"/>
  <Bounding>
    <AABB minX="-0.325" minY="0" minZ="-0.325" maxX="0.325" maxY="0.600413" maxZ="0.325"/>
  </Bounding>
  <GeometryBounding>
    <AABB minX="-0.325" minY="0" minZ="-0.325" maxX="0.325" maxY="0.600413" maxZ="0.325"/>
  </GeometryBounding>
</LEGOPrimitive>
