<?xml version="1.0" encoding="UTF-8" standalone="no" ?>
<Materials>
	<Material MatID="1" Red="244" Green="244" Blue="244" Alpha="255" MaterialType="shinyPlastic"/>
	<Material MatID="2" Red="138" Green="146" Blue="141" Alpha="255" MaterialType="shinyPlastic"/>
	<Material MatID="3" Red="255" Green="214" Blue="127" Alpha="255" MaterialType="shinyPlastic"/>
	<Material MatID="4" Red="242" Green="112" Blue="94" Alpha="255" MaterialType="shinyPlastic"/>
	<Material MatID="5" Red="217" Green="187" Blue="123" Alpha="255" MaterialType="shinyPlastic"/>
	<Material MatID="6" Red="173" Green="217" Blue="168" Alpha="255" MaterialType="shinyPlastic"/>
	<Material MatID="7" Red="255" Green="133" Blue="0" Alpha="255" MaterialType="shinyPlastic"/>
	<Material MatID="8" Red="140" Green="0" Blue="255" Alpha="255" MaterialType="shinyPlastic"/>
	<Material MatID="9" Red="246" Green="169" Blue="187" Alpha="255" MaterialType="shinyPlastic"/>
	<Material MatID="10" Red="255" Green="255" Blue="189" Alpha="150" MaterialType="shinyPlastic"/>
	<Material MatID="11" Red="171" Green="217" Blue="255" Alpha="255" MaterialType="shinyPlastic"/>
	<Material MatID="12" Red="216" Green="109" Blue="44" Alpha="255" MaterialType="shinyPlastic"/>
	<Material MatID="13" Red="255" Green="128" Blue="20" Alpha="255" MaterialType="shinyPlastic"/>
	<Material MatID="14" Red="120" Green="252" Blue="120" Alpha="255" MaterialType="shinyPlastic"/>
	<Material MatID="15" Red="255" Green="242" Blue="48" Alpha="255" MaterialType="shinyPlastic"/>
	<Material MatID="16" Red="255" Green="135" Blue="156" Alpha="255" MaterialType="shinyPlastic"/>
	<Material MatID="17" Red="255" Green="148" Blue="148" Alpha="255" MaterialType="shinyPlastic"/>
	<Material MatID="18" Red="214" Green="114" Blue="64" Alpha="255" MaterialType="shinyPlastic"/>
	<Material MatID="19" Red="207" Green="138" Blue="71" Alpha="255" MaterialType="shinyPlastic"/>
	<Material MatID="20" Red="233" Green="233" Blue="233" Alpha="150" MaterialType="shinyPlastic"/>
	<Material MatID="21" Red="222" Green="0" Blue="13" Alpha="255" MaterialType="shinyPlastic"/>
	<Material MatID="22" Red="208" Green="80" Blue="152" Alpha="255" MaterialType="shinyPlastic"/>
	<Material MatID="23" Red="0" Green="87" Blue="168" Alpha="255" MaterialType="shinyPlastic"/>
	<Material MatID="24" Red="254" Green="196" Blue="0" Alpha="255" MaterialType="shinyPlastic"/>
	<Material MatID="25" Red="84" Green="51" Blue="36" Alpha="255" MaterialType="shinyPlastic"/>
	<Material MatID="26" Red="50" Green="50" Blue="50" Alpha="255" MaterialType="shinyPlastic"/>
	<Material MatID="27" Red="84" Green="89" Blue="85" Alpha="255" MaterialType="shinyPlastic"/>
	<Material MatID="28" Red="0" Green="123" Blue="40" Alpha="255" MaterialType="shinyPlastic"/>
	<Material MatID="29" Red="127" Green="196" Blue="117" Alpha="255" MaterialType="shinyPlastic"/>
	<Material MatID="36" Red="253" Green="195" Blue="131" Alpha="255" MaterialType="shinyPlastic"/>
	<Material MatID="37" Red="0" Green="150" Blue="36" Alpha="255" MaterialType="shinyPlastic"/>
	<Material MatID="38" Red="168" Green="61" Blue="21" Alpha="255" MaterialType="shinyPlastic"/>
	<Material MatID="39" Red="175" Green="190" Blue="214" Alpha="255" MaterialType="shinyPlastic"/>
	<Material MatID="40" Red="238" Green="238" Blue="238" Alpha="150" MaterialType="shinyPlastic"/>
	<Material MatID="41" Red="224" Green="42" Blue="41" Alpha="150" MaterialType="shinyPlastic"/>
	<Material MatID="42" Red="182" Green="224" Blue="239" Alpha="150" MaterialType="shinyPlastic"/>
	<Material MatID="43" Red="80" Green="177" Blue="232" Alpha="150" MaterialType="shinyPlastic"/>
	<Material MatID="44" Red="249" Green="239" Blue="105" Alpha="150" MaterialType="shinyPlastic"/>
	<Material MatID="45" Red="151" Green="203" Blue="217" Alpha="255" MaterialType="shinyPlastic"/>
	<Material MatID="47" Red="231" Green="102" Blue="72" Alpha="150" MaterialType="shinyPlastic"/>
	<Material MatID="48" Red="99" Green="178" Blue="110" Alpha="150" MaterialType="shinyPlastic"/>
	<Material MatID="49" Red="250" Green="237" Blue="91" Alpha="150" MaterialType="shinyPlastic"/>
	<Material MatID="50" Red="229" Green="223" Blue="211" Alpha="255" MaterialType="shinyPlastic"/>
	<Material MatID="100" Red="249" Green="183" Blue="165" Alpha="255" MaterialType="shinyPlastic"/>
	<Material MatID="101" Red="240" Green="109" Blue="97" Alpha="255" MaterialType="shinyPlastic"/>
	<Material MatID="102" Red="71" Green="140" Blue="198" Alpha="255" MaterialType="shinyPlastic"/>
	<Material MatID="103" Red="188" Green="180" Blue="165" Alpha="255" MaterialType="shinyPlastic"/>
	<Material MatID="104" Red="103" Green="31" Blue="129" Alpha="255" MaterialType="shinyPlastic"/>
	<Material MatID="105" Red="245" Green="134" Blue="36" Alpha="255" MaterialType="shinyPlastic"/>
	<Material MatID="106" Red="231" Green="99" Blue="24" Alpha="255" MaterialType="shinyPlastic"/>
	<Material MatID="107" Red="6" Green="157" Blue="159" Alpha="255" MaterialType="shinyPlastic"/>
	<Material MatID="108" Red="86" Green="71" Blue="47" Alpha="255" MaterialType="shinyPlastic"/>
	<Material MatID="109" Red="0" Green="20" Blue="20" Alpha="255" MaterialType="shinyPlastic"/>
	<Material MatID="110" Red="38" Green="70" Blue="154" Alpha="255" MaterialType="shinyPlastic"/>
	<Material MatID="111" Red="189" Green="173" Blue="162" Alpha="150" MaterialType="shinyPlastic"/>
	<Material MatID="112" Red="72" Green="97" Blue="172" Alpha="255" MaterialType="shinyPlastic"/>
	<Material MatID="113" Red="238" Green="157" Blue="195" Alpha="150" MaterialType="shinyPlastic"/>
	<Material MatID="114" Red="254" Green="0" Blue="254" Alpha="150" MaterialType="shinyPlastic"/>
	<Material MatID="115" Red="183" Green="212" Blue="37" Alpha="255" MaterialType="shinyPlastic"/>
	<Material MatID="116" Red="0" Green="170" Blue="164" Alpha="255" MaterialType="shinyPlastic"/>
	<Material MatID="117" Red="247" Green="247" Blue="247" Alpha="150" MaterialType="shinyPlastic"/>
	<Material MatID="118" Red="156" Green="214" Blue="204" Alpha="255" MaterialType="shinyPlastic"/>
	<Material MatID="119" Red="149" Green="185" Blue="11" Alpha="255" MaterialType="shinyPlastic"/>
	<Material MatID="120" Red="216" Green="228" Blue="141" Alpha="255" MaterialType="shinyPlastic"/>
	<Material MatID="121" Red="248" Green="154" Blue="57" Alpha="255" MaterialType="shinyPlastic"/>
	<Material MatID="122" Red="254" Green="203" Blue="152" Alpha="255" MaterialType="shinyPlastic"/>
	<Material MatID="123" Red="238" Green="84" Blue="52" Alpha="255" MaterialType="shinyPlastic"/>
	<Material MatID="124" Red="156" Green="0" Blue="107" Alpha="255" MaterialType="shinyPlastic"/>
	<Material MatID="125" Red="249" Green="167" Blue="119" Alpha="255" MaterialType="shinyPlastic"/>
	<Material MatID="126" Red="156" Green="149" Blue="199" Alpha="150" MaterialType="shinyPlastic"/>
	<Material MatID="127" Red="222" Green="172" Blue="102" Alpha="255" MaterialType="shinyPlastic"/>
	<Material MatID="128" Red="173" Green="97" Blue="64" Alpha="255" MaterialType="shinyPlastic"/>
	<Material MatID="129" Red="67" Green="84" Blue="147" Alpha="255" MaterialType="glitter"/>
	<Material MatID="131" Red="141" Green="148" Blue="150" Alpha="255" MaterialType="shinyPlastic"/>
	<Material MatID="133" Red="239" Green="88" Blue="40" Alpha="255" MaterialType="shinyPlastic"/>
	<Material MatID="134" Red="205" Green="221" Blue="52" Alpha="255" MaterialType="shinyPlastic"/>
	<Material MatID="135" Red="94" Green="116" Blue="140" Alpha="255" MaterialType="shinyPlastic"/>
	<Material MatID="136" Red="117" Green="101" Blue="125" Alpha="255" MaterialType="shinyPlastic"/>
	<Material MatID="137" Red="244" Green="129" Blue="71" Alpha="255" MaterialType="shinyPlastic"/>
	<Material MatID="138" Red="141" Green="116" Blue="82" Alpha="255" MaterialType="shinyPlastic"/>
	<Material MatID="139" Red="116" Green="73" Blue="48" Alpha="255" MaterialType="shinyPlastic"/>
	<Material MatID="140" Red="0" Green="37" Blue="65" Alpha="255" MaterialType="shinyPlastic"/>
	<Material MatID="141" Red="0" Green="52" Blue="22" Alpha="255" MaterialType="shinyPlastic"/>
	<Material MatID="143" Red="206" Green="227" Blue="246" Alpha="150" MaterialType="shinyPlastic"/>
	<Material MatID="145" Red="91" Green="117" Blue="144" Alpha="255" MaterialType="shinySteel"/>
	<Material MatID="146" Red="129" Green="117" Blue="144" Alpha="255" MaterialType="shinySteel"/>
	<Material MatID="147" Red="131" Green="114" Blue="79" Alpha="255" MaterialType="shinySteel"/>
	<Material MatID="148" Red="73" Green="63" Blue="59" Alpha="255" MaterialType="shinySteel"/>
	<Material MatID="149" Red="10" Green="19" Blue="39" Alpha="255" MaterialType="shinySteel"/>
	<Material MatID="150" Red="152" Green="155" Blue="153" Alpha="255" MaterialType="shinySteel"/>
	<Material MatID="151" Red="95" Green="130" Blue="101" Alpha="255" MaterialType="shinyPlastic"/>
	<Material MatID="153" Red="136" Green="96" Blue="94" Alpha="255" MaterialType="shinyPlastic"/>
	<Material MatID="154" Red="128" Green="8" Blue="27" Alpha="255" MaterialType="shinyPlastic"/>
	<Material MatID="157" Red="255" Green="246" Blue="92" Alpha="150" MaterialType="shinyPlastic"/>
	<Material MatID="158" Red="241" Green="142" Blue="187" Alpha="150" MaterialType="shinyPlastic"/>
	<Material MatID="168" Red="96" Green="86" Blue="76" Alpha="255" MaterialType="shinySteel"/>
	<Material MatID="176" Red="148" Green="81" Blue="72" Alpha="255" MaterialType="shinyPlastic"/>
	<Material MatID="178" Red="171" Green="103" Blue="58" Alpha="255" MaterialType="shinyPlastic"/>
	<Material MatID="179" Red="115" Green="114" Blue="113" Alpha="255" MaterialType="shinyPlastic"/>
	<Material MatID="180" Red="221" Green="152" Blue="46" Alpha="255" MaterialType="shinyPlastic"/>
	<Material MatID="182" Red="236" Green="118" Blue="14" Alpha="150" MaterialType="shinyPlastic"/>
	<Material MatID="183" Red="246" Green="242" Blue="223" Alpha="255" MaterialType="shinyPlastic"/>
	<Material MatID="184" Red="214" Green="0" Blue="38" Alpha="255" MaterialType="shinyPlastic"/>
	<Material MatID="185" Red="0" Green="89" Blue="163" Alpha="255" MaterialType="shinyPlastic"/>
	<Material MatID="186" Red="0" Green="142" Blue="60" Alpha="255" MaterialType="shinyPlastic"/>
	<Material MatID="187" Red="87" Green="57" Blue="44" Alpha="255" MaterialType="shinyPlastic"/>
	<Material MatID="188" Red="0" Green="158" Blue="206" Alpha="255" MaterialType="shinyPlastic"/>
	<Material MatID="189" Red="172" Green="130" Blue="71" Alpha="255" MaterialType="shinyPlastic"/>
	<Material MatID="190" Red="255" Green="207" Blue="11" Alpha="255" MaterialType="shinyPlastic"/>
	<Material MatID="191" Red="244" Green="155" Blue="0" Alpha="255" MaterialType="shinyPlastic"/>
	<Material MatID="192" Red="91" Green="28" Blue="12" Alpha="255" MaterialType="shinyPlastic"/>
	<Material MatID="193" Red="236" Green="68" Blue="29" Alpha="255" MaterialType="shinyPlastic"/>
	<Material MatID="194" Red="156" Green="146" Blue="145" Alpha="255" MaterialType="shinyPlastic"/>
	<Material MatID="195" Red="28" Green="88" Blue="167" Alpha="255" MaterialType="shinyPlastic"/>
	<Material MatID="196" Red="14" Green="62" Blue="154" Alpha="255" MaterialType="shinyPlastic"/>
	<Material MatID="197" Red="49" Green="43" Blue="135" Alpha="255" MaterialType="shinyPlastic"/>
	<Material MatID="198" Red="138" Green="18" Blue="168" Alpha="255" MaterialType="shinyPlastic"/>
	<Material MatID="199" Red="76" Green="81" Blue="86" Alpha="255" MaterialType="shinyPlastic"/>
	<Material MatID="200" Red="106" Green="121" Blue="68" Alpha="255" MaterialType="shinyPlastic"/>
	<Material MatID="208" Red="228" Green="228" Blue="218" Alpha="255" MaterialType="shinyPlastic"/>
	<Material MatID="209" Red="164" Green="118" Blue="36" Alpha="255" MaterialType="shinyPlastic"/>
	<Material MatID="210" Red="70" Green="138" Blue="95" Alpha="255" MaterialType="shinyPlastic"/>
	<Material MatID="211" Red="63" Green="182" Blue="169" Alpha="255" MaterialType="shinyPlastic"/>
	<Material MatID="212" Red="135" Green="192" Blue="234" Alpha="255" MaterialType="shinyPlastic"/>
	<Material MatID="213" Red="71" Green="111" Blue="182" Alpha="255" MaterialType="shinyPlastic"/>
	<Material MatID="216" Red="135" Green="43" Blue="23" Alpha="255" MaterialType="shinyPlastic"/>
	<Material MatID="217" Red="123" Green="93" Blue="65" Alpha="255" MaterialType="shinyPlastic"/>
	<Material MatID="218" Red="142" Green="85" Blue="151" Alpha="255" MaterialType="shinyPlastic"/>
	<Material MatID="219" Red="86" Green="78" Blue="157" Alpha="255" MaterialType="shinyPlastic"/>
	<Material MatID="220" Red="145" Green="149" Blue="202" Alpha="255" MaterialType="shinyPlastic"/>
	<Material MatID="221" Red="222" Green="55" Blue="139" Alpha="255" MaterialType="shinyPlastic"/>
	<Material MatID="222" Red="238" Green="157" Blue="195" Alpha="255" MaterialType="shinyPlastic"/>
	<Material MatID="223" Red="241" Green="120" Blue="128" Alpha="255" MaterialType="shinyPlastic"/>
	<Material MatID="224" Red="243" Green="201" Blue="136" Alpha="255" MaterialType="shinyPlastic"/>
	<Material MatID="225" Red="250" Green="169" Blue="100" Alpha="255" MaterialType="shinyPlastic"/>
	<Material MatID="226" Red="255" Green="228" Blue="104" Alpha="255" MaterialType="shinyPlastic"/>
	<Material MatID="227" Red="201" Green="231" Blue="136" Alpha="150" MaterialType="shinyPlastic"/>
	<Material MatID="228" Red="85" Green="165" Blue="175" Alpha="150" MaterialType="shinyPlastic"/>
	<Material MatID="229" Red="172" Green="212" Blue="222" Alpha="150" MaterialType="shinyPlastic"/>
	<Material MatID="230" Red="236" Green="163" Blue="201" Alpha="150" MaterialType="shinyPlastic"/>
	<Material MatID="231" Red="252" Green="183" Blue="109" Alpha="150" MaterialType="shinyPlastic"/>
	<Material MatID="232" Red="119" Green="201" Blue="216" Alpha="255" MaterialType="shinyPlastic"/>
	<Material MatID="233" Red="96" Green="186" Blue="118" Alpha="255" MaterialType="shinyPlastic"/>
	<Material MatID="234" Red="251" Green="232" Blue="144" Alpha="150" MaterialType="shinyPlastic"/>
	<Material MatID="236" Red="141" Green="115" Blue="179" Alpha="150" MaterialType="shinyPlastic"/>
	<Material MatID="268" Red="44" Green="21" Blue="119" Alpha="255" MaterialType="shinyPlastic"/>
	<Material MatID="269" Red="62" Green="149" Blue="182" Alpha="255" MaterialType="shinyPlastic"/>
	<Material MatID="283" Red="245" Green="193" Blue="137" Alpha="255" MaterialType="shinyPlastic"/>
	<Material MatID="284" Red="224" Green="208" Blue="229" Alpha="150" MaterialType="shinyPlastic"/>
	<Material MatID="285" Red="228" Green="214" Blue="218" Alpha="150" MaterialType="shinyPlastic"/>
	<Material MatID="294" Red="254" Green="252" Blue="213" Alpha="150" MaterialType="shinyPlastic"/>
	<Material MatID="296" Red="173" Green="173" Blue="173" Alpha="255" MaterialType="shinyPlastic"/>
	<Material MatID="297" Red="170" Green="127" Blue="46" Alpha="255" MaterialType="shinyPlastic"/>
	<Material MatID="298" Red="118" Green="118" Blue="118" Alpha="255" MaterialType="shinySteel"/>
	<Material MatID="308" Red="53" Green="33" Blue="0" Alpha="255" MaterialType="shinyPlastic"/>
	<Material MatID="311" Red="175" Green="210" Blue="70" Alpha="150" MaterialType="shinyPlastic"/>
	<Material MatID="312" Red="170" Green="125" Blue="85" Alpha="255" MaterialType="shinyPlastic"/>
	<Material MatID="315" Red="140" Green="140" Blue="140" Alpha="255" MaterialType="shinyPlastic"/>
	<Material MatID="316" Red="62" Green="60" Blue="57" Alpha="255" MaterialType="shinyPlastic"/>
	<Material MatID="321" Red="70" Green="155" Blue="195" Alpha="255" MaterialType="shinyPlastic"/>
	<Material MatID="322" Red="104" Green="195" Blue="226" Alpha="255" MaterialType="shinyPlastic"/>
	<Material MatID="323" Red="211" Green="242" Blue="234" Alpha="255" MaterialType="shinyPlastic"/>
	<Material MatID="324" Red="160" Green="110" Blue="185" Alpha="255" MaterialType="shinyPlastic"/>
	<Material MatID="325" Red="205" Green="164" Blue="222" Alpha="255" MaterialType="shinyPlastic"/>
	<Material MatID="326" Red="226" Green="249" Blue="154" Alpha="255" MaterialType="shinyPlastic"/>
</Materials>